Booking_ID,Lead_ID,Property_ID,Booking_Date,Monthly_Rent,Discount,Contribution,Stay_Months
B00011,L00011,P010,2026-08-27,17539,0,14983,9
B00020,L00020,P077,2026-08-01,10514,500,6717,6
B00035,L00035,P084,2026-08-26,15727,0,12459,12
B00037,L00037,P025,2026-08-14,16893,750,14191,12
B00060,L00060,P009,2026-07-30,12702,2000,8577,12
B00080,L00080,P129,2026-07-29,8152,2000,3272,12
B00094,L00094,P116,2026-08-06,18121,750,14485,3
B00103,L00103,P105,2026-08-24,19224,750,15529,3
B00106,L00106,P058,2026-08-04,13455,1000,9844,6
B00120,L00120,P027,2026-08-03,11309,1500,5627,6
B00121,L00121,P098,2026-08-27,21833,500,19126,9
B00124,L00124,P035,2026-08-14,22765,0,19856,6
B00125,L00125,P122,2026-08-01,10154,1000,7171,12
B00127,L00127,P146,2026-08-09,19768,1500,15410,12
B00129,L00129,P116,2026-07-29,18121,750,14826,3
B00134,L00134,P097,2026-08-03,18646,250,16138,9
B00137,L00137,P111,2026-08-10,12107,500,7758,6
B00144,L00144,P003,2026-08-21,12507,250,9491,9
B00159,L00159,P033,2026-08-04,17728,0,15294,3
B00162,L00162,P005,2026-08-19,19668,1500,13990,9
B00167,L00167,P110,2026-07-30,11789,1500,6579,3
B00174,L00174,P016,2026-08-16,20341,2000,16288,12
B00177,L00177,P068,2026-08-26,13174,1500,9199,3
B00189,L00189,P013,2026-08-24,12222,2000,7462,3
B00191,L00191,P086,2026-07-28,9572,1000,5686,12
B00195,L00195,P031,2026-08-04,23746,250,19717,12
B00196,L00196,P134,2026-08-23,21593,500,19136,6
B00202,L00202,P006,2026-07-31,12546,500,9942,9
B00204,L00204,P071,2026-08-08,18475,500,14872,12
B00206,L00206,P148,2026-08-26,9723,1000,6181,3
B00211,L00211,P102,2026-08-07,20281,2000,14086,9
B00219,L00219,P117,2026-08-09,18792,1000,15315,9
B00235,L00235,P127,2026-08-20,23836,750,20139,3
B00236,L00236,P074,2026-08-27,22374,750,19573,9
B00239,L00239,P067,2026-08-21,24928,1500,20789,9
B00246,L00246,P067,2026-08-01,24928,0,22165,6
B00248,L00248,P115,2026-08-22,14890,2000,10968,12
B00251,L00251,P052,2026-08-27,11793,1000,8596,12
B00261,L00261,P016,2026-08-01,20341,1000,15181,3
B00267,L00267,P056,2026-08-26,18606,500,14112,6
B00272,L00272,P025,2026-08-14,16893,500,12465,6
B00277,L00277,P051,2026-08-06,16692,750,13604,12
B00278,L00278,P067,2026-07-31,24928,1500,20897,3
B00286,L00286,P070,2026-07-31,23048,750,19826,9
B00290,L00290,P032,2026-08-21,18325,0,16512,3
B00291,L00291,P063,2026-08-04,27417,750,22893,12
B00294,L00294,P129,2026-08-26,8152,1000,3888,6
B00295,L00295,P002,2026-08-07,25943,250,22093,3
B00296,L00296,P064,2026-08-03,12710,750,8603,9
B00302,L00302,P090,2026-08-04,10494,0,7626,12
B00309,L00309,P048,2026-08-23,19736,250,16463,3
B00310,L00310,P059,2026-08-08,12859,750,9565,12
B00319,L00319,P128,2026-08-04,18268,750,15364,3
B00321,L00321,P150,2026-08-11,16965,250,12633,9
B00327,L00327,P107,2026-08-02,16981,2000,12526,9
B00338,L00338,P141,2026-08-17,16432,500,12114,12
B00353,L00353,P120,2026-07-29,9819,750,6021,12
B00360,L00360,P145,2026-08-24,14789,1000,11963,3
B00371,L00371,P123,2026-08-07,24193,1000,21364,9
B00376,L00376,P094,2026-08-25,13343,250,11091,6
B00382,L00382,P120,2026-08-19,9819,2000,5704,3
B00386,L00386,P083,2026-07-30,15271,2000,9348,9
B00388,L00388,P079,2026-08-09,7000,0,4740,6
B00389,L00389,P035,2026-08-15,22765,0,20322,3
B00396,L00396,P143,2026-08-24,11321,1500,6253,9
B00400,L00400,P110,2026-08-04,11789,2000,6871,3
B00405,L00405,P065,2026-08-09,24872,1000,20129,6
B00410,L00410,P106,2026-08-08,24521,0,20352,6
B00416,L00416,P041,2026-08-19,16025,250,12687,3
B00422,L00422,P007,2026-08-11,19689,750,16120,12
B00433,L00433,P135,2026-08-23,18975,1500,15461,9
B00437,L00437,P113,2026-08-21,18198,500,14546,9
B00438,L00438,P008,2026-08-24,17274,500,14005,9
B00441,L00441,P140,2026-08-07,18612,0,16592,3
B00442,L00442,P027,2026-08-23,11309,250,8340,12
B00443,L00443,P149,2026-08-20,17441,1000,13852,3
B00459,L00459,P038,2026-08-02,26317,500,22524,3
B00463,L00463,P139,2026-08-10,22666,0,19695,6
B00468,L00468,P091,2026-08-12,13813,250,9823,9
B00470,L00470,P056,2026-08-23,18606,1000,14192,9
B00471,L00471,P095,2026-07-29,7000,750,2839,9
B00476,L00476,P082,2026-08-09,26289,1000,23308,9
B00484,L00484,P029,2026-07-31,23462,750,20305,12
B00485,L00485,P044,2026-08-18,25547,1000,20353,6
B00497,L00497,P039,2026-08-27,13645,250,9927,12
B00505,L00505,P087,2026-07-29,20280,750,15603,6
B00521,L00521,P126,2026-08-04,7726,500,3146,6
B00522,L00522,P139,2026-08-24,22666,2000,17684,9
B00523,L00523,P001,2026-08-25,13157,750,9346,9
B00527,L00527,P019,2026-08-05,10732,2000,6000,9
B00536,L00536,P134,2026-08-10,21593,250,19279,3
B00538,L00538,P115,2026-08-19,14890,0,11450,6
B00541,L00541,P039,2026-08-22,13645,2000,9099,3
B00544,L00544,P121,2026-08-22,21858,500,18249,3
B00547,L00547,P014,2026-08-23,26554,0,23097,12
B00551,L00551,P082,2026-08-17,26289,750,21349,12
B00556,L00556,P065,2026-08-12,24872,500,20577,6
B00558,L00558,P128,2026-07-31,18268,2000,13645,6
B00561,L00561,P147,2026-08-01,16416,250,13196,3
B00570,L00570,P109,2026-08-27,21546,500,17492,6
B00573,L00573,P086,2026-08-19,9572,0,5689,12
B00578,L00578,P033,2026-07-28,17728,250,13410,9
B00582,L00582,P134,2026-08-27,21593,0,17553,6
B00583,L00583,P025,2026-07-31,16893,250,13392,3
B00585,L00585,P129,2026-08-24,8152,500,4618,3
B00587,L00587,P069,2026-08-20,11324,500,8162,3
B00593,L00593,P064,2026-08-05,12710,1000,7723,6
B00597,L00597,P121,2026-08-10,21858,1000,18186,6
B00604,L00604,P081,2026-08-06,27412,0,25370,3
B00608,L00608,P020,2026-08-17,12900,500,10181,9
B00613,L00613,P114,2026-08-19,15072,500,12154,9
B00621,L00621,P052,2026-08-02,11793,750,7534,9
B00623,L00623,P061,2026-08-01,11161,1000,7431,12
B00625,L00625,P068,2026-08-08,13174,250,10232,6
B00626,L00626,P063,2026-08-25,27417,500,23552,12
B00627,L00627,P099,2026-08-12,10487,1000,7056,9
B00634,L00634,P050,2026-08-05,24296,500,19744,12
B00650,L00650,P035,2026-07-28,22765,2000,18336,6
B00652,L00652,P113,2026-08-14,18198,2000,13922,12
B00653,L00653,P119,2026-08-26,16718,1500,13060,12
B00680,L00680,P143,2026-08-17,11321,750,8376,9
B00682,L00682,P013,2026-08-04,12222,250,8800,3
B00691,L00691,P070,2026-08-15,23048,0,20444,3
B00696,L00696,P012,2026-08-09,16073,250,12611,3
B00703,L00703,P019,2026-08-16,10732,1500,6234,12
B00710,L00710,P144,2026-08-06,13013,500,8514,9
B00712,L00712,P102,2026-08-10,20281,1500,16864,12
B00717,L00717,P116,2026-08-25,18121,0,15433,3
B00719,L00719,P130,2026-08-16,14864,1000,11811,6
B00720,L00720,P095,2026-08-22,7000,250,4114,12
B00725,L00725,P102,2026-08-15,20281,1000,16989,6
B00728,L00728,P047,2026-08-01,25940,500,21291,12
B00732,L00732,P004,2026-08-01,23498,750,18684,6
B00741,L00741,P147,2026-08-21,16416,750,12267,3
B00760,L00760,P056,2026-08-10,18606,1000,13584,6
B00761,L00761,P120,2026-08-16,9819,250,6551,9
B00765,L00765,P148,2026-08-14,9723,750,5935,12
B00768,L00768,P046,2026-08-02,27157,250,25082,6
B00769,L00769,P015,2026-08-10,13533,1000,9608,6
B00779,L00779,P046,2026-08-26,27157,2000,22629,12
B00780,L00780,P092,2026-08-12,11784,250,9396,6
B00784,L00784,P020,2026-08-17,12900,750,8740,3
B00786,L00786,P132,2026-08-23,19201,0,16317,12
B00792,L00792,P019,2026-08-22,10732,1000,6641,3
B00798,L00798,P017,2026-08-08,18613,0,16131,9
B00800,L00800,P033,2026-07-31,17728,750,13518,12
B00804,L00804,P111,2026-07-31,12107,2000,6018,9
B00808,L00808,P020,2026-08-19,12900,250,8689,3
B00816,L00816,P096,2026-08-25,18723,2000,14581,12
B00826,L00826,P095,2026-08-18,7000,250,4078,9
B00829,L00829,P003,2026-08-27,12507,750,9840,6
B00832,L00832,P055,2026-08-15,23456,0,19885,6
B00833,L00833,P024,2026-08-09,12351,1000,8487,12
B00838,L00838,P021,2026-08-15,15644,1000,10580,6
B00840,L00840,P096,2026-07-28,18723,1000,14995,6
B00845,L00845,P100,2026-08-17,17109,750,13590,12
B00854,L00854,P117,2026-08-20,18792,1000,15135,6
B00864,L00864,P020,2026-07-31,12900,1500,7210,3
B00867,L00867,P022,2026-08-19,9811,250,6792,3
B00872,L00872,P065,2026-08-27,24872,0,21547,9
B00882,L00882,P078,2026-08-24,13010,750,9507,12
B00884,L00884,P079,2026-08-20,7000,500,2678,3
B00892,L00892,P095,2026-08-15,7000,2000,2646,9
B00896,L00896,P032,2026-08-01,18325,1500,14769,12
B00897,L00897,P018,2026-08-25,17004,250,14797,6
B00913,L00913,P080,2026-08-08,15583,1000,11421,12
B00916,L00916,P020,2026-08-18,12900,1500,8171,3
B00931,L00931,P010,2026-08-22,17539,500,13964,6
B00932,L00932,P012,2026-08-11,16073,750,12965,9
B00933,L00933,P104,2026-08-19,8067,1000,4861,6
B00940,L00940,P116,2026-08-04,18121,750,15551,9
B00941,L00941,P089,2026-08-11,13807,2000,8025,3
B00947,L00947,P085,2026-07-28,10322,1000,6990,9
B00954,L00954,P075,2026-08-02,9508,500,5705,6
B00957,L00957,P011,2026-08-25,15510,0,11876,12
B00958,L00958,P124,2026-08-26,20110,1000,15681,6
B00968,L00968,P075,2026-07-29,9508,1000,6234,3
B00970,L00970,P013,2026-08-20,12222,0,8183,3
B00972,L00972,P083,2026-07-30,15271,2000,9763,12
B00974,L00974,P106,2026-07-31,24521,0,21721,12
B00986,L00986,P078,2026-08-27,13010,500,9040,12
B00988,L00988,P059,2026-08-16,12859,1500,7780,3
B00990,L00990,P053,2026-08-03,18751,250,15385,12
B01000,L01000,P042,2026-07-30,13832,500,10363,9
B01005,L01005,P110,2026-08-03,11789,750,8277,3
B01023,L01023,P129,2026-08-27,8152,750,3808,9
B01029,L01029,P010,2026-08-01,17539,500,12981,9
B01036,L01036,P121,2026-07-30,21858,1000,17628,12
B01039,L01039,P094,2026-08-05,13343,750,9738,3
B01040,L01040,P059,2026-08-08,12859,2000,7967,9
B01053,L01053,P085,2026-08-13,10322,250,6430,6
B01054,L01054,P092,2026-08-15,11784,750,8578,12
B01066,L01066,P136,2026-08-13,19286,1000,14143,3
B01073,L01073,P089,2026-08-10,13807,1500,10239,6
B01076,L01076,P068,2026-08-22,13174,1000,8358,3
B01079,L01079,P137,2026-08-12,27265,1000,23930,9
B01081,L01081,P086,2026-08-15,9572,250,7057,3
B01092,L01092,P105,2026-08-12,19224,500,16075,12
B01096,L01096,P062,2026-07-30,14779,0,11423,6
B01097,L01097,P133,2026-08-14,21979,500,17521,9
B01104,L01104,P018,2026-08-27,17004,1500,13481,6
B01110,L01110,P009,2026-08-23,12702,1500,8764,12
B01113,L01113,P011,2026-08-06,15510,2000,10100,6
B01114,L01114,P101,2026-08-19,14308,1000,10872,12
B01117,L01117,P117,2026-08-07,18792,1000,15927,6
B01122,L01122,P069,2026-08-17,11324,1000,6384,9
B01126,L01126,P079,2026-08-18,7000,2000,2931,9
B01128,L01128,P043,2026-08-13,17350,1000,13639,9
B01129,L01129,P086,2026-08-24,9572,500,6638,6
B01139,L01139,P093,2026-08-11,21871,0,18643,12
B01148,L01148,P098,2026-08-13,21833,1500,17374,9
B01156,L01156,P089,2026-08-02,13807,750,9806,12
B01160,L01160,P097,2026-08-27,18646,750,15140,12
B01165,L01165,P113,2026-08-27,18198,0,16203,3
B01169,L01169,P130,2026-07-29,14864,2000,9439,6
B01170,L01170,P147,2026-08-24,16416,1500,11340,3
B01173,L01173,P032,2026-08-10,18325,2000,14089,12
B01181,L01181,P106,2026-07-30,24521,2000,19324,9
B01196,L01196,P065,2026-07-28,24872,1000,20803,9
B01211,L01211,P055,2026-08-14,23456,500,19872,9
B01213,L01213,P050,2026-08-08,24296,1500,20575,9
B01214,L01214,P106,2026-08-12,24521,1000,19843,3
B01226,L01226,P067,2026-08-12,24928,1500,19357,12
B01230,L01230,P052,2026-08-05,11793,1500,7796,3
B01245,L01245,P049,2026-08-22,24116,0,20433,3
B01252,L01252,P084,2026-08-22,15727,750,11228,12
B01256,L01256,P028,2026-08-19,24947,2000,18776,3
B01262,L01262,P080,2026-08-09,15583,1500,10331,3
B01264,L01264,P134,2026-08-23,21593,250,18366,6
B01265,L01265,P038,2026-08-15,26317,250,23981,12
B01266,L01266,P013,2026-08-04,12222,2000,8106,3
B01268,L01268,P046,2026-08-22,27157,0,23630,9
B01282,L01282,P056,2026-08-11,18606,750,15912,3
B01285,L01285,P085,2026-08-26,10322,2000,5924,3
B01287,L01287,P060,2026-08-26,17017,2000,11379,12
B01289,L01289,P117,2026-08-10,18792,500,15826,3
B01295,L01295,P019,2026-08-02,10732,1000,5803,6
B01298,L01298,P067,2026-08-09,24928,750,20324,3
B01304,L01304,P035,2026-08-10,22765,250,19009,6
B01306,L01306,P081,2026-07-29,27412,0,23411,9
B01307,L01307,P093,2026-08-27,21871,250,19139,9
B01309,L01309,P126,2026-07-28,7726,500,3302,12
B01314,L01314,P123,2026-08-18,24193,750,19953,12
B01316,L01316,P114,2026-07-31,15072,1500,9407,12
B01317,L01317,P093,2026-08-03,21871,0,19026,3
B01332,L01332,P068,2026-08-16,13174,500,10350,9
B01337,L01337,P138,2026-07-30,17123,2000,13163,12
B01338,L01338,P052,2026-08-18,11793,750,7891,12
B01347,L01347,P045,2026-08-25,15690,0,12876,6
B01349,L01349,P035,2026-08-13,22765,1500,17781,12
B01361,L01361,P044,2026-08-12,25547,500,22530,6
B01373,L01373,P055,2026-08-05,23456,1000,19263,6
B01377,L01377,P096,2026-08-02,18723,750,15202,9
B01378,L01378,P115,2026-08-16,14890,500,11135,3
B01381,L01381,P061,2026-08-07,11161,750,8468,6
B01383,L01383,P129,2026-08-21,8152,750,4715,3
B01384,L01384,P114,2026-08-07,15072,500,10704,3
B01387,L01387,P122,2026-08-21,10154,1000,5878,3
B01391,L01391,P071,2026-08-25,18475,250,15353,3
B01392,L01392,P077,2026-08-22,10514,0,7701,12
B01393,L01393,P090,2026-08-11,10494,1500,5394,12
B01394,L01394,P010,2026-08-27,17539,0,14326,9
B01395,L01395,P099,2026-08-15,10487,2000,4954,9
B01397,L01397,P099,2026-08-14,10487,250,6471,9
B01400,L01400,P103,2026-08-10,18204,1500,13363,3
B01401,L01401,P052,2026-08-11,11793,500,7959,6
B01411,L01411,P123,2026-08-21,24193,0,21973,6
B01415,L01415,P075,2026-08-03,9508,500,5589,6
B01418,L01418,P142,2026-08-27,22206,750,18730,6
B01424,L01424,P140,2026-08-12,18612,1500,15283,12
B01437,L01437,P086,2026-08-14,9572,250,5835,9
B01439,L01439,P095,2026-08-17,7000,1500,1704,12
B01444,L01444,P059,2026-08-13,12859,1000,8613,6
B01447,L01447,P111,2026-08-10,12107,2000,7463,9
B01459,L01459,P006,2026-07-28,12546,1000,9492,12
B01478,L01478,P068,2026-07-31,13174,750,9829,9
B01479,L01479,P010,2026-08-26,17539,1500,13050,9
B01482,L01482,P100,2026-08-10,17109,250,13225,3
B01497,L01497,P016,2026-08-24,20341,1000,15324,12
B01499,L01499,P147,2026-08-07,16416,1000,13014,3
B01505,L01505,P129,2026-07-28,8152,1000,5130,3
B01508,L01508,P150,2026-08-02,16965,1000,13944,3
B01522,L01522,P136,2026-08-13,19286,1000,15171,9
B01541,L01541,P110,2026-08-12,11789,500,7158,6
B01544,L01544,P135,2026-08-26,18975,2000,14018,3
B01548,L01548,P059,2026-07-28,12859,1000,8227,3
B01561,L01561,P009,2026-08-18,12702,500,8351,3
B01563,L01563,P053,2026-08-05,18751,1500,15204,9
B01566,L01566,P138,2026-08-26,17123,1500,11446,9
B01570,L01570,P072,2026-08-19,15006,500,12402,9
B01571,L01571,P026,2026-08-10,9214,2000,3803,12
B01576,L01576,P097,2026-08-07,18646,2000,14072,6
B01582,L01582,P024,2026-08-02,12351,250,8006,6
B01590,L01590,P138,2026-08-18,17123,0,13880,6
B01597,L01597,P121,2026-08-14,21858,1500,16903,3
B01611,L01611,P068,2026-08-13,13174,2000,7821,12
B01616,L01616,P114,2026-08-12,15072,1500,11081,6
B01633,L01633,P071,2026-08-18,18475,750,13699,12
B01636,L01636,P129,2026-07-30,8152,750,4458,6
B01638,L01638,P121,2026-08-19,21858,2000,17115,12
B01644,L01644,P103,2026-08-09,18204,500,14158,3
B01656,L01656,P110,2026-08-20,11789,250,9600,6
B01657,L01657,P054,2026-08-10,14040,2000,8594,9
B01658,L01658,P066,2026-08-09,23953,1500,20156,12
B01662,L01662,P047,2026-08-27,25940,0,21883,6
B01672,L01672,P105,2026-07-30,19224,750,15186,3
B01679,L01679,P114,2026-08-20,15072,250,13017,3
B01684,L01684,P084,2026-08-10,15727,0,12662,3
B01687,L01687,P133,2026-08-15,21979,0,19979,9
B01693,L01693,P018,2026-07-28,17004,250,13824,9
B01698,L01698,P119,2026-08-13,16718,500,12961,6
B01713,L01713,P022,2026-07-30,9811,1500,5550,9
B01714,L01714,P140,2026-08-26,18612,0,15766,3
B01729,L01729,P076,2026-08-21,12508,0,9252,3
B01734,L01734,P107,2026-08-05,16981,2000,12054,12
B01738,L01738,P149,2026-08-26,17441,500,13502,3
B01742,L01742,P026,2026-08-04,9214,750,6318,9
B01747,L01747,P136,2026-07-30,19286,750,16055,3
B01756,L01756,P141,2026-08-04,16432,0,13749,9
B01767,L01767,P079,2026-08-01,7000,0,4904,12
B01769,L01769,P037,2026-08-19,17698,1500,14243,9
B01773,L01773,P070,2026-08-09,23048,250,20940,6
B01776,L01776,P054,2026-07-30,14040,750,9938,9
B01777,L01777,P021,2026-08-09,15644,250,12264,3
B01778,L01778,P027,2026-08-13,11309,1000,6885,12
B01786,L01786,P071,2026-08-23,18475,2000,14156,9
B01787,L01787,P123,2026-08-25,24193,250,20607,12
B01791,L01791,P071,2026-08-09,18475,1000,14693,12
B01792,L01792,P025,2026-07-31,16893,1500,13082,12
B01801,L01801,P063,2026-07-30,27417,750,24088,3
B01804,L01804,P023,2026-08-17,12884,1500,7272,6
B01808,L01808,P134,2026-08-11,21593,2000,17370,6
B01811,L01811,P124,2026-07-29,20110,250,16247,9
B01814,L01814,P016,2026-08-13,20341,2000,15250,9
B01815,L01815,P108,2026-08-27,23811,1000,20676,12
B01832,L01832,P046,2026-08-26,27157,1500,21684,12
B01834,L01834,P035,2026-07-29,22765,250,20518,3
B01835,L01835,P137,2026-08-20,27265,750,22795,3
B01842,L01842,P060,2026-08-16,17017,750,13716,3
B01843,L01843,P030,2026-08-25,14985,1500,9512,12
B01845,L01845,P117,2026-07-29,18792,250,14468,3
B01849,L01849,P076,2026-08-04,12508,0,9213,12
B01850,L01850,P012,2026-07-31,16073,2000,10569,12
B01851,L01851,P042,2026-08-23,13832,0,10426,6
B01852,L01852,P143,2026-08-10,11321,500,7111,9
B01870,L01870,P068,2026-08-07,13174,1500,9298,3
B01873,L01873,P040,2026-08-18,9878,750,5837,12
B01874,L01874,P013,2026-08-13,12222,250,9065,3
B01878,L01878,P009,2026-08-22,12702,1000,9169,9
B01891,L01891,P065,2026-07-31,24872,500,20915,12
B01893,L01893,P003,2026-08-16,12507,250,8674,3
B01894,L01894,P088,2026-08-19,10698,0,8755,12
B01902,L01902,P089,2026-08-22,13807,500,10214,3
B01909,L01909,P092,2026-08-05,11784,0,9130,3
B01911,L01911,P104,2026-08-08,8067,250,3783,9
B01929,L01929,P110,2026-08-05,11789,2000,6008,3
B01939,L01939,P108,2026-08-20,23811,750,21202,6
B01940,L01940,P071,2026-08-12,18475,1500,13398,9
B01947,L01947,P068,2026-07-30,13174,750,10343,9
B01963,L01963,P067,2026-08-22,24928,250,21466,6
B01973,L01973,P082,2026-08-10,26289,2000,21450,9
B01977,L01977,P130,2026-08-10,14864,0,11241,3
B01981,L01981,P040,2026-08-18,9878,1000,6065,9
B01985,L01985,P117,2026-08-19,18792,1000,14528,6
B01994,L01994,P052,2026-08-22,11793,1000,7529,12
B01995,L01995,P071,2026-07-30,18475,1000,13505,12
B01996,L01996,P073,2026-08-03,19821,250,15464,3
B02004,L02004,P057,2026-08-17,17123,250,14503,3
B02006,L02006,P060,2026-08-07,17017,750,12244,3
B02018,L02018,P106,2026-08-10,24521,250,20239,6
B02020,L02020,P040,2026-08-22,9878,1500,4335,12
B02027,L02027,P020,2026-07-31,12900,750,8761,9
B02029,L02029,P007,2026-08-04,19689,500,17126,3
B02037,L02037,P089,2026-08-15,13807,250,11744,3
B02042,L02042,P070,2026-08-05,23048,2000,16970,9
B02044,L02044,P117,2026-08-18,18792,0,16657,6
B02047,L02047,P033,2026-08-03,17728,750,13205,3
B02048,L02048,P129,2026-08-05,8152,750,5375,12
B02050,L02050,P061,2026-08-11,11161,1500,7086,6
B02065,L02065,P081,2026-08-08,27412,500,24097,6
B02067,L02067,P076,2026-08-27,12508,250,9114,12
B02076,L02076,P091,2026-08-14,13813,1500,9236,6
B02082,L02082,P115,2026-07-29,14890,750,10896,12
B02085,L02085,P043,2026-08-04,17350,500,13187,6
B02087,L02087,P118,2026-08-12,7000,500,2795,6
B02108,L02108,P085,2026-08-02,10322,250,6673,12
B02125,L02125,P116,2026-08-01,18121,250,14090,12
B02127,L02127,P045,2026-08-24,15690,2000,11596,6
B02141,L02141,P131,2026-08-25,20625,250,17510,12
B02143,L02143,P006,2026-07-30,12546,1000,7709,6
B02149,L02149,P054,2026-08-25,14040,500,10729,9
B02150,L02150,P130,2026-08-18,14864,500,12540,3
B02161,L02161,P027,2026-08-23,11309,250,8073,6
B02164,L02164,P105,2026-08-12,19224,2000,14197,9
B02175,L02175,P131,2026-07-31,20625,500,17376,6
B02181,L02181,P112,2026-08-06,7000,1000,3585,12
B02197,L02197,P047,2026-08-07,25940,1000,22293,9
B02203,L02203,P060,2026-07-30,17017,500,13103,3
B02207,L02207,P019,2026-08-23,10732,500,7279,6
B02219,L02219,P052,2026-08-01,11793,2000,7945,6
B02220,L02220,P007,2026-08-09,19689,750,15136,12
B02224,L02224,P033,2026-08-22,17728,1000,13512,9
B02226,L02226,P059,2026-08-22,12859,0,10657,12
B02235,L02235,P078,2026-08-19,13010,2000,7805,3
B02237,L02237,P067,2026-08-10,24928,2000,20435,12
B02238,L02238,P145,2026-08-05,14789,1500,10802,6
B02241,L02241,P001,2026-07-28,13157,0,10475,3
B02260,L02260,P150,2026-08-07,16965,250,14423,12
B02261,L02261,P036,2026-08-18,14825,1500,10159,12
B02287,L02287,P060,2026-08-18,17017,500,12677,12
B02288,L02288,P148,2026-08-20,9723,0,6855,12
B02290,L02290,P028,2026-08-12,24947,750,20140,12
B02299,L02299,P052,2026-08-04,11793,1500,8144,3
B02303,L02303,P063,2026-07-31,27417,2000,21446,6
B02315,L02315,P017,2026-08-14,18613,2000,13799,9
B02317,L02317,P131,2026-08-04,20625,0,16582,12
B02322,L02322,P056,2026-07-30,18606,250,15750,3
B02323,L02323,P133,2026-07-31,21979,250,19121,6
B02328,L02328,P089,2026-08-27,13807,500,10579,12
B02329,L02329,P062,2026-08-10,14779,1500,10173,6
B02332,L02332,P038,2026-08-26,26317,250,22831,3
B02342,L02342,P082,2026-08-08,26289,2000,20774,6
B02346,L02346,P025,2026-08-04,16893,250,13774,3
B02348,L02348,P091,2026-08-18,13813,500,11362,9
B02351,L02351,P138,2026-08-03,17123,1000,11979,12
B02359,L02359,P007,2026-08-10,19689,1000,14689,3
B02362,L02362,P058,2026-08-20,13455,0,10320,12
B02363,L02363,P077,2026-08-13,10514,0,8210,6
B02366,L02366,P075,2026-08-08,9508,0,5595,6
B02373,L02373,P008,2026-08-25,17274,1500,12990,9
B02376,L02376,P007,2026-08-03,19689,250,16014,9
B02388,L02388,P076,2026-08-21,12508,750,9035,6
B02393,L02393,P131,2026-08-13,20625,2000,15355,12
B02405,L02405,P137,2026-08-08,27265,250,24824,6
B02417,L02417,P004,2026-08-09,23498,1500,20103,3
B02422,L02422,P002,2026-08-02,25943,1500,22257,12
B02424,L02424,P113,2026-08-03,18198,750,15064,6
B02425,L02425,P105,2026-08-20,19224,0,16103,3
B02427,L02427,P143,2026-07-30,11321,2000,6988,6
B02432,L02432,P008,2026-08-26,17274,0,14362,12
B02440,L02440,P124,2026-08-11,20110,0,16566,3
B02444,L02444,P055,2026-08-04,23456,2000,18810,12
B02449,L02449,P003,2026-08-16,12507,500,8801,3
B02455,L02455,P120,2026-08-10,9819,250,7503,9
B02459,L02459,P019,2026-08-20,10732,1500,7005,6
B02461,L02461,P100,2026-08-06,17109,500,13542,12
B02469,L02469,P148,2026-08-27,9723,250,6464,6
B02474,L02474,P125,2026-08-20,13109,1500,8776,12
B02482,L02482,P107,2026-08-06,16981,2000,12579,3
B02491,L02491,P137,2026-08-03,27265,1500,22948,6
B02496,L02496,P039,2026-08-13,13645,750,8727,6
B02512,L02512,P059,2026-08-19,12859,250,9666,6
B02513,L02513,P134,2026-08-20,21593,500,18591,3
B02519,L02519,P099,2026-08-20,10487,250,7394,6
B02525,L02525,P011,2026-08-11,15510,0,13347,12
B02534,L02534,P135,2026-08-04,18975,0,16772,9
B02551,L02551,P035,2026-08-12,22765,0,20769,12
B02556,L02556,P098,2026-08-12,21833,1500,17377,6
B02557,L02557,P080,2026-08-20,15583,250,12098,12
B02559,L02559,P143,2026-08-06,11321,250,9004,9
B02567,L02567,P091,2026-08-02,13813,2000,9772,12
B02573,L02573,P007,2026-08-03,19689,0,15790,9
B02580,L02580,P046,2026-08-03,27157,0,24973,12
B02586,L02586,P067,2026-08-23,24928,500,22041,3
B02590,L02590,P022,2026-08-15,9811,1500,6449,12
B02591,L02591,P096,2026-08-08,18723,1000,14333,12
B02601,L02601,P082,2026-07-30,26289,1000,22018,9
B02603,L02603,P135,2026-08-21,18975,250,15099,12
B02605,L02605,P150,2026-08-10,16965,1500,12371,3
B02614,L02614,P019,2026-08-01,10732,250,6789,3
B02617,L02617,P097,2026-08-27,18646,500,16193,3
B02619,L02619,P045,2026-08-12,15690,250,13367,6
B02621,L02621,P084,2026-08-03,15727,2000,10504,6
B02629,L02629,P028,2026-08-16,24947,250,21782,9
B02633,L02633,P025,2026-08-06,16893,750,14025,9
B02646,L02646,P036,2026-08-26,14825,0,11915,9
B02650,L02650,P120,2026-08-11,9819,1500,4905,9
B02651,L02651,P125,2026-08-05,13109,500,9733,6
B02653,L02653,P125,2026-08-26,13109,1000,9466,9
B02661,L02661,P126,2026-08-24,7726,0,4132,12
B02662,L02662,P138,2026-08-16,17123,2000,12131,9
B02678,L02678,P049,2026-08-09,24116,250,21876,3
B02681,L02681,P091,2026-08-03,13813,250,9954,12
B02691,L02691,P148,2026-08-05,9723,1500,5314,12
B02697,L02697,P066,2026-08-09,23953,1000,18972,6
B02713,L02713,P099,2026-08-18,10487,750,6407,6
B02715,L02715,P134,2026-08-15,21593,250,17422,9
B02718,L02718,P138,2026-08-13,17123,1000,13585,9
B02722,L02722,P051,2026-08-23,16692,500,12901,3
B02724,L02724,P001,2026-07-31,13157,1500,9691,9
B02726,L02726,P143,2026-08-08,11321,2000,6523,9
B02728,L02728,P134,2026-08-13,21593,0,18686,6
B02733,L02733,P111,2026-08-12,12107,2000,7488,12
B02735,L02735,P020,2026-08-09,12900,250,10529,6
B02739,L02739,P094,2026-08-05,13343,2000,7547,12
B02741,L02741,P065,2026-07-29,24872,2000,20136,9
B02746,L02746,P007,2026-08-16,19689,500,15588,6
B02747,L02747,P096,2026-08-15,18723,1000,13544,6
B02750,L02750,P020,2026-07-29,12900,250,10463,6
B02756,L02756,P013,2026-08-27,12222,1500,6890,9
B02757,L02757,P110,2026-08-08,11789,750,9044,6
B02759,L02759,P049,2026-08-07,24116,750,20530,3
B02767,L02767,P050,2026-08-13,24296,500,20275,12
B02772,L02772,P040,2026-08-15,9878,250,7057,3
B02774,L02774,P075,2026-08-17,9508,500,6819,9
B02776,L02776,P110,2026-07-30,11789,500,9250,9
B02780,L02780,P082,2026-08-08,26289,2000,20608,9
B02799,L02799,P004,2026-08-05,23498,500,20037,12
B02806,L02806,P041,2026-08-20,16025,2000,10295,3
B02809,L02809,P144,2026-08-07,13013,1000,8566,9
B02818,L02818,P145,2026-08-27,14789,750,12223,9
B02820,L02820,P071,2026-08-18,18475,2000,13353,12
B02821,L02821,P106,2026-08-02,24521,250,20655,3
B02822,L02822,P098,2026-08-01,21833,1000,18310,12
B02828,L02828,P150,2026-08-25,16965,1500,13168,3
B02829,L02829,P144,2026-07-30,13013,750,8954,6
B02833,L02833,P134,2026-08-04,21593,750,17089,9
B02836,L02836,P068,2026-08-04,13174,2000,8674,6
B02837,L02837,P117,2026-08-27,18792,500,14805,6
B02847,L02847,P017,2026-07-30,18613,2000,14107,9
B02855,L02855,P027,2026-07-30,11309,500,6652,9
B02863,L02863,P116,2026-08-06,18121,750,14628,6
B02865,L02865,P047,2026-08-15,25940,250,21775,12
B02868,L02868,P091,2026-08-01,13813,1500,8218,9
B02872,L02872,P105,2026-08-05,19224,250,16499,6
B02886,L02886,P044,2026-08-09,25547,500,22490,6
B02893,L02893,P037,2026-08-20,17698,1500,13325,6
B02894,L02894,P145,2026-08-18,14789,500,12082,9
B02902,L02902,P042,2026-08-06,13832,500,9851,6
B02903,L02903,P131,2026-08-11,20625,750,17037,6
B02915,L02915,P068,2026-08-04,13174,1000,9248,12
B02924,L02924,P006,2026-08-24,12546,250,10074,9
B02931,L02931,P011,2026-07-31,15510,2000,11568,12
B02934,L02934,P084,2026-08-07,15727,500,12261,3
B02935,L02935,P144,2026-07-30,13013,0,10696,12
B02937,L02937,P005,2026-08-20,19668,2000,15466,9
B02940,L02940,P121,2026-08-03,21858,500,18110,3
B02953,L02953,P038,2026-08-10,26317,750,23725,3
B02969,L02969,P142,2026-08-16,22206,1000,17107,3
B02971,L02971,P127,2026-08-19,23836,750,20814,12
B02973,L02973,P020,2026-08-19,12900,750,9399,9
B02976,L02976,P087,2026-08-05,20280,1500,15591,3
B02977,L02977,P073,2026-07-31,19821,0,17062,9
B02984,L02984,P112,2026-08-15,7000,750,3272,6
B02992,L02992,P090,2026-08-15,10494,750,6320,6
B02997,L02997,P097,2026-07-31,18646,1500,13020,6
B02998,L02998,P075,2026-08-23,9508,1500,4349,3
B02999,L02999,P079,2026-08-18,7000,750,2198,9
B03001,L03001,P018,2026-08-13,17004,750,13709,3
B03003,L03003,P117,2026-08-07,18792,2000,13123,12
B03004,L03004,P029,2026-08-03,23462,0,19640,6
B03005,L03005,P018,2026-08-23,17004,250,14563,3
B03010,L03010,P123,2026-08-09,24193,1500,18892,12
B03011,L03011,P117,2026-08-14,18792,2000,13084,6
B03019,L03019,P145,2026-08-25,14789,0,12189,6
B03020,L03020,P035,2026-07-28,22765,1500,18115,9
B03024,L03024,P087,2026-08-19,20280,1500,15856,6
B03025,L03025,P051,2026-08-06,16692,0,12528,6
B03027,L03027,P038,2026-08-14,26317,250,23271,9
B03028,L03028,P071,2026-08-18,18475,2000,13316,6
B03029,L03029,P024,2026-08-22,12351,1500,7008,12
B03033,L03033,P047,2026-08-01,25940,0,22673,12
B03036,L03036,P045,2026-08-04,15690,0,12206,3
B03047,L03047,P114,2026-08-01,15072,0,12698,6
B03051,L03051,P103,2026-07-30,18204,2000,12963,9
B03056,L03056,P058,2026-08-02,13455,1000,8785,3
B03062,L03062,P136,2026-08-24,19286,2000,14252,12
B03066,L03066,P049,2026-08-01,24116,750,21331,6
B03069,L03069,P055,2026-08-10,23456,0,20653,12
B03070,L03070,P108,2026-08-13,23811,1500,18426,6
B03072,L03072,P042,2026-08-15,13832,0,10137,12
B03090,L03090,P045,2026-07-28,15690,250,11785,9
B03091,L03091,P112,2026-08-17,7000,750,4200,12
B03092,L03092,P115,2026-08-16,14890,1500,11492,12
B03095,L03095,P122,2026-08-22,10154,1500,4692,6
B03101,L03101,P027,2026-08-18,11309,1500,6293,6
B03103,L03103,P040,2026-08-18,9878,500,6103,9
B03104,L03104,P100,2026-08-18,17109,500,13324,12
B03112,L03112,P001,2026-08-03,13157,750,10528,9
B03117,L03117,P107,2026-08-16,16981,750,12823,6
B03120,L03120,P113,2026-08-10,18198,0,14545,9
B03122,L03122,P039,2026-08-05,13645,750,10215,9
B03124,L03124,P139,2026-08-08,22666,750,18378,12
B03137,L03137,P130,2026-08-23,14864,1500,10904,12
B03138,L03138,P060,2026-08-21,17017,0,13830,12
B03144,L03144,P106,2026-08-21,24521,2000,20718,3
B03145,L03145,P048,2026-08-06,19736,0,15906,6
B03153,L03153,P118,2026-08-03,7000,2000,1789,9
B03157,L03157,P024,2026-07-31,12351,250,8464,12
B03161,L03161,P139,2026-07-31,22666,500,19024,12
B03163,L03163,P140,2026-07-30,18612,0,15349,6
B03168,L03168,P129,2026-08-04,8152,2000,3077,9
B03170,L03170,P005,2026-08-20,19668,1500,15338,12
B03175,L03175,P031,2026-08-21,23746,250,19745,6
B03185,L03185,P007,2026-08-23,19689,1000,16411,3
B03213,L03213,P120,2026-07-31,9819,1000,7004,3
B03224,L03224,P132,2026-08-09,19201,1000,14451,12
B03235,L03235,P029,2026-08-22,23462,250,19489,12
B03237,L03237,P074,2026-08-08,22374,750,18268,3
B03238,L03238,P084,2026-07-28,15727,250,12848,9
B03248,L03248,P047,2026-08-24,25940,250,22901,6
B03260,L03260,P057,2026-08-13,17123,250,13985,12
B03262,L03262,P049,2026-08-18,24116,1500,19668,9
B03263,L03263,P043,2026-08-27,17350,1500,12185,9
B03269,L03269,P120,2026-07-30,9819,0,5905,6
B03272,L03272,P131,2026-08-04,20625,250,16536,12
B03273,L03273,P004,2026-08-22,23498,1500,20042,6
B03275,L03275,P004,2026-07-31,23498,0,21187,3
B03278,L03278,P085,2026-08-02,10322,750,7423,12
B03282,L03282,P068,2026-08-20,13174,750,8815,3
B03287,L03287,P087,2026-08-11,20280,1500,14628,9
B03297,L03297,P003,2026-08-03,12507,250,8615,3
B03300,L03300,P124,2026-08-25,20110,1000,15294,9
B03304,L03304,P033,2026-08-07,17728,500,13858,12
B03305,L03305,P150,2026-08-18,16965,1000,13578,3
B03310,L03310,P105,2026-08-12,19224,500,16615,9
B03311,L03311,P134,2026-08-17,21593,500,17602,6
B03318,L03318,P120,2026-08-01,9819,500,7071,6
B03330,L03330,P019,2026-07-31,10732,0,8487,9
B03333,L03333,P014,2026-08-05,26554,1000,23472,12
B03339,L03339,P013,2026-07-29,12222,1500,7304,12
B03340,L03340,P070,2026-08-27,23048,0,18940,12
B03341,L03341,P018,2026-07-28,17004,1000,14169,9
B03352,L03352,P109,2026-08-17,21546,750,18832,6
B03354,L03354,P044,2026-08-25,25547,1500,21308,12
B03358,L03358,P032,2026-08-06,18325,1500,13129,12
B03367,L03367,P118,2026-08-13,7000,500,3672,3
B03370,L03370,P033,2026-08-11,17728,2000,12248,3
B03394,L03394,P063,2026-07-29,27417,1000,24588,3
B03406,L03406,P015,2026-08-02,13533,500,10178,9
B03414,L03414,P143,2026-08-09,11321,750,7964,12
B03415,L03415,P038,2026-08-24,26317,2000,21956,6
B03427,L03427,P091,2026-07-30,13813,0,11923,6
B03437,L03437,P056,2026-08-10,18606,1000,14643,6
B03439,L03439,P045,2026-08-05,15690,500,11827,12
B03444,L03444,P088,2026-08-27,10698,500,7338,3
B03449,L03449,P046,2026-08-26,27157,1500,22701,12
B03457,L03457,P072,2026-08-15,15006,1500,9684,3
B03461,L03461,P084,2026-08-05,15727,750,12081,12
B03463,L03463,P077,2026-08-20,10514,250,7041,12
B03468,L03468,P026,2026-08-24,9214,250,4792,6
B03472,L03472,P083,2026-08-02,15271,1500,11494,9
B03477,L03477,P041,2026-08-08,16025,1500,11826,3
B03481,L03481,P148,2026-08-01,9723,2000,5585,9
B03484,L03484,P053,2026-08-15,18751,2000,14760,9
B03492,L03492,P033,2026-07-29,17728,250,14822,3
B03495,L03495,P068,2026-07-28,13174,0,9484,9
B03496,L03496,P115,2026-08-27,14890,1000,10911,12
B03498,L03498,P070,2026-08-05,23048,0,21086,9
B03511,L03511,P089,2026-07-28,13807,750,11043,6
B03513,L03513,P141,2026-08-02,16432,250,12964,9
B03516,L03516,P100,2026-08-22,17109,1000,13362,3
B03518,L03518,P022,2026-08-17,9811,750,5398,3
B03520,L03520,P049,2026-07-30,24116,750,19324,12
B03521,L03521,P045,2026-08-09,15690,250,11954,6
B03523,L03523,P052,2026-08-26,11793,250,7402,9
B03529,L03529,P067,2026-08-21,24928,0,20733,12
B03537,L03537,P043,2026-08-26,17350,250,13551,6
B03538,L03538,P031,2026-08-03,23746,2000,19321,9
B03541,L03541,P079,2026-08-16,7000,250,4118,9
B03548,L03548,P130,2026-07-29,14864,750,11078,3
B03550,L03550,P075,2026-08-25,9508,2000,5547,6
B03561,L03561,P107,2026-08-23,16981,500,13203,12
B03566,L03566,P012,2026-08-01,16073,2000,11445,9
B03583,L03583,P142,2026-08-27,22206,750,18875,9
B03595,L03595,P052,2026-08-11,11793,0,7798,3
B03605,L03605,P067,2026-08-24,24928,750,20600,12
B03611,L03611,P046,2026-08-19,27157,1500,23092,6
B03622,L03622,P131,2026-08-18,20625,2000,16136,3
B03633,L03633,P075,2026-07-28,9508,0,5400,6
B03655,L03655,P040,2026-08-22,9878,1500,5128,6
B03659,L03659,P075,2026-08-20,9508,250,7112,6
B03663,L03663,P148,2026-08-17,9723,1000,4692,3
B03664,L03664,P051,2026-08-16,16692,1000,12222,12
B03684,L03684,P013,2026-08-22,12222,2000,6289,12
B03686,L03686,P064,2026-07-28,12710,250,8357,3
B03689,L03689,P104,2026-08-19,8067,250,4811,9
B03694,L03694,P117,2026-08-14,18792,250,14418,6
B03695,L03695,P140,2026-08-23,18612,250,15854,12
B03699,L03699,P042,2026-08-14,13832,500,11269,9
B03706,L03706,P133,2026-08-06,21979,1500,17704,9
B03708,L03708,P026,2026-08-14,9214,500,5765,12
B03711,L03711,P054,2026-08-12,14040,250,11893,12
B03719,L03719,P050,2026-08-19,24296,2000,20481,9
B03724,L03724,P100,2026-08-07,17109,0,13748,12
B03729,L03729,P086,2026-08-06,9572,1500,5206,6
B03736,L03736,P052,2026-07-30,11793,2000,7848,3
B03748,L03748,P118,2026-08-21,7000,750,3781,3
B03750,L03750,P027,2026-08-09,11309,250,8724,6
B03752,L03752,P043,2026-08-21,17350,0,14035,6
B03754,L03754,P079,2026-08-19,7000,750,2196,12
B03765,L03765,P110,2026-08-26,11789,250,7700,3
B03782,L03782,P057,2026-08-02,17123,250,12791,6
B03785,L03785,P068,2026-08-23,13174,0,10468,9
B03802,L03802,P149,2026-08-04,17441,750,12769,6
B03814,L03814,P046,2026-08-22,27157,1000,23282,9
B03815,L03815,P085,2026-08-12,10322,250,7683,12
B03817,L03817,P016,2026-08-03,20341,750,16108,3
B03823,L03823,P148,2026-08-11,9723,500,5416,3
B03829,L03829,P080,2026-08-12,15583,250,12136,9
B03831,L03831,P100,2026-08-02,17109,1500,13195,9
B03834,L03834,P052,2026-08-24,11793,250,9564,12
B03836,L03836,P133,2026-08-23,21979,750,18594,12
B03839,L03839,P096,2026-08-24,18723,750,15645,3
B03854,L03854,P093,2026-07-28,21871,750,18770,12
B03858,L03858,P040,2026-08-17,9878,1000,5960,12
B03859,L03859,P020,2026-08-04,12900,1000,10071,12
B03863,L03863,P119,2026-08-17,16718,2000,11879,6
B03864,L03864,P044,2026-08-18,25547,500,23004,3
B03867,L03867,P086,2026-08-10,9572,500,6834,3
B03881,L03881,P037,2026-08-09,17698,0,13865,6
B03883,L03883,P120,2026-08-26,9819,750,5656,9
B03896,L03896,P064,2026-08-24,12710,250,9272,9
B03899,L03899,P122,2026-08-06,10154,250,7682,6
B03901,L03901,P109,2026-08-06,21546,0,18355,6
B03906,L03906,P015,2026-08-27,13533,1500,8745,3
B03928,L03928,P108,2026-08-14,23811,1000,19596,3
B03932,L03932,P145,2026-08-22,14789,750,11332,12
B03936,L03936,P052,2026-08-06,11793,1500,7591,3
B03937,L03937,P067,2026-08-03,24928,500,22577,3
B03939,L03939,P103,2026-08-02,18204,0,14861,12
B03940,L03940,P139,2026-08-05,22666,750,18613,3
B03941,L03941,P044,2026-07-28,25547,1000,20557,6
B03943,L03943,P138,2026-08-18,17123,1000,12725,3
B03945,L03945,P133,2026-07-28,21979,0,19277,6
B03952,L03952,P045,2026-08-15,15690,750,11035,6
B03957,L03957,P026,2026-08-18,9214,0,6490,9
B03958,L03958,P019,2026-08-06,10732,250,6402,9
B03976,L03976,P123,2026-08-04,24193,1500,19537,6
B03977,L03977,P095,2026-08-17,7000,250,3133,9
B03979,L03979,P077,2026-08-06,10514,2000,5807,9
B03990,L03990,P031,2026-08-16,23746,250,21445,12
B03996,L03996,P063,2026-08-10,27417,1500,22192,6
B03998,L03998,P034,2026-08-17,14377,500,11592,6
B04010,L04010,P023,2026-08-23,12884,750,9750,12
B04015,L04015,P149,2026-08-12,17441,250,14837,9
B04019,L04019,P097,2026-08-22,18646,250,16191,12
B04034,L04034,P033,2026-08-24,17728,500,13449,3
B04039,L04039,P003,2026-08-24,12507,500,9874,3
B04040,L04040,P071,2026-08-17,18475,1500,12778,9
B04042,L04042,P057,2026-08-03,17123,500,13216,9
B04044,L04044,P110,2026-08-02,11789,750,8067,3
B04045,L04045,P141,2026-08-12,16432,2000,11240,9
B04048,L04048,P095,2026-08-10,7000,1000,1988,9
B04050,L04050,P067,2026-08-09,24928,750,21134,3
B04067,L04067,P096,2026-08-02,18723,750,14299,6
B04068,L04068,P077,2026-07-29,10514,750,7413,3
B04073,L04073,P105,2026-08-10,19224,750,15019,3
B04074,L04074,P024,2026-07-30,12351,750,9642,9
B04078,L04078,P032,2026-08-03,18325,750,13412,6
B04086,L04086,P015,2026-08-19,13533,250,10398,6
B04089,L04089,P107,2026-08-02,16981,750,14026,12
B04096,L04096,P084,2026-08-08,15727,1000,11419,9
B04097,L04097,P100,2026-07-30,17109,0,14601,6
B04100,L04100,P145,2026-08-06,14789,1000,9963,6
B04108,L04108,P049,2026-08-11,24116,500,20055,3
B04113,L04113,P110,2026-08-04,11789,2000,7395,6
B04114,L04114,P082,2026-08-26,26289,2000,22444,6
B04117,L04117,P105,2026-07-28,19224,500,15568,3
B04128,L04128,P114,2026-08-22,15072,2000,9708,3
B04131,L04131,P004,2026-08-15,23498,2000,18452,6
B04132,L04132,P091,2026-08-12,13813,250,10886,12
B04135,L04135,P136,2026-07-28,19286,2000,13959,6
B04136,L04136,P114,2026-08-26,15072,250,10852,3
B04138,L04138,P141,2026-08-21,16432,500,14083,3
B04142,L04142,P051,2026-08-13,16692,1000,12328,3
B04149,L04149,P091,2026-08-18,13813,2000,8952,9
B04155,L04155,P063,2026-08-24,27417,1500,22394,9
B04156,L04156,P054,2026-07-29,14040,2000,9011,9
B04161,L04161,P004,2026-08-12,23498,250,21373,9
B04169,L04169,P052,2026-08-27,11793,750,8869,9
B04171,L04171,P124,2026-08-25,20110,500,16776,3
B04173,L04173,P012,2026-08-09,16073,250,13296,6
B04177,L04177,P037,2026-08-15,17698,250,15093,6
B04178,L04178,P001,2026-08-05,13157,2000,7195,9
B04183,L04183,P012,2026-08-27,16073,1500,12131,3
B04184,L04184,P072,2026-08-03,15006,0,13163,6
B04185,L04185,P082,2026-08-04,26289,500,23310,6
B04187,L04187,P046,2026-08-27,27157,500,24077,12
B04199,L04199,P086,2026-08-04,9572,2000,3539,6
B04203,L04203,P130,2026-08-19,14864,1000,12016,3
B04211,L04211,P066,2026-08-19,23953,1000,19473,12
B04219,L04219,P016,2026-08-06,20341,2000,14810,9
B04221,L04221,P084,2026-08-24,15727,2000,10141,3
B04232,L04232,P045,2026-07-29,15690,2000,11169,9
B04242,L04242,P034,2026-08-14,14377,1500,8710,12
B04243,L04243,P073,2026-08-11,19821,2000,14096,3
B04245,L04245,P042,2026-08-17,13832,1000,9604,6
B04252,L04252,P070,2026-08-14,23048,500,18807,6
B04256,L04256,P087,2026-08-26,20280,2000,15597,12
B04257,L04257,P104,2026-08-03,8067,1500,3390,6
B04270,L04270,P116,2026-08-04,18121,750,13195,9
B04271,L04271,P102,2026-08-27,20281,1000,16057,3
B04273,L04273,P048,2026-08-10,19736,0,16289,12
B04276,L04276,P023,2026-08-18,12884,2000,7652,6
B04279,L04279,P111,2026-08-20,12107,250,8334,9
B04280,L04280,P079,2026-08-25,7000,2000,2859,9
B04282,L04282,P082,2026-08-15,26289,750,22117,3
B04286,L04286,P098,2026-08-23,21833,500,17380,6
B04290,L04290,P016,2026-08-25,20341,2000,15247,9
B04291,L04291,P100,2026-08-01,17109,1500,13517,9
B04296,L04296,P148,2026-08-27,9723,0,7407,6
B04297,L04297,P126,2026-08-06,7726,1500,4222,6
B04308,L04308,P149,2026-08-04,17441,1000,12248,9
B04310,L04310,P059,2026-07-29,12859,250,8949,12
B04315,L04315,P006,2026-08-12,12546,500,9284,6
B04316,L04316,P001,2026-08-02,13157,250,9485,9
B04326,L04326,P066,2026-08-05,23953,250,21123,6
B04333,L04333,P074,2026-08-15,22374,500,18951,3
B04339,L04339,P145,2026-07-28,14789,500,10604,9
B04341,L04341,P055,2026-08-05,23456,1500,17920,3
B04343,L04343,P013,2026-08-18,12222,500,9293,3
B04346,L04346,P106,2026-08-07,24521,500,20602,3
B04350,L04350,P001,2026-08-22,13157,2000,8745,9
B04351,L04351,P071,2026-08-18,18475,1500,14359,3
B04362,L04362,P091,2026-08-20,13813,2000,10008,6
B04371,L04371,P001,2026-08-21,13157,0,9220,3
B04376,L04376,P140,2026-08-26,18612,250,14722,9
B04379,L04379,P050,2026-08-17,24296,1000,20510,12
B04385,L04385,P028,2026-08-17,24947,0,21157,6
B04387,L04387,P079,2026-08-24,7000,1000,3996,6
B04407,L04407,P043,2026-08-17,17350,1000,12971,6
B04411,L04411,P099,2026-08-06,10487,750,6986,6
B04421,L04421,P146,2026-08-02,19768,500,15460,6
B04427,L04427,P017,2026-08-17,18613,500,14575,3
B04432,L04432,P142,2026-08-22,22206,2000,17424,6
B04436,L04436,P051,2026-07-29,16692,1500,11453,6
B04438,L04438,P033,2026-08-20,17728,0,15037,6
B04445,L04445,P129,2026-08-05,8152,250,3910,12
B04447,L04447,P103,2026-08-01,18204,750,13824,12
B04449,L04449,P126,2026-08-08,7726,0,4375,9
B04452,L04452,P134,2026-07-28,21593,0,19141,6
B04454,L04454,P084,2026-08-03,15727,750,11701,6
B04464,L04464,P057,2026-08-03,17123,1500,11599,3
B04466,L04466,P075,2026-08-26,9508,750,4729,9
B04468,L04468,P043,2026-08-15,17350,1000,12452,12
B04470,L04470,P147,2026-08-14,16416,250,12351,9
B04472,L04472,P073,2026-08-18,19821,500,16911,9
B04473,L04473,P002,2026-08-07,25943,1500,22191,12
B04475,L04475,P026,2026-08-16,9214,500,5109,9
B04485,L04485,P037,2026-08-17,17698,0,15422,3
B04491,L04491,P057,2026-08-27,17123,750,12990,9
B04497,L04497,P095,2026-07-31,7000,1000,3083,9
B04502,L04502,P069,2026-08-07,11324,1500,6713,6
B04515,L04515,P048,2026-08-09,19736,0,17724,6
B04519,L04519,P072,2026-08-01,15006,1000,11173,9
B04522,L04522,P084,2026-08-04,15727,750,12639,12
B04531,L04531,P018,2026-08-18,17004,500,13871,6
B04537,L04537,P109,2026-08-08,21546,1000,16962,12
B04547,L04547,P039,2026-08-07,13645,1000,9752,12
B04551,L04551,P007,2026-08-08,19689,1000,14788,6
B04558,L04558,P139,2026-08-13,22666,1000,19366,3
B04564,L04564,P100,2026-08-08,17109,1000,14180,9
B04571,L04571,P080,2026-08-14,15583,1500,11045,6
B04579,L04579,P075,2026-08-14,9508,2000,4164,3
B04586,L04586,P075,2026-08-27,9508,750,6320,12
B04596,L04596,P139,2026-08-05,22666,1000,17721,9
B04597,L04597,P043,2026-08-17,17350,750,14410,6
B04598,L04598,P111,2026-08-06,12107,1000,7215,3
B04600,L04600,P043,2026-08-26,17350,0,15439,3
B04603,L04603,P001,2026-07-28,13157,0,10993,9
B04604,L04604,P058,2026-08-08,13455,1000,8364,3
B04606,L04606,P080,2026-08-24,15583,250,12165,12
B04611,L04611,P013,2026-08-16,12222,0,9650,3
B04614,L04614,P002,2026-08-20,25943,750,22167,3
B04615,L04615,P111,2026-08-14,12107,500,7926,3
B04616,L04616,P072,2026-07-29,15006,1500,10084,3
B04617,L04617,P019,2026-08-01,10732,1500,6604,12
B04619,L04619,P083,2026-08-19,15271,750,11839,12
B04642,L04642,P078,2026-08-14,13010,1500,9206,12
B04644,L04644,P103,2026-08-04,18204,250,14132,3
B04645,L04645,P116,2026-08-22,18121,250,14195,12
B04649,L04649,P053,2026-08-14,18751,0,15698,12
B04651,L04651,P062,2026-08-09,14779,0,11080,9
B04658,L04658,P066,2026-08-18,23953,1500,19880,9
B04667,L04667,P115,2026-08-04,14890,500,10823,3
B04669,L04669,P061,2026-08-14,11161,2000,6432,6
B04672,L04672,P121,2026-08-21,21858,2000,17751,3
B04676,L04676,P068,2026-08-02,13174,500,10103,9
B04677,L04677,P082,2026-08-24,26289,2000,20304,9
B04679,L04679,P131,2026-08-11,20625,2000,16758,12
B04680,L04680,P045,2026-08-17,15690,500,12609,9
B04685,L04685,P055,2026-08-14,23456,250,19840,3
B04694,L04694,P056,2026-08-24,18606,0,15958,6
B04695,L04695,P091,2026-08-19,13813,2000,7936,6
B04698,L04698,P004,2026-08-20,23498,1500,17865,9
B04699,L04699,P044,2026-08-25,25547,1000,22466,9
B04704,L04704,P037,2026-08-17,17698,1500,13935,3
B04705,L04705,P068,2026-07-28,13174,750,9371,3
B04708,L04708,P080,2026-08-16,15583,750,12095,6
B04713,L04713,P110,2026-07-31,11789,1000,6735,3
B04716,L04716,P147,2026-08-19,16416,250,12361,12
B04730,L04730,P131,2026-08-26,20625,750,17080,12
B04736,L04736,P057,2026-08-16,17123,750,12407,9
B04747,L04747,P103,2026-08-20,18204,750,15617,9
B04753,L04753,P130,2026-08-21,14864,1000,10150,6
B04759,L04759,P088,2026-08-01,10698,2000,5592,9
B04764,L04764,P007,2026-08-16,19689,250,16956,3
B04767,L04767,P039,2026-08-23,13645,250,11352,6
B04780,L04780,P008,2026-08-09,17274,500,12725,3
B04781,L04781,P080,2026-08-21,15583,500,12244,9
B04797,L04797,P105,2026-07-28,19224,500,16912,12
B04804,L04804,P140,2026-08-23,18612,250,15358,3
B04811,L04811,P129,2026-08-04,8152,250,5617,9
B04835,L04835,P024,2026-08-19,12351,0,9413,12
B04840,L04840,P133,2026-08-02,21979,750,17734,3
B04841,L04841,P044,2026-08-14,25547,2000,21340,12
B04867,L04867,P076,2026-08-03,12508,1500,7292,12
B04877,L04877,P061,2026-08-22,11161,750,8048,6
B04888,L04888,P078,2026-07-31,13010,500,9435,12
B04889,L04889,P084,2026-08-23,15727,750,13036,9
B04900,L04900,P085,2026-08-26,10322,500,6718,9
B04902,L04902,P145,2026-08-25,14789,750,11098,12
B04908,L04908,P014,2026-08-08,26554,500,22508,9
B04911,L04911,P135,2026-08-12,18975,2000,14175,9
B04917,L04917,P143,2026-08-10,11321,2000,5597,12
B04929,L04929,P044,2026-08-20,25547,1500,20906,3
B04930,L04930,P078,2026-07-28,13010,1500,7485,6
B04935,L04935,P005,2026-08-08,19668,1500,14231,12
B04943,L04943,P021,2026-08-15,15644,0,13716,3
B04945,L04945,P129,2026-08-24,8152,1000,4189,9
B04947,L04947,P085,2026-08-13,10322,750,5523,12
B04960,L04960,P111,2026-08-01,12107,1000,9162,9
B04965,L04965,P119,2026-08-13,16718,2000,12622,12
B04991,L04991,P146,2026-08-12,19768,0,17309,9
B04993,L04993,P141,2026-08-16,16432,1000,11708,6
B05014,L05014,P084,2026-08-23,15727,750,12453,6
B05025,L05025,P020,2026-08-02,12900,250,10606,3
B05026,L05026,P054,2026-07-31,14040,500,9545,3
B05027,L05027,P037,2026-08-09,17698,750,14633,9
B05038,L05038,P138,2026-08-16,17123,1500,13288,6
B05060,L05060,P075,2026-08-24,9508,1500,5689,3
B05062,L05062,P048,2026-08-12,19736,750,15887,3
B05072,L05072,P067,2026-08-18,24928,750,21580,3
B05073,L05073,P060,2026-08-23,17017,0,13877,6
B05078,L05078,P017,2026-08-06,18613,1500,14135,12
B05088,L05088,P043,2026-08-18,17350,2000,12913,3
B05092,L05092,P020,2026-08-11,12900,500,8402,12
B05098,L05098,P020,2026-08-08,12900,1000,8488,9
B05102,L05102,P063,2026-07-31,27417,2000,23095,12
B05104,L05104,P020,2026-08-03,12900,250,9892,12
B05115,L05115,P019,2026-08-14,10732,1500,6250,9
B05130,L05130,P123,2026-08-18,24193,500,20760,3
B05135,L05135,P022,2026-08-27,9811,1000,4679,9
B05139,L05139,P066,2026-07-30,23953,2000,19317,12
B05163,L05163,P142,2026-07-30,22206,0,19611,12
B05177,L05177,P025,2026-08-09,16893,500,13516,9
B05188,L05188,P143,2026-07-28,11321,0,7271,12
B05192,L05192,P115,2026-08-20,14890,250,11908,12
B05194,L05194,P147,2026-07-29,16416,1500,13051,12
B05198,L05198,P096,2026-08-23,18723,250,15383,6
B05207,L05207,P067,2026-08-05,24928,1000,21524,9
B05226,L05226,P148,2026-08-22,9723,1000,6259,3
B05227,L05227,P020,2026-08-12,12900,2000,6958,3
B05230,L05230,P022,2026-08-23,9811,1500,5227,3
B05233,L05233,P014,2026-08-06,26554,1000,23416,6
B05237,L05237,P081,2026-08-19,27412,1500,23072,6
B05240,L05240,P075,2026-08-09,9508,750,5559,9
B05255,L05255,P053,2026-07-31,18751,750,16062,3
B05258,L05258,P014,2026-08-17,26554,0,23351,3
B05262,L05262,P108,2026-08-11,23811,250,19985,12
B05264,L05264,P001,2026-08-13,13157,0,9410,6
B05267,L05267,P069,2026-08-01,11324,0,8658,3
B05268,L05268,P133,2026-08-10,21979,0,18606,6
B05273,L05273,P007,2026-08-05,19689,250,17393,6
B05289,L05289,P043,2026-08-11,17350,750,14366,3
B05290,L05290,P084,2026-08-19,15727,1000,12782,6
B05296,L05296,P053,2026-07-31,18751,250,14806,12
B05302,L05302,P103,2026-07-28,18204,0,15323,6
B05308,L05308,P048,2026-08-22,19736,750,17070,9
B05316,L05316,P032,2026-08-20,18325,1000,14939,3
B05321,L05321,P133,2026-08-20,21979,1000,17704,12
B05326,L05326,P041,2026-08-24,16025,500,13499,9
B05333,L05333,P111,2026-08-03,12107,750,7183,6
B05335,L05335,P062,2026-08-15,14779,1500,10412,6
B05336,L05336,P104,2026-08-20,8067,250,5375,3
B05338,L05338,P050,2026-08-27,24296,1000,20268,3
B05343,L05343,P029,2026-08-05,23462,1000,20075,6
B05345,L05345,P076,2026-08-24,12508,0,8821,12
B05346,L05346,P085,2026-08-23,10322,0,6198,6
B05351,L05351,P046,2026-07-28,27157,1000,23981,6
B05364,L05364,P053,2026-08-20,18751,1000,15488,12
B05367,L05367,P063,2026-07-29,27417,1000,23253,9
B05376,L05376,P057,2026-08-09,17123,0,13536,9
B05386,L05386,P066,2026-08-11,23953,1500,18836,3
B05387,L05387,P107,2026-08-05,16981,250,13830,3
B05402,L05402,P053,2026-07-30,18751,250,14435,6
B05408,L05408,P143,2026-08-21,11321,1500,6488,6
B05413,L05413,P039,2026-08-08,13645,1000,10241,6
B05424,L05424,P034,2026-08-01,14377,500,9707,9
B05432,L05432,P124,2026-07-30,20110,2000,15123,12
B05441,L05441,P036,2026-08-17,14825,2000,10055,9
B05445,L05445,P022,2026-08-13,9811,500,6825,3
B05446,L05446,P074,2026-08-22,22374,750,19707,9
B05448,L05448,P002,2026-08-05,25943,250,21601,12
B05452,L05452,P142,2026-08-16,22206,750,18310,12
B05453,L05453,P099,2026-07-28,10487,1500,5932,12
B05454,L05454,P001,2026-08-15,13157,1000,8531,12
B05455,L05455,P082,2026-08-27,26289,1000,21161,3
B05456,L05456,P003,2026-08-11,12507,0,9653,9
B05457,L05457,P106,2026-08-18,24521,2000,19673,12
B05463,L05463,P140,2026-08-04,18612,1000,14848,6
B05471,L05471,P148,2026-08-10,9723,750,5459,12
B05483,L05483,P107,2026-08-08,16981,0,14661,12
B05491,L05491,P042,2026-08-11,13832,0,12020,9
B05493,L05493,P077,2026-08-06,10514,1500,6161,3
B05498,L05498,P015,2026-08-27,13533,750,9717,6
B05509,L05509,P148,2026-08-17,9723,500,6645,9
B05510,L05510,P052,2026-07-30,11793,0,7718,12
B05513,L05513,P148,2026-08-02,9723,1500,5746,9
B05514,L05514,P148,2026-08-02,9723,250,6689,12
B05526,L05526,P039,2026-08-06,13645,1000,8692,12
B05528,L05528,P068,2026-08-01,13174,750,9171,12
B05533,L05533,P023,2026-08-21,12884,0,8687,3
B05535,L05535,P138,2026-08-27,17123,2000,12611,3
B05536,L05536,P053,2026-08-16,18751,1000,14072,3
B05544,L05544,P123,2026-08-20,24193,2000,19615,3
B05548,L05548,P148,2026-08-06,9723,0,6391,12
B05552,L05552,P112,2026-08-12,7000,2000,838,3
B05555,L05555,P049,2026-08-12,24116,0,21090,6
B05562,L05562,P063,2026-08-21,27417,0,24160,12
B05566,L05566,P068,2026-08-10,13174,2000,9084,6
B05574,L05574,P059,2026-08-06,12859,750,9801,6
B05575,L05575,P044,2026-08-19,25547,0,21930,9
B05582,L05582,P145,2026-07-28,14789,1500,10734,9
B05585,L05585,P046,2026-08-12,27157,0,25193,12
B05586,L05586,P030,2026-08-22,14985,2000,10052,9
B05594,L05594,P122,2026-08-19,10154,1000,5820,12
B05602,L05602,P039,2026-07-28,13645,250,10410,12
B05605,L05605,P023,2026-08-19,12884,2000,8985,9
B05608,L05608,P035,2026-08-21,22765,1500,18072,6
B05618,L05618,P150,2026-08-15,16965,2000,12481,9
B05629,L05629,P125,2026-08-19,13109,2000,7020,9
B05631,L05631,P004,2026-08-22,23498,750,20704,12
B05636,L05636,P018,2026-07-30,17004,250,13594,3
B05641,L05641,P112,2026-08-25,7000,1500,1860,6
B05650,L05650,P129,2026-07-31,8152,2000,4128,3
B05653,L05653,P081,2026-08-18,27412,1000,22666,9
B05656,L05656,P119,2026-08-14,16718,250,14546,9
B05660,L05660,P128,2026-08-18,18268,1000,14412,3
B05661,L05661,P035,2026-08-24,22765,1000,17959,9
B05684,L05684,P071,2026-08-06,18475,1000,14973,9
B05685,L05685,P112,2026-07-28,7000,500,3234,9
B05687,L05687,P035,2026-08-24,22765,0,19261,6
B05689,L05689,P124,2026-08-04,20110,500,16412,3
B05696,L05696,P011,2026-08-14,15510,2000,11295,9
B05699,L05699,P002,2026-08-04,25943,500,23485,12
B05705,L05705,P140,2026-08-25,18612,1500,13396,3
B05715,L05715,P045,2026-08-11,15690,2000,11804,3
B05717,L05717,P109,2026-08-16,21546,1500,16531,9
B05725,L05725,P061,2026-08-20,11161,750,8577,12
B05739,L05739,P117,2026-08-13,18792,1500,15455,9
B05745,L05745,P058,2026-08-02,13455,250,10463,3
B05748,L05748,P051,2026-08-15,16692,750,12689,9
B05750,L05750,P060,2026-08-15,17017,750,12166,6
B05755,L05755,P054,2026-08-14,14040,0,11418,6
B05767,L05767,P098,2026-08-11,21833,0,18106,6
B05770,L05770,P084,2026-08-01,15727,2000,10027,12
B05771,L05771,P140,2026-08-10,18612,500,15962,6
B05780,L05780,P121,2026-08-09,21858,250,17915,6
B05781,L05781,P057,2026-08-04,17123,2000,13305,9
B05782,L05782,P002,2026-08-18,25943,2000,21540,3
B05791,L05791,P060,2026-08-19,17017,0,14396,12
B05797,L05797,P142,2026-07-28,22206,2000,16824,12
B05798,L05798,P109,2026-08-15,21546,0,17971,3
B05810,L05810,P034,2026-08-23,14377,1000,10301,6
B05812,L05812,P076,2026-08-02,12508,0,10328,3
B05823,L05823,P090,2026-08-20,10494,250,8264,3
B05824,L05824,P091,2026-08-01,13813,1000,9448,9
B05826,L05826,P070,2026-08-11,23048,1000,19090,9
B05828,L05828,P149,2026-08-02,17441,750,13447,6
B05829,L05829,P063,2026-07-28,27417,750,24710,12
B05830,L05830,P052,2026-08-22,11793,2000,7288,6
B05835,L05835,P119,2026-08-26,16718,0,12980,3
B05838,L05838,P057,2026-08-22,17123,250,12897,9
B05839,L05839,P091,2026-08-21,13813,750,9894,9
B05840,L05840,P024,2026-07-28,12351,1500,7537,3
B05841,L05841,P118,2026-08-03,7000,250,4894,9
B05845,L05845,P071,2026-08-03,18475,0,16324,12
B05848,L05848,P040,2026-08-18,9878,1000,4856,9
B05852,L05852,P117,2026-08-22,18792,2000,13474,3
B05858,L05858,P072,2026-08-16,15006,1500,10710,12
B05870,L05870,P002,2026-07-31,25943,2000,20504,12
B05871,L05871,P145,2026-08-14,14789,750,10659,6
B05872,L05872,P063,2026-08-13,27417,1500,23199,6
B05877,L05877,P093,2026-08-06,21871,250,19811,9
B05880,L05880,P032,2026-08-07,18325,250,14414,3
B05884,L05884,P006,2026-08-08,12546,1000,8973,3
B05891,L05891,P064,2026-08-22,12710,2000,6568,3
B05903,L05903,P056,2026-08-14,18606,250,14217,9
B05905,L05905,P084,2026-08-26,15727,250,11656,9
B05907,L05907,P023,2026-07-29,12884,500,8515,3
B05909,L05909,P029,2026-08-12,23462,0,19842,3
B05914,L05914,P010,2026-08-07,17539,2000,12118,9
B05921,L05921,P089,2026-08-04,13807,0,11237,6
B05924,L05924,P007,2026-08-15,19689,1500,14626,6
B05929,L05929,P090,2026-08-15,10494,2000,4963,6
B05934,L05934,P026,2026-07-28,9214,1000,5463,9
B05937,L05937,P081,2026-08-10,27412,1500,23511,9
B05941,L05941,P048,2026-08-13,19736,500,16580,3
B05942,L05942,P105,2026-08-16,19224,750,16527,6
B05949,L05949,P148,2026-08-17,9723,0,6000,12
B05960,L05960,P114,2026-07-29,15072,750,10686,3
B05961,L05961,P137,2026-08-07,27265,500,22819,6
B05962,L05962,P050,2026-08-16,24296,750,19861,9
B05963,L05963,P129,2026-08-17,8152,500,3924,9
B05965,L05965,P053,2026-08-07,18751,0,16025,6
B05973,L05973,P094,2026-08-25,13343,1500,8670,12
B05986,L05986,P138,2026-08-05,17123,0,13403,9
B05991,L05991,P059,2026-08-26,12859,1500,8296,9
B06000,L06000,P115,2026-07-29,14890,0,10781,6
B06006,L06006,P113,2026-08-22,18198,750,15645,6
B06014,L06014,P023,2026-07-31,12884,1000,7714,3
B06017,L06017,P024,2026-08-23,12351,750,8087,6
B06033,L06033,P095,2026-08-18,7000,250,3814,9
B06037,L06037,P071,2026-08-21,18475,0,15985,3
B06039,L06039,P078,2026-08-02,13010,2000,6856,3
B06049,L06049,P060,2026-08-16,17017,500,13402,9
B06050,L06050,P109,2026-08-19,21546,1500,17172,9
B06061,L06061,P022,2026-08-13,9811,1000,4814,3
B06069,L06069,P108,2026-08-12,23811,1500,19582,12
B06076,L06076,P003,2026-08-04,12507,2000,7760,3
B06082,L06082,P055,2026-08-13,23456,0,20069,6
B06084,L06084,P029,2026-08-06,23462,2000,18755,6
B06092,L06092,P094,2026-08-12,13343,0,10384,6
B06093,L06093,P096,2026-07-30,18723,2000,13637,3
B06095,L06095,P009,2026-08-23,12702,750,8733,6
B06103,L06103,P003,2026-07-29,12507,2000,6398,3
B06109,L06109,P126,2026-08-16,7726,250,3815,9
B06110,L06110,P113,2026-08-27,18198,500,13780,9
B06113,L06113,P081,2026-08-13,27412,1000,24567,6
B06116,L06116,P031,2026-08-24,23746,500,19614,12
B06120,L06120,P036,2026-08-09,14825,1500,10129,6
B06123,L06123,P047,2026-08-27,25940,2000,20767,3
B06136,L06136,P014,2026-08-17,26554,2000,20710,6
B06144,L06144,P150,2026-08-05,16965,1000,11914,3
B06151,L06151,P148,2026-07-29,9723,250,7544,3
B06155,L06155,P139,2026-08-23,22666,2000,16909,6
B06160,L06160,P103,2026-08-22,18204,750,14630,12
B06165,L06165,P089,2026-08-22,13807,0,11813,6
B06166,L06166,P053,2026-08-06,18751,500,14894,3
B06168,L06168,P001,2026-08-27,13157,1000,10315,3
B06170,L06170,P084,2026-08-03,15727,250,13497,6
B06173,L06173,P126,2026-08-16,7726,2000,2361,9
B06176,L06176,P007,2026-08-13,19689,1000,15786,3
B06179,L06179,P096,2026-08-18,18723,2000,13904,12
B06184,L06184,P080,2026-08-21,15583,1500,9891,9
B06185,L06185,P075,2026-08-08,9508,1000,5041,9
B06187,L06187,P117,2026-08-08,18792,2000,14915,6
B06191,L06191,P094,2026-08-06,13343,500,10542,3
B06203,L06203,P136,2026-08-13,19286,2000,13429,3
B06220,L06220,P144,2026-08-20,13013,1500,8160,3
B06222,L06222,P039,2026-08-23,13645,500,11279,6
B06226,L06226,P109,2026-08-21,21546,0,18710,3
B06227,L06227,P037,2026-08-02,17698,0,15766,9
B06228,L06228,P117,2026-08-04,18792,1000,13739,6
B06242,L06242,P012,2026-08-08,16073,1500,11536,3
B06245,L06245,P056,2026-08-08,18606,500,15140,9
B06249,L06249,P017,2026-07-31,18613,2000,14660,6
B06263,L06263,P112,2026-08-25,7000,2000,1189,6
B06267,L06267,P124,2026-08-24,20110,250,15887,6
B06270,L06270,P150,2026-08-09,16965,1000,13244,6
B06274,L06274,P144,2026-08-18,13013,0,10529,3
B06282,L06282,P009,2026-08-06,12702,2000,7779,6
B06283,L06283,P052,2026-08-13,11793,250,9014,9
B06287,L06287,P149,2026-08-13,17441,2000,11844,3
B06303,L06303,P018,2026-08-09,17004,0,14537,3
B06312,L06312,P048,2026-08-06,19736,2000,14293,12
B06316,L06316,P013,2026-08-12,12222,1500,7692,6
B06317,L06317,P116,2026-08-23,18121,2000,13847,3
B06318,L06318,P108,2026-08-13,23811,500,21391,9
B06325,L06325,P060,2026-08-24,17017,1000,12613,12
B06326,L06326,P029,2026-08-11,23462,1000,19053,3
B06336,L06336,P103,2026-08-06,18204,750,14232,3
B06344,L06344,P061,2026-08-03,11161,750,8203,9
B06345,L06345,P043,2026-08-19,17350,1000,12419,3
B06346,L06346,P143,2026-08-09,11321,1000,7217,3
B06360,L06360,P072,2026-08-12,15006,500,10331,9
B06365,L06365,P121,2026-08-24,21858,2000,16580,12
B06367,L06367,P100,2026-08-02,17109,1500,11686,3
B06378,L06378,P041,2026-08-04,16025,250,13071,9
B06379,L06379,P032,2026-07-31,18325,0,16505,6
B06382,L06382,P132,2026-07-28,19201,250,16452,9
B06383,L06383,P079,2026-08-23,7000,500,4157,12
B06396,L06396,P116,2026-08-23,18121,500,13576,12
B06400,L06400,P121,2026-08-27,21858,500,18002,9
B06406,L06406,P026,2026-08-18,9214,500,6642,3
B06419,L06419,P048,2026-08-27,19736,500,16427,3
B06423,L06423,P125,2026-08-21,13109,2000,9283,9
B06433,L06433,P073,2026-08-07,19821,750,15207,9
B06435,L06435,P051,2026-08-04,16692,0,14708,12
B06446,L06446,P111,2026-08-17,12107,500,8843,6
B06449,L06449,P071,2026-08-17,18475,250,15102,12
B06451,L06451,P011,2026-08-10,15510,1500,12137,9
B06459,L06459,P033,2026-08-24,17728,500,14043,3
B06461,L06461,P078,2026-08-25,13010,750,10268,12
B06475,L06475,P012,2026-08-19,16073,1000,13252,3
B06482,L06482,P094,2026-08-02,13343,2000,7646,3
B06484,L06484,P118,2026-07-30,7000,0,4812,9
B06491,L06491,P125,2026-08-13,13109,0,10316,12
B06494,L06494,P133,2026-08-04,21979,1000,17555,6
B06500,L06500,P077,2026-08-06,10514,250,6589,6
B06508,L06508,P036,2026-08-03,14825,2000,9874,9
B06510,L06510,P138,2026-08-20,17123,2000,12523,12
B06513,L06513,P053,2026-08-15,18751,1500,13350,6
B06517,L06517,P100,2026-08-14,17109,250,13468,12
B06518,L06518,P057,2026-08-06,17123,250,14532,3
B06525,L06525,P086,2026-08-07,9572,750,6566,6
B06528,L06528,P004,2026-08-08,23498,0,19927,6
B06532,L06532,P084,2026-07-30,15727,1000,12070,3
B06549,L06549,P109,2026-08-06,21546,500,17240,6
B06555,L06555,P008,2026-07-28,17274,1000,13186,3
B06556,L06556,P030,2026-08-04,14985,2000,8954,12
B06559,L06559,P091,2026-08-12,13813,2000,8458,12
B06596,L06596,P034,2026-08-16,14377,1500,9803,9
B06603,L06603,P117,2026-08-27,18792,500,16263,6
B06605,L06605,P049,2026-08-10,24116,2000,20105,3
B06609,L06609,P077,2026-08-09,10514,0,7205,3
B06613,L06613,P150,2026-08-21,16965,750,13386,9
B06616,L06616,P053,2026-07-29,18751,2000,13376,9
B06623,L06623,P124,2026-08-10,20110,1000,15852,9
B06630,L06630,P107,2026-08-21,16981,250,13121,12
B06633,L06633,P022,2026-08-09,9811,2000,4137,12
B06654,L06654,P089,2026-07-29,13807,750,10944,3
B06657,L06657,P051,2026-08-15,16692,500,13552,12
B06683,L06683,P076,2026-08-05,12508,750,7883,3
B06694,L06694,P015,2026-08-19,13533,750,8845,6
B06699,L06699,P065,2026-08-15,24872,1500,21284,3
B06700,L06700,P080,2026-08-20,15583,0,13014,9
B06702,L06702,P150,2026-08-18,16965,1500,12065,12
B06713,L06713,P030,2026-08-25,14985,1000,10226,6
B06719,L06719,P061,2026-08-05,11161,0,8039,9
B06724,L06724,P110,2026-08-27,11789,1000,8013,6
B06725,L06725,P012,2026-08-06,16073,750,12649,3
B06726,L06726,P020,2026-08-18,12900,500,8563,6
B06731,L06731,P033,2026-08-26,17728,0,15327,9
B06741,L06741,P136,2026-08-08,19286,1000,14280,6
B06748,L06748,P038,2026-08-04,26317,0,24072,9
B06756,L06756,P098,2026-08-03,21833,1000,16773,9
B06759,L06759,P042,2026-08-21,13832,750,8971,9
B06760,L06760,P003,2026-08-02,12507,500,8196,9
B06763,L06763,P074,2026-08-08,22374,750,19691,6
B06765,L06765,P127,2026-08-01,23836,1000,19323,12
B06772,L06772,P062,2026-07-30,14779,0,12611,3
B06774,L06774,P007,2026-08-22,19689,750,15657,6
B06778,L06778,P078,2026-08-18,13010,500,10521,9
B06779,L06779,P093,2026-08-04,21871,750,19201,3
B06785,L06785,P058,2026-08-16,13455,750,8617,6
B06789,L06789,P074,2026-08-18,22374,250,20090,6
B06797,L06797,P145,2026-08-05,14789,0,11047,9
B06798,L06798,P087,2026-08-07,20280,1000,15486,12
B06815,L06815,P001,2026-08-23,13157,500,9349,6
B06820,L06820,P141,2026-08-07,16432,0,14004,3
B06826,L06826,P104,2026-08-23,8067,750,3830,3
B06827,L06827,P083,2026-08-05,15271,500,12664,6
B06831,L06831,P076,2026-07-31,12508,750,9471,6
B06841,L06841,P022,2026-08-14,9811,1000,5298,6
B06846,L06846,P057,2026-08-08,17123,2000,11538,6
B06847,L06847,P034,2026-08-25,14377,0,11237,9
B06851,L06851,P025,2026-08-03,16893,500,14292,3
B06852,L06852,P115,2026-08-05,14890,250,10605,3
B06854,L06854,P118,2026-08-08,7000,1500,2015,3
B06859,L06859,P063,2026-08-22,27417,1500,23647,9
B06860,L06860,P051,2026-08-24,16692,1000,11794,12
B06868,L06868,P140,2026-08-18,18612,750,13966,9
B06870,L06870,P150,2026-08-19,16965,1500,12971,9
B06873,L06873,P081,2026-08-07,27412,750,22923,3
B06877,L06877,P098,2026-08-02,21833,750,18805,12
B06879,L06879,P112,2026-08-25,7000,500,2822,3
B06892,L06892,P036,2026-08-01,14825,1500,10488,3
B06901,L06901,P048,2026-08-04,19736,750,16262,12
B06908,L06908,P033,2026-08-24,17728,1000,14266,3
B06910,L06910,P124,2026-08-21,20110,750,15593,3
B06917,L06917,P118,2026-08-17,7000,2000,1005,12
B06934,L06934,P105,2026-08-12,19224,1000,14658,12
B06949,L06949,P039,2026-07-28,13645,0,9465,12
B06951,L06951,P081,2026-08-19,27412,750,23907,12
B06953,L06953,P110,2026-08-21,11789,250,8304,3
B06962,L06962,P039,2026-08-27,13645,1500,8830,3
B06965,L06965,P110,2026-08-03,11789,250,7950,12
B06966,L06966,P024,2026-08-17,12351,2000,7717,3
B06968,L06968,P040,2026-08-26,9878,1500,5609,12
B06973,L06973,P111,2026-08-24,12107,2000,6792,3
B06982,L06982,P043,2026-08-11,17350,250,14240,3
B06986,L06986,P144,2026-07-29,13013,0,8991,9
B06988,L06988,P009,2026-08-21,12702,2000,7183,6
B06994,L06994,P069,2026-08-14,11324,1000,6497,3
B07011,L07011,P071,2026-08-15,18475,2000,12830,3
B07013,L07013,P117,2026-08-24,18792,250,16588,9
B07021,L07021,P146,2026-08-17,19768,500,17141,6
B07022,L07022,P136,2026-07-31,19286,250,16848,3
B07030,L07030,P018,2026-08-23,17004,0,13961,9
B07033,L07033,P017,2026-08-12,18613,1500,15279,6
B07035,L07035,P075,2026-08-01,9508,0,5576,3
B07042,L07042,P108,2026-08-25,23811,500,19893,9
B07049,L07049,P044,2026-08-11,25547,750,22546,6
B07050,L07050,P023,2026-08-10,12884,2000,7927,12
B07067,L07067,P074,2026-08-17,22374,1500,17344,6
B07068,L07068,P062,2026-08-10,14779,1500,10370,9
B07069,L07069,P117,2026-07-31,18792,750,15535,9
B07074,L07074,P148,2026-08-25,9723,0,7714,12
B07075,L07075,P129,2026-08-26,8152,1500,3079,6
B07076,L07076,P121,2026-07-30,21858,0,18977,6
B07081,L07081,P135,2026-08-06,18975,250,15002,12
B07085,L07085,P005,2026-07-31,19668,500,16121,6
B07086,L07086,P135,2026-08-13,18975,750,15876,6
B07094,L07094,P018,2026-08-24,17004,1000,13546,3
B07096,L07096,P009,2026-08-20,12702,750,10148,6
B07103,L07103,P117,2026-08-08,18792,250,16554,12
B07110,L07110,P029,2026-08-14,23462,250,20851,6
B07112,L07112,P004,2026-08-18,23498,500,19976,6
B07115,L07115,P093,2026-08-23,21871,1000,18656,12
B07123,L07123,P061,2026-08-27,11161,750,8548,6
B07124,L07124,P057,2026-08-07,17123,250,14951,9
B07125,L07125,P006,2026-08-05,12546,500,8955,3
B07131,L07131,P050,2026-08-19,24296,1500,20948,12
B07144,L07144,P150,2026-08-06,16965,1500,11870,6
B07154,L07154,P097,2026-08-05,18646,500,14343,6
B07155,L07155,P110,2026-08-24,11789,500,8431,6
B07157,L07157,P147,2026-08-03,16416,750,13183,6
B07161,L07161,P124,2026-08-19,20110,0,17386,9
B07162,L07162,P110,2026-08-23,11789,1000,6672,9
B07166,L07166,P086,2026-08-10,9572,1000,6542,9
B07191,L07191,P108,2026-08-05,23811,750,19198,6
B07193,L07193,P149,2026-08-13,17441,250,15033,3
B07195,L07195,P045,2026-08-12,15690,250,13193,3
B07196,L07196,P123,2026-08-13,24193,500,19941,6
B07226,L07226,P121,2026-07-29,21858,1500,16264,3
B07232,L07232,P093,2026-08-14,21871,250,19334,12
B07236,L07236,P107,2026-08-04,16981,500,13046,6
B07240,L07240,P029,2026-08-25,23462,250,19944,9
B07242,L07242,P118,2026-08-23,7000,500,4178,9
B07247,L07247,P035,2026-08-04,22765,250,19572,9
B07253,L07253,P023,2026-08-20,12884,1500,8141,6
B07256,L07256,P075,2026-08-02,9508,500,5753,12
B07265,L07265,P077,2026-07-29,10514,2000,5452,3
B07275,L07275,P104,2026-08-12,8067,2000,2898,3
B07281,L07281,P052,2026-07-30,11793,750,8969,9
B07285,L07285,P150,2026-08-16,16965,0,14056,6
B07288,L07288,P034,2026-08-25,14377,1000,10629,3
B07290,L07290,P079,2026-08-08,7000,1000,3719,12
B07291,L07291,P150,2026-08-26,16965,1000,11970,9
B07293,L07293,P039,2026-07-31,13645,1500,8904,9
B07295,L07295,P002,2026-08-07,25943,250,21811,12
B07297,L07297,P004,2026-08-23,23498,0,20052,3
B07304,L07304,P096,2026-08-10,18723,1000,13882,9
B07316,L07316,P008,2026-08-09,17274,750,13477,3
B07317,L07317,P121,2026-08-14,21858,1500,17086,9
B07321,L07321,P069,2026-08-06,11324,500,6957,12
B07326,L07326,P091,2026-08-23,13813,500,9990,12
B07327,L07327,P041,2026-08-06,16025,250,11894,9
B07335,L07335,P092,2026-07-31,11784,0,9619,3
B07337,L07337,P121,2026-08-11,21858,750,17842,9
B07344,L07344,P028,2026-08-01,24947,250,21139,6
B07349,L07349,P052,2026-08-26,11793,750,8934,12
B07351,L07351,P027,2026-08-22,11309,250,7372,9
B07357,L07357,P109,2026-08-24,21546,750,18094,6
B07359,L07359,P074,2026-08-07,22374,2000,17717,12
B07369,L07369,P080,2026-08-07,15583,750,13029,3
B07384,L07384,P086,2026-08-04,9572,1000,4789,3
B07395,L07395,P054,2026-07-28,14040,1500,10631,12
B07397,L07397,P031,2026-08-18,23746,1000,19292,6
B07399,L07399,P123,2026-08-27,24193,500,20841,12
B07400,L07400,P068,2026-08-27,13174,750,10386,3
B07407,L07407,P093,2026-08-02,21871,750,18401,3
B07408,L07408,P043,2026-08-10,17350,1000,14269,9
B07410,L07410,P036,2026-08-07,14825,0,12189,12
B07421,L07421,P052,2026-08-22,11793,1000,7750,9
B07423,L07423,P122,2026-08-04,10154,250,7215,9
B07425,L07425,P082,2026-08-18,26289,250,22759,9
B07427,L07427,P144,2026-07-31,13013,500,10586,3
B07445,L07445,P099,2026-08-04,10487,1000,5572,6
B07453,L07453,P025,2026-08-20,16893,2000,11244,3
B07456,L07456,P121,2026-08-15,21858,0,17991,9
B07463,L07463,P110,2026-08-20,11789,1500,8472,12
B07474,L07474,P009,2026-08-15,12702,1500,7073,9
B07475,L07475,P097,2026-08-15,18646,1500,13995,6
B07479,L07479,P042,2026-08-16,13832,500,10865,3
B07484,L07484,P029,2026-08-22,23462,500,20685,6
B07495,L07495,P006,2026-08-21,12546,1000,9478,6
B07511,L07511,P068,2026-08-13,13174,250,9494,9
B07533,L07533,P148,2026-08-03,9723,1000,5188,12
B07541,L07541,P024,2026-08-16,12351,500,8221,12
B07546,L07546,P095,2026-08-07,7000,2000,2700,3
B07549,L07549,P099,2026-08-03,10487,1000,7392,3
B07554,L07554,P015,2026-08-10,13533,2000,7400,12
B07555,L07555,P132,2026-08-20,19201,0,15769,9
B07559,L07559,P026,2026-08-25,9214,1500,5620,9
B07562,L07562,P010,2026-07-28,17539,500,13128,9
B07578,L07578,P074,2026-07-29,22374,1000,18878,6
B07581,L07581,P022,2026-08-02,9811,1500,5778,3
B07586,L07586,P059,2026-07-31,12859,2000,8035,6
B07588,L07588,P057,2026-08-06,17123,0,14886,12
B07589,L07589,P050,2026-08-09,24296,250,20625,3
B07591,L07591,P047,2026-08-27,25940,0,24017,9
B07602,L07602,P063,2026-08-02,27417,2000,22771,9
B07604,L07604,P019,2026-08-26,10732,250,8127,9
B07606,L07606,P129,2026-08-03,8152,0,4872,12
B07610,L07610,P071,2026-08-08,18475,750,13968,12
B07612,L07612,P069,2026-08-17,11324,0,7306,9
B07624,L07624,P117,2026-08-10,18792,250,16206,3
B07628,L07628,P046,2026-07-29,27157,500,24464,6
B07637,L07637,P047,2026-08-01,25940,500,23242,12
B07642,L07642,P070,2026-07-28,23048,2000,19125,12
B07654,L07654,P007,2026-08-01,19689,2000,14936,9
B07655,L07655,P017,2026-07-31,18613,1000,15526,3
B07658,L07658,P049,2026-08-10,24116,0,21352,3
B07659,L07659,P126,2026-08-09,7726,250,5190,3
B07663,L07663,P132,2026-08-21,19201,1500,15606,3
B07665,L07665,P101,2026-08-20,14308,1500,9889,12
B07669,L07669,P093,2026-08-08,21871,2000,17014,6
B07671,L07671,P142,2026-08-11,22206,500,19073,9
B07673,L07673,P025,2026-08-22,16893,1500,11766,12
B07676,L07676,P011,2026-08-14,15510,0,13320,9
B07684,L07684,P087,2026-08-19,20280,1000,17028,6
B07687,L07687,P002,2026-08-06,25943,250,23277,6
B07692,L07692,P129,2026-08-21,8152,500,5670,6
B07701,L07701,P057,2026-08-25,17123,750,14389,6
B07718,L07718,P145,2026-08-14,14789,2000,10011,12
B07721,L07721,P009,2026-08-27,12702,2000,6771,9
B07728,L07728,P054,2026-08-23,14040,1000,10458,6
B07731,L07731,P113,2026-08-09,18198,500,13944,6
B07732,L07732,P081,2026-08-15,27412,1500,22898,12
B07740,L07740,P001,2026-08-18,13157,250,8930,3
B07749,L07749,P131,2026-07-31,20625,1000,15435,12
B07751,L07751,P096,2026-08-12,18723,750,14943,6
B07757,L07757,P102,2026-08-08,20281,1000,17039,6
B07764,L07764,P129,2026-08-16,8152,500,4068,9
B07765,L07765,P129,2026-08-22,8152,2000,2588,9
B07767,L07767,P043,2026-08-20,17350,2000,11216,6
B07770,L07770,P044,2026-08-18,25547,1000,21464,12
B07773,L07773,P039,2026-08-20,13645,2000,9580,3
B07774,L07774,P088,2026-08-07,10698,500,7553,9
B07781,L07781,P076,2026-08-11,12508,0,9015,12
B07786,L07786,P072,2026-08-14,15006,1500,9492,3
B07787,L07787,P096,2026-08-17,18723,2000,12674,9
B07793,L07793,P054,2026-08-22,14040,2000,7993,9
B07799,L07799,P141,2026-08-15,16432,2000,10562,3
B07801,L07801,P111,2026-08-18,12107,250,9445,12
B07804,L07804,P084,2026-08-20,15727,0,13154,9
B07805,L07805,P095,2026-08-18,7000,2000,2171,6
B07809,L07809,P123,2026-07-29,24193,2000,18288,3
B07816,L07816,P150,2026-08-16,16965,1000,13337,9
B07824,L07824,P087,2026-08-24,20280,500,16824,12
B07825,L07825,P090,2026-08-24,10494,2000,5170,3
B07826,L07826,P094,2026-08-24,13343,1000,9485,3
B07829,L07829,P085,2026-08-03,10322,1500,5663,3
B07838,L07838,P118,2026-07-28,7000,2000,2068,12
B07851,L07851,P016,2026-08-02,20341,750,17225,12
B07852,L07852,P013,2026-08-19,12222,500,9267,6
B07854,L07854,P090,2026-08-23,10494,2000,5820,6
B07879,L07879,P032,2026-08-24,18325,0,14676,12
B07893,L07893,P062,2026-08-21,14779,500,10994,12
B07895,L07895,P020,2026-08-02,12900,2000,7332,12
B07909,L07909,P097,2026-08-16,18646,1000,13902,12
B07916,L07916,P019,2026-08-18,10732,2000,6565,9
B07919,L07919,P065,2026-08-08,24872,750,20735,9
B07925,L07925,P046,2026-08-22,27157,1500,23423,6
B07927,L07927,P054,2026-07-30,14040,1000,9061,9
B07930,L07930,P001,2026-08-13,13157,500,9037,9
B07938,L07938,P117,2026-08-02,18792,1500,13815,6
B07942,L07942,P130,2026-08-03,14864,250,12196,12
B07948,L07948,P031,2026-08-03,23746,750,19638,6
B07949,L07949,P084,2026-08-20,15727,1500,10721,3
B07950,L07950,P142,2026-07-31,22206,1000,19187,3
B07955,L07955,P105,2026-07-30,19224,2000,15070,12
B07965,L07965,P023,2026-08-16,12884,750,9344,12
B07966,L07966,P149,2026-08-24,17441,2000,13379,12
B07969,L07969,P052,2026-08-02,11793,2000,6504,12
B07972,L07972,P013,2026-08-10,12222,250,8664,12
B07975,L07975,P023,2026-08-09,12884,250,9663,9
B07977,L07977,P095,2026-08-21,7000,500,4633,3
B07994,L07994,P023,2026-08-26,12884,0,10032,3
B07998,L07998,P027,2026-08-09,11309,0,8293,3
B08006,L08006,P131,2026-08-03,20625,2000,15544,3
B08011,L08011,P148,2026-08-08,9723,500,5322,9
B08018,L08018,P082,2026-07-28,26289,750,21924,9
B08020,L08020,P031,2026-08-26,23746,1500,18282,12
B08026,L08026,P135,2026-08-24,18975,0,17158,3
B08028,L08028,P107,2026-08-15,16981,750,14393,3
B08031,L08031,P043,2026-08-13,17350,0,15118,6
B08033,L08033,P110,2026-08-10,11789,2000,7798,6
B08036,L08036,P082,2026-08-12,26289,2000,20839,12
B08040,L08040,P069,2026-08-06,11324,1000,7072,6
B08048,L08048,P090,2026-08-23,10494,2000,4850,12
B08050,L08050,P122,2026-07-29,10154,500,6810,6
B08067,L08067,P141,2026-08-07,16432,2000,12594,3
B08078,L08078,P014,2026-07-28,26554,750,23184,3
B08081,L08081,P104,2026-08-08,8067,1000,4200,9
B08089,L08089,P116,2026-08-16,18121,500,15433,9
B08092,L08092,P093,2026-08-01,21871,500,18896,6
B08102,L08102,P041,2026-08-19,16025,2000,11795,3
B08106,L08106,P118,2026-08-03,7000,0,3455,9
B08109,L08109,P098,2026-08-15,21833,2000,17527,9
B08113,L08113,P094,2026-08-01,13343,500,11024,9
B08114,L08114,P035,2026-08-27,22765,2000,17910,12
B08118,L08118,P124,2026-08-01,20110,2000,15310,9
B08123,L08123,P053,2026-08-08,18751,750,14431,6
B08126,L08126,P129,2026-08-01,8152,0,4764,3
B08129,L08129,P110,2026-08-20,11789,0,8638,9
B08148,L08148,P145,2026-07-31,14789,1500,10006,12
B08151,L08151,P057,2026-08-05,17123,1500,12756,9
B08160,L08160,P070,2026-08-19,23048,2000,18897,3
B08163,L08163,P028,2026-08-08,24947,500,20637,3
B08164,L08164,P090,2026-08-20,10494,0,6959,3
B08166,L08166,P002,2026-08-19,25943,2000,20582,9
B08176,L08176,P138,2026-08-25,17123,1500,12092,12
B08180,L08180,P074,2026-08-17,22374,2000,18424,6
B08183,L08183,P139,2026-08-23,22666,2000,17427,9
B08186,L08186,P133,2026-08-16,21979,250,19740,6
B08195,L08195,P144,2026-07-29,13013,500,10492,3
B08196,L08196,P144,2026-08-22,13013,1000,8709,3
B08197,L08197,P130,2026-08-26,14864,500,10360,9
B08200,L08200,P131,2026-08-05,20625,1000,17463,12
B08202,L08202,P084,2026-08-24,15727,1500,10950,9
B08208,L08208,P004,2026-08-12,23498,1000,19564,12
B08209,L08209,P118,2026-08-07,7000,2000,2733,12
B08211,L08211,P048,2026-07-28,19736,1000,15828,3
B08212,L08212,P128,2026-08-10,18268,0,16085,12
B08218,L08218,P149,2026-08-21,17441,1000,12313,6
B08222,L08222,P113,2026-08-26,18198,500,15126,6
B08230,L08230,P114,2026-08-16,15072,500,11243,12
B08234,L08234,P128,2026-08-13,18268,750,14508,3
B08248,L08248,P090,2026-07-28,10494,0,8206,9
B08252,L08252,P079,2026-08-25,7000,500,3902,6
B08266,L08266,P129,2026-08-26,8152,1500,3384,6
B08269,L08269,P100,2026-08-26,17109,500,12523,9
B08276,L08276,P025,2026-08-08,16893,1000,13853,12
B08279,L08279,P150,2026-08-17,16965,1000,14093,6
B08288,L08288,P072,2026-08-21,15006,500,10402,9
B08292,L08292,P082,2026-08-13,26289,500,23254,12
B08294,L08294,P142,2026-08-19,22206,0,20207,6
B08295,L08295,P088,2026-08-08,10698,1000,6606,3
B08296,L08296,P051,2026-08-18,16692,0,12883,12
B08298,L08298,P018,2026-08-27,17004,1000,12571,12
B08302,L08302,P057,2026-07-28,17123,1500,13651,3
B08306,L08306,P004,2026-07-29,23498,500,18905,6
B08311,L08311,P068,2026-08-13,13174,500,10752,6
B08315,L08315,P098,2026-08-03,21833,0,18079,9
B08323,L08323,P039,2026-08-09,13645,250,9634,6
B08324,L08324,P129,2026-08-12,8152,250,5616,6
B08328,L08328,P039,2026-08-23,13645,750,10681,3
B08335,L08335,P113,2026-08-17,18198,250,14485,3
B08341,L08341,P122,2026-08-05,10154,1000,6427,3
B08342,L08342,P033,2026-08-20,17728,250,15568,6
B08344,L08344,P036,2026-08-12,14825,0,12202,6
B08354,L08354,P038,2026-08-04,26317,0,22441,9
B08363,L08363,P043,2026-08-07,17350,2000,13468,3
B08364,L08364,P027,2026-08-17,11309,1000,7642,3
B08382,L08382,P048,2026-08-19,19736,750,16987,9
B08386,L08386,P138,2026-08-22,17123,2000,11600,3
B08402,L08402,P102,2026-08-15,20281,1500,15206,3
B08403,L08403,P098,2026-08-26,21833,2000,17097,3
B08404,L08404,P077,2026-08-21,10514,750,5700,12
B08405,L08405,P107,2026-08-01,16981,500,14582,9
B08406,L08406,P016,2026-07-30,20341,250,17671,6
B08407,L08407,P006,2026-08-05,12546,1000,8037,9
B08408,L08408,P090,2026-08-03,10494,1000,6588,12
B08410,L08410,P043,2026-08-16,17350,1500,12168,3
B08414,L08414,P009,2026-08-23,12702,1000,9032,9
B08417,L08417,P047,2026-08-05,25940,1000,22646,12
B08424,L08424,P006,2026-08-16,12546,250,9448,9
B08429,L08429,P078,2026-07-29,13010,250,9807,6
B08434,L08434,P011,2026-08-23,15510,0,11573,6
B08437,L08437,P030,2026-07-29,14985,250,12477,3
B08438,L08438,P052,2026-08-14,11793,1500,6951,12
B08449,L08449,P101,2026-08-25,14308,1000,10527,9
B08459,L08459,P115,2026-08-04,14890,500,11585,9
B08466,L08466,P076,2026-08-01,12508,500,8702,6
B08477,L08477,P013,2026-07-29,12222,1000,8134,9
B08479,L08479,P129,2026-08-10,8152,500,5704,3
B08491,L08491,P139,2026-07-28,22666,750,17801,9
B08499,L08499,P034,2026-08-04,14377,0,12562,6
B08502,L08502,P004,2026-08-17,23498,1000,19790,6
B08504,L08504,P072,2026-08-19,15006,750,10418,12
B08508,L08508,P006,2026-08-08,12546,1500,7373,3
B08510,L08510,P138,2026-08-15,17123,2000,11630,9
B08515,L08515,P070,2026-08-14,23048,2000,19237,12
B08516,L08516,P144,2026-08-02,13013,250,10792,3
B08517,L08517,P104,2026-07-29,8067,750,4250,3
B08521,L08521,P104,2026-08-16,8067,250,4434,3
B08522,L08522,P116,2026-08-17,18121,250,15632,9
B08530,L08530,P038,2026-08-20,26317,500,23909,12
B08535,L08535,P126,2026-08-04,7726,0,4780,12
B08540,L08540,P097,2026-08-23,18646,500,14798,6
B08541,L08541,P021,2026-08-16,15644,500,12910,6
B08542,L08542,P079,2026-08-22,7000,250,3164,6
B08546,L08546,P008,2026-08-05,17274,0,13968,3
B08564,L08564,P101,2026-08-03,14308,0,10933,6
B08566,L08566,P107,2026-08-13,16981,250,14558,6
B08568,L08568,P087,2026-08-25,20280,2000,15432,12
B08572,L08572,P019,2026-08-18,10732,500,8125,9
B08573,L08573,P139,2026-07-30,22666,1000,18856,9
B08592,L08592,P046,2026-08-02,27157,2000,22763,6
B08594,L08594,P031,2026-07-30,23746,750,21116,9
B08604,L08604,P062,2026-08-27,14779,0,11293,6
B08605,L08605,P100,2026-08-27,17109,2000,12840,9
B08609,L08609,P131,2026-08-06,20625,1000,15658,12
B08612,L08612,P146,2026-08-18,19768,750,14872,12
B08613,L08613,P144,2026-08-08,13013,2000,8235,3
B08616,L08616,P069,2026-08-03,11324,2000,5967,12
B08637,L08637,P062,2026-08-17,14779,2000,9693,12
B08642,L08642,P070,2026-08-23,23048,750,18473,6
B08655,L08655,P092,2026-08-16,11784,1500,6723,6
B08660,L08660,P019,2026-07-31,10732,0,8227,12
B08663,L08663,P138,2026-08-10,17123,250,12939,3
B08677,L08677,P020,2026-08-06,12900,2000,8361,9
B08686,L08686,P007,2026-08-24,19689,250,16055,3
B08692,L08692,P092,2026-08-22,11784,1000,8398,3
B08695,L08695,P090,2026-08-06,10494,1500,6379,9
B08697,L08697,P051,2026-08-18,16692,1000,12642,6
B08699,L08699,P129,2026-08-18,8152,750,4953,6
B08712,L08712,P031,2026-08-21,23746,1000,20258,6
B08714,L08714,P068,2026-08-12,13174,250,9757,9
B08724,L08724,P079,2026-08-19,7000,0,4381,3
B08727,L08727,P105,2026-08-11,19224,1500,14204,12
B08734,L08734,P011,2026-08-09,15510,750,12393,6
B08740,L08740,P066,2026-08-26,23953,0,22016,12
B08742,L08742,P034,2026-08-25,14377,750,11798,3
B08747,L08747,P143,2026-08-01,11321,500,6772,9
B08757,L08757,P089,2026-08-23,13807,1000,9413,3
B08760,L08760,P054,2026-08-14,14040,2000,8270,9
B08762,L08762,P135,2026-08-16,18975,2000,13554,6
B08763,L08763,P059,2026-08-19,12859,0,8816,9
B08765,L08765,P101,2026-08-16,14308,2000,9106,9
B08766,L08766,P011,2026-08-05,15510,1500,11900,3
B08770,L08770,P067,2026-08-26,24928,2000,20998,6
B08771,L08771,P057,2026-08-06,17123,750,14029,3
B08776,L08776,P110,2026-07-31,11789,250,7782,9
B08782,L08782,P041,2026-08-22,16025,750,12561,9
B08783,L08783,P128,2026-08-10,18268,0,16405,6
B08786,L08786,P017,2026-08-11,18613,1000,15046,12
B08792,L08792,P056,2026-08-17,18606,1500,15083,6
B08799,L08799,P082,2026-08-14,26289,1000,21449,3
B08806,L08806,P026,2026-08-10,9214,750,4868,3
B08807,L08807,P052,2026-08-23,11793,0,8235,6
B08810,L08810,P113,2026-08-25,18198,1000,13175,3
B08822,L08822,P131,2026-07-29,20625,1500,16833,6
B08830,L08830,P023,2026-08-02,12884,750,8691,6
B08834,L08834,P063,2026-08-09,27417,750,24783,3
B08839,L08839,P043,2026-08-08,17350,500,12795,6
B08840,L08840,P110,2026-08-23,11789,0,9903,6
B08848,L08848,P002,2026-08-10,25943,1000,21425,6
B08853,L08853,P035,2026-07-29,22765,500,18083,9
B08858,L08858,P096,2026-08-09,18723,0,14962,12
B08868,L08868,P023,2026-08-13,12884,0,9830,12
B08869,L08869,P108,2026-08-06,23811,250,21197,6
B08884,L08884,P147,2026-08-21,16416,750,13131,9
B08885,L08885,P058,2026-08-12,13455,250,9721,6
B08895,L08895,P135,2026-08-15,18975,0,16669,3
B08897,L08897,P047,2026-08-04,25940,2000,21940,6
B08901,L08901,P080,2026-08-16,15583,750,11697,12
B08902,L08902,P148,2026-08-07,9723,1000,5015,3
B08903,L08903,P108,2026-08-16,23811,1000,18618,3
B08904,L08904,P060,2026-08-18,17017,500,14415,9
B08910,L08910,P059,2026-08-07,12859,1000,9213,3
B08915,L08915,P050,2026-08-23,24296,1500,20081,6
B08928,L08928,P146,2026-08-13,19768,1000,16701,3
B08941,L08941,P025,2026-08-19,16893,250,13653,12
B08953,L08953,P061,2026-08-01,11161,0,7545,3
B08957,L08957,P150,2026-08-12,16965,1000,12790,3
B08961,L08961,P140,2026-08-04,18612,500,15155,3
B08964,L08964,P129,2026-08-25,8152,2000,4029,12
B08971,L08971,P009,2026-08-10,12702,500,8445,9
B08980,L08980,P087,2026-08-10,20280,750,15931,3
B08986,L08986,P020,2026-08-09,12900,1000,8750,3
B08993,L08993,P129,2026-08-24,8152,0,5992,3
B08997,L08997,P113,2026-08-09,18198,750,13352,9
B09000,L09000,P028,2026-07-30,24947,750,20624,6
B09002,L09002,P101,2026-08-14,14308,2000,9376,6
B09007,L09007,P065,2026-08-23,24872,0,21395,6
B09014,L09014,P009,2026-08-01,12702,500,8753,9
B09017,L09017,P001,2026-08-09,13157,0,10195,9
B09026,L09026,P123,2026-08-27,24193,0,20143,9
B09041,L09041,P004,2026-08-05,23498,2000,18886,6
B09046,L09046,P009,2026-08-15,12702,1000,9546,12
B09047,L09047,P067,2026-08-23,24928,1000,21885,6
B09049,L09049,P135,2026-08-04,18975,250,16697,9
B09051,L09051,P097,2026-08-22,18646,250,16026,6
B09057,L09057,P032,2026-08-07,18325,750,13485,9
B09065,L09065,P022,2026-08-23,9811,1500,5273,6
B09079,L09079,P133,2026-08-01,21979,750,18160,6
B09084,L09084,P077,2026-08-22,10514,2000,5898,6
B09091,L09091,P033,2026-08-06,17728,0,15271,9
B09092,L09092,P042,2026-08-26,13832,1500,9003,6
B09094,L09094,P027,2026-07-29,11309,2000,7331,6
B09095,L09095,P031,2026-08-10,23746,2000,19625,12
B09109,L09109,P105,2026-08-14,19224,1000,14867,9
B09113,L09113,P110,2026-08-24,11789,0,9745,6
B09114,L09114,P097,2026-08-21,18646,1500,14047,6
B09116,L09116,P129,2026-08-26,8152,2000,4256,6
B09122,L09122,P012,2026-08-25,16073,500,12271,6
B09131,L09131,P148,2026-08-22,9723,1000,6122,12
B09133,L09133,P126,2026-08-06,7726,500,4065,3
B09134,L09134,P100,2026-08-20,17109,750,13303,9
B09140,L09140,P059,2026-08-15,12859,1000,7919,9
B09143,L09143,P145,2026-08-02,14789,250,12670,9
B09147,L09147,P057,2026-08-22,17123,750,12348,3
B09149,L09149,P079,2026-08-21,7000,0,2978,6
B09152,L09152,P072,2026-07-30,15006,750,11570,3
B09162,L09162,P103,2026-08-22,18204,500,13782,6
B09181,L09181,P075,2026-08-20,9508,1500,4064,9
B09190,L09190,P110,2026-08-27,11789,250,9151,3
B09194,L09194,P023,2026-08-23,12884,750,9520,6
B09199,L09199,P022,2026-08-25,9811,750,6259,9
B09201,L09201,P051,2026-08-23,16692,500,13522,6
B09215,L09215,P089,2026-08-15,13807,2000,8967,9
B09232,L09232,P142,2026-08-01,22206,2000,17486,9
B09238,L09238,P084,2026-08-25,15727,0,13583,3
B09258,L09258,P088,2026-08-08,10698,0,8603,3
B09263,L09263,P057,2026-07-30,17123,500,13418,12
B09267,L09267,P065,2026-08-17,24872,0,22860,6
B09269,L09269,P001,2026-08-16,13157,0,10503,6
B09270,L09270,P068,2026-08-13,13174,1000,8527,3
B09271,L09271,P050,2026-08-11,24296,1000,20431,3
B09276,L09276,P065,2026-08-06,24872,1000,21212,12
B09283,L09283,P077,2026-08-16,10514,500,6426,9
B09299,L09299,P063,2026-08-23,27417,2000,21239,6
B09301,L09301,P100,2026-07-28,17109,1000,12085,12
B09326,L09326,P068,2026-08-07,13174,750,10186,9
B09328,L09328,P093,2026-08-04,21871,1000,16856,6
B09330,L09330,P051,2026-07-31,16692,500,13259,9
B09334,L09334,P046,2026-08-22,27157,1500,22554,6
B09341,L09341,P147,2026-08-06,16416,0,14233,3
B09346,L09346,P026,2026-08-23,9214,750,5804,6
B09349,L09349,P036,2026-08-06,14825,0,12542,3
B09360,L09360,P129,2026-08-26,8152,2000,3067,3
B09373,L09373,P061,2026-08-03,11161,500,8516,12
B09375,L09375,P013,2026-08-12,12222,1500,8399,12
B09387,L09387,P115,2026-08-06,14890,1500,10586,12
B09391,L09391,P116,2026-08-08,18121,1500,14600,12
B09405,L09405,P142,2026-08-25,22206,2000,18397,9
B09412,L09412,P121,2026-08-10,21858,2000,16654,9
B09426,L09426,P133,2026-08-09,21979,250,18955,6
B09434,L09434,P129,2026-08-15,8152,1500,2837,3
B09435,L09435,P078,2026-08-10,13010,0,10061,12
B09445,L09445,P084,2026-07-28,15727,1000,12865,12
B09458,L09458,P088,2026-08-16,10698,750,6609,6
B09459,L09459,P019,2026-08-27,10732,500,7494,9
B09460,L09460,P099,2026-08-07,10487,1000,6143,6
B09462,L09462,P112,2026-08-05,7000,1500,2043,6
B09472,L09472,P113,2026-08-05,18198,1500,14110,3
B09476,L09476,P136,2026-08-07,19286,750,14570,3
B09482,L09482,P009,2026-08-16,12702,750,8423,3
B09489,L09489,P064,2026-08-25,12710,750,10025,9
B09491,L09491,P043,2026-08-10,17350,2000,13076,3
B09494,L09494,P126,2026-08-06,7726,0,4946,9
B09497,L09497,P033,2026-08-20,17728,750,12953,12
B09500,L09500,P036,2026-08-01,14825,2000,9220,12
B09503,L09503,P016,2026-08-06,20341,1000,17360,6
B09511,L09511,P117,2026-08-06,18792,1500,14859,12
B09513,L09513,P098,2026-07-29,21833,500,18665,3
B09522,L09522,P040,2026-08-24,9878,750,5846,9
B09527,L09527,P067,2026-08-20,24928,1000,21298,6
B09542,L09542,P045,2026-08-27,15690,1000,10565,3
B09543,L09543,P009,2026-08-04,12702,250,8295,3
B09545,L09545,P065,2026-08-03,24872,250,20446,6
B09548,L09548,P015,2026-08-25,13533,500,9193,12
B09550,L09550,P136,2026-08-17,19286,1000,16383,6
B09564,L09564,P126,2026-07-29,7726,2000,3504,3
B09565,L09565,P150,2026-08-07,16965,2000,11484,12
B09567,L09567,P002,2026-08-10,25943,500,21984,3
B09570,L09570,P038,2026-07-28,26317,2000,22068,3
B09572,L09572,P029,2026-08-13,23462,0,19300,9
B09583,L09583,P145,2026-08-12,14789,250,11575,6
B09592,L09592,P058,2026-08-02,13455,2000,8837,12
B09595,L09595,P045,2026-08-04,15690,500,12938,12
B09598,L09598,P009,2026-08-08,12702,750,9931,6
B09602,L09602,P074,2026-08-01,22374,250,20182,9
B09611,L09611,P139,2026-08-14,22666,500,18769,12
B09619,L09619,P061,2026-08-01,11161,1500,6546,9
B09622,L09622,P132,2026-08-22,19201,0,16433,3
B09629,L09629,P124,2026-07-29,20110,2000,15633,3
B09632,L09632,P013,2026-08-18,12222,2000,7156,12
B09634,L09634,P150,2026-08-10,16965,0,13846,12
B09636,L09636,P024,2026-08-22,12351,0,9094,12
B09648,L09648,P123,2026-08-20,24193,1000,19153,6
B09650,L09650,P010,2026-08-25,17539,0,14901,6
B09656,L09656,P086,2026-08-09,9572,1000,5728,6
B09657,L09657,P001,2026-08-13,13157,750,10093,9
B09671,L09671,P020,2026-08-26,12900,0,10321,6
B09676,L09676,P048,2026-08-02,19736,0,15699,3
B09682,L09682,P107,2026-08-14,16981,750,13267,9
B09688,L09688,P025,2026-08-11,16893,250,14241,3
B09692,L09692,P150,2026-08-07,16965,500,14541,12
B09696,L09696,P139,2026-08-27,22666,0,18548,6
B09698,L09698,P070,2026-08-06,23048,2000,18361,9
B09701,L09701,P033,2026-08-08,17728,0,14001,6
B09702,L09702,P084,2026-08-01,15727,500,11516,9
B09703,L09703,P008,2026-08-15,17274,250,14397,12
B09709,L09709,P043,2026-08-08,17350,1000,14269,3
B09713,L09713,P086,2026-08-11,9572,1500,5060,12
B09716,L09716,P095,2026-08-10,7000,2000,1542,12
B09724,L09724,P147,2026-08-22,16416,500,12210,9
B09728,L09728,P077,2026-07-28,10514,500,6260,3
B09732,L09732,P148,2026-07-28,9723,750,5718,12
B09734,L09734,P047,2026-07-31,25940,1000,22045,3
B09753,L09753,P098,2026-08-06,21833,1500,18051,9
B09761,L09761,P015,2026-08-03,13533,1500,9000,12
B09769,L09769,P120,2026-08-23,9819,1500,6333,3
B09779,L09779,P134,2026-08-19,21593,500,18503,6
B09788,L09788,P094,2026-07-31,13343,2000,7446,12
B09794,L09794,P086,2026-08-19,9572,750,6554,12
B09806,L09806,P089,2026-08-27,13807,750,10168,6
B09811,L09811,P053,2026-08-17,18751,750,15955,9
B09817,L09817,P130,2026-07-31,14864,2000,10157,3
B09828,L09828,P038,2026-08-07,26317,250,23143,12
B09848,L09848,P141,2026-08-18,16432,250,14157,12
B09852,L09852,P117,2026-08-13,18792,500,14588,12
B09869,L09869,P079,2026-08-27,7000,1500,2327,12
B09876,L09876,P013,2026-08-09,12222,2000,6879,9
B09880,L09880,P088,2026-08-13,10698,1500,7306,3
B09885,L09885,P042,2026-08-05,13832,0,11019,9
B09888,L09888,P036,2026-07-28,14825,750,10907,3
B09889,L09889,P103,2026-08-02,18204,1500,12760,12
B09894,L09894,P028,2026-08-19,24947,500,22615,9
B09898,L09898,P043,2026-08-20,17350,250,13789,3
B09900,L09900,P143,2026-08-20,11321,500,7869,12
B09905,L09905,P117,2026-08-22,18792,0,15309,6
B09907,L09907,P072,2026-08-12,15006,250,10984,9
B09913,L09913,P017,2026-08-15,18613,750,14328,12
B09917,L09917,P011,2026-08-27,15510,250,12323,12
B09918,L09918,P106,2026-07-31,24521,2000,19554,3
B09930,L09930,P143,2026-08-15,11321,500,7247,12
B09931,L09931,P127,2026-08-08,23836,250,19666,3
B09935,L09935,P071,2026-08-10,18475,1500,14191,9
B09943,L09943,P051,2026-08-21,16692,750,12707,3
B09945,L09945,P039,2026-07-31,13645,750,10949,9
B09948,L09948,P082,2026-08-22,26289,0,22671,9
B09955,L09955,P014,2026-08-15,26554,750,22869,3
B09960,L09960,P060,2026-08-18,17017,500,14672,12
B09970,L09970,P048,2026-08-22,19736,2000,14947,3
B09993,L09993,P133,2026-08-10,21979,250,18552,6
B09994,L09994,P008,2026-08-13,17274,1000,12833,9
B10006,L10006,P080,2026-08-26,15583,250,11409,12
B10010,L10010,P116,2026-08-06,18121,250,15664,6
B10020,L10020,P037,2026-08-25,17698,0,15017,6
B10021,L10021,P120,2026-08-27,9819,2000,4434,3
B10028,L10028,P006,2026-08-27,12546,500,7972,12
B10032,L10032,P146,2026-08-22,19768,750,15624,12
B10037,L10037,P110,2026-08-03,11789,500,8002,9
B10054,L10054,P043,2026-08-21,17350,250,15269,12
B10055,L10055,P119,2026-07-30,16718,750,11934,9
B10058,L10058,P011,2026-08-05,15510,500,13012,9
B10082,L10082,P099,2026-08-01,10487,1500,5688,9
B10093,L10093,P068,2026-07-28,13174,750,9444,12
B10096,L10096,P040,2026-08-20,9878,0,7474,9
B10097,L10097,P119,2026-08-07,16718,0,12846,12
B10102,L10102,P150,2026-08-01,16965,250,13528,12
B10105,L10105,P088,2026-08-05,10698,2000,6064,3
B10112,L10112,P022,2026-08-08,9811,1500,4878,9
B10116,L10116,P044,2026-08-06,25547,500,21693,12
B10117,L10117,P075,2026-08-02,9508,250,5568,9
B10130,L10130,P121,2026-07-31,21858,1500,18387,12
B10137,L10137,P016,2026-08-12,20341,250,16102,9
B10149,L10149,P141,2026-08-26,16432,1000,11264,9
B10151,L10151,P084,2026-08-04,15727,2000,10884,3
B10161,L10161,P148,2026-08-13,9723,2000,3869,9
B10171,L10171,P099,2026-08-11,10487,2000,5316,12
B10179,L10179,P118,2026-08-26,7000,1000,2859,9
B10192,L10192,P132,2026-08-10,19201,750,14716,9
B10194,L10194,P096,2026-07-28,18723,2000,13064,12
B10203,L10203,P034,2026-08-22,14377,0,11005,9
B10204,L10204,P121,2026-08-23,21858,750,19201,9
B10205,L10205,P102,2026-08-22,20281,250,16417,12
B10210,L10210,P143,2026-08-06,11321,250,8790,12
B10211,L10211,P107,2026-08-26,16981,250,13536,12
B10214,L10214,P105,2026-08-05,19224,500,16442,3
B10215,L10215,P110,2026-08-07,11789,500,8207,3
B10216,L10216,P149,2026-08-25,17441,250,13135,9
B10219,L10219,P047,2026-08-16,25940,1000,22058,3
B10225,L10225,P049,2026-08-13,24116,500,21531,6
B10254,L10254,P039,2026-08-06,13645,1500,8256,12
B10258,L10258,P094,2026-08-26,13343,750,8435,3
B10259,L10259,P076,2026-08-01,12508,500,9804,12
B10263,L10263,P120,2026-08-17,9819,2000,4850,12
B10268,L10268,P060,2026-08-23,17017,1000,12656,6
B10270,L10270,P006,2026-07-30,12546,500,7896,12
B10271,L10271,P044,2026-08-18,25547,500,23179,9
B10281,L10281,P150,2026-08-16,16965,250,13937,3
B10282,L10282,P138,2026-08-20,17123,1000,13989,12
B10291,L10291,P028,2026-08-18,24947,1000,20300,12
B10296,L10296,P051,2026-08-22,16692,1000,13558,12
B10304,L10304,P028,2026-08-19,24947,0,21714,3
B10311,L10311,P103,2026-08-06,18204,500,14249,3
B10316,L10316,P133,2026-07-28,21979,500,19038,6
B10317,L10317,P129,2026-07-31,8152,1500,2468,3
B10331,L10331,P037,2026-07-31,17698,1500,12507,6
B10350,L10350,P096,2026-07-28,18723,0,14948,3
B10351,L10351,P073,2026-08-19,19821,0,16195,3
B10353,L10353,P101,2026-08-08,14308,750,10753,9
B10356,L10356,P123,2026-08-25,24193,500,21302,3
B10370,L10370,P143,2026-08-17,11321,2000,5823,6
B10379,L10379,P126,2026-07-31,7726,0,4107,9
B10383,L10383,P004,2026-07-28,23498,2000,19099,12
B10391,L10391,P036,2026-08-24,14825,1500,9653,12
B10393,L10393,P111,2026-08-15,12107,2000,7990,3
B10405,L10405,P043,2026-08-04,17350,500,13345,6
B10417,L10417,P028,2026-08-11,24947,1500,19385,12
B10423,L10423,P002,2026-08-17,25943,2000,21075,9
B10426,L10426,P098,2026-08-02,21833,250,18981,9
B10430,L10430,P130,2026-08-16,14864,500,11927,3
B10432,L10432,P045,2026-08-27,15690,0,12029,3
B10436,L10436,P045,2026-08-26,15690,750,12112,9
B10445,L10445,P029,2026-08-08,23462,250,19328,9
B10455,L10455,P001,2026-08-23,13157,1500,8781,12
B10460,L10460,P084,2026-07-28,15727,500,12831,3
B10463,L10463,P100,2026-08-17,17109,500,12609,9
B10465,L10465,P088,2026-07-31,10698,500,7370,6
B10466,L10466,P050,2026-08-26,24296,250,20540,9
B10475,L10475,P069,2026-08-04,11324,2000,5576,3
B10476,L10476,P103,2026-08-19,18204,1000,13556,6
B10478,L10478,P024,2026-08-14,12351,500,8253,9
B10482,L10482,P118,2026-08-12,7000,250,4066,3
B10485,L10485,P088,2026-08-18,10698,1000,7357,12
B10489,L10489,P083,2026-08-11,15271,750,10452,6
B10512,L10512,P043,2026-07-30,17350,1000,14395,6
B10513,L10513,P113,2026-08-07,18198,2000,14263,12
B10521,L10521,P134,2026-08-11,21593,1500,17550,12
B10532,L10532,P133,2026-08-25,21979,750,17542,3
B10543,L10543,P001,2026-08-13,13157,250,9816,9
B10544,L10544,P034,2026-08-03,14377,2000,9385,6
B10552,L10552,P140,2026-08-12,18612,1000,14927,9
B10553,L10553,P019,2026-08-20,10732,0,7793,9
B10564,L10564,P095,2026-08-09,7000,1500,2082,6
B10572,L10572,P078,2026-08-13,13010,250,10049,9
B10577,L10577,P110,2026-08-10,11789,2000,6635,3
B10584,L10584,P017,2026-07-28,18613,0,15894,9
B10586,L10586,P075,2026-08-25,9508,1500,5562,3
B10591,L10591,P081,2026-08-17,27412,250,23371,6
B10597,L10597,P070,2026-08-27,23048,250,20917,3
B10617,L10617,P149,2026-08-04,17441,500,14962,3
B10618,L10618,P043,2026-08-14,17350,500,14576,12
B10620,L10620,P015,2026-08-11,13533,0,11301,9
B10621,L10621,P073,2026-08-01,19821,2000,15952,6
B10623,L10623,P141,2026-08-13,16432,0,12388,6
B10630,L10630,P022,2026-08-19,9811,250,5485,6
B10631,L10631,P061,2026-08-08,11161,1000,6211,3
B10632,L10632,P090,2026-07-30,10494,1500,7068,9
B10641,L10641,P104,2026-08-13,8067,250,5088,9
B10649,L10649,P124,2026-08-12,20110,500,17114,6
B10650,L10650,P132,2026-08-14,19201,500,14648,3
B10651,L10651,P138,2026-08-23,17123,1000,13669,6
B10652,L10652,P109,2026-08-16,21546,750,17030,6
B10653,L10653,P150,2026-08-16,16965,0,14006,12
B10657,L10657,P119,2026-08-04,16718,1500,12395,6
B10670,L10670,P048,2026-08-21,19736,1000,15849,9
B10672,L10672,P004,2026-08-19,23498,500,19834,12
B10674,L10674,P123,2026-08-01,24193,0,20250,6
B10681,L10681,P085,2026-08-06,10322,1500,5977,12
B10684,L10684,P111,2026-08-27,12107,1500,8067,12
B10691,L10691,P033,2026-07-29,17728,750,13867,12
B10698,L10698,P060,2026-08-05,17017,0,15182,3
B10714,L10714,P037,2026-08-21,17698,1000,14508,9
B10721,L10721,P052,2026-08-20,11793,0,7719,12
B10722,L10722,P024,2026-08-22,12351,2000,7935,12
B10725,L10725,P097,2026-07-29,18646,2000,12914,9
B10729,L10729,P148,2026-08-14,9723,2000,5006,6
B10731,L10731,P071,2026-08-18,18475,250,14534,6
B10735,L10735,P073,2026-08-25,19821,1500,14332,9
B10737,L10737,P029,2026-08-09,23462,750,20339,9
B10741,L10741,P015,2026-08-02,13533,1500,8093,6
B10743,L10743,P062,2026-08-16,14779,1500,10963,3
B10745,L10745,P110,2026-08-24,11789,1000,7473,9
B10750,L10750,P114,2026-08-07,15072,0,12648,3
B10755,L10755,P100,2026-08-05,17109,750,13689,6
B10761,L10761,P082,2026-08-09,26289,1000,22259,3
B10767,L10767,P011,2026-08-14,15510,250,13212,9
B10769,L10769,P019,2026-08-13,10732,0,6977,9
B10770,L10770,P061,2026-08-25,11161,250,8507,3
B10772,L10772,P083,2026-08-02,15271,1000,12127,9
B10776,L10776,P070,2026-08-07,23048,500,19239,6
B10778,L10778,P134,2026-08-11,21593,250,18811,12
B10781,L10781,P106,2026-08-13,24521,250,20773,3
B10784,L10784,P068,2026-07-29,13174,1500,9346,12
B10790,L10790,P071,2026-08-18,18475,1500,14555,9
B10807,L10807,P097,2026-08-19,18646,2000,12804,3
B10812,L10812,P042,2026-08-18,13832,1000,9061,6
B10816,L10816,P109,2026-08-24,21546,1000,17980,12
B10821,L10821,P015,2026-08-07,13533,750,9768,3
B10832,L10832,P061,2026-08-24,11161,500,8464,12
B10834,L10834,P146,2026-08-27,19768,250,16922,6
B10847,L10847,P050,2026-08-11,24296,750,19521,9
B10849,L10849,P017,2026-08-03,18613,750,14760,9
B10852,L10852,P070,2026-08-19,23048,1000,19914,12
B10860,L10860,P059,2026-07-29,12859,1500,7536,3
B10863,L10863,P034,2026-08-27,14377,0,11506,9
B10871,L10871,P069,2026-08-09,11324,1500,7329,3
B10880,L10880,P096,2026-07-30,18723,0,16568,12
B10887,L10887,P010,2026-08-21,17539,500,13410,12
B10895,L10895,P024,2026-08-09,12351,0,9963,12
B10899,L10899,P139,2026-08-22,22666,1000,17771,9
B10900,L10900,P111,2026-08-14,12107,0,7937,3
B10901,L10901,P100,2026-08-19,17109,1500,12501,6
B10905,L10905,P012,2026-08-19,16073,1500,11737,9
B10906,L10906,P022,2026-08-21,9811,2000,4130,12
B10911,L10911,P016,2026-08-11,20341,2000,14820,6
B10913,L10913,P094,2026-08-09,13343,500,10123,6
B10915,L10915,P009,2026-08-04,12702,0,10726,3
B10926,L10926,P041,2026-08-27,16025,0,12629,12
B10927,L10927,P142,2026-08-05,22206,1000,17048,3
B10931,L10931,P150,2026-08-18,16965,500,14232,6
B10932,L10932,P022,2026-08-19,9811,1500,4113,9
B10934,L10934,P114,2026-08-27,15072,750,11135,9
B10947,L10947,P097,2026-07-31,18646,1500,15035,12
B10953,L10953,P143,2026-08-01,11321,2000,7474,3
B10955,L10955,P055,2026-08-12,23456,2000,17636,6
B10956,L10956,P060,2026-08-06,17017,750,13542,12
B10974,L10974,P099,2026-08-08,10487,250,8295,3
B10982,L10982,P122,2026-08-13,10154,2000,6105,6
B10985,L10985,P145,2026-08-13,14789,1500,9433,3
B10986,L10986,P126,2026-07-29,7726,2000,3724,9
B10992,L10992,P006,2026-08-10,12546,1000,7980,12
B11001,L11001,P030,2026-08-19,14985,1000,11754,12
B11018,L11018,P080,2026-07-31,15583,1500,11654,6
B11021,L11021,P043,2026-08-24,17350,0,14364,3
B11024,L11024,P081,2026-08-17,27412,250,24079,6
B11025,L11025,P080,2026-08-13,15583,0,13546,12
B11028,L11028,P114,2026-08-14,15072,2000,10935,6
B11036,L11036,P071,2026-08-06,18475,1000,13386,6
B11040,L11040,P033,2026-07-30,17728,750,13958,9
B11042,L11042,P084,2026-08-18,15727,2000,11268,3
B11046,L11046,P008,2026-08-17,17274,1500,13423,12
B11058,L11058,P127,2026-08-25,23836,1000,19709,3
B11066,L11066,P045,2026-08-23,15690,750,11848,9
B11071,L11071,P110,2026-08-18,11789,500,7133,9
B11075,L11075,P034,2026-07-29,14377,1500,9259,3
B11076,L11076,P110,2026-08-20,11789,2000,7921,12
B11101,L11101,P022,2026-08-16,9811,1000,6282,9
B11106,L11106,P148,2026-08-15,9723,500,6204,3
B11110,L11110,P072,2026-08-12,15006,250,12135,6
B11118,L11118,P138,2026-08-23,17123,500,14126,3
B11125,L11125,P123,2026-08-23,24193,250,21743,6
B11132,L11132,P009,2026-08-15,12702,1000,9256,6
B11135,L11135,P108,2026-08-05,23811,250,21236,12
B11137,L11137,P090,2026-08-14,10494,750,7845,12
B11150,L11150,P019,2026-08-05,10732,250,7446,9
B11151,L11151,P054,2026-08-12,14040,1500,9288,9
B11153,L11153,P027,2026-08-04,11309,250,7425,3
B11163,L11163,P046,2026-08-20,27157,1500,22778,9
B11174,L11174,P021,2026-08-18,15644,500,11941,9
B11188,L11188,P036,2026-08-07,14825,0,11941,9
B11191,L11191,P110,2026-08-09,11789,1500,6513,12
B11192,L11192,P138,2026-08-15,17123,2000,13135,3
B11198,L11198,P118,2026-08-05,7000,1500,3001,3
B11204,L11204,P054,2026-08-05,14040,1000,10706,12
B11205,L11205,P049,2026-08-25,24116,1000,20124,9
B11207,L11207,P121,2026-08-14,21858,500,19204,3
B11221,L11221,P007,2026-08-26,19689,750,16377,9
B11235,L11235,P117,2026-08-05,18792,0,16988,3
B11240,L11240,P076,2026-08-07,12508,750,8882,3
B11248,L11248,P062,2026-08-19,14779,500,10576,3
B11249,L11249,P114,2026-08-12,15072,1000,11784,3
B11251,L11251,P057,2026-08-16,17123,1000,14007,9
B11253,L11253,P060,2026-08-08,17017,2000,11298,3
B11257,L11257,P080,2026-08-26,15583,1000,12087,12
B11265,L11265,P050,2026-08-24,24296,2000,19557,3
B11283,L11283,P006,2026-08-22,12546,500,9808,6
B11287,L11287,P054,2026-08-17,14040,250,10504,3
B11290,L11290,P084,2026-08-26,15727,500,13371,3
B11291,L11291,P117,2026-08-16,18792,250,16088,9
B11301,L11301,P129,2026-07-28,8152,1500,2871,6
B11308,L11308,P051,2026-08-02,16692,0,12820,9
B11309,L11309,P017,2026-08-11,18613,250,14903,9
B11313,L11313,P007,2026-07-30,19689,2000,15723,9
B11315,L11315,P129,2026-08-05,8152,0,4828,9
B11320,L11320,P007,2026-08-21,19689,0,16908,3
B11321,L11321,P086,2026-08-08,9572,0,6109,9
B11328,L11328,P144,2026-08-23,13013,1000,8020,12
B11337,L11337,P065,2026-07-31,24872,500,20497,9
B11338,L11338,P022,2026-08-19,9811,250,5511,12
B11346,L11346,P011,2026-08-10,15510,1500,11275,12
B11362,L11362,P148,2026-08-26,9723,750,6828,12
B11363,L11363,P036,2026-08-14,14825,250,10881,3
B11366,L11366,P068,2026-08-21,13174,500,9992,12
B11371,L11371,P015,2026-08-19,13533,500,10626,6
B11375,L11375,P052,2026-08-13,11793,750,7501,9
B11396,L11396,P043,2026-08-25,17350,500,14985,9
B11408,L11408,P077,2026-08-18,10514,1000,6325,9
B11416,L11416,P094,2026-08-20,13343,750,10759,9
B11420,L11420,P024,2026-08-03,12351,0,9588,3
B11426,L11426,P018,2026-08-14,17004,2000,12339,12
B11427,L11427,P107,2026-08-08,16981,750,14217,12
B11429,L11429,P114,2026-08-04,15072,250,12325,3
B11435,L11435,P077,2026-08-11,10514,2000,5021,12
B11436,L11436,P150,2026-08-20,16965,0,13962,6
B11439,L11439,P079,2026-08-19,7000,250,4355,9
B11442,L11442,P034,2026-07-28,14377,250,11718,3
B11446,L11446,P110,2026-07-30,11789,250,8159,9
B11452,L11452,P113,2026-08-12,18198,2000,13597,12
B11474,L11474,P069,2026-08-26,11324,1500,6538,9
B11483,L11483,P122,2026-08-11,10154,750,7279,6
B11486,L11486,P133,2026-08-09,21979,750,17831,3
B11491,L11491,P064,2026-08-24,12710,250,9506,3
B11494,L11494,P139,2026-08-15,22666,750,19688,12
B11496,L11496,P085,2026-07-30,10322,250,7108,3
B11518,L11518,P028,2026-07-28,24947,2000,19365,12
B11523,L11523,P059,2026-08-15,12859,1500,9264,3
B11527,L11527,P015,2026-08-14,13533,750,8769,3
B11549,L11549,P058,2026-08-05,13455,250,10344,12
B11551,L11551,P030,2026-08-27,14985,250,12570,12
B11554,L11554,P100,2026-08-26,17109,500,13983,6
B11561,L11561,P078,2026-08-21,13010,1500,9552,6
B11562,L11562,P043,2026-08-21,17350,500,14324,12
B11565,L11565,P129,2026-08-10,8152,0,5980,9
B11566,L11566,P015,2026-07-30,13533,0,9966,6
B11568,L11568,P140,2026-08-21,18612,250,14668,6
B11572,L11572,P119,2026-08-13,16718,250,14557,3
B11576,L11576,P116,2026-08-18,18121,0,14824,3
B11581,L11581,P024,2026-08-16,12351,2000,8068,3
B11585,L11585,P112,2026-08-21,7000,500,4593,9
B11586,L11586,P017,2026-08-05,18613,0,16321,9
B11591,L11591,P130,2026-08-26,14864,1500,9611,9
B11592,L11592,P084,2026-08-18,15727,250,11992,9
B11596,L11596,P072,2026-08-24,15006,2000,10969,3
B11598,L11598,P092,2026-08-14,11784,250,8726,12
B11599,L11599,P093,2026-08-19,21871,250,18119,3
B11602,L11602,P121,2026-08-22,21858,2000,17751,12
B11606,L11606,P098,2026-08-04,21833,500,17560,12
B11607,L11607,P092,2026-08-19,11784,2000,7518,3
B11609,L11609,P101,2026-08-07,14308,0,11877,6
B11612,L11612,P041,2026-07-29,16025,0,12146,6
B11626,L11626,P109,2026-08-06,21546,0,19656,6
B11629,L11629,P007,2026-08-25,19689,500,17315,12
B11637,L11637,P073,2026-08-12,19821,2000,14375,9
B11651,L11651,P031,2026-08-26,23746,750,19448,12
B11669,L11669,P010,2026-08-19,17539,1000,14485,12
B11670,L11670,P119,2026-08-14,16718,2000,10824,9
B11674,L11674,P004,2026-08-06,23498,750,19534,3
B11687,L11687,P146,2026-08-14,19768,250,17513,9
B11688,L11688,P068,2026-08-25,13174,0,9190,9
B11698,L11698,P036,2026-08-20,14825,250,10842,12
B11706,L11706,P131,2026-07-28,20625,1000,15425,3
B11709,L11709,P141,2026-08-22,16432,750,13474,6
B11710,L11710,P079,2026-07-30,7000,750,3625,9
B11714,L11714,P084,2026-08-18,15727,1000,12641,6
B11717,L11717,P031,2026-08-05,23746,0,20384,9
B11718,L11718,P045,2026-08-24,15690,750,11438,3
B11719,L11719,P020,2026-08-20,12900,2000,7008,12
B11720,L11720,P127,2026-08-01,23836,1000,18989,3
B11722,L11722,P030,2026-08-10,14985,500,12456,9
B11725,L11725,P120,2026-08-07,9819,750,6783,12
B11726,L11726,P057,2026-08-03,17123,0,13904,12
B11731,L11731,P015,2026-08-22,13533,0,9919,6
B11736,L11736,P008,2026-07-28,17274,500,14576,3
B11740,L11740,P037,2026-08-15,17698,250,14138,12
B11743,L11743,P149,2026-08-13,17441,250,13810,6
B11746,L11746,P126,2026-08-13,7726,750,3941,6
B11747,L11747,P129,2026-08-20,8152,0,5593,3
B11755,L11755,P030,2026-08-20,14985,750,10298,3
B11761,L11761,P101,2026-08-17,14308,500,10635,3
B11781,L11781,P143,2026-08-09,11321,2000,5700,9
B11786,L11786,P095,2026-08-25,7000,1000,2574,6
B11791,L11791,P005,2026-08-18,19668,1500,15765,6
B11792,L11792,P129,2026-08-16,8152,500,4521,3
B11794,L11794,P128,2026-08-06,18268,1500,12935,12
B11799,L11799,P061,2026-08-02,11161,0,9130,12
B11803,L11803,P040,2026-07-31,9878,1500,6477,6
B11805,L11805,P121,2026-08-02,21858,1500,18251,12
B11822,L11822,P084,2026-08-04,15727,1500,10915,6
B11823,L11823,P052,2026-08-03,11793,750,7194,9
B11839,L11839,P061,2026-08-15,11161,1500,7651,3
B11845,L11845,P095,2026-08-24,7000,250,2563,9
B11851,L11851,P067,2026-08-19,24928,500,21514,6
B11853,L11853,P141,2026-08-17,16432,2000,10891,6
B11854,L11854,P132,2026-08-22,19201,0,16599,9
B11857,L11857,P125,2026-08-05,13109,1000,8041,9
B11861,L11861,P115,2026-07-31,14890,500,11387,9
B11873,L11873,P120,2026-08-14,9819,2000,4833,3
B11880,L11880,P027,2026-07-31,11309,0,9253,12
B11892,L11892,P110,2026-08-07,11789,500,9163,9
B11899,L11899,P146,2026-08-04,19768,250,16795,12
B11914,L11914,P013,2026-08-12,12222,0,8838,12
B11915,L11915,P071,2026-08-05,18475,2000,13075,12
B11928,L11928,P106,2026-08-21,24521,2000,18713,12
B11929,L11929,P004,2026-08-16,23498,750,18780,9
B11934,L11934,P101,2026-08-01,14308,750,10040,3
B11944,L11944,P117,2026-08-14,18792,1500,13203,3
B11949,L11949,P119,2026-08-05,16718,500,13443,3
B11951,L11951,P049,2026-08-16,24116,750,21364,3
B11954,L11954,P080,2026-08-03,15583,250,12803,3
B11955,L11955,P087,2026-08-15,20280,1000,16635,6
B11958,L11958,P015,2026-08-20,13533,250,10218,9
B11968,L11968,P145,2026-08-17,14789,1500,10228,12
B11977,L11977,P025,2026-08-09,16893,750,14077,12
B11986,L11986,P061,2026-08-26,11161,2000,7189,3
B11995,L11995,P029,2026-08-27,23462,1500,18502,12
B12007,L12007,P030,2026-08-18,14985,2000,10962,12
B12018,L12018,P106,2026-08-10,24521,750,21465,3
B12026,L12026,P077,2026-08-04,10514,0,8009,12
B12032,L12032,P139,2026-08-07,22666,250,20457,9
B12033,L12033,P100,2026-08-01,17109,250,12696,3
B12047,L12047,P138,2026-08-12,17123,2000,11477,12
B12049,L12049,P018,2026-08-09,17004,0,13516,12
B12050,L12050,P013,2026-08-05,12222,750,9382,12
B12062,L12062,P006,2026-08-24,12546,0,8820,3
B12065,L12065,P045,2026-08-07,15690,500,13111,12
B12082,L12082,P020,2026-08-03,12900,500,10221,9
B12092,L12092,P045,2026-08-06,15690,0,11852,6
B12105,L12105,P107,2026-08-02,16981,250,13797,3
B12112,L12112,P134,2026-08-22,21593,1500,16091,3
B12125,L12125,P125,2026-08-14,13109,0,10181,3
B12130,L12130,P062,2026-08-01,14779,2000,8866,12
B12131,L12131,P086,2026-08-21,9572,250,7163,6
B12133,L12133,P097,2026-08-14,18646,2000,12921,3
B12143,L12143,P050,2026-08-17,24296,1500,20887,12
B12150,L12150,P062,2026-08-22,14779,2000,10961,12
B12152,L12152,P031,2026-08-14,23746,0,21126,6
B12160,L12160,P077,2026-08-19,10514,0,7262,3
B12164,L12164,P040,2026-08-19,9878,1000,5288,12
B12169,L12169,P125,2026-08-06,13109,2000,7842,6
B12171,L12171,P110,2026-08-03,11789,1500,6155,9
B12173,L12173,P110,2026-08-09,11789,1000,7624,3
B12179,L12179,P009,2026-07-30,12702,2000,8671,3
B12180,L12180,P117,2026-08-15,18792,1000,15478,9
B12182,L12182,P011,2026-08-12,15510,500,12571,9
B12187,L12187,P011,2026-08-05,15510,750,11079,6
B12199,L12199,P092,2026-08-07,11784,2000,5693,9
B12203,L12203,P118,2026-08-18,7000,0,3182,3
B12206,L12206,P143,2026-08-16,11321,500,7781,6
B12208,L12208,P109,2026-08-02,21546,750,18275,3
B12209,L12209,P062,2026-08-07,14779,1500,10899,3
B12214,L12214,P108,2026-07-29,23811,0,21173,6
B12219,L12219,P135,2026-08-05,18975,2000,14913,3
B12223,L12223,P143,2026-08-23,11321,250,7889,3
B12227,L12227,P022,2026-08-02,9811,750,5050,12
B12240,L12240,P148,2026-08-10,9723,500,6206,9
B12241,L12241,P121,2026-08-13,21858,1000,17571,3
B12243,L12243,P077,2026-08-11,10514,1000,6909,6
B12253,L12253,P051,2026-07-28,16692,750,11868,12
B12269,L12269,P107,2026-08-04,16981,2000,12133,3
B12275,L12275,P148,2026-08-21,9723,500,7015,6
B12285,L12285,P144,2026-07-31,13013,1500,9223,9
B12299,L12299,P089,2026-07-28,13807,1000,10432,9
B12307,L12307,P060,2026-08-24,17017,250,14146,3
B12319,L12319,P066,2026-08-12,23953,750,19728,9
B12326,L12326,P150,2026-08-07,16965,750,12293,12
B12337,L12337,P111,2026-08-02,12107,1000,7617,6
B12343,L12343,P054,2026-08-09,14040,0,10193,3
B12346,L12346,P009,2026-08-04,12702,0,9679,12
B12354,L12354,P095,2026-08-11,7000,500,2912,6
B12359,L12359,P031,2026-08-19,23746,1000,19377,6
B12360,L12360,P121,2026-08-11,21858,0,17899,12
B12363,L12363,P130,2026-08-19,14864,250,11052,6
B12379,L12379,P042,2026-08-09,13832,0,11460,6
B12381,L12381,P134,2026-08-06,21593,250,18504,3
B12382,L12382,P085,2026-08-19,10322,750,5386,12
B12385,L12385,P133,2026-08-12,21979,2000,17461,6
B12389,L12389,P111,2026-08-21,12107,750,7704,12
B12393,L12393,P082,2026-07-31,26289,1000,21113,12
B12397,L12397,P119,2026-08-17,16718,2000,12133,12
B12404,L12404,P065,2026-08-01,24872,750,21936,6
B12423,L12423,P019,2026-08-18,10732,0,8702,6
B12425,L12425,P137,2026-08-26,27265,750,22598,12
B12435,L12435,P115,2026-08-24,14890,500,10752,6
B12437,L12437,P086,2026-08-18,9572,1500,4070,9
B12441,L12441,P149,2026-08-06,17441,500,14804,9
B12450,L12450,P054,2026-08-03,14040,750,10741,12
B12451,L12451,P022,2026-08-13,9811,0,7082,12
B12458,L12458,P023,2026-08-02,12884,2000,6910,9
B12462,L12462,P109,2026-07-31,21546,500,18334,12
B12467,L12467,P011,2026-08-27,15510,250,11978,9
B12468,L12468,P045,2026-08-25,15690,1000,10610,6
B12469,L12469,P148,2026-08-24,9723,2000,3953,6
B12471,L12471,P144,2026-08-03,13013,500,9149,9
B12484,L12484,P068,2026-08-04,13174,1500,7845,9
B12490,L12490,P093,2026-08-25,21871,500,18083,9
B12492,L12492,P078,2026-08-05,13010,250,10732,12
B12497,L12497,P074,2026-08-22,22374,2000,18058,6
B12508,L12508,P091,2026-08-19,13813,1000,10018,6
B12509,L12509,P031,2026-08-20,23746,500,19051,9
B12515,L12515,P125,2026-08-09,13109,2000,8886,12
B12519,L12519,P120,2026-07-28,9819,0,7898,12
B12520,L12520,P024,2026-08-17,12351,250,9985,3
B12524,L12524,P024,2026-08-18,12351,1000,8021,12
B12525,L12525,P022,2026-08-03,9811,750,6693,6
B12527,L12527,P001,2026-08-15,13157,250,10402,3
B12538,L12538,P036,2026-08-10,14825,500,10607,6
B12540,L12540,P074,2026-08-08,22374,2000,16702,3
B12550,L12550,P072,2026-08-19,15006,2000,9593,12
B12560,L12560,P137,2026-08-14,27265,250,24027,6
B12566,L12566,P025,2026-08-06,16893,1000,13885,3
B12577,L12577,P122,2026-08-12,10154,2000,4463,9
B12584,L12584,P127,2026-07-29,23836,250,21731,6
B12587,L12587,P095,2026-08-17,7000,1500,2264,6
B12589,L12589,P094,2026-08-13,13343,2000,7334,3
B12590,L12590,P022,2026-08-04,9811,750,5648,3
B12594,L12594,P051,2026-08-09,16692,1500,11454,12
B12598,L12598,P018,2026-08-02,17004,250,13032,3
B12603,L12603,P150,2026-08-27,16965,750,13543,6
B12604,L12604,P086,2026-08-26,9572,1500,4845,3
B12612,L12612,P112,2026-07-28,7000,1000,2916,6
B12632,L12632,P052,2026-08-22,11793,250,8039,6
B12636,L12636,P074,2026-08-25,22374,1000,18485,12
B12642,L12642,P022,2026-08-13,9811,1000,6686,3
B12643,L12643,P013,2026-08-04,12222,2000,8391,6
B12655,L12655,P071,2026-08-22,18475,1500,14345,9
B12657,L12657,P063,2026-08-16,27417,1000,23947,12
B12665,L12665,P082,2026-08-17,26289,0,22897,6
B12677,L12677,P026,2026-08-25,9214,250,5716,3
B12682,L12682,P048,2026-08-03,19736,1500,16145,3
B12688,L12688,P016,2026-08-22,20341,0,17784,12
B12690,L12690,P025,2026-08-23,16893,1500,12544,6
B12695,L12695,P148,2026-08-22,9723,250,7187,6
B12702,L12702,P083,2026-08-18,15271,500,11584,9
B12708,L12708,P036,2026-08-22,14825,0,11360,3
B12711,L12711,P025,2026-08-09,16893,2000,12493,3
B12713,L12713,P081,2026-08-11,27412,2000,22479,6
B12720,L12720,P109,2026-08-14,21546,0,19422,3
B12722,L12722,P060,2026-08-18,17017,500,12782,3
B12733,L12733,P018,2026-08-21,17004,1000,13428,12
B12736,L12736,P123,2026-08-25,24193,1000,19840,3
B12747,L12747,P018,2026-08-24,17004,1000,12548,3
B12751,L12751,P010,2026-07-28,17539,750,14161,6
B12757,L12757,P141,2026-07-28,16432,1500,12614,9
B12763,L12763,P133,2026-08-21,21979,2000,17739,12
B12770,L12770,P043,2026-08-16,17350,1500,12195,3
B12801,L12801,P101,2026-08-24,14308,0,11593,3
B12806,L12806,P035,2026-08-01,22765,500,18731,12
B12814,L12814,P042,2026-08-06,13832,1000,10246,6
B12827,L12827,P082,2026-07-31,26289,1000,22629,6
B12828,L12828,P129,2026-08-01,8152,250,4759,3
B12829,L12829,P087,2026-08-06,20280,750,15575,9
B12836,L12836,P150,2026-08-23,16965,0,15113,3
B12837,L12837,P106,2026-08-21,24521,1500,20479,9
B12840,L12840,P020,2026-08-13,12900,1000,8274,12
B12847,L12847,P078,2026-08-08,13010,1500,8372,9
B12854,L12854,P030,2026-08-13,14985,2000,9763,6
B12863,L12863,P119,2026-08-15,16718,500,13690,9
B12866,L12866,P097,2026-08-21,18646,2000,14231,9
B12877,L12877,P143,2026-08-07,11321,500,8922,12
B12880,L12880,P100,2026-08-27,17109,2000,11630,3
B12883,L12883,P146,2026-08-05,19768,1500,14171,6
B12884,L12884,P010,2026-08-13,17539,750,14323,9
B12886,L12886,P015,2026-08-12,13533,2000,8609,9
B12890,L12890,P024,2026-08-17,12351,250,8710,3
B12891,L12891,P110,2026-08-18,11789,0,7865,6
B12899,L12899,P092,2026-08-08,11784,0,8064,12
B12912,L12912,P084,2026-07-30,15727,1000,10870,12
B12920,L12920,P099,2026-08-18,10487,1000,7502,3
B12923,L12923,P098,2026-08-25,21833,0,18233,9
B12926,L12926,P031,2026-08-21,23746,2000,19138,3
B12934,L12934,P100,2026-08-16,17109,0,13040,3
B12935,L12935,P123,2026-08-16,24193,0,21667,12
B12943,L12943,P125,2026-07-31,13109,1000,8581,9
B12944,L12944,P042,2026-08-20,13832,0,9942,6
B12946,L12946,P108,2026-08-19,23811,250,21173,6
B12954,L12954,P101,2026-08-15,14308,500,9649,6
B12957,L12957,P090,2026-08-27,10494,1500,5041,9
B12961,L12961,P018,2026-08-13,17004,750,12074,12
B12967,L12967,P146,2026-08-20,19768,0,17371,6
B12983,L12983,P131,2026-08-21,20625,1500,16605,3
B12994,L12994,P148,2026-07-29,9723,1500,4787,3
B13012,L13012,P010,2026-08-18,17539,750,14428,6
B13016,L13016,P139,2026-08-21,22666,1500,17571,3
B13018,L13018,P146,2026-08-02,19768,0,16195,9
B13027,L13027,P045,2026-08-10,15690,250,13132,6
B13028,L13028,P006,2026-08-12,12546,0,9844,9
B13030,L13030,P084,2026-08-25,15727,2000,9643,3
B13041,L13041,P121,2026-08-22,21858,0,19422,3
B13045,L13045,P069,2026-08-27,11324,750,7650,9
B13048,L13048,P118,2026-08-26,7000,1000,2013,6
B13058,L13058,P138,2026-07-31,17123,750,12505,6
B13071,L13071,P079,2026-08-09,7000,1500,1738,3
B13075,L13075,P044,2026-08-25,25547,500,22148,9
B13076,L13076,P135,2026-07-30,18975,2000,13087,9
B13092,L13092,P087,2026-07-28,20280,750,17124,6
B13096,L13096,P059,2026-08-04,12859,0,9114,3
B13099,L13099,P101,2026-08-11,14308,250,11241,6
B13111,L13111,P041,2026-08-18,16025,250,13526,12
B13114,L13114,P023,2026-07-31,12884,1000,9878,6
B13116,L13116,P102,2026-07-30,20281,2000,15588,12
B13117,L13117,P069,2026-08-18,11324,0,8654,12
B13123,L13123,P105,2026-08-16,19224,1500,13701,6
B13127,L13127,P082,2026-08-22,26289,0,22575,9
B13128,L13128,P035,2026-08-16,22765,500,19475,3
B13132,L13132,P147,2026-08-12,16416,2000,12015,3
B13134,L13134,P101,2026-08-08,14308,1500,8978,12
B13137,L13137,P060,2026-08-13,17017,500,13361,12
B13141,L13141,P071,2026-08-26,18475,2000,12813,12
B13150,L13150,P128,2026-08-09,18268,500,14343,12
B13152,L13152,P034,2026-08-19,14377,750,11289,12
B13156,L13156,P107,2026-08-03,16981,0,14628,6
B13158,L13158,P014,2026-08-15,26554,1000,23375,12
B13159,L13159,P085,2026-08-11,10322,500,7254,9
B13161,L13161,P009,2026-08-13,12702,0,9455,6
B13163,L13163,P014,2026-08-24,26554,500,23348,6
B13167,L13167,P007,2026-08-06,19689,1500,15662,3
B13171,L13171,P004,2026-08-14,23498,0,19634,12
B13173,L13173,P018,2026-07-29,17004,750,12352,12
B13174,L13174,P147,2026-08-02,16416,500,14073,12
B13179,L13179,P141,2026-08-08,16432,750,11735,12
B13183,L13183,P114,2026-08-26,15072,0,13054,9
B13206,L13206,P055,2026-08-15,23456,0,20309,9
B13218,L13218,P005,2026-07-30,19668,250,17164,3
B13241,L13241,P095,2026-08-11,7000,1000,3782,12
B13257,L13257,P148,2026-08-08,9723,0,7484,9
B13260,L13260,P032,2026-08-04,18325,2000,13309,12
B13264,L13264,P043,2026-08-02,17350,500,14352,12
B13271,L13271,P106,2026-08-26,24521,750,19738,6
B13272,L13272,P022,2026-08-09,9811,750,5209,3
B13274,L13274,P145,2026-08-14,14789,500,11971,12
B13276,L13276,P066,2026-08-26,23953,0,20640,12
B13279,L13279,P117,2026-08-20,18792,750,15616,12
B13291,L13291,P120,2026-07-31,9819,1500,5944,9
B13303,L13303,P073,2026-08-09,19821,250,17632,6
B13314,L13314,P096,2026-08-11,18723,1500,14113,3
B13320,L13320,P039,2026-08-16,13645,1000,10215,6
B13329,L13329,P020,2026-08-08,12900,2000,7700,6
B13334,L13334,P072,2026-08-20,15006,500,12617,9
B13342,L13342,P137,2026-08-09,27265,0,24197,6
B13345,L13345,P141,2026-08-20,16432,2000,12554,3
B13348,L13348,P091,2026-08-15,13813,0,10051,9
B13351,L13351,P150,2026-08-07,16965,250,12797,3
B13362,L13362,P050,2026-08-26,24296,250,21739,12
B13366,L13366,P117,2026-08-07,18792,500,14103,3
B13367,L13367,P110,2026-08-14,11789,0,9370,12
B13371,L13371,P090,2026-08-16,10494,750,7812,12
B13379,L13379,P140,2026-08-18,18612,250,16267,3
B13380,L13380,P150,2026-08-22,16965,0,13037,3
B13383,L13383,P004,2026-08-17,23498,0,19864,9
B13384,L13384,P029,2026-08-14,23462,0,20340,6
B13386,L13386,P107,2026-08-07,16981,2000,11893,6
B13388,L13388,P023,2026-07-31,12884,500,10295,3
B13397,L13397,P013,2026-08-21,12222,2000,7050,9
B13406,L13406,P150,2026-08-15,16965,1000,12067,9
B13408,L13408,P111,2026-08-04,12107,750,7574,6
B13413,L13413,P045,2026-07-31,15690,250,11810,3
B13414,L13414,P145,2026-08-01,14789,750,10357,12
B13416,L13416,P027,2026-08-04,11309,1500,7317,6
B13417,L13417,P119,2026-08-05,16718,1500,11313,6
B13427,L13427,P111,2026-08-23,12107,1000,8910,3
B13430,L13430,P054,2026-08-22,14040,0,11191,12
B13433,L13433,P043,2026-08-07,17350,1000,12728,6
B13438,L13438,P084,2026-08-18,15727,0,13029,3
B13446,L13446,P149,2026-08-25,17441,1000,12981,9
B13457,L13457,P094,2026-07-28,13343,0,10316,12
B13458,L13458,P080,2026-08-23,15583,750,11919,12
B13462,L13462,P141,2026-08-16,16432,500,11870,9
B13468,L13468,P104,2026-08-22,8067,500,4859,3
B13481,L13481,P043,2026-08-21,17350,750,14442,6
B13487,L13487,P106,2026-08-08,24521,500,20189,3
B13490,L13490,P069,2026-08-15,11324,500,8908,3
B13491,L13491,P027,2026-08-03,11309,2000,5548,12
B13504,L13504,P039,2026-08-19,13645,2000,8740,12
B13506,L13506,P056,2026-08-20,18606,250,15282,12
B13513,L13513,P090,2026-08-02,10494,1000,7110,9
B13516,L13516,P067,2026-08-23,24928,1000,20954,12
B13520,L13520,P141,2026-08-22,16432,0,14552,6
B13521,L13521,P028,2026-07-31,24947,1000,20154,12
B13527,L13527,P149,2026-08-01,17441,500,14676,9
B13528,L13528,P127,2026-08-06,23836,500,20623,6
B13530,L13530,P102,2026-08-19,20281,750,16678,6
B13536,L13536,P133,2026-08-25,21979,250,18768,6
B13539,L13539,P003,2026-08-01,12507,1500,7285,12
B13542,L13542,P001,2026-08-08,13157,250,8769,9
B13555,L13555,P114,2026-08-09,15072,2000,9068,6
B13559,L13559,P092,2026-08-20,11784,2000,6159,12
B13571,L13571,P053,2026-08-21,18751,250,15328,6
B13572,L13572,P074,2026-08-20,22374,1000,18765,6
B13581,L13581,P084,2026-08-26,15727,750,12481,9
B13584,L13584,P031,2026-08-19,23746,0,21828,3
B13586,L13586,P093,2026-08-19,21871,250,18032,9
B13592,L13592,P063,2026-08-27,27417,500,24055,12
B13593,L13593,P120,2026-08-05,9819,250,6414,6
B13595,L13595,P140,2026-08-05,18612,1500,14085,9
B13602,L13602,P111,2026-07-31,12107,2000,7959,3
B13605,L13605,P073,2026-07-31,19821,500,15390,6
B13606,L13606,P028,2026-08-18,24947,1000,19796,12
B13609,L13609,P069,2026-08-17,11324,1000,6984,3
B13612,L13612,P148,2026-08-26,9723,2000,3614,3
B13617,L13617,P071,2026-07-28,18475,1000,14855,3
B13623,L13623,P068,2026-08-10,13174,2000,8709,12
B13626,L13626,P042,2026-08-21,13832,2000,9921,3
B13632,L13632,P029,2026-07-31,23462,2000,19434,9
B13633,L13633,P051,2026-08-08,16692,500,14290,6
B13647,L13647,P016,2026-08-17,20341,750,16782,6
B13665,L13665,P111,2026-08-02,12107,750,7596,12
B13677,L13677,P080,2026-08-09,15583,500,12788,3
B13680,L13680,P072,2026-08-16,15006,500,11895,3
B13681,L13681,P100,2026-08-15,17109,2000,11972,9
B13693,L13693,P050,2026-08-11,24296,250,20908,3
B13694,L13694,P119,2026-08-10,16718,2000,11414,6
B13697,L13697,P031,2026-08-07,23746,750,18938,3
B13701,L13701,P084,2026-08-02,15727,500,12803,3
B13712,L13712,P122,2026-08-03,10154,2000,5632,3
B13718,L13718,P099,2026-08-09,10487,250,7733,12
B13732,L13732,P019,2026-08-21,10732,500,8171,9
B13733,L13733,P029,2026-08-15,23462,250,19796,6
B13742,L13742,P019,2026-08-09,10732,0,8069,6
B13750,L13750,P117,2026-08-21,18792,750,13996,12
B13758,L13758,P128,2026-08-21,18268,250,15807,6
B13760,L13760,P001,2026-08-14,13157,2000,7363,9
B13764,L13764,P047,2026-08-21,25940,1500,20983,6
B13769,L13769,P123,2026-08-11,24193,500,20255,3
B13773,L13773,P129,2026-08-01,8152,500,3696,6
B13775,L13775,P130,2026-08-08,14864,250,11280,3
B13777,L13777,P080,2026-08-11,15583,1500,12001,9
B13793,L13793,P069,2026-08-23,11324,750,7375,6
B13800,L13800,P112,2026-08-25,7000,750,2994,3
B13802,L13802,P014,2026-08-15,26554,1500,21326,12
B13807,L13807,P063,2026-08-21,27417,1500,23421,12
B13810,L13810,P068,2026-08-10,13174,1500,9553,6
B13813,L13813,P140,2026-08-22,18612,1500,15169,12
B13817,L13817,P150,2026-07-30,16965,2000,11727,6
B13818,L13818,P125,2026-08-22,13109,1000,8083,3
B13819,L13819,P049,2026-08-25,24116,750,19642,6
B13832,L13832,P150,2026-08-11,16965,1000,12912,3
B13837,L13837,P100,2026-08-14,17109,750,12184,3
B13840,L13840,P066,2026-08-05,23953,2000,18335,12
B13852,L13852,P001,2026-07-30,13157,1000,9681,3
B13853,L13853,P009,2026-08-07,12702,0,10567,9
B13855,L13855,P110,2026-08-17,11789,500,9128,12
B13870,L13870,P019,2026-08-02,10732,0,7017,3
B13884,L13884,P123,2026-07-29,24193,250,20920,9
B13888,L13888,P095,2026-08-14,7000,500,3009,9
B13903,L13903,P038,2026-08-25,26317,2000,20569,12
B13907,L13907,P096,2026-08-24,18723,500,14108,3
B13912,L13912,P032,2026-08-20,18325,750,15759,3
B13913,L13913,P019,2026-08-06,10732,500,6424,9
B13919,L13919,P117,2026-08-27,18792,2000,14924,9
B13924,L13924,P145,2026-07-28,14789,1000,9717,3
B13933,L13933,P110,2026-08-10,11789,2000,6792,3
B13934,L13934,P059,2026-08-15,12859,2000,8253,3
B13937,L13937,P056,2026-08-18,18606,2000,12565,9
B13938,L13938,P052,2026-08-27,11793,750,7921,6
B13939,L13939,P039,2026-07-29,13645,1500,9484,6
B13940,L13940,P026,2026-08-10,9214,1000,6403,6
B13942,L13942,P120,2026-08-21,9819,500,6693,12
B13943,L13943,P057,2026-08-24,17123,750,13296,6
B13946,L13946,P054,2026-07-31,14040,250,11247,12
B13948,L13948,P051,2026-08-26,16692,0,13421,3
B13950,L13950,P148,2026-07-30,9723,2000,4110,3
B13955,L13955,P111,2026-08-06,12107,500,8929,9
B13956,L13956,P081,2026-08-20,27412,1000,24480,3
B13961,L13961,P045,2026-08-02,15690,1500,12261,9
B13966,L13966,P116,2026-08-02,18121,0,16139,3
B13969,L13969,P065,2026-08-19,24872,500,20327,6
B13988,L13988,P114,2026-08-05,15072,1500,10027,3
B13991,L13991,P061,2026-08-13,11161,250,7163,9
B13992,L13992,P117,2026-08-09,18792,500,15876,3
B13995,L13995,P011,2026-08-27,15510,1500,10469,6
B14003,L14003,P094,2026-08-23,13343,1500,9386,3
B14016,L14016,P094,2026-08-21,13343,1500,8977,12
B14020,L14020,P099,2026-08-13,10487,250,7883,12
B14021,L14021,P022,2026-08-13,9811,2000,4227,9
B14030,L14030,P005,2026-08-03,19668,0,17855,6
B14031,L14031,P077,2026-08-26,10514,1500,4830,12
B14042,L14042,P080,2026-08-26,15583,1000,12146,12
B14045,L14045,P138,2026-08-14,17123,0,13510,6
B14058,L14058,P105,2026-08-03,19224,250,16560,6
B14062,L14062,P065,2026-08-12,24872,500,22472,9
B14078,L14078,P100,2026-08-01,17109,1000,12501,3
B14093,L14093,P067,2026-08-26,24928,1000,21124,12
B14109,L14109,P026,2026-08-17,9214,1500,3970,6
B14110,L14110,P131,2026-08-15,20625,1500,16221,6
B14113,L14113,P129,2026-08-13,8152,500,4589,6
B14134,L14134,P022,2026-08-18,9811,500,6642,9
B14138,L14138,P064,2026-08-08,12710,1000,8874,12
B14146,L14146,P017,2026-08-04,18613,250,16027,9
B14150,L14150,P048,2026-07-31,19736,500,15527,3
B14156,L14156,P003,2026-08-10,12507,0,8821,12
B14161,L14161,P056,2026-08-02,18606,0,15841,12
B14162,L14162,P035,2026-08-23,22765,2000,17208,3
B14169,L14169,P052,2026-08-01,11793,0,9724,3
B14175,L14175,P068,2026-08-05,13174,750,10468,3
B14181,L14181,P138,2026-08-06,17123,0,13200,9
B14190,L14190,P043,2026-08-01,17350,750,14374,6
B14193,L14193,P083,2026-07-28,15271,750,11198,3
B14194,L14194,P061,2026-07-30,11161,500,8202,6
B14199,L14199,P052,2026-07-29,11793,750,7441,6
B14205,L14205,P057,2026-08-16,17123,0,14539,6
B14209,L14209,P002,2026-08-25,25943,1000,22395,9
B14219,L14219,P081,2026-08-04,27412,2000,22873,6
B14244,L14244,P017,2026-08-02,18613,750,15910,3
B14246,L14246,P118,2026-08-18,7000,1500,1796,3
B14248,L14248,P137,2026-08-19,27265,250,24360,6
B14249,L14249,P021,2026-08-03,15644,250,11559,3
B14252,L14252,P037,2026-08-27,17698,0,15881,6
B14259,L14259,P029,2026-08-17,23462,1000,18437,3
B14262,L14262,P143,2026-08-06,11321,0,8056,12
B14265,L14265,P003,2026-08-18,12507,750,7801,12
B14268,L14268,P031,2026-07-31,23746,2000,19510,12
B14273,L14273,P032,2026-07-28,18325,0,15949,9
B14274,L14274,P039,2026-08-25,13645,1500,7960,9
B14280,L14280,P116,2026-08-27,18121,250,14360,9
B14282,L14282,P099,2026-08-06,10487,250,6097,9
B14284,L14284,P076,2026-08-06,12508,0,10618,9
B14290,L14290,P022,2026-08-17,9811,250,6170,12
B14292,L14292,P046,2026-08-18,27157,2000,21524,12
B14293,L14293,P109,2026-08-06,21546,1000,18522,12
B14325,L14325,P071,2026-08-27,18475,1500,14915,6
B14326,L14326,P034,2026-08-21,14377,1500,9419,9
B14342,L14342,P112,2026-08-22,7000,1500,1826,3
B14362,L14362,P076,2026-08-13,12508,500,9979,3
B14369,L14369,P119,2026-07-30,16718,2000,10714,3
B14373,L14373,P076,2026-08-22,12508,2000,6336,9
B14375,L14375,P068,2026-08-25,13174,250,10689,9
B14390,L14390,P082,2026-08-21,26289,1500,21807,12
B14402,L14402,P085,2026-08-20,10322,2000,5910,6
B14409,L14409,P020,2026-07-28,12900,250,9214,6
B14422,L14422,P147,2026-07-31,16416,2000,12296,6
B14431,L14431,P131,2026-08-22,20625,750,17198,12
B14437,L14437,P121,2026-08-18,21858,500,18547,3
B14442,L14442,P109,2026-07-31,21546,750,18297,6
B14443,L14443,P119,2026-08-08,16718,1500,11780,12
B14446,L14446,P034,2026-08-03,14377,0,12242,6
B14452,L14452,P086,2026-07-28,9572,2000,4292,12
B14463,L14463,P051,2026-08-18,16692,0,14889,3
B14469,L14469,P078,2026-08-10,13010,500,9493,3
B14475,L14475,P119,2026-08-15,16718,250,14278,3
B14494,L14494,P027,2026-08-20,11309,250,8281,6
B14508,L14508,P069,2026-08-23,11324,750,7220,12
B14509,L14509,P140,2026-08-27,18612,750,13831,12
B14511,L14511,P010,2026-08-15,17539,1500,12232,6
B14513,L14513,P032,2026-08-20,18325,1500,12677,6
B14514,L14514,P116,2026-08-06,18121,1500,13571,12
B14515,L14515,P076,2026-08-06,12508,1500,7962,3
B14532,L14532,P023,2026-08-25,12884,1500,7908,6
B14533,L14533,P014,2026-08-19,26554,500,23625,6
B14535,L14535,P018,2026-08-26,17004,500,13438,9
B14538,L14538,P148,2026-07-31,9723,500,7210,6
B14540,L14540,P031,2026-08-10,23746,750,19798,9
B14541,L14541,P127,2026-08-25,23836,1000,21018,12
B14555,L14555,P139,2026-08-23,22666,250,19245,9
B14565,L14565,P141,2026-08-27,16432,250,13752,3
B14566,L14566,P094,2026-08-24,13343,1500,9891,12
B14568,L14568,P058,2026-08-08,13455,1000,9934,9
B14571,L14571,P036,2026-08-04,14825,1000,10243,12
B14573,L14573,P074,2026-07-30,22374,2000,16652,12
B14586,L14586,P125,2026-08-04,13109,0,10729,12
B14593,L14593,P078,2026-08-15,13010,750,8746,9
B14596,L14596,P010,2026-08-18,17539,0,15008,6
B14601,L14601,P121,2026-08-02,21858,500,18603,6
B14602,L14602,P103,2026-08-04,18204,250,15941,12
B14614,L14614,P023,2026-08-04,12884,1500,9469,12
B14616,L14616,P123,2026-08-26,24193,1500,18748,3
B14624,L14624,P110,2026-08-10,11789,250,7477,6
B14626,L14626,P125,2026-08-09,13109,0,9425,9
B14632,L14632,P135,2026-08-21,18975,1500,14032,6
B14633,L14633,P064,2026-08-11,12710,500,9215,9
B14641,L14641,P022,2026-08-22,9811,2000,5939,9
B14642,L14642,P031,2026-08-25,23746,1000,19940,9
B14644,L14644,P014,2026-08-19,26554,250,23512,3
B14645,L14645,P150,2026-08-23,16965,250,13474,9
B14646,L14646,P092,2026-07-30,11784,2000,6872,12
B14653,L14653,P107,2026-08-15,16981,250,13014,3
B14657,L14657,P053,2026-08-21,18751,500,14567,6
B14664,L14664,P141,2026-08-22,16432,1000,12183,6
B14668,L14668,P026,2026-08-04,9214,2000,4763,3
B14672,L14672,P116,2026-08-15,18121,500,15255,6
B14678,L14678,P012,2026-08-26,16073,1500,11036,12
B14685,L14685,P074,2026-08-27,22374,250,19089,6
B14687,L14687,P068,2026-08-07,13174,2000,8706,3
B14701,L14701,P063,2026-07-29,27417,2000,21386,9
B14710,L14710,P011,2026-08-06,15510,1000,10353,12
B14714,L14714,P098,2026-08-10,21833,2000,16092,6
B14730,L14730,P033,2026-08-13,17728,750,14281,9
B14741,L14741,P058,2026-08-25,13455,1000,9023,6
B14744,L14744,P143,2026-08-22,11321,1500,6517,6
B14745,L14745,P105,2026-08-19,19224,2000,14685,12
B14756,L14756,P077,2026-08-05,10514,500,6343,12
B14759,L14759,P128,2026-08-17,18268,0,14868,9
B14771,L14771,P091,2026-08-04,13813,750,11090,12
B14786,L14786,P145,2026-08-04,14789,250,12436,3
B14790,L14790,P121,2026-08-07,21858,250,17690,9
B14794,L14794,P103,2026-08-17,18204,0,15329,9
B14795,L14795,P022,2026-08-07,9811,0,6483,6
B14801,L14801,P141,2026-08-16,16432,750,13524,3
B14803,L14803,P041,2026-08-13,16025,1000,11913,3
B14804,L14804,P119,2026-08-21,16718,750,11927,6
B14813,L14813,P041,2026-08-01,16025,2000,10006,3
B14819,L14819,P148,2026-08-09,9723,250,5880,6
B14820,L14820,P043,2026-08-07,17350,1500,13516,9
B14822,L14822,P060,2026-08-04,17017,750,13416,3
B14832,L14832,P079,2026-08-04,7000,2000,3014,6
B14834,L14834,P118,2026-08-16,7000,750,2057,9
B14839,L14839,P087,2026-08-23,20280,0,18385,12
B14846,L14846,P023,2026-08-04,12884,500,9572,9
B14856,L14856,P140,2026-08-25,18612,500,14145,3
B14859,L14859,P074,2026-08-11,22374,0,18728,6
B14863,L14863,P018,2026-07-31,17004,2000,12225,12
B14864,L14864,P118,2026-07-29,7000,250,4131,9
B14871,L14871,P092,2026-08-06,11784,2000,7064,12
B14873,L14873,P049,2026-08-25,24116,500,19853,9
B14876,L14876,P068,2026-07-30,13174,1500,8375,3
B14880,L14880,P053,2026-07-29,18751,500,14279,6
B14881,L14881,P076,2026-08-17,12508,1500,8525,9
B14891,L14891,P077,2026-08-13,10514,1000,6989,6
B14892,L14892,P019,2026-08-12,10732,0,7918,3
B14902,L14902,P148,2026-08-17,9723,500,5498,12
B14903,L14903,P116,2026-08-06,18121,1000,14700,3
B14910,L14910,P111,2026-08-26,12107,1000,7501,3
B14911,L14911,P043,2026-08-12,17350,250,14662,9
B14912,L14912,P102,2026-08-04,20281,1000,15634,6
B14929,L14929,P067,2026-08-01,24928,1000,21600,3
B14936,L14936,P007,2026-08-04,19689,1000,14749,12
B14937,L14937,P128,2026-07-28,18268,1500,12608,3
B14942,L14942,P127,2026-08-01,23836,250,20436,9
B14946,L14946,P092,2026-08-26,11784,1500,6685,12
B14952,L14952,P144,2026-08-02,13013,2000,8882,3
B14954,L14954,P121,2026-07-31,21858,1000,18736,3
B14964,L14964,P132,2026-08-21,19201,1500,14244,9
B14965,L14965,P133,2026-08-06,21979,750,17340,12
B14971,L14971,P066,2026-08-09,23953,250,19989,9
B14997,L14997,P120,2026-08-04,9819,500,6491,9
B15001,L15001,P014,2026-08-21,26554,1000,22184,12
B15004,L15004,P010,2026-08-26,17539,500,13325,9
B15015,L15015,P103,2026-08-06,18204,750,14852,9
B15018,L15018,P009,2026-08-20,12702,0,10571,6
B15019,L15019,P105,2026-08-16,19224,250,15769,6
B15028,L15028,P074,2026-08-24,22374,500,19743,9
B15040,L15040,P114,2026-08-24,15072,1500,9447,3
B15048,L15048,P056,2026-08-03,18606,1500,14078,6
B15050,L15050,P029,2026-08-24,23462,250,21159,3
B15051,L15051,P089,2026-08-20,13807,1500,8704,9
B15059,L15059,P148,2026-08-02,9723,0,7395,9
B15061,L15061,P144,2026-08-13,13013,1000,9785,3
B15066,L15066,P081,2026-07-29,27412,500,23220,9
B15074,L15074,P134,2026-08-26,21593,0,19454,6
B15076,L15076,P061,2026-08-03,11161,1000,8329,12
B15085,L15085,P041,2026-08-10,16025,0,11991,3
B15089,L15089,P020,2026-07-31,12900,500,10510,3
B15092,L15092,P096,2026-08-20,18723,750,15825,3
B15093,L15093,P033,2026-08-06,17728,500,14183,3
B15111,L15111,P050,2026-07-28,24296,500,20808,3
B15114,L15114,P006,2026-08-14,12546,0,8388,9
B15120,L15120,P149,2026-08-01,17441,0,14023,12
B15123,L15123,P092,2026-08-11,11784,1000,8926,3
B15125,L15125,P113,2026-08-13,18198,0,15865,3
B15127,L15127,P055,2026-08-20,23456,250,20993,6
B15137,L15137,P115,2026-07-31,14890,500,11470,9
B15139,L15139,P024,2026-08-09,12351,750,9074,6
B15145,L15145,P066,2026-08-25,23953,0,21966,12
B15161,L15161,P144,2026-07-30,13013,750,9762,6
B15170,L15170,P103,2026-08-11,18204,0,15653,6
B15186,L15186,P070,2026-08-20,23048,750,19288,9
B15190,L15190,P095,2026-08-10,7000,750,3721,9
B15199,L15199,P089,2026-08-21,13807,250,10780,3
B15202,L15202,P128,2026-08-21,18268,250,15773,3
B15207,L15207,P035,2026-07-31,22765,2000,18011,12
B15208,L15208,P033,2026-08-09,17728,1500,12304,9
B15217,L15217,P032,2026-08-02,18325,2000,12181,6
B15221,L15221,P124,2026-08-18,20110,1500,16561,9
B15224,L15224,P074,2026-08-23,22374,250,19958,6
B15232,L15232,P053,2026-08-21,18751,2000,13808,12
B15234,L15234,P135,2026-08-02,18975,1500,13727,9
B15237,L15237,P145,2026-08-22,14789,750,10199,6
B15241,L15241,P020,2026-07-31,12900,750,8831,6
B15249,L15249,P096,2026-08-20,18723,250,14310,9
B15256,L15256,P104,2026-08-11,8067,2000,3260,3
B15263,L15263,P015,2026-08-27,13533,500,9589,3
B15264,L15264,P052,2026-08-10,11793,1000,8983,6
B15267,L15267,P014,2026-07-31,26554,1500,22875,3
B15270,L15270,P049,2026-08-24,24116,750,20201,6
B15271,L15271,P129,2026-08-17,8152,1000,5263,12
B15273,L15273,P021,2026-08-08,15644,0,13557,9
B15274,L15274,P113,2026-07-31,18198,1000,13095,6
B15277,L15277,P082,2026-08-05,26289,500,23394,3
B15282,L15282,P014,2026-08-06,26554,500,23582,3
B15285,L15285,P033,2026-07-31,17728,0,15460,3
B15289,L15289,P005,2026-08-10,19668,2000,15161,6
B15296,L15296,P049,2026-08-21,24116,500,19919,12
B15301,L15301,P087,2026-08-24,20280,250,17002,9
B15305,L15305,P041,2026-08-15,16025,500,12718,6
B15312,L15312,P054,2026-07-30,14040,750,11421,9
B15314,L15314,P046,2026-08-27,27157,2000,22399,12
B15320,L15320,P145,2026-08-24,14789,2000,10867,9
B15322,L15322,P120,2026-07-31,9819,1500,6060,9
B15328,L15328,P017,2026-08-14,18613,0,14716,12
B15329,L15329,P049,2026-08-23,24116,1500,19846,9
B15337,L15337,P081,2026-08-11,27412,1500,21881,3
B15339,L15339,P094,2026-08-08,13343,1500,9561,9
B15343,L15343,P054,2026-08-18,14040,500,9517,6
B15347,L15347,P024,2026-07-31,12351,0,8547,6
B15349,L15349,P106,2026-08-25,24521,1500,19158,6
B15350,L15350,P024,2026-08-14,12351,1000,7313,9
B15359,L15359,P147,2026-08-25,16416,500,12492,9
B15367,L15367,P120,2026-08-21,9819,1000,6326,12
B15368,L15368,P027,2026-08-11,11309,1000,6707,6
B15398,L15398,P031,2026-08-14,23746,2000,18787,6
B15403,L15403,P144,2026-08-15,13013,500,10100,9
B15418,L15418,P103,2026-08-12,18204,250,16049,6
B15421,L15421,P125,2026-08-03,13109,500,10306,3
B15423,L15423,P095,2026-08-15,7000,1000,2590,6
B15427,L15427,P050,2026-08-27,24296,500,20513,12
B15428,L15428,P145,2026-08-12,14789,2000,9776,9
B15431,L15431,P042,2026-08-18,13832,2000,8150,6
B15446,L15446,P087,2026-08-16,20280,750,15610,9
B15448,L15448,P118,2026-08-03,7000,500,3407,12
B15449,L15449,P025,2026-08-04,16893,750,12417,3
B15455,L15455,P106,2026-08-18,24521,1000,20873,12
B15470,L15470,P088,2026-07-30,10698,1500,5671,3
B15471,L15471,P060,2026-08-06,17017,250,13439,9
B15479,L15479,P130,2026-08-08,14864,750,11148,12
B15488,L15488,P051,2026-08-03,16692,500,13796,12
B15494,L15494,P135,2026-07-31,18975,0,15169,12
B15497,L15497,P138,2026-07-29,17123,500,14489,12
B15499,L15499,P121,2026-08-20,21858,750,17464,12
B15503,L15503,P039,2026-08-18,13645,0,10601,3
B15507,L15507,P082,2026-08-12,26289,0,23095,9
B15510,L15510,P045,2026-08-26,15690,250,13349,12
B15511,L15511,P109,2026-08-13,21546,1000,16484,9
B15518,L15518,P016,2026-08-09,20341,500,17066,9
B15522,L15522,P031,2026-08-07,23746,1500,18586,12
B15530,L15530,P015,2026-08-01,13533,750,9886,6
B15536,L15536,P059,2026-08-07,12859,500,9281,12
B15541,L15541,P019,2026-08-11,10732,750,6945,9
B15550,L15550,P112,2026-08-27,7000,750,3198,9
B15556,L15556,P031,2026-08-02,23746,250,19865,6
B15560,L15560,P096,2026-08-20,18723,1000,15279,9
B15563,L15563,P141,2026-07-31,16432,750,13691,3
B15567,L15567,P121,2026-08-01,21858,500,18142,6
B15571,L15571,P086,2026-08-16,9572,750,4752,3
B15572,L15572,P099,2026-08-03,10487,750,7676,6
B15583,L15583,P110,2026-08-12,11789,500,8408,9
B15584,L15584,P137,2026-07-31,27265,1500,22684,9
B15601,L15601,P088,2026-08-26,10698,2000,5314,12
B15622,L15622,P031,2026-08-01,23746,0,20983,6
B15635,L15635,P142,2026-08-01,22206,1000,17521,3
B15639,L15639,P033,2026-08-01,17728,750,14418,6
B15640,L15640,P033,2026-08-25,17728,250,15636,6
B15660,L15660,P016,2026-07-29,20341,750,17306,12
B15677,L15677,P078,2026-08-10,13010,1000,9367,9
B15683,L15683,P007,2026-08-23,19689,250,15549,9
B15692,L15692,P003,2026-07-29,12507,750,9582,9
B15701,L15701,P110,2026-08-07,11789,250,9238,9
B15702,L15702,P133,2026-08-09,21979,500,18610,9
B15710,L15710,P139,2026-07-30,22666,2000,16678,6
B15712,L15712,P034,2026-08-06,14377,1000,9871,12
B15714,L15714,P069,2026-08-26,11324,0,8668,9
B15732,L15732,P117,2026-08-11,18792,1500,13784,3
B15736,L15736,P145,2026-08-18,14789,2000,9696,9
B15738,L15738,P036,2026-08-13,14825,500,11488,12
B15743,L15743,P145,2026-08-01,14789,250,11928,6
B15745,L15745,P143,2026-08-22,11321,750,7445,12
B15759,L15759,P027,2026-08-18,11309,250,7801,3
B15761,L15761,P041,2026-08-20,16025,750,12242,6
B15762,L15762,P106,2026-08-19,24521,0,20591,6
B15766,L15766,P065,2026-07-31,24872,750,20940,3
B15778,L15778,P014,2026-08-20,26554,2000,21933,12
B15782,L15782,P044,2026-08-24,25547,0,22131,12
B15783,L15783,P008,2026-08-11,17274,1000,12814,3
B15784,L15784,P090,2026-08-02,10494,1500,6351,6
B15786,L15786,P092,2026-08-09,11784,1000,6641,9
B15789,L15789,P147,2026-08-17,16416,500,12798,3
B15805,L15805,P061,2026-08-23,11161,2000,5924,12
B15809,L15809,P122,2026-08-16,10154,1500,4629,6
B15811,L15811,P019,2026-08-10,10732,1000,6378,9
B15818,L15818,P010,2026-08-25,17539,0,14391,9
B15823,L15823,P037,2026-07-31,17698,250,15017,6
B15836,L15836,P144,2026-08-01,13013,500,8948,6
B15839,L15839,P129,2026-08-07,8152,0,4168,6
B15841,L15841,P089,2026-08-04,13807,500,9949,6
B15843,L15843,P069,2026-08-08,11324,0,9237,9
B15849,L15849,P058,2026-08-08,13455,0,11629,9
B15852,L15852,P141,2026-07-31,16432,500,14100,12
B15853,L15853,P115,2026-08-20,14890,250,10919,6
B15857,L15857,P127,2026-08-15,23836,750,20568,9
B15860,L15860,P029,2026-08-22,23462,0,20714,12
B15864,L15864,P052,2026-08-18,11793,0,8807,6
B15865,L15865,P075,2026-08-20,9508,2000,4361,12
B15867,L15867,P043,2026-08-07,17350,250,15087,9
B15870,L15870,P086,2026-08-03,9572,2000,3529,3
B15879,L15879,P130,2026-08-12,14864,0,11705,9
B15880,L15880,P140,2026-08-05,18612,0,15920,9
B15884,L15884,P062,2026-08-27,14779,500,11197,6
B15893,L15893,P041,2026-08-19,16025,2000,11555,6
B15899,L15899,P113,2026-08-26,18198,750,13847,9
B15900,L15900,P141,2026-08-01,16432,0,13187,9
B15908,L15908,P061,2026-08-13,11161,1000,7286,12
B15920,L15920,P003,2026-08-23,12507,750,8628,6
B15923,L15923,P126,2026-08-22,7726,0,5924,3
B15925,L15925,P059,2026-08-21,12859,250,8522,3
B15928,L15928,P068,2026-08-10,13174,250,10496,9
B15948,L15948,P124,2026-08-03,20110,1000,15114,9
B15955,L15955,P113,2026-08-17,18198,500,14440,3
B15956,L15956,P123,2026-08-22,24193,2000,19880,3
B15964,L15964,P090,2026-08-19,10494,1500,6588,6
B15973,L15973,P122,2026-08-26,10154,250,7624,12
B15990,L15990,P069,2026-08-15,11324,750,7050,12
B15991,L15991,P070,2026-08-16,23048,1500,18178,12
B15992,L15992,P105,2026-07-31,19224,2000,13050,3
B15994,L15994,P076,2026-08-21,12508,0,9063,3
B16012,L16012,P081,2026-08-10,27412,1000,23222,6
B16013,L16013,P028,2026-08-02,24947,250,22102,12
B16031,L16031,P049,2026-08-22,24116,750,19737,3
B16033,L16033,P088,2026-08-04,10698,1000,7061,6
B16038,L16038,P030,2026-08-19,14985,750,11341,9
B16041,L16041,P101,2026-08-19,14308,2000,10504,9
B16050,L16050,P063,2026-08-17,27417,1000,22398,3
B16051,L16051,P038,2026-08-27,26317,750,21539,9
B16071,L16071,P028,2026-08-09,24947,1500,20160,3
B16076,L16076,P066,2026-08-10,23953,1500,18837,12
B16077,L16077,P104,2026-08-04,8067,1500,2846,3
B16083,L16083,P051,2026-08-09,16692,2000,11876,9
B16089,L16089,P020,2026-08-20,12900,500,9128,3
B16105,L16105,P086,2026-08-07,9572,0,5874,3
B16122,L16122,P079,2026-08-24,7000,750,3072,9
B16127,L16127,P094,2026-08-13,13343,250,10441,12
B16131,L16131,P059,2026-08-23,12859,1500,9234,6
B16132,L16132,P009,2026-08-01,12702,1000,8456,6
B16133,L16133,P148,2026-08-03,9723,1000,5214,9
B16136,L16136,P043,2026-08-16,17350,1000,12829,9
B16137,L16137,P006,2026-08-10,12546,750,8814,6
B16144,L16144,P043,2026-08-26,17350,2000,11758,6
B16146,L16146,P018,2026-08-27,17004,2000,10969,9
B16157,L16157,P051,2026-08-27,16692,250,12452,3
B16166,L16166,P146,2026-08-07,19768,0,17045,3
B16168,L16168,P046,2026-08-26,27157,250,25068,12
B16169,L16169,P004,2026-08-06,23498,1500,18255,3
B16171,L16171,P111,2026-08-15,12107,0,9025,6
B16172,L16172,P087,2026-08-12,20280,0,16758,3
B16177,L16177,P013,2026-08-04,12222,250,8138,6
B16199,L16199,P063,2026-07-31,27417,750,22534,6
B16207,L16207,P003,2026-08-09,12507,0,10705,3
B16212,L16212,P073,2026-08-12,19821,0,16981,3
B16213,L16213,P139,2026-07-31,22666,500,19389,12
B16218,L16218,P035,2026-08-12,22765,500,18176,3
B16224,L16224,P023,2026-08-09,12884,500,9372,12
B16233,L16233,P046,2026-08-14,27157,1000,24227,3
B16234,L16234,P125,2026-08-11,13109,750,8319,6
B16235,L16235,P094,2026-08-24,13343,1500,9095,9
B16243,L16243,P088,2026-08-08,10698,500,6258,6
B16246,L16246,P052,2026-08-17,11793,0,9791,6
B16254,L16254,P136,2026-08-20,19286,250,15701,12
B16256,L16256,P028,2026-07-28,24947,1000,20233,3
B16257,L16257,P107,2026-08-12,16981,1000,13702,6
B16260,L16260,P137,2026-08-02,27265,250,22953,9
B16261,L16261,P084,2026-08-10,15727,750,13011,6
B16266,L16266,P042,2026-08-16,13832,250,11447,9
B16268,L16268,P127,2026-08-16,23836,2000,19238,3
B16283,L16283,P011,2026-08-06,15510,1500,11921,3
B16294,L16294,P136,2026-08-02,19286,250,15674,9
B16297,L16297,P142,2026-08-23,22206,1000,18753,12
B16304,L16304,P141,2026-08-26,16432,250,12690,6
B16306,L16306,P001,2026-08-06,13157,500,9750,9
B16318,L16318,P040,2026-08-22,9878,1000,5247,3
B16323,L16323,P103,2026-08-05,18204,0,15754,6
B16325,L16325,P061,2026-08-03,11161,750,7951,6
B16333,L16333,P113,2026-08-22,18198,1000,14285,9
B16339,L16339,P138,2026-08-02,17123,1000,12603,9
B16340,L16340,P124,2026-08-23,20110,750,16929,12
B16341,L16341,P061,2026-07-30,11161,500,7889,9
B16364,L16364,P018,2026-08-21,17004,750,14161,9
B16366,L16366,P127,2026-08-02,23836,2000,18056,3
B16373,L16373,P010,2026-08-03,17539,750,14564,12
B16391,L16391,P057,2026-08-04,17123,1500,13419,6
B16395,L16395,P107,2026-08-26,16981,750,13150,6
B16397,L16397,P143,2026-08-27,11321,2000,5588,9
B16406,L16406,P037,2026-08-15,17698,250,13752,9
B16411,L16411,P024,2026-08-01,12351,1000,7432,3
B16412,L16412,P121,2026-08-19,21858,250,19273,3
B16423,L16423,P018,2026-08-17,17004,500,14597,6
B16427,L16427,P013,2026-08-16,12222,1500,8036,9
B16428,L16428,P103,2026-08-04,18204,2000,12296,3
B16451,L16451,P009,2026-08-22,12702,500,10385,6
B16466,L16466,P001,2026-07-29,13157,1500,9783,9
B16476,L16476,P008,2026-08-09,17274,750,14071,3
B16480,L16480,P020,2026-08-02,12900,0,8789,3
B16482,L16482,P150,2026-08-25,16965,500,14204,3
B16483,L16483,P061,2026-07-29,11161,750,7990,6
B16491,L16491,P137,2026-08-21,27265,2000,22092,12
B16494,L16494,P122,2026-08-06,10154,750,5242,9
B16506,L16506,P009,2026-08-05,12702,250,8747,9
B16507,L16507,P085,2026-08-16,10322,750,6345,6
B16511,L16511,P027,2026-08-26,11309,1000,7922,6
B16517,L16517,P041,2026-07-28,16025,1000,11587,6
B16527,L16527,P102,2026-08-16,20281,500,16422,9
B16534,L16534,P041,2026-08-25,16025,500,13370,6
B16537,L16537,P074,2026-08-24,22374,750,18848,6
B16539,L16539,P073,2026-07-29,19821,1500,14395,12
B16541,L16541,P013,2026-07-30,12222,1000,8916,3
B16549,L16549,P012,2026-08-13,16073,1000,11951,3
B16554,L16554,P120,2026-07-29,9819,2000,4419,12
B16560,L16560,P067,2026-08-19,24928,250,21839,3
B16571,L16571,P075,2026-08-06,9508,1000,5266,6
B16578,L16578,P029,2026-08-08,23462,750,20153,6
B16586,L16586,P070,2026-08-25,23048,750,19168,9
B16589,L16589,P084,2026-08-03,15727,2000,10928,9
B16600,L16600,P035,2026-08-27,22765,0,19991,6
B16612,L16612,P049,2026-08-20,24116,500,20327,6
B16627,L16627,P133,2026-08-16,21979,750,18052,3
B16629,L16629,P023,2026-08-16,12884,250,9845,12
B16631,L16631,P084,2026-08-03,15727,2000,9975,9
B16632,L16632,P064,2026-08-23,12710,1000,9746,3
B16643,L16643,P024,2026-08-16,12351,2000,8142,12
B16649,L16649,P079,2026-08-27,7000,250,3334,3
B16659,L16659,P082,2026-08-06,26289,750,23620,6
B16664,L16664,P094,2026-08-27,13343,1000,9994,12
B16675,L16675,P034,2026-08-04,14377,250,11226,3
B16678,L16678,P078,2026-07-28,13010,0,9445,9
B16695,L16695,P008,2026-08-03,17274,0,13929,6
B16696,L16696,P093,2026-07-30,21871,1000,17296,3
B16697,L16697,P019,2026-08-12,10732,1500,6886,3
B16708,L16708,P041,2026-08-12,16025,1500,11107,6
B16713,L16713,P113,2026-08-21,18198,1500,13198,6
B16715,L16715,P081,2026-08-23,27412,2000,23232,12
B16716,L16716,P125,2026-08-24,13109,0,9007,6
B16721,L16721,P044,2026-08-11,25547,2000,20090,9
B16723,L16723,P016,2026-08-20,20341,2000,15944,6
B16727,L16727,P037,2026-08-04,17698,250,14613,9
B16730,L16730,P139,2026-08-04,22666,750,18043,3
B16731,L16731,P007,2026-08-13,19689,500,16410,3
B16734,L16734,P040,2026-08-12,9878,1000,6094,6
B16742,L16742,P129,2026-08-20,8152,500,5287,6
B16743,L16743,P090,2026-08-25,10494,1500,6143,3
B16748,L16748,P003,2026-08-20,12507,0,10460,12
B16749,L16749,P062,2026-08-16,14779,500,10930,12
B16751,L16751,P117,2026-08-01,18792,0,16420,12
B16753,L16753,P118,2026-08-27,7000,1500,1893,9
B16756,L16756,P084,2026-08-25,15727,1500,11267,6
B16759,L16759,P108,2026-08-08,23811,750,20123,9
B16766,L16766,P122,2026-08-24,10154,1500,6838,12
B16767,L16767,P133,2026-08-19,21979,250,19750,12
B16769,L16769,P127,2026-08-06,23836,250,19490,3
B16784,L16784,P041,2026-08-11,16025,750,11943,6
B16786,L16786,P079,2026-08-17,7000,500,3443,12
B16793,L16793,P092,2026-08-16,11784,0,7737,6
B16797,L16797,P064,2026-08-15,12710,1500,7691,3
B16802,L16802,P020,2026-08-01,12900,1000,9232,9
B16805,L16805,P043,2026-08-17,17350,2000,13397,3
B16811,L16811,P146,2026-08-17,19768,0,16044,3
B16814,L16814,P052,2026-08-27,11793,250,7683,6
B16818,L16818,P048,2026-08-11,19736,0,16992,3
B16824,L16824,P055,2026-08-04,23456,1500,18248,12
B16826,L16826,P002,2026-08-21,25943,250,23762,6
B16830,L16830,P102,2026-08-26,20281,2000,15487,9
B16834,L16834,P027,2026-07-31,11309,1000,8499,9
B16837,L16837,P026,2026-08-18,9214,500,5675,3
B16842,L16842,P006,2026-08-24,12546,2000,8287,12
B16854,L16854,P141,2026-08-09,16432,500,12594,6
B16856,L16856,P124,2026-08-19,20110,2000,16199,9
B16857,L16857,P049,2026-08-23,24116,1500,19637,6
B16858,L16858,P114,2026-08-02,15072,1500,10932,3
B16865,L16865,P134,2026-08-01,21593,1000,17437,3
B16874,L16874,P149,2026-08-14,17441,250,14266,6
B16880,L16880,P115,2026-08-07,14890,1000,10899,3
B16881,L16881,P117,2026-08-01,18792,250,15079,3
B16899,L16899,P088,2026-07-29,10698,750,6692,3
B16909,L16909,P068,2026-08-02,13174,0,9184,12
B16910,L16910,P032,2026-08-22,18325,750,14259,6
B16914,L16914,P114,2026-08-12,15072,750,12278,6
B16916,L16916,P149,2026-08-20,17441,250,14437,6
B16917,L16917,P090,2026-08-24,10494,2000,4549,6
B16919,L16919,P008,2026-08-06,17274,250,13415,3
B16921,L16921,P148,2026-07-30,9723,1000,6214,3
B16923,L16923,P064,2026-08-07,12710,2000,6848,9
B16927,L16927,P061,2026-08-10,11161,2000,5484,6
B16930,L16930,P074,2026-08-16,22374,250,19562,3
B16932,L16932,P074,2026-08-23,22374,1500,17719,12
B16941,L16941,P106,2026-08-14,24521,1500,20704,9
B16943,L16943,P133,2026-08-20,21979,0,18617,12
B16950,L16950,P138,2026-08-23,17123,2000,13027,6
B16954,L16954,P038,2026-08-27,26317,250,23525,9
B16962,L16962,P085,2026-08-04,10322,250,8177,9
B16964,L16964,P110,2026-08-13,11789,750,8016,9
B16966,L16966,P081,2026-08-12,27412,1000,24243,6
B16972,L16972,P024,2026-08-10,12351,1500,6876,9
B16976,L16976,P130,2026-08-21,14864,0,11552,3
B16981,L16981,P122,2026-08-17,10154,1000,5287,9
B16983,L16983,P112,2026-08-10,7000,0,4593,12
B16984,L16984,P052,2026-08-06,11793,1500,6562,12
B16987,L16987,P090,2026-08-20,10494,0,8460,12
B16998,L16998,P072,2026-08-18,15006,1500,10229,6
B16999,L16999,P090,2026-08-01,10494,750,7695,3
B17007,L17007,P110,2026-08-06,11789,1500,6366,3
B17011,L17011,P001,2026-08-11,13157,1500,7729,3
B17017,L17017,P122,2026-08-27,10154,750,7501,12
B17021,L17021,P076,2026-08-10,12508,1000,8799,9
B17022,L17022,P034,2026-08-25,14377,750,10063,12
B17024,L17024,P020,2026-07-29,12900,1000,8295,9
B17030,L17030,P099,2026-08-21,10487,1000,6501,3
B17032,L17032,P093,2026-08-15,21871,0,19482,6
B17038,L17038,P058,2026-08-04,13455,750,10259,6
B17043,L17043,P071,2026-08-11,18475,250,15606,9
B17049,L17049,P114,2026-08-14,15072,500,11252,9
B17051,L17051,P050,2026-08-08,24296,500,21356,9
B17057,L17057,P020,2026-08-12,12900,0,9365,12
B17058,L17058,P007,2026-08-08,19689,250,17197,9
B17062,L17062,P113,2026-08-24,18198,1000,13275,9
B17065,L17065,P098,2026-08-07,21833,250,18592,9
B17069,L17069,P046,2026-08-25,27157,0,23128,12
B17072,L17072,P139,2026-08-17,22666,1000,19324,6
B17074,L17074,P012,2026-08-11,16073,2000,11951,12
B17086,L17086,P030,2026-08-26,14985,1500,11499,3
B17092,L17092,P135,2026-08-02,18975,0,16248,3
B17096,L17096,P013,2026-08-10,12222,750,9394,3
B17097,L17097,P015,2026-08-22,13533,1000,10517,9
B17103,L17103,P089,2026-08-02,13807,500,10097,9
B17105,L17105,P093,2026-08-23,21871,0,17967,6
B17106,L17106,P045,2026-07-30,15690,1500,12255,6
B17113,L17113,P134,2026-07-31,21593,250,19133,6
B17115,L17115,P069,2026-08-14,11324,2000,5715,12
B17120,L17120,P017,2026-08-18,18613,500,15467,12
B17139,L17139,P103,2026-07-28,18204,0,14254,3
B17151,L17151,P092,2026-08-21,11784,500,7776,12
B17164,L17164,P145,2026-08-25,14789,500,12119,9
B17173,L17173,P024,2026-08-26,12351,500,7876,6
B17175,L17175,P057,2026-08-04,17123,250,14651,12
B17184,L17184,P141,2026-08-18,16432,750,12675,3
B17186,L17186,P086,2026-08-01,9572,1500,4704,3
B17191,L17191,P123,2026-08-21,24193,1000,19226,6
B17197,L17197,P047,2026-08-02,25940,1500,22220,12
B17199,L17199,P033,2026-08-06,17728,2000,13719,12
B17202,L17202,P123,2026-08-04,24193,1500,20568,12
B17206,L17206,P147,2026-08-04,16416,1500,12034,9
B17227,L17227,P025,2026-07-28,16893,750,14148,9
B17230,L17230,P001,2026-08-09,13157,750,10380,12
B17232,L17232,P080,2026-08-21,15583,1000,12254,9
B17235,L17235,P011,2026-08-20,15510,500,11801,12
B17243,L17243,P058,2026-08-20,13455,1000,8374,12
B17248,L17248,P106,2026-08-14,24521,1000,21346,9
B17252,L17252,P077,2026-08-22,10514,2000,5192,6
B17259,L17259,P043,2026-08-21,17350,0,15544,12
B17268,L17268,P116,2026-08-16,18121,500,14062,6
B17273,L17273,P043,2026-08-06,17350,500,13875,3
B17275,L17275,P034,2026-08-05,14377,0,12324,6
B17277,L17277,P077,2026-08-08,10514,0,7300,12
B17282,L17282,P100,2026-08-07,17109,500,13954,3
B17293,L17293,P066,2026-08-21,23953,1500,20606,3
B17301,L17301,P149,2026-07-29,17441,250,13211,9
B17304,L17304,P092,2026-08-04,11784,1000,7957,9
B17311,L17311,P081,2026-08-15,27412,250,24572,3
B17320,L17320,P148,2026-08-11,9723,0,7015,3
B17321,L17321,P109,2026-07-28,21546,0,17562,12
B17338,L17338,P147,2026-08-20,16416,250,14145,9
B17342,L17342,P018,2026-08-21,17004,1500,12703,9
B17346,L17346,P025,2026-07-29,16893,250,14438,6
B17349,L17349,P123,2026-08-08,24193,750,21071,9
B17350,L17350,P142,2026-08-01,22206,0,20075,12
B17351,L17351,P104,2026-08-06,8067,1500,4204,3
B17356,L17356,P045,2026-08-22,15690,500,13344,3
B17369,L17369,P139,2026-08-14,22666,500,20176,3
B17383,L17383,P057,2026-07-31,17123,2000,11061,9
B17384,L17384,P036,2026-08-11,14825,500,11303,3
B17385,L17385,P035,2026-08-07,22765,0,20647,12
B17386,L17386,P107,2026-08-14,16981,500,13675,6
B17389,L17389,P121,2026-08-26,21858,2000,17573,9
B17403,L17403,P029,2026-07-31,23462,2000,17909,12
B17414,L17414,P103,2026-08-16,18204,0,14271,3
B17447,L17447,P075,2026-08-08,9508,1500,5871,6
B17453,L17453,P121,2026-08-14,21858,1500,18136,9
B17454,L17454,P118,2026-08-04,7000,1000,4004,12
B17455,L17455,P020,2026-08-27,12900,0,10845,6
B17464,L17464,P042,2026-08-05,13832,0,10571,6
B17476,L17476,P132,2026-08-23,19201,1500,14804,6
B17479,L17479,P117,2026-08-14,18792,750,14329,3
B17480,L17480,P115,2026-07-30,14890,250,11511,6
B17486,L17486,P148,2026-07-31,9723,0,7145,12
B17499,L17499,P064,2026-08-13,12710,1500,7406,12
B17504,L17504,P041,2026-08-21,16025,2000,11557,9
B17506,L17506,P088,2026-08-19,10698,750,6941,3
B17510,L17510,P140,2026-08-05,18612,250,16335,9
B17517,L17517,P132,2026-08-15,19201,1500,13576,9
B17519,L17519,P084,2026-08-12,15727,1000,12574,6
B17528,L17528,P011,2026-08-10,15510,750,10705,6
B17541,L17541,P114,2026-08-02,15072,750,10366,3
B17543,L17543,P121,2026-08-18,21858,1500,17964,3
B17545,L17545,P126,2026-08-08,7726,1000,3440,6
B17546,L17546,P015,2026-08-11,13533,2000,7951,9
B17547,L17547,P023,2026-07-29,12884,500,9588,12
B17551,L17551,P058,2026-08-18,13455,2000,9324,6
B17557,L17557,P030,2026-08-25,14985,0,11251,9
B17558,L17558,P093,2026-07-30,21871,500,18386,6
B17559,L17559,P120,2026-08-12,9819,0,7438,9
B17574,L17574,P099,2026-07-29,10487,1000,6624,3
B17582,L17582,P088,2026-08-03,10698,1000,7573,3
B17583,L17583,P023,2026-08-11,12884,2000,8650,6
B17584,L17584,P049,2026-07-31,24116,500,20087,6
B17595,L17595,P076,2026-08-18,12508,750,9904,6
B17597,L17597,P102,2026-08-10,20281,1500,16384,6
B17602,L17602,P139,2026-08-03,22666,1500,19344,12
B17610,L17610,P140,2026-07-29,18612,1500,13372,3
B17620,L17620,P126,2026-08-05,7726,750,4855,12
B17623,L17623,P117,2026-07-30,18792,250,15793,3
B17627,L17627,P012,2026-08-11,16073,250,13598,9
B17629,L17629,P147,2026-08-05,16416,2000,12177,6
B17633,L17633,P096,2026-08-18,18723,1500,13927,9
B17642,L17642,P080,2026-08-07,15583,1500,10651,9
B17644,L17644,P126,2026-08-02,7726,500,3438,12
B17653,L17653,P054,2026-07-29,14040,1500,9704,12
B17658,L17658,P127,2026-08-05,23836,0,21330,12
B17659,L17659,P141,2026-08-09,16432,750,11709,12
B17660,L17660,P071,2026-08-08,18475,750,14658,9
B17664,L17664,P090,2026-08-19,10494,1500,6690,9
B17674,L17674,P148,2026-08-22,9723,1000,5341,9
B17678,L17678,P029,2026-07-30,23462,250,19994,6
B17683,L17683,P149,2026-07-31,17441,2000,13421,12
B17687,L17687,P079,2026-08-21,7000,500,3287,9
B17688,L17688,P105,2026-07-29,19224,0,17325,12
B17689,L17689,P078,2026-08-20,13010,0,10931,3
B17691,L17691,P037,2026-08-07,17698,0,13986,6
B17694,L17694,P008,2026-08-04,17274,500,13853,9
B17728,L17728,P087,2026-07-29,20280,250,18192,6
B17729,L17729,P102,2026-08-22,20281,1500,15891,9
B17738,L17738,P142,2026-08-12,22206,250,20009,3
B17753,L17753,P019,2026-07-31,10732,250,8470,3
B17754,L17754,P071,2026-07-31,18475,2000,14325,6
B17759,L17759,P038,2026-08-15,26317,1500,23013,9
B17761,L17761,P137,2026-08-10,27265,500,22851,12
B17768,L17768,P006,2026-08-04,12546,750,9643,12
B17771,L17771,P111,2026-08-16,12107,750,7352,6
B17774,L17774,P150,2026-08-03,16965,250,14865,6
B17779,L17779,P086,2026-08-02,9572,500,5926,9
B17787,L17787,P067,2026-07-29,24928,0,21757,6
B17788,L17788,P061,2026-08-25,11161,750,7337,9
B17793,L17793,P092,2026-07-31,11784,0,9626,3
B17811,L17811,P023,2026-07-28,12884,1000,8096,6
B17818,L17818,P117,2026-08-20,18792,750,15201,6
B17821,L17821,P065,2026-08-20,24872,0,21630,9
B17830,L17830,P014,2026-08-08,26554,500,22358,3
B17840,L17840,P149,2026-08-09,17441,0,14083,12
B17843,L17843,P124,2026-08-11,20110,2000,16235,6
B17851,L17851,P095,2026-08-22,7000,2000,1420,12
B17854,L17854,P129,2026-08-06,8152,0,4276,9
B17856,L17856,P024,2026-08-20,12351,0,9401,6
B17858,L17858,P146,2026-08-03,19768,0,16229,9
B17862,L17862,P005,2026-08-09,19668,750,16221,12
B17863,L17863,P139,2026-08-05,22666,2000,18305,6
B17868,L17868,P143,2026-07-30,11321,2000,5396,12
B17880,L17880,P131,2026-08-14,20625,750,17608,9
B17881,L17881,P077,2026-08-11,10514,250,7542,12
B17886,L17886,P110,2026-07-29,11789,1500,7431,3
B17892,L17892,P044,2026-08-16,25547,500,22936,9
B17895,L17895,P138,2026-08-07,17123,2000,11034,6
B17900,L17900,P118,2026-07-29,7000,500,2957,6
B17903,L17903,P043,2026-08-18,17350,1000,13506,6
B17908,L17908,P076,2026-07-28,12508,750,9390,6
B17910,L17910,P081,2026-08-12,27412,1000,23643,12
B17912,L17912,P034,2026-08-09,14377,500,11327,6
B17913,L17913,P059,2026-08-05,12859,250,10363,12
B17915,L17915,P120,2026-08-07,9819,0,7164,3
B17916,L17916,P149,2026-08-03,17441,500,14145,6
B17922,L17922,P023,2026-08-19,12884,1500,9507,12
B17927,L17927,P070,2026-08-18,23048,2000,18166,3
B17930,L17930,P001,2026-08-22,13157,1000,8454,6
B17937,L17937,P118,2026-07-30,7000,2000,2302,9
B17952,L17952,P117,2026-08-23,18792,250,15261,6
B17953,L17953,P019,2026-07-31,10732,0,6860,3
B17955,L17955,P018,2026-08-14,17004,2000,11957,12
B17957,L17957,P099,2026-07-28,10487,750,6859,3
B17968,L17968,P047,2026-08-08,25940,500,22520,6
B17979,L17979,P076,2026-08-19,12508,250,10435,6
B17980,L17980,P019,2026-08-11,10732,2000,6095,3
B17985,L17985,P128,2026-08-09,18268,0,14162,6
B17998,L17998,P058,2026-08-14,13455,1000,9489,12
B18002,L18002,P150,2026-08-01,16965,250,14719,9
B18008,L18008,P097,2026-08-20,18646,1500,13924,9
B18009,L18009,P099,2026-08-17,10487,750,7270,12
B18019,L18019,P019,2026-08-19,10732,1000,5943,6
B18025,L18025,P039,2026-08-01,13645,2000,8009,6
B18028,L18028,P019,2026-08-13,10732,2000,6354,3
B18030,L18030,P103,2026-08-20,18204,2000,13521,12
B18032,L18032,P059,2026-08-26,12859,1500,8614,9
B18033,L18033,P110,2026-08-27,11789,1500,6263,9
B18035,L18035,P008,2026-08-23,17274,1000,12868,9
B18046,L18046,P043,2026-08-20,17350,2000,11297,6
B18050,L18050,P148,2026-08-13,9723,0,5954,12
B18053,L18053,P142,2026-08-07,22206,250,19269,12
B18059,L18059,P047,2026-08-12,25940,1500,21763,12
B18061,L18061,P071,2026-08-14,18475,500,15510,12
B18065,L18065,P098,2026-08-09,21833,500,19421,6
B18072,L18072,P085,2026-08-20,10322,1000,6383,9
B18073,L18073,P135,2026-08-15,18975,2000,14179,6
B18076,L18076,P040,2026-08-18,9878,1000,5068,3
B18085,L18085,P060,2026-08-07,17017,0,13895,12
B18089,L18089,P125,2026-08-03,13109,500,10126,12
B18093,L18093,P061,2026-07-28,11161,1500,7205,12
B18095,L18095,P135,2026-08-10,18975,0,16809,9
B18102,L18102,P148,2026-08-21,9723,500,7167,9
B18115,L18115,P071,2026-08-13,18475,500,15104,12
B18126,L18126,P084,2026-08-01,15727,0,12141,6
B18131,L18131,P150,2026-08-15,16965,750,13580,6
B18149,L18149,P070,2026-08-10,23048,250,18770,9
B18159,L18159,P126,2026-08-11,7726,1500,2485,12
B18160,L18160,P015,2026-08-08,13533,750,9856,12
B18162,L18162,P093,2026-08-08,21871,0,19465,9
B18164,L18164,P117,2026-08-12,18792,500,14708,3
B18168,L18168,P133,2026-08-01,21979,1500,17371,9
B18174,L18174,P069,2026-08-12,11324,250,8990,9
B18177,L18177,P138,2026-07-30,17123,250,13516,6
B18183,L18183,P120,2026-08-10,9819,1000,4969,12
B18188,L18188,P020,2026-07-29,12900,750,8755,9
B18189,L18189,P027,2026-08-12,11309,0,8603,9
B18195,L18195,P092,2026-08-14,11784,0,8403,3
B18197,L18197,P042,2026-08-03,13832,1500,8596,6
B18198,L18198,P112,2026-08-01,7000,2000,2831,3
B18200,L18200,P014,2026-08-11,26554,750,21980,12
B18204,L18204,P042,2026-08-21,13832,2000,8576,3
B18205,L18205,P043,2026-08-04,17350,500,14055,3
B18208,L18208,P098,2026-08-22,21833,1000,17101,6
B18209,L18209,P018,2026-07-30,17004,0,13414,9
B18210,L18210,P108,2026-08-05,23811,0,20995,9
B18226,L18226,P113,2026-08-03,18198,1000,14601,6
B18229,L18229,P080,2026-08-18,15583,1000,11460,3
B18231,L18231,P123,2026-08-07,24193,0,21612,12
B18241,L18241,P126,2026-07-31,7726,500,4157,3
B18246,L18246,P128,2026-08-19,18268,1500,14347,9
B18253,L18253,P093,2026-08-17,21871,2000,15887,12
B18268,L18268,P016,2026-08-18,20341,1000,17001,12
B18277,L18277,P128,2026-08-04,18268,250,14854,9
B18279,L18279,P129,2026-08-19,8152,750,5358,9
B18311,L18311,P064,2026-08-19,12710,2000,8465,9
B18316,L18316,P121,2026-08-17,21858,500,19287,9
B18318,L18318,P056,2026-08-24,18606,500,15861,3
B18335,L18335,P113,2026-08-26,18198,0,15718,9
B18344,L18344,P094,2026-08-17,13343,750,10654,12
B18347,L18347,P130,2026-08-19,14864,750,11519,6
B18348,L18348,P030,2026-08-26,14985,2000,9154,12
B18367,L18367,P008,2026-08-24,17274,500,12925,9
B18384,L18384,P027,2026-08-12,11309,0,9151,3
B18387,L18387,P131,2026-08-21,20625,1000,15877,12
B18391,L18391,P047,2026-08-05,25940,500,23202,6
B18392,L18392,P113,2026-08-07,18198,250,15414,12
B18393,L18393,P078,2026-08-22,13010,1000,8625,6
B18395,L18395,P033,2026-08-17,17728,750,15162,6
B18408,L18408,P087,2026-08-09,20280,1000,16853,9
B18415,L18415,P014,2026-08-25,26554,500,22405,9
B18424,L18424,P079,2026-08-10,7000,2000,2816,3
B18429,L18429,P101,2026-08-01,14308,750,10917,6
B18435,L18435,P119,2026-08-04,16718,1500,13211,3
B18436,L18436,P104,2026-08-22,8067,2000,2592,3
B18439,L18439,P148,2026-08-24,9723,1500,5039,12
B18443,L18443,P033,2026-08-06,17728,0,14589,12
B18445,L18445,P081,2026-08-10,27412,1500,23441,9
B18449,L18449,P133,2026-08-03,21979,500,18181,9
B18465,L18465,P031,2026-08-05,23746,1000,20222,9
B18469,L18469,P150,2026-08-16,16965,500,13955,9
B18473,L18473,P088,2026-07-28,10698,500,7364,6
B18480,L18480,P087,2026-08-07,20280,1000,16911,9
B18483,L18483,P051,2026-08-14,16692,0,14345,6
B18494,L18494,P115,2026-07-29,14890,500,11932,9
B18505,L18505,P077,2026-08-25,10514,1500,6248,6
B18510,L18510,P148,2026-08-24,9723,1500,4575,9
B18517,L18517,P009,2026-08-16,12702,2000,7786,3
B18519,L18519,P097,2026-08-19,18646,1000,15547,9
B18524,L18524,P090,2026-08-01,10494,750,6866,3
B18528,L18528,P110,2026-08-06,11789,750,7271,12
B18531,L18531,P139,2026-08-25,22666,500,19871,9
B18541,L18541,P088,2026-08-08,10698,1500,6401,3
B18545,L18545,P087,2026-07-28,20280,250,17897,6
B18550,L18550,P018,2026-08-14,17004,1000,12592,6
B18554,L18554,P145,2026-08-10,14789,1500,11013,12
B18555,L18555,P084,2026-08-13,15727,250,13567,3
B18560,L18560,P009,2026-08-27,12702,1500,7438,12
B18565,L18565,P143,2026-08-04,11321,0,7185,6
B18573,L18573,P043,2026-08-21,17350,2000,11247,9
B18579,L18579,P094,2026-08-05,13343,2000,8886,12
B18583,L18583,P116,2026-08-27,18121,2000,13272,6
B18587,L18587,P110,2026-07-29,11789,750,7590,12
B18593,L18593,P055,2026-07-29,23456,1500,20100,3
B18608,L18608,P120,2026-08-06,9819,1000,6958,9
B18614,L18614,P086,2026-08-13,9572,250,5422,12
B18625,L18625,P050,2026-08-09,24296,1000,20659,6
B18630,L18630,P009,2026-08-24,12702,750,8328,6
B18631,L18631,P117,2026-08-20,18792,500,15453,12
B18635,L18635,P092,2026-08-16,11784,750,7106,3
B18637,L18637,P086,2026-08-19,9572,2000,4497,6
B18643,L18643,P095,2026-07-29,7000,1500,2369,3
B18647,L18647,P130,2026-08-21,14864,1000,10412,12
B18655,L18655,P117,2026-08-22,18792,1500,13802,9
B18662,L18662,P092,2026-08-26,11784,0,9938,3
B18670,L18670,P084,2026-08-04,15727,2000,10974,12
B18674,L18674,P080,2026-08-12,15583,250,11414,3
B18675,L18675,P070,2026-08-02,23048,500,19310,6
B18680,L18680,P020,2026-08-14,12900,750,9894,9
B18683,L18683,P045,2026-08-08,15690,0,12069,3
B18684,L18684,P120,2026-08-26,9819,2000,3974,12
B18692,L18692,P112,2026-08-15,7000,500,3796,3
B18698,L18698,P080,2026-08-22,15583,250,11687,6
B18703,L18703,P132,2026-07-31,19201,1500,15276,12
B18709,L18709,P148,2026-07-29,9723,250,6800,12
B18712,L18712,P005,2026-08-25,19668,1000,16719,12
B18714,L18714,P129,2026-08-26,8152,1500,4453,12
B18728,L18728,P053,2026-08-05,18751,0,15432,6
B18739,L18739,P129,2026-08-04,8152,1500,4549,9
B18746,L18746,P060,2026-08-16,17017,1500,11712,3
B18749,L18749,P062,2026-08-06,14779,750,10516,9
B18754,L18754,P148,2026-08-06,9723,500,5958,6
B18759,L18759,P070,2026-08-25,23048,750,20101,9
B18760,L18760,P097,2026-08-11,18646,0,15896,3
B18767,L18767,P080,2026-08-15,15583,0,13222,6
B18769,L18769,P037,2026-08-17,17698,500,15171,3
B18775,L18775,P113,2026-08-01,18198,500,15084,9
B18777,L18777,P113,2026-08-27,18198,750,14396,6
B18778,L18778,P121,2026-08-04,21858,1000,17844,6
B18788,L18788,P004,2026-08-07,23498,1500,19438,9
B18793,L18793,P031,2026-08-21,23746,1500,19079,3
B18802,L18802,P084,2026-08-21,15727,500,12325,3
B18817,L18817,P030,2026-08-25,14985,2000,10450,9
B18820,L18820,P150,2026-07-31,16965,0,13952,3
B18839,L18839,P009,2026-08-17,12702,250,8832,9
B18851,L18851,P110,2026-08-23,11789,500,8155,9
B18855,L18855,P054,2026-08-05,14040,500,11460,9
B18858,L18858,P028,2026-08-27,24947,250,21024,3
B18859,L18859,P072,2026-08-08,15006,2000,9352,9
B18861,L18861,P032,2026-08-12,18325,2000,12538,3
B18865,L18865,P076,2026-08-05,12508,2000,6673,12
B18869,L18869,P037,2026-08-05,17698,1000,14840,3
B18873,L18873,P006,2026-08-13,12546,1500,8111,9
B18884,L18884,P018,2026-08-01,17004,1500,11387,9
B18889,L18889,P022,2026-08-08,9811,0,7172,12
B18892,L18892,P053,2026-08-03,18751,1500,14109,12
B18896,L18896,P007,2026-08-04,19689,750,17013,9
B18903,L18903,P139,2026-07-28,22666,250,19571,6
B18904,L18904,P116,2026-08-27,18121,500,14894,3
B18905,L18905,P110,2026-08-01,11789,2000,6449,9
B18911,L18911,P106,2026-08-01,24521,750,19947,3
B18915,L18915,P033,2026-08-15,17728,2000,11918,6
B18920,L18920,P148,2026-08-01,9723,250,5987,3
B18922,L18922,P074,2026-08-24,22374,1500,18530,3
B18923,L18923,P020,2026-08-10,12900,500,8561,12
B18931,L18931,P048,2026-08-18,19736,2000,14773,12
B18946,L18946,P130,2026-07-29,14864,500,11418,6
B18952,L18952,P131,2026-08-05,20625,750,16136,3
B18958,L18958,P114,2026-08-01,15072,250,11990,3
B18966,L18966,P079,2026-08-26,7000,500,3104,12
B18968,L18968,P148,2026-08-17,9723,750,6187,6
B18969,L18969,P111,2026-07-28,12107,1500,8046,12
B18975,L18975,P019,2026-08-02,10732,1500,5922,12
B18977,L18977,P079,2026-08-15,7000,0,3575,3
B18980,L18980,P130,2026-08-26,14864,1500,9436,3
B18981,L18981,P121,2026-08-21,21858,0,19467,9
B18982,L18982,P104,2026-08-03,8067,0,5169,12
B18987,L18987,P082,2026-08-22,26289,0,23408,9
B18990,L18990,P069,2026-08-08,11324,500,7952,3
B18995,L18995,P050,2026-07-28,24296,1500,18684,6
B19003,L19003,P124,2026-08-02,20110,250,16617,6
B19011,L19011,P010,2026-08-13,17539,2000,13364,12
B19018,L19018,P045,2026-08-25,15690,250,11747,6
B19025,L19025,P004,2026-08-11,23498,1500,19877,3
B19039,L19039,P002,2026-08-19,25943,250,21860,6
B19041,L19041,P112,2026-08-23,7000,500,3222,9
B19042,L19042,P012,2026-08-27,16073,750,11993,9
B19059,L19059,P087,2026-08-07,20280,1000,15321,3
B19078,L19078,P025,2026-08-12,16893,0,14964,6
B19093,L19093,P051,2026-08-20,16692,750,13641,6
B19097,L19097,P032,2026-08-11,18325,500,15391,9
B19102,L19102,P137,2026-08-07,27265,750,24565,9
B19108,L19108,P063,2026-08-17,27417,250,25325,3
B19110,L19110,P001,2026-08-18,13157,0,9549,6
B19112,L19112,P008,2026-08-24,17274,1500,12446,3
B19113,L19113,P115,2026-08-11,14890,250,10638,6
B19114,L19114,P006,2026-08-27,12546,1500,7274,3
B19126,L19126,P108,2026-08-12,23811,2000,18769,6
B19127,L19127,P012,2026-08-19,16073,1500,12510,9
B19128,L19128,P044,2026-08-17,25547,0,21847,3
B19131,L19131,P117,2026-08-18,18792,750,14929,3
B19136,L19136,P065,2026-08-13,24872,2000,19769,12
B19141,L19141,P138,2026-07-31,17123,2000,12119,9
B19143,L19143,P072,2026-08-09,15006,500,10655,6
B19146,L19146,P078,2026-08-07,13010,500,9716,12
B19150,L19150,P051,2026-08-01,16692,250,12877,12
B19154,L19154,P129,2026-08-12,8152,500,5504,6
B19159,L19159,P143,2026-08-17,11321,1000,7936,12
B19160,L19160,P148,2026-08-11,9723,1500,5302,6
B19164,L19164,P015,2026-07-31,13533,1500,8070,6
B19170,L19170,P112,2026-08-09,7000,0,4840,12
B19174,L19174,P058,2026-08-14,13455,250,9279,3
B19192,L19192,P056,2026-08-26,18606,250,15675,3
B19193,L19193,P107,2026-08-18,16981,500,12482,3
B19200,L19200,P074,2026-08-02,22374,0,19597,9
B19207,L19207,P130,2026-07-31,14864,0,11015,9
B19223,L19223,P084,2026-08-03,15727,1000,12764,6
B19224,L19224,P057,2026-08-18,17123,250,13570,12
B19234,L19234,P093,2026-07-30,21871,750,17311,3
B19236,L19236,P124,2026-07-28,20110,750,15907,12
B19241,L19241,P028,2026-08-10,24947,1000,21737,12
B19242,L19242,P015,2026-08-08,13533,1000,9882,6
B19249,L19249,P117,2026-08-06,18792,0,15231,3
B19252,L19252,P063,2026-08-23,27417,1000,23800,3
B19257,L19257,P147,2026-08-08,16416,250,12568,12
B19265,L19265,P110,2026-07-31,11789,750,8305,12
B19273,L19273,P058,2026-08-01,13455,1000,9212,3
B19276,L19276,P110,2026-07-28,11789,1000,8705,9
B19278,L19278,P094,2026-07-28,13343,750,9275,9
B19279,L19279,P091,2026-08-26,13813,250,11435,3
B19285,L19285,P072,2026-08-07,15006,1500,9467,9
B19294,L19294,P096,2026-08-15,18723,750,13888,3
B19296,L19296,P089,2026-08-26,13807,750,9630,12
B19298,L19298,P141,2026-08-22,16432,500,13415,12
B19302,L19302,P112,2026-08-17,7000,250,3339,3
B19303,L19303,P110,2026-08-16,11789,1500,6348,6
B19313,L19313,P048,2026-08-03,19736,0,16241,3
B19324,L19324,P001,2026-07-28,13157,1000,9284,12
B19326,L19326,P063,2026-08-26,27417,750,24068,3
B19329,L19329,P002,2026-08-01,25943,2000,21006,3
B19331,L19331,P123,2026-08-22,24193,1000,20028,9
B19333,L19333,P067,2026-08-20,24928,2000,19703,9
B19335,L19335,P114,2026-08-25,15072,250,12119,9
B19340,L19340,P061,2026-07-29,11161,0,7071,6
B19341,L19341,P114,2026-08-07,15072,250,12745,12
B19348,L19348,P063,2026-08-03,27417,1500,23874,12
B19362,L19362,P128,2026-08-26,18268,2000,12763,6
B19369,L19369,P096,2026-08-20,18723,1000,15847,12
B19373,L19373,P134,2026-08-01,21593,2000,17640,9
B19376,L19376,P014,2026-08-13,26554,250,22389,9
B19384,L19384,P064,2026-08-07,12710,750,8220,9
B19394,L19394,P106,2026-08-08,24521,1000,20453,3
B19398,L19398,P116,2026-08-06,18121,2000,12401,6
B19408,L19408,P002,2026-08-22,25943,750,22433,9
B19410,L19410,P065,2026-08-06,24872,2000,19827,3
B19411,L19411,P033,2026-08-27,17728,1000,13548,6
B19412,L19412,P043,2026-07-30,17350,1500,13586,3
B19414,L19414,P147,2026-08-24,16416,250,13949,9
B19418,L19418,P054,2026-08-12,14040,750,10909,3
B19424,L19424,P087,2026-08-16,20280,750,16182,6
B19438,L19438,P043,2026-08-25,17350,0,15107,3
B19445,L19445,P130,2026-07-31,14864,1500,9814,3
B19447,L19447,P095,2026-07-30,7000,1000,3534,3
B19448,L19448,P098,2026-08-16,21833,0,19799,12
B19451,L19451,P121,2026-08-14,21858,1500,16901,3
B19457,L19457,P131,2026-08-26,20625,0,16830,3
B19466,L19466,P094,2026-08-17,13343,250,11158,3
B19491,L19491,P024,2026-08-25,12351,1500,6826,12
B19501,L19501,P068,2026-08-14,13174,1500,8097,3
B19502,L19502,P070,2026-08-18,23048,1000,20071,9
B19503,L19503,P055,2026-08-21,23456,1000,18496,9
B19509,L19509,P101,2026-07-29,14308,250,11217,3
B19510,L19510,P087,2026-08-03,20280,500,17833,3
B19513,L19513,P145,2026-08-22,14789,500,11021,12
B19516,L19516,P038,2026-08-15,26317,1500,22748,9
B19522,L19522,P042,2026-08-07,13832,250,10189,9
B19524,L19524,P056,2026-08-26,18606,1000,14440,3
B19526,L19526,P073,2026-08-11,19821,0,15860,9
B19534,L19534,P041,2026-08-01,16025,1000,12173,6
B19535,L19535,P074,2026-08-22,22374,250,19314,12
B19537,L19537,P008,2026-08-13,17274,0,13322,3
B19540,L19540,P122,2026-08-10,10154,0,7595,3
B19543,L19543,P044,2026-08-24,25547,500,22835,3
B19549,L19549,P079,2026-08-03,7000,250,3562,6
B19555,L19555,P019,2026-07-28,10732,0,7469,3
B19563,L19563,P118,2026-08-08,7000,2000,2879,3
B19565,L19565,P142,2026-08-21,22206,0,19812,12
B19568,L19568,P031,2026-08-16,23746,1500,18966,6
B19578,L19578,P090,2026-08-08,10494,250,6113,9
B19581,L19581,P097,2026-08-23,18646,0,16567,3
B19583,L19583,P101,2026-08-25,14308,1500,8824,12
B19585,L19585,P002,2026-08-06,25943,0,22272,9
B19586,L19586,P004,2026-08-25,23498,500,20525,12
B19594,L19594,P095,2026-08-26,7000,750,3714,12
B19598,L19598,P004,2026-08-21,23498,2000,18503,6
B19599,L19599,P026,2026-08-23,9214,1500,5196,12
B19603,L19603,P122,2026-08-01,10154,750,7058,6
B19605,L19605,P066,2026-08-02,23953,1500,19748,3
B19610,L19610,P109,2026-08-25,21546,500,18795,12
B19612,L19612,P012,2026-08-25,16073,750,12028,12
B19637,L19637,P022,2026-08-17,9811,1000,6371,6
B19638,L19638,P042,2026-08-09,13832,0,10995,12
B19644,L19644,P038,2026-07-30,26317,500,24003,9
B19659,L19659,P136,2026-08-01,19286,1000,14295,6
B19664,L19664,P053,2026-08-12,18751,250,14929,9
B19683,L19683,P008,2026-07-30,17274,500,13413,9
B19698,L19698,P049,2026-08-19,24116,2000,19420,9
B19699,L19699,P106,2026-08-12,24521,500,22107,9
B19702,L19702,P018,2026-08-21,17004,1500,11328,6
B19703,L19703,P057,2026-08-20,17123,0,13728,9
B19707,L19707,P123,2026-08-17,24193,1000,19506,12
B19709,L19709,P148,2026-07-29,9723,2000,4305,3
B19710,L19710,P056,2026-08-01,18606,0,16741,9
B19728,L19728,P044,2026-08-26,25547,250,23155,3
B19729,L19729,P102,2026-08-19,20281,750,15571,9
B19736,L19736,P049,2026-08-14,24116,750,19736,3
B19737,L19737,P146,2026-08-08,19768,2000,13667,3
B19740,L19740,P011,2026-08-04,15510,0,13242,6
B19746,L19746,P150,2026-08-26,16965,750,13948,3
B19752,L19752,P123,2026-07-30,24193,250,20583,12
B19761,L19761,P086,2026-08-25,9572,750,6910,12
B19784,L19784,P017,2026-08-23,18613,0,15358,6
B19802,L19802,P075,2026-08-24,9508,0,6690,12
B19821,L19821,P050,2026-08-06,24296,2000,18704,12
B19826,L19826,P005,2026-08-02,19668,1000,15845,12
B19832,L19832,P100,2026-07-28,17109,750,13396,6
B19855,L19855,P124,2026-08-15,20110,500,15462,6
B19860,L19860,P053,2026-08-14,18751,250,14730,6
B19866,L19866,P019,2026-08-06,10732,750,6114,6
B19873,L19873,P118,2026-07-29,7000,0,2844,12
B19877,L19877,P085,2026-08-11,10322,500,7101,9
B19881,L19881,P050,2026-08-22,24296,750,20444,12
B19889,L19889,P042,2026-08-06,13832,500,10074,3
B19896,L19896,P027,2026-08-24,11309,0,8296,6
B19899,L19899,P026,2026-08-20,9214,750,4954,9
B19901,L19901,P089,2026-08-19,13807,750,10078,6
B19912,L19912,P109,2026-08-07,21546,500,16994,9
B19915,L19915,P012,2026-08-04,16073,750,13479,6
B19919,L19919,P149,2026-08-05,17441,1000,12324,6
B19920,L19920,P076,2026-08-01,12508,250,10251,6
B19955,L19955,P141,2026-08-15,16432,1500,10954,3
B19958,L19958,P142,2026-08-02,22206,1500,17438,9
B19963,L19963,P015,2026-08-02,13533,750,8704,3
B19978,L19978,P073,2026-08-08,19821,250,17591,12
B19980,L19980,P044,2026-08-07,25547,250,21913,6
B19984,L19984,P052,2026-08-10,11793,250,8612,9
B19992,L19992,P104,2026-08-04,8067,500,3418,6
B19993,L19993,P105,2026-08-22,19224,0,15236,12
B19994,L19994,P085,2026-08-06,10322,2000,5136,6
B20003,L20003,P099,2026-08-06,10487,1000,5332,9
B20008,L20008,P115,2026-08-08,14890,250,11165,3
B20012,L20012,P066,2026-08-24,23953,0,21405,3
B20017,L20017,P054,2026-08-18,14040,1000,10572,3
B20021,L20021,P088,2026-08-14,10698,250,7666,6
B20028,L20028,P003,2026-08-12,12507,750,8211,9
B20029,L20029,P105,2026-08-27,19224,500,16407,9
B20031,L20031,P039,2026-08-01,13645,0,10903,12
B20037,L20037,P075,2026-08-16,9508,0,7629,9
B20052,L20052,P013,2026-08-19,12222,0,9475,6
B20072,L20072,P067,2026-08-08,24928,500,21197,3
B20074,L20074,P006,2026-08-17,12546,2000,6862,6
B20091,L20091,P131,2026-08-04,20625,2000,15833,12
B20100,L20100,P068,2026-08-20,13174,750,10169,12
B20119,L20119,P121,2026-07-31,21858,1500,16551,3
B20122,L20122,P077,2026-07-29,10514,1000,6540,9
B20127,L20127,P114,2026-07-28,15072,1500,10631,3
B20137,L20137,P036,2026-08-19,14825,500,10568,12
B20149,L20149,P003,2026-08-22,12507,1500,7269,3
B20156,L20156,P090,2026-08-20,10494,250,7822,12
B20157,L20157,P069,2026-08-10,11324,1000,8110,3
B20159,L20159,P123,2026-08-11,24193,2000,18541,9
B20166,L20166,P001,2026-08-05,13157,1000,8994,3
B20172,L20172,P041,2026-07-30,16025,1500,11194,12
B20194,L20194,P041,2026-07-29,16025,250,13141,3
B20206,L20206,P137,2026-08-16,27265,2000,23162,6
B20222,L20222,P125,2026-07-31,13109,1000,8010,3
B20227,L20227,P080,2026-07-30,15583,2000,10133,12
B20229,L20229,P092,2026-08-16,11784,750,7096,6
B20244,L20244,P080,2026-08-08,15583,0,11388,3
B20245,L20245,P120,2026-08-06,9819,1000,5357,3
B20248,L20248,P085,2026-08-09,10322,1500,6995,3
B20273,L20273,P079,2026-08-27,7000,750,3428,9
B20279,L20279,P038,2026-08-08,26317,0,23661,9
B20284,L20284,P031,2026-08-15,23746,750,20231,12
B20287,L20287,P023,2026-08-16,12884,1500,9350,9
B20298,L20298,P133,2026-07-31,21979,250,19592,9
B20301,L20301,P016,2026-08-26,20341,1500,15833,6
B20305,L20305,P104,2026-08-18,8067,1500,4291,12
B20314,L20314,P024,2026-08-25,12351,750,9599,3
B20316,L20316,P101,2026-08-12,14308,2000,8693,9
B20320,L20320,P056,2026-08-24,18606,2000,12703,12
B20321,L20321,P055,2026-08-13,23456,750,18539,6
B20326,L20326,P031,2026-08-27,23746,500,19881,3
B20335,L20335,P142,2026-08-11,22206,750,17392,9
B20344,L20344,P031,2026-08-15,23746,500,20980,3
B20347,L20347,P046,2026-08-19,27157,750,22448,3
B20352,L20352,P024,2026-08-05,12351,1500,8786,6
B20371,L20371,P129,2026-08-12,8152,250,4943,9
B20380,L20380,P002,2026-08-08,25943,0,22442,9
B20399,L20399,P049,2026-08-24,24116,250,20816,6
B20400,L20400,P013,2026-07-31,12222,1000,9293,3
B20405,L20405,P101,2026-08-04,14308,1000,11024,3
B20406,L20406,P084,2026-08-24,15727,1000,11773,12
B20410,L20410,P118,2026-08-05,7000,2000,2743,12
B20412,L20412,P029,2026-08-17,23462,500,20245,9
B20414,L20414,P108,2026-08-04,23811,1000,19248,3
B20419,L20419,P017,2026-07-29,18613,1500,13357,6
B20423,L20423,P137,2026-08-24,27265,1500,21683,3
B20427,L20427,P086,2026-07-30,9572,500,5995,3
B20431,L20431,P150,2026-08-08,16965,1000,14108,9
B20433,L20433,P135,2026-08-18,18975,2000,14594,6
B20434,L20434,P091,2026-08-08,13813,2000,8387,6
B20439,L20439,P003,2026-08-18,12507,1000,8993,6
B20442,L20442,P149,2026-08-12,17441,750,13060,12
B20443,L20443,P013,2026-08-22,12222,750,8583,12
B20444,L20444,P084,2026-07-30,15727,2000,11410,3
B20446,L20446,P015,2026-08-20,13533,2000,9173,12
B20448,L20448,P054,2026-08-22,14040,750,11278,3
B20451,L20451,P003,2026-08-12,12507,2000,6687,3
B20458,L20458,P005,2026-08-14,19668,2000,14471,3
B20474,L20474,P003,2026-08-09,12507,1000,7515,9
B20475,L20475,P051,2026-08-08,16692,2000,11464,3
B20477,L20477,P100,2026-08-17,17109,0,13546,12
B20483,L20483,P136,2026-08-04,19286,0,17427,3
B20484,L20484,P110,2026-08-26,11789,1500,8069,12
B20486,L20486,P051,2026-07-31,16692,0,14459,12
B20498,L20498,P074,2026-08-03,22374,1500,16850,6
B20541,L20541,P097,2026-08-13,18646,250,15026,6
B20554,L20554,P110,2026-08-14,11789,750,8683,3
B20559,L20559,P088,2026-07-28,10698,0,8578,12
B20565,L20565,P084,2026-08-21,15727,1500,12293,3
B20566,L20566,P089,2026-08-12,13807,1000,10272,12
B20570,L20570,P086,2026-08-22,9572,750,4792,12
B20579,L20579,P074,2026-08-06,22374,1000,18274,3
B20584,L20584,P131,2026-08-18,20625,1000,16919,3
B20596,L20596,P117,2026-08-23,18792,2000,13315,12
B20598,L20598,P068,2026-08-04,13174,500,8655,9
B20611,L20611,P048,2026-08-17,19736,500,16101,6
B20614,L20614,P041,2026-08-06,16025,250,12709,12
B20617,L20617,P119,2026-08-09,16718,2000,12092,9
B20630,L20630,P107,2026-08-27,16981,750,12214,12
B20631,L20631,P137,2026-08-12,27265,2000,21646,6
B20632,L20632,P081,2026-07-30,27412,1000,23426,9
B20639,L20639,P121,2026-08-25,21858,500,19207,6
B20642,L20642,P069,2026-08-07,11324,0,9304,9
B20644,L20644,P028,2026-08-27,24947,1000,21655,9
B20648,L20648,P067,2026-08-05,24928,500,20657,6
B20649,L20649,P132,2026-08-18,19201,1000,16148,6
B20660,L20660,P060,2026-08-01,17017,500,13365,9
B20665,L20665,P021,2026-08-16,15644,750,12851,9
B20668,L20668,P112,2026-07-28,7000,1500,3375,6
B20672,L20672,P141,2026-08-18,16432,2000,11543,9
B20695,L20695,P122,2026-08-21,10154,2000,4765,12
B20696,L20696,P111,2026-07-28,12107,750,7769,3
B20698,L20698,P100,2026-08-06,17109,750,12920,12
B20703,L20703,P072,2026-08-03,15006,250,12107,3
B20711,L20711,P073,2026-08-19,19821,2000,15638,12
B20713,L20713,P099,2026-08-27,10487,250,7034,12
B20716,L20716,P081,2026-07-29,27412,500,24852,6
B20717,L20717,P119,2026-08-01,16718,2000,11035,9
B20718,L20718,P136,2026-08-07,19286,500,14817,6
B20721,L20721,P137,2026-08-08,27265,250,22841,12
B20723,L20723,P003,2026-08-22,12507,500,8017,6
B20725,L20725,P133,2026-07-28,21979,500,17900,3
B20730,L20730,P129,2026-07-28,8152,750,3448,6
B20732,L20732,P116,2026-07-30,18121,750,14805,3
B20737,L20737,P097,2026-08-16,18646,500,15474,9
B20773,L20773,P014,2026-08-01,26554,500,23770,6
B20779,L20779,P126,2026-08-12,7726,250,4837,12
B20781,L20781,P013,2026-08-01,12222,1500,8550,9
B20790,L20790,P105,2026-08-04,19224,1500,13793,3
B20792,L20792,P084,2026-08-08,15727,1000,12722,9
B20796,L20796,P116,2026-07-29,18121,1000,13934,3
B20811,L20811,P115,2026-07-28,14890,500,10269,3
B20816,L20816,P078,2026-08-10,13010,500,9793,9
B20823,L20823,P081,2026-08-14,27412,500,24836,9
B20826,L20826,P086,2026-08-06,9572,750,5911,6
B20827,L20827,P122,2026-07-29,10154,500,7526,3
B20829,L20829,P097,2026-08-07,18646,750,15155,12
B20832,L20832,P076,2026-08-06,12508,1000,8337,9
B20833,L20833,P070,2026-08-17,23048,250,19585,6
B20842,L20842,P143,2026-08-04,11321,1500,7602,3
B20846,L20846,P068,2026-08-20,13174,500,10295,12
B20852,L20852,P142,2026-08-11,22206,1000,18671,9
B20860,L20860,P049,2026-08-05,24116,1500,18869,12
B20865,L20865,P026,2026-08-21,9214,1500,4126,6
B20875,L20875,P036,2026-08-17,14825,1500,9491,12
B20877,L20877,P148,2026-07-28,9723,500,5277,6
B20878,L20878,P059,2026-07-28,12859,750,7966,6
B20881,L20881,P015,2026-08-13,13533,250,9898,3
B20884,L20884,P049,2026-08-01,24116,1500,18703,12
B20888,L20888,P029,2026-08-18,23462,750,20155,6
B20891,L20891,P002,2026-08-16,25943,250,22003,3
B20910,L20910,P061,2026-08-03,11161,500,7095,12
B20911,L20911,P129,2026-08-12,8152,1500,2946,3
B20914,L20914,P061,2026-08-17,11161,250,8937,6
B20915,L20915,P109,2026-08-14,21546,500,17935,9
B20919,L20919,P144,2026-08-05,13013,1500,8721,6
B20928,L20928,P025,2026-08-11,16893,500,12402,9
B20929,L20929,P018,2026-08-10,17004,250,13170,12
B20931,L20931,P129,2026-08-02,8152,0,5049,6
B20933,L20933,P072,2026-08-05,15006,2000,10116,6
B20939,L20939,P004,2026-07-31,23498,500,20846,6
B20952,L20952,P001,2026-08-18,13157,250,10200,12
B20959,L20959,P102,2026-08-04,20281,500,17755,9
B20962,L20962,P045,2026-08-22,15690,0,11629,9
B20965,L20965,P110,2026-07-28,11789,1000,7345,3
B20978,L20978,P126,2026-08-01,7726,1000,3181,3
B20979,L20979,P150,2026-08-22,16965,0,13239,9
B20981,L20981,P150,2026-08-15,16965,250,14463,12
B20984,L20984,P022,2026-08-04,9811,1500,5611,9
B20989,L20989,P122,2026-08-05,10154,750,5709,12
B20991,L20991,P070,2026-08-03,23048,500,19984,3
B20995,L20995,P129,2026-08-19,8152,1000,3721,9
B20996,L20996,P114,2026-08-11,15072,250,11849,3
B20999,L20999,P071,2026-08-10,18475,750,13607,3
B21000,L21000,P011,2026-08-17,15510,250,11655,6
B21002,L21002,P067,2026-08-13,24928,750,20404,3
B21003,L21003,P132,2026-08-17,19201,2000,13427,3
B21007,L21007,P003,2026-08-02,12507,250,9877,9
B21012,L21012,P028,2026-07-31,24947,1000,20947,9
B21015,L21015,P119,2026-08-23,16718,250,14066,9
B21030,L21030,P073,2026-08-03,19821,1500,15185,12
B21031,L21031,P088,2026-07-31,10698,1000,6925,12
B21033,L21033,P128,2026-07-30,18268,0,16468,12
B21038,L21038,P054,2026-07-31,14040,1500,10690,12
B21046,L21046,P149,2026-08-03,17441,2000,12839,6
B21047,L21047,P061,2026-08-16,11161,1500,5771,9
B21048,L21048,P021,2026-08-21,15644,1000,11031,6
B21049,L21049,P053,2026-08-27,18751,500,14086,3
B21059,L21059,P070,2026-08-12,23048,1500,19179,6
B21064,L21064,P043,2026-08-03,17350,0,15176,3
B21073,L21073,P120,2026-08-14,9819,1000,4692,3
B21075,L21075,P003,2026-08-17,12507,250,9355,9
B21076,L21076,P110,2026-08-06,11789,0,8261,9
B21087,L21087,P066,2026-07-28,23953,2000,19414,9
B21090,L21090,P011,2026-08-23,15510,0,12807,6
B21097,L21097,P011,2026-07-29,15510,500,11331,6
B21105,L21105,P132,2026-08-23,19201,2000,15171,3
B21108,L21108,P131,2026-08-11,20625,750,15774,9
B21112,L21112,P135,2026-07-30,18975,0,16736,6
B21117,L21117,P118,2026-08-12,7000,2000,1801,12
B21124,L21124,P117,2026-08-26,18792,250,14900,3
B21126,L21126,P070,2026-08-04,23048,2000,17212,12
B21129,L21129,P127,2026-08-12,23836,1000,18998,3
B21139,L21139,P133,2026-08-06,21979,1500,16292,12
B21145,L21145,P145,2026-08-23,14789,2000,10144,9
B21146,L21146,P136,2026-08-11,19286,500,15036,9
B21147,L21147,P126,2026-08-27,7726,2000,3887,3
B21154,L21154,P054,2026-08-07,14040,750,11318,9
B21157,L21157,P027,2026-08-21,11309,2000,6912,6
B21158,L21158,P031,2026-08-19,23746,1500,19063,9
B21159,L21159,P112,2026-08-08,7000,1500,2277,9
B21170,L21170,P051,2026-08-27,16692,1000,12228,6
B21178,L21178,P133,2026-08-21,21979,250,19298,6
B21186,L21186,P020,2026-08-26,12900,750,8601,3
B21211,L21211,P144,2026-07-30,13013,1000,8379,3
B21212,L21212,P074,2026-07-31,22374,250,19416,3
B21216,L21216,P019,2026-08-25,10732,2000,4974,12
B21218,L21218,P011,2026-08-27,15510,750,10864,6
B21220,L21220,P029,2026-08-21,23462,0,20394,12
B21225,L21225,P087,2026-08-17,20280,2000,15042,6
B21230,L21230,P040,2026-08-15,9878,1000,5652,12
B21238,L21238,P079,2026-08-10,7000,2000,1117,12
B21240,L21240,P098,2026-07-28,21833,500,17440,9
B21243,L21243,P036,2026-08-02,14825,0,12123,9
B21255,L21255,P089,2026-08-07,13807,1500,8762,6
B21271,L21271,P047,2026-08-01,25940,750,22017,12
B21279,L21279,P068,2026-08-04,13174,250,9263,3
B21285,L21285,P144,2026-08-08,13013,2000,8760,9
B21287,L21287,P125,2026-07-30,13109,500,9303,12
B21295,L21295,P084,2026-08-07,15727,500,12476,3
B21303,L21303,P137,2026-08-16,27265,2000,22660,6
B21309,L21309,P012,2026-08-10,16073,500,11711,3
B21315,L21315,P059,2026-08-19,12859,1000,7802,3
B21316,L21316,P119,2026-08-13,16718,2000,11545,9
B21319,L21319,P031,2026-08-16,23746,750,19472,9
B21320,L21320,P097,2026-08-05,18646,2000,13318,12
B21336,L21336,P022,2026-08-17,9811,1000,5366,3
B21337,L21337,P055,2026-07-31,23456,1500,18472,9
B21345,L21345,P037,2026-08-12,17698,500,13726,12
B21348,L21348,P051,2026-08-12,16692,250,12400,12
B21349,L21349,P148,2026-08-27,9723,500,7368,3
B21350,L21350,P039,2026-08-23,13645,500,9906,12
B21370,L21370,P110,2026-08-16,11789,750,7557,12
B21394,L21394,P129,2026-08-21,8152,0,6030,6
B21401,L21401,P018,2026-07-30,17004,2000,11904,3
B21404,L21404,P055,2026-08-03,23456,0,21528,12
B21418,L21418,P099,2026-08-14,10487,750,7232,6
B21424,L21424,P036,2026-08-02,14825,750,10004,6
B21425,L21425,P148,2026-08-17,9723,2000,4811,9
B21433,L21433,P080,2026-08-18,15583,2000,9497,3
B21440,L21440,P030,2026-08-18,14985,500,11185,9
B21441,L21441,P092,2026-08-15,11784,750,7961,12
B21451,L21451,P027,2026-08-05,11309,0,8516,12
B21453,L21453,P089,2026-08-04,13807,1500,9224,6
B21467,L21467,P134,2026-07-28,21593,1000,18429,12
B21469,L21469,P090,2026-08-18,10494,0,8080,9
B21476,L21476,P033,2026-08-21,17728,2000,13028,3
B21478,L21478,P106,2026-08-15,24521,1500,20622,12
B21487,L21487,P019,2026-08-08,10732,2000,6647,3
B21491,L21491,P022,2026-08-22,9811,1500,5434,6
B21492,L21492,P129,2026-08-03,8152,750,4032,9
B21493,L21493,P079,2026-08-05,7000,250,4283,6
B21501,L21501,P144,2026-08-18,13013,2000,8309,12
B21504,L21504,P029,2026-08-04,23462,1500,18272,9
B21507,L21507,P030,2026-08-16,14985,1500,11045,6
B21512,L21512,P014,2026-08-04,26554,1000,22428,3
B21518,L21518,P060,2026-08-22,17017,500,13672,6
B21521,L21521,P010,2026-08-20,17539,1500,13463,6
B21524,L21524,P075,2026-08-09,9508,250,5398,6
B21539,L21539,P104,2026-07-28,8067,500,4750,6
B21543,L21543,P085,2026-08-10,10322,750,7404,9
B21549,L21549,P076,2026-08-20,12508,250,10084,9
B21556,L21556,P101,2026-08-09,14308,750,10107,3
B21559,L21559,P046,2026-08-10,27157,250,24998,6
B21561,L21561,P110,2026-08-14,11789,1000,7131,9
B21564,L21564,P144,2026-07-30,13013,1000,9483,3
B21574,L21574,P104,2026-08-21,8067,2000,2445,12
B21577,L21577,P040,2026-07-30,9878,500,5332,9
B21579,L21579,P084,2026-08-07,15727,750,11382,12
B21580,L21580,P058,2026-08-07,13455,1500,10046,6
B21590,L21590,P074,2026-08-04,22374,1000,18129,3
B21593,L21593,P134,2026-08-12,21593,1500,17398,9
B21596,L21596,P097,2026-08-26,18646,750,13846,12
B21597,L21597,P121,2026-08-13,21858,2000,16869,6
B21600,L21600,P107,2026-08-10,16981,0,14774,6
B21606,L21606,P124,2026-08-11,20110,500,15926,3
B21607,L21607,P136,2026-08-17,19286,1000,16302,3
B21612,L21612,P137,2026-07-30,27265,1000,22648,9
B21618,L21618,P068,2026-08-21,13174,250,10171,12
B21619,L21619,P142,2026-08-13,22206,500,18216,9
B21623,L21623,P132,2026-08-04,19201,1500,14450,6
B21626,L21626,P128,2026-08-14,18268,500,14040,12
B21629,L21629,P053,2026-08-26,18751,1500,13421,3
B21630,L21630,P057,2026-08-15,17123,250,13458,6
B21641,L21641,P036,2026-08-17,14825,1000,9857,3
B21647,L21647,P051,2026-08-09,16692,500,14232,3
B21648,L21648,P040,2026-08-27,9878,750,6539,3
B21651,L21651,P092,2026-08-22,11784,500,8768,9
B21654,L21654,P017,2026-07-29,18613,2000,14706,3
B21660,L21660,P126,2026-08-16,7726,500,4359,3
B21662,L21662,P074,2026-08-04,22374,250,18420,9
B21674,L21674,P072,2026-08-26,15006,500,10647,3
B21678,L21678,P059,2026-07-29,12859,0,9455,6
B21681,L21681,P128,2026-07-30,18268,500,15714,9
B21683,L21683,P131,2026-08-01,20625,1000,16107,9
B21686,L21686,P134,2026-07-30,21593,1000,17958,3
B21708,L21708,P002,2026-08-12,25943,0,21757,9
B21710,L21710,P115,2026-07-31,14890,250,12150,9
B21712,L21712,P121,2026-08-04,21858,1000,17747,12
B21713,L21713,P015,2026-08-22,13533,500,10375,6
B21732,L21732,P022,2026-08-25,9811,500,5713,6
B21740,L21740,P083,2026-08-18,15271,750,10423,6
B21741,L21741,P129,2026-08-02,8152,1500,2944,3
B21763,L21763,P100,2026-08-18,17109,1500,12695,6
B21773,L21773,P036,2026-08-14,14825,250,11011,3
B21782,L21782,P035,2026-07-31,22765,2000,18663,6
B21795,L21795,P015,2026-08-06,13533,2000,9338,12
B21819,L21819,P100,2026-08-25,17109,1500,11870,6
B21820,L21820,P100,2026-08-07,17109,1500,12886,9
B21823,L21823,P115,2026-07-31,14890,750,10012,12
B21833,L21833,P001,2026-08-09,13157,500,8760,9
B21845,L21845,P085,2026-08-07,10322,250,6175,12
B21852,L21852,P027,2026-08-25,11309,1500,6046,9
B21854,L21854,P038,2026-08-18,26317,750,23557,3
B21857,L21857,P019,2026-08-10,10732,0,6951,6
B21864,L21864,P039,2026-08-22,13645,500,10843,12
B21869,L21869,P103,2026-08-12,18204,500,15408,3
B21879,L21879,P039,2026-08-06,13645,500,10120,3
B21883,L21883,P056,2026-07-29,18606,0,16526,12
B21885,L21885,P146,2026-08-19,19768,250,16394,9
B21887,L21887,P001,2026-08-18,13157,750,8621,9
B21888,L21888,P091,2026-08-01,13813,250,11602,6
B21889,L21889,P062,2026-08-22,14779,250,11615,6
B21893,L21893,P105,2026-08-23,19224,1000,14700,12
B21897,L21897,P091,2026-08-05,13813,1500,9856,9
B21899,L21899,P107,2026-08-12,16981,250,14393,12
B21903,L21903,P056,2026-08-22,18606,2000,14503,9
B21907,L21907,P041,2026-08-05,16025,250,11625,3
B21909,L21909,P028,2026-08-16,24947,1000,19844,6
B21910,L21910,P131,2026-08-02,20625,750,17907,9
B21919,L21919,P078,2026-08-03,13010,0,9576,9
B21923,L21923,P117,2026-08-04,18792,500,15107,12
B21933,L21933,P148,2026-08-17,9723,2000,4972,6
B21939,L21939,P132,2026-07-30,19201,2000,14044,3
B21940,L21940,P016,2026-08-02,20341,250,17031,9
B21954,L21954,P014,2026-08-19,26554,500,23759,9
B21955,L21955,P010,2026-08-16,17539,1000,12661,9
B21980,L21980,P075,2026-08-24,9508,250,5305,9
B21987,L21987,P043,2026-08-13,17350,250,13530,3
B21994,L21994,P095,2026-08-27,7000,250,3610,12
B22001,L22001,P138,2026-08-26,17123,500,14213,3
B22004,L22004,P047,2026-08-13,25940,250,22498,6
B22011,L22011,P140,2026-08-23,18612,250,16471,6
B22012,L22012,P102,2026-08-26,20281,0,17554,3
B22014,L22014,P046,2026-08-21,27157,500,23052,9
B22020,L22020,P050,2026-08-02,24296,1500,19441,3
B22023,L22023,P001,2026-07-31,13157,1500,9722,9
B22044,L22044,P095,2026-08-05,7000,750,4087,9
B22046,L22046,P128,2026-08-15,18268,500,14108,6
B22071,L22071,P028,2026-08-27,24947,500,20862,3
B22074,L22074,P109,2026-08-19,21546,750,18445,12
B22077,L22077,P051,2026-08-15,16692,1500,12634,6
B22081,L22081,P052,2026-08-27,11793,0,9044,6
B22082,L22082,P077,2026-08-16,10514,1000,5814,9
B22084,L22084,P010,2026-08-06,17539,0,13497,6
B22095,L22095,P014,2026-08-05,26554,2000,21452,6
B22100,L22100,P101,2026-08-12,14308,750,9850,9
B22104,L22104,P084,2026-08-13,15727,1500,10210,3
B22110,L22110,P136,2026-08-13,19286,750,15851,3
B22118,L22118,P025,2026-08-21,16893,0,14996,12
B22139,L22139,P097,2026-07-30,18646,500,15214,12
B22148,L22148,P142,2026-08-12,22206,250,17967,6
B22152,L22152,P138,2026-08-13,17123,250,13083,6
B22153,L22153,P094,2026-08-17,13343,1500,9817,12
B22155,L22155,P067,2026-08-10,24928,1000,21344,6
B22158,L22158,P049,2026-08-20,24116,750,19899,12
B22163,L22163,P134,2026-08-12,21593,1000,18391,9
B22166,L22166,P143,2026-08-14,11321,1500,6428,12
B22186,L22186,P121,2026-08-03,21858,2000,16689,6
B22187,L22187,P123,2026-08-07,24193,1000,19209,3
B22191,L22191,P014,2026-08-03,26554,2000,22473,3
B22199,L22199,P045,2026-08-14,15690,1000,11592,3
B22200,L22200,P039,2026-08-09,13645,1500,10218,12
B22201,L22201,P074,2026-08-06,22374,500,18657,12
B22209,L22209,P116,2026-08-22,18121,2000,13786,12
B22210,L22210,P133,2026-08-20,21979,750,17444,9
B22214,L22214,P133,2026-08-04,21979,1000,17857,6
B22222,L22222,P076,2026-08-21,12508,1500,7888,3
B22229,L22229,P084,2026-08-20,15727,2000,10660,12
B22246,L22246,P025,2026-08-24,16893,250,13901,3
B22249,L22249,P138,2026-08-08,17123,250,13044,3
B22250,L22250,P001,2026-08-06,13157,750,8596,9
B22261,L22261,P110,2026-07-28,11789,500,8589,6
B22267,L22267,P008,2026-08-14,17274,250,14112,6
B22270,L22270,P104,2026-08-23,8067,0,4717,9
B22273,L22273,P059,2026-07-28,12859,250,9719,12
B22274,L22274,P095,2026-08-27,7000,0,4696,3
B22283,L22283,P116,2026-08-20,18121,500,13509,9
B22284,L22284,P034,2026-08-25,14377,750,11035,6
B22295,L22295,P100,2026-08-24,17109,1500,12471,12
B22301,L22301,P041,2026-08-17,16025,250,11817,3
B22304,L22304,P025,2026-07-30,16893,750,14187,3
B22308,L22308,P089,2026-08-07,13807,2000,9100,12
B22326,L22326,P019,2026-07-28,10732,750,6768,9
B22334,L22334,P015,2026-08-16,13533,0,9923,3
B22343,L22343,P053,2026-08-15,18751,500,15158,12
B22346,L22346,P019,2026-08-12,10732,2000,6399,6
B22349,L22349,P113,2026-08-01,18198,750,15024,9
B22352,L22352,P019,2026-07-31,10732,500,7545,9
B22353,L22353,P020,2026-08-21,12900,1000,9857,9
B22354,L22354,P014,2026-08-02,26554,500,24164,6
B22359,L22359,P032,2026-08-11,18325,750,14398,3
B22362,L22362,P022,2026-08-05,9811,2000,3916,12
B22380,L22380,P146,2026-08-04,19768,2000,13723,6
B22389,L22389,P072,2026-08-15,15006,2000,8986,9
B22403,L22403,P136,2026-08-12,19286,0,15796,9
B22427,L22427,P052,2026-08-04,11793,500,8723,3
B22430,L22430,P008,2026-08-02,17274,0,13879,12
B22432,L22432,P134,2026-08-02,21593,0,19405,3
B22435,L22435,P003,2026-08-21,12507,500,9739,12
B22436,L22436,P035,2026-08-13,22765,1500,17282,6
B22438,L22438,P103,2026-08-12,18204,500,15119,3
B22440,L22440,P149,2026-08-25,17441,1000,13488,6
B22448,L22448,P082,2026-08-17,26289,1500,22346,12
B22451,L22451,P052,2026-08-26,11793,1000,7145,6
B22455,L22455,P044,2026-08-22,25547,750,22932,3
B22461,L22461,P020,2026-08-16,12900,1500,8480,3
B22465,L22465,P103,2026-08-27,18204,0,15873,12
B22479,L22479,P135,2026-08-26,18975,1500,13327,9
B22487,L22487,P029,2026-08-25,23462,2000,17888,6
B22494,L22494,P014,2026-08-19,26554,1500,23084,6
B22496,L22496,P120,2026-08-07,9819,2000,4014,3
B22507,L22507,P073,2026-08-17,19821,1000,14638,12
B22512,L22512,P128,2026-08-07,18268,1500,14122,6
B22514,L22514,P070,2026-07-28,23048,750,19083,9
B22518,L22518,P035,2026-08-18,22765,500,18665,9
B22520,L22520,P005,2026-08-18,19668,250,15889,3
B22523,L22523,P047,2026-08-15,25940,750,21326,12
B22527,L22527,P092,2026-08-12,11784,750,8142,9
B22529,L22529,P093,2026-08-27,21871,750,18862,12
B22533,L22533,P137,2026-08-07,27265,250,23248,6
B22544,L22544,P144,2026-08-17,13013,1000,9182,9
B22546,L22546,P113,2026-08-17,18198,250,14240,6
B22547,L22547,P137,2026-08-17,27265,750,23870,12
B22550,L22550,P123,2026-08-06,24193,0,21027,3
B22567,L22567,P030,2026-08-05,14985,250,10655,9
B22568,L22568,P083,2026-07-28,15271,750,12196,9
B22578,L22578,P109,2026-08-07,21546,2000,16527,12
B22580,L22580,P134,2026-08-08,21593,1500,17366,3
B22585,L22585,P100,2026-08-21,17109,250,14220,12
B22591,L22591,P101,2026-07-28,14308,250,9907,3
B22595,L22595,P121,2026-08-02,21858,1500,16371,6
B22601,L22601,P029,2026-07-30,23462,750,19650,6
B22602,L22602,P037,2026-07-31,17698,250,13456,6
B22605,L22605,P081,2026-08-12,27412,1000,22371,9
B22615,L22615,P092,2026-08-25,11784,2000,6900,12
B22621,L22621,P123,2026-08-09,24193,500,20354,12
B22622,L22622,P083,2026-07-29,15271,1000,11936,9
B22639,L22639,P117,2026-08-20,18792,1000,14491,6
B22642,L22642,P052,2026-08-23,11793,2000,6529,6
B22646,L22646,P052,2026-08-10,11793,500,9220,9
B22665,L22665,P086,2026-08-04,9572,250,6673,6
B22671,L22671,P066,2026-08-24,23953,250,20987,12
B22674,L22674,P124,2026-08-02,20110,1000,16326,9
B22675,L22675,P108,2026-08-01,23811,250,21281,9
B22689,L22689,P020,2026-08-21,12900,1500,9409,3
B22693,L22693,P117,2026-08-02,18792,2000,14220,3
B22697,L22697,P018,2026-08-03,17004,750,13502,12
B22701,L22701,P121,2026-08-26,21858,750,18358,12
B22703,L22703,P033,2026-08-13,17728,1000,13599,9
B22712,L22712,P022,2026-08-22,9811,2000,4636,9
B22717,L22717,P112,2026-08-25,7000,1000,2072,12
B22723,L22723,P138,2026-08-22,17123,500,12707,9
B22724,L22724,P048,2026-08-14,19736,1500,15044,9
B22725,L22725,P150,2026-08-03,16965,1500,13283,6
B22732,L22732,P139,2026-08-19,22666,1500,19080,12
B22752,L22752,P005,2026-08-05,19668,1000,16462,3
B22775,L22775,P101,2026-08-20,14308,1000,10895,9
B22784,L22784,P118,2026-08-17,7000,250,2603,9
B22793,L22793,P057,2026-08-15,17123,1000,13683,6
B22798,L22798,P072,2026-08-05,15006,1000,11014,12
B22806,L22806,P093,2026-08-12,21871,0,18042,6
B22809,L22809,P099,2026-08-19,10487,250,6595,12
B22814,L22814,P013,2026-08-04,12222,2000,7666,6
B22815,L22815,P013,2026-08-25,12222,1500,8624,6
B22819,L22819,P112,2026-07-30,7000,0,4209,3
B22821,L22821,P114,2026-08-22,15072,250,12871,9
B22832,L22832,P055,2026-07-29,23456,1500,17884,6
B22837,L22837,P017,2026-08-24,18613,750,15407,12
B22843,L22843,P136,2026-08-23,19286,0,15457,6
B22858,L22858,P078,2026-08-15,13010,2000,7204,3
B22859,L22859,P092,2026-08-04,11784,500,7550,3
B22865,L22865,P036,2026-08-21,14825,750,10368,9
B22874,L22874,P084,2026-08-14,15727,250,11752,9
B22881,L22881,P027,2026-08-15,11309,250,7973,3
B22882,L22882,P061,2026-08-25,11161,750,6595,6
B22889,L22889,P111,2026-08-01,12107,750,8955,6
B22890,L22890,P037,2026-08-05,17698,0,15628,9
B22897,L22897,P042,2026-08-02,13832,500,10702,9
B22899,L22899,P109,2026-08-26,21546,250,18487,12
B22913,L22913,P030,2026-08-27,14985,2000,9933,12
B22925,L22925,P128,2026-08-06,18268,0,15605,12
B22943,L22943,P026,2026-08-06,9214,1500,5627,9
B22956,L22956,P067,2026-08-05,24928,1000,20630,9
B22959,L22959,P120,2026-08-27,9819,1500,6367,6
B22960,L22960,P143,2026-08-14,11321,1500,7367,3
B22985,L22985,P087,2026-08-06,20280,2000,14087,12
B22986,L22986,P062,2026-08-21,14779,2000,10668,12
B22992,L22992,P149,2026-08-10,17441,750,13373,9
B22996,L22996,P039,2026-08-08,13645,750,11008,6
B22998,L22998,P065,2026-08-06,24872,1000,21953,3
B23000,L23000,P035,2026-08-06,22765,750,19188,9
B23002,L23002,P031,2026-08-25,23746,1000,19518,3
B23004,L23004,P068,2026-07-30,13174,0,10245,3
B23014,L23014,P067,2026-08-11,24928,250,22130,3
B23026,L23026,P052,2026-08-26,11793,500,7779,6
B23027,L23027,P060,2026-08-12,17017,500,13040,12
B23030,L23030,P032,2026-08-14,18325,250,15792,9
B23035,L23035,P062,2026-08-07,14779,1500,10324,3
B23039,L23039,P136,2026-08-18,19286,0,15371,9
B23040,L23040,P117,2026-08-05,18792,0,15063,12
B23048,L23048,P138,2026-08-03,17123,1500,12378,3
B23053,L23053,P099,2026-08-04,10487,750,7662,12
B23055,L23055,P066,2026-08-20,23953,0,20415,6
B23061,L23061,P086,2026-07-30,9572,2000,4674,6
B23062,L23062,P091,2026-08-10,13813,250,9583,6
B23066,L23066,P086,2026-08-23,9572,250,6973,12
B23074,L23074,P037,2026-08-11,17698,750,13476,3
B23077,L23077,P054,2026-08-26,14040,1000,10881,6
B23078,L23078,P027,2026-08-10,11309,1000,8154,3
B23095,L23095,P052,2026-08-16,11793,1000,8585,9
B23112,L23112,P010,2026-08-01,17539,2000,11889,6
B23123,L23123,P072,2026-08-11,15006,0,11633,9
B23125,L23125,P007,2026-08-15,19689,750,17019,6
B23126,L23126,P059,2026-08-04,12859,500,10121,9
B23128,L23128,P109,2026-08-12,21546,500,18239,12
B23129,L23129,P072,2026-08-10,15006,1000,11596,6
B23136,L23136,P009,2026-08-25,12702,250,8414,3
B23137,L23137,P114,2026-08-08,15072,2000,9029,3
B23142,L23142,P006,2026-07-29,12546,500,9213,12
B23147,L23147,P081,2026-08-14,27412,750,23746,9
B23161,L23161,P117,2026-07-28,18792,1000,15563,12
B23162,L23162,P117,2026-08-08,18792,0,16604,3
B23163,L23163,P030,2026-08-14,14985,250,11468,6
B23178,L23178,P036,2026-08-14,14825,500,12081,3
B23181,L23181,P039,2026-08-14,13645,1500,8037,12
B23187,L23187,P033,2026-08-13,17728,750,14838,12
B23205,L23205,P128,2026-08-25,18268,750,13521,9
B23209,L23209,P027,2026-08-08,11309,500,6937,3
B23210,L23210,P124,2026-08-10,20110,0,16626,6
B23211,L23211,P007,2026-07-29,19689,2000,15572,9
B23229,L23229,P093,2026-08-09,21871,1500,17809,3
B23233,L23233,P140,2026-08-27,18612,1000,15146,6
B23236,L23236,P114,2026-07-29,15072,1000,11714,9
B23237,L23237,P137,2026-08-22,27265,2000,23138,9
B23248,L23248,P075,2026-08-19,9508,1500,4677,3
B23249,L23249,P135,2026-08-15,18975,500,15732,12
B23256,L23256,P111,2026-08-05,12107,1500,6536,3
B23260,L23260,P149,2026-08-07,17441,2000,12524,9
B23267,L23267,P145,2026-08-04,14789,250,12342,12
B23280,L23280,P143,2026-07-28,11321,0,7653,3
B23286,L23286,P132,2026-08-07,19201,750,15463,12
B23287,L23287,P101,2026-07-28,14308,1000,10829,12
B23289,L23289,P076,2026-08-05,12508,750,8444,3
B23295,L23295,P143,2026-08-12,11321,1000,7979,9
B23296,L23296,P107,2026-08-06,16981,750,12794,12
B23302,L23302,P011,2026-08-25,15510,250,12803,3
B23311,L23311,P056,2026-08-02,18606,250,15512,3
B23314,L23314,P084,2026-08-05,15727,0,11919,12
B23324,L23324,P027,2026-08-13,11309,250,8187,6
B23328,L23328,P029,2026-08-26,23462,0,19992,12
B23339,L23339,P041,2026-08-15,16025,500,12057,9
B23345,L23345,P027,2026-08-17,11309,2000,7445,6
B23351,L23351,P075,2026-08-04,9508,500,6422,3
B23355,L23355,P021,2026-08-27,15644,2000,9875,9
B23364,L23364,P040,2026-08-21,9878,1500,4436,3
B23370,L23370,P070,2026-08-24,23048,750,20265,9
B23393,L23393,P073,2026-08-08,19821,2000,14443,9
B23394,L23394,P093,2026-08-04,21871,1000,18007,3
B23402,L23402,P139,2026-08-02,22666,750,18523,6
B23406,L23406,P101,2026-08-12,14308,0,11670,6
B23412,L23412,P128,2026-08-11,18268,250,15054,9
B23422,L23422,P061,2026-08-01,11161,1500,5584,12
B23428,L23428,P073,2026-08-04,19821,2000,14842,9
B23438,L23438,P012,2026-08-08,16073,1000,12497,6
B23440,L23440,P025,2026-08-26,16893,1500,12290,9
B23442,L23442,P057,2026-08-09,17123,500,14394,6
B23443,L23443,P119,2026-08-26,16718,1000,13409,3
B23450,L23450,P081,2026-08-27,27412,2000,21644,12
B23458,L23458,P091,2026-08-15,13813,1500,9685,12
B23475,L23475,P010,2026-08-04,17539,1000,13932,6
B23485,L23485,P141,2026-08-03,16432,500,12552,9
B23488,L23488,P076,2026-08-06,12508,1000,7927,12
B23491,L23491,P074,2026-08-26,22374,250,19154,6
B23493,L23493,P030,2026-08-14,14985,0,12784,12
B23494,L23494,P008,2026-07-28,17274,1000,12777,9
B23513,L23513,P069,2026-08-11,11324,500,7670,9
B23524,L23524,P078,2026-08-08,13010,1500,7616,9
B23528,L23528,P143,2026-07-28,11321,1500,7449,3
B23533,L23533,P052,2026-08-13,11793,0,8915,9
B23535,L23535,P117,2026-08-08,18792,250,16110,6
B23541,L23541,P117,2026-07-29,18792,250,14935,6
B23544,L23544,P127,2026-08-04,23836,2000,18179,3
B23558,L23558,P033,2026-08-24,17728,1500,12747,6
B23563,L23563,P072,2026-08-05,15006,0,12274,9
B23564,L23564,P133,2026-08-09,21979,1000,18347,9
B23565,L23565,P013,2026-08-24,12222,0,10116,3
B23566,L23566,P008,2026-08-14,17274,750,13857,9
B23573,L23573,P123,2026-08-19,24193,1500,19877,6
B23586,L23586,P030,2026-08-25,14985,1500,10191,6
B23593,L23593,P018,2026-08-06,17004,1500,12986,12
B23595,L23595,P125,2026-07-30,13109,0,10976,9
B23598,L23598,P108,2026-08-17,23811,0,20094,3
B23609,L23609,P051,2026-08-27,16692,1000,11864,3
B23619,L23619,P105,2026-08-16,19224,0,17040,9
B23637,L23637,P117,2026-08-25,18792,750,15083,6
B23641,L23641,P148,2026-08-14,9723,750,7027,3
B23644,L23644,P008,2026-08-05,17274,750,13470,12
B23654,L23654,P068,2026-08-12,13174,250,10613,9
B23657,L23657,P114,2026-08-18,15072,500,12147,12
B23663,L23663,P054,2026-08-17,14040,0,11154,12
B23664,L23664,P050,2026-08-23,24296,500,21830,9
B23671,L23671,P051,2026-08-09,16692,1000,11978,12
B23674,L23674,P129,2026-08-02,8152,0,4086,3
B23676,L23676,P114,2026-08-15,15072,0,12358,9
B23682,L23682,P064,2026-08-27,12710,500,10315,12
B23685,L23685,P043,2026-08-03,17350,1500,12338,9
B23686,L23686,P040,2026-08-06,9878,0,7378,3
B23692,L23692,P018,2026-08-06,17004,0,13365,9
B23695,L23695,P036,2026-08-18,14825,500,10962,12
B23698,L23698,P097,2026-08-04,18646,1500,13061,3
B23699,L23699,P127,2026-08-14,23836,0,21574,12
B23700,L23700,P049,2026-08-18,24116,250,21195,3
B23702,L23702,P031,2026-08-24,23746,1500,19665,6
B23708,L23708,P061,2026-08-25,11161,1500,6699,12
B23720,L23720,P077,2026-08-08,10514,1500,5430,3
B23721,L23721,P032,2026-08-26,18325,250,14625,9
B23725,L23725,P008,2026-08-23,17274,500,13925,9
B23728,L23728,P087,2026-08-09,20280,1000,16183,3
B23729,L23729,P131,2026-08-16,20625,250,16667,9
B23730,L23730,P016,2026-08-05,20341,2000,14786,9
B23735,L23735,P008,2026-08-12,17274,500,14699,9
B23737,L23737,P134,2026-08-12,21593,250,18544,3
B23738,L23738,P030,2026-08-12,14985,500,11744,12
B23740,L23740,P139,2026-08-09,22666,2000,17474,9
B23756,L23756,P064,2026-08-10,12710,750,8831,12
B23757,L23757,P122,2026-08-15,10154,1500,5487,6
B23761,L23761,P015,2026-08-27,13533,750,9192,3
B23773,L23773,P070,2026-08-12,23048,1000,18751,12
B23784,L23784,P066,2026-07-29,23953,250,21304,6
B23789,L23789,P117,2026-08-07,18792,0,16565,6
B23791,L23791,P025,2026-08-14,16893,1000,13645,9
B23798,L23798,P017,2026-08-16,18613,0,14997,9
B23801,L23801,P006,2026-08-01,12546,500,8999,12
B23819,L23819,P056,2026-08-21,18606,500,15142,12
B23820,L23820,P015,2026-08-23,13533,1000,8765,9
B23826,L23826,P054,2026-08-22,14040,1000,10422,6
B23841,L23841,P114,2026-08-12,15072,1500,11065,6
B23843,L23843,P145,2026-08-11,14789,250,10719,6
B23848,L23848,P084,2026-08-07,15727,0,13060,9
B23850,L23850,P118,2026-08-16,7000,0,3476,9
B23853,L23853,P003,2026-08-21,12507,500,9349,6
B23858,L23858,P017,2026-08-21,18613,0,16426,12
B23867,L23867,P135,2026-08-06,18975,0,16657,3
B23869,L23869,P059,2026-08-19,12859,2000,8802,12
B23870,L23870,P141,2026-08-01,16432,0,14508,12
B23874,L23874,P046,2026-08-26,27157,500,24489,3
B23875,L23875,P089,2026-08-14,13807,2000,8138,12
B23878,L23878,P101,2026-07-31,14308,2000,10080,3
B23887,L23887,P118,2026-08-02,7000,250,3616,12
B23888,L23888,P143,2026-08-06,11321,250,7693,6
B23918,L23918,P100,2026-08-05,17109,500,12523,9
B23921,L23921,P003,2026-08-07,12507,0,10657,6
B23938,L23938,P074,2026-08-23,22374,1000,17207,9
B23956,L23956,P029,2026-08-18,23462,2000,18478,9
B23957,L23957,P094,2026-08-07,13343,2000,8447,3
B23961,L23961,P050,2026-08-22,24296,1500,19551,6
B23965,L23965,P006,2026-08-11,12546,1500,8669,9
B23968,L23968,P009,2026-07-31,12702,500,9675,12
B23985,L23985,P147,2026-08-10,16416,0,13960,6
B23986,L23986,P088,2026-08-20,10698,250,6994,12
B23991,L23991,P090,2026-08-08,10494,500,6777,6
B24006,L24006,P149,2026-08-16,17441,0,14636,3
B24007,L24007,P131,2026-08-17,20625,750,16266,9
B24012,L24012,P016,2026-08-18,20341,0,16325,3
B24018,L24018,P128,2026-08-05,18268,750,15084,6
B24022,L24022,P088,2026-08-08,10698,1500,6720,6
B24024,L24024,P110,2026-08-08,11789,2000,6254,6
B24030,L24030,P120,2026-08-15,9819,1000,5546,9
B24032,L24032,P086,2026-08-18,9572,750,5183,9
B24041,L24041,P084,2026-08-11,15727,0,12713,6
B24044,L24044,P014,2026-08-11,26554,250,22233,6
B24046,L24046,P063,2026-08-01,27417,250,23994,6
B24048,L24048,P031,2026-08-17,23746,1000,19124,6
B24050,L24050,P025,2026-08-16,16893,0,13894,12
B24059,L24059,P022,2026-08-21,9811,500,5408,6
B24068,L24068,P103,2026-08-15,18204,500,14777,3
B24072,L24072,P041,2026-08-16,16025,1500,11313,3
B24078,L24078,P132,2026-08-10,19201,250,16386,12
B24100,L24100,P130,2026-08-25,14864,500,11142,9
B24102,L24102,P027,2026-08-02,11309,500,8866,3
B24104,L24104,P136,2026-08-20,19286,750,16583,3
B24111,L24111,P072,2026-08-01,15006,1500,10889,6
B24115,L24115,P024,2026-08-20,12351,500,8540,9
B24119,L24119,P008,2026-08-05,17274,1000,14394,9
B24123,L24123,P043,2026-08-15,17350,1500,11882,12
B24125,L24125,P084,2026-08-09,15727,1500,11285,3
B24130,L24130,P131,2026-08-20,20625,500,17992,6
B24134,L24134,P057,2026-08-18,17123,1500,13611,3
B24135,L24135,P042,2026-08-11,13832,250,11192,9
B24138,L24138,P100,2026-08-17,17109,250,13996,9
B24149,L24149,P050,2026-08-26,24296,500,21495,12
B24154,L24154,P063,2026-08-13,27417,0,25487,9
B24155,L24155,P118,2026-08-14,7000,1500,1515,12
B24160,L24160,P030,2026-08-01,14985,2000,9063,3
B24163,L24163,P086,2026-08-06,9572,1000,6159,12
B24165,L24165,P029,2026-08-14,23462,750,19743,6
B24166,L24166,P008,2026-08-14,17274,2000,11764,12
B24186,L24186,P126,2026-08-01,7726,1500,3859,12
B24200,L24200,P060,2026-08-11,17017,1000,12402,9
B24201,L24201,P057,2026-07-30,17123,0,13454,6
B24208,L24208,P020,2026-07-28,12900,1000,9239,12
B24213,L24213,P063,2026-08-22,27417,250,23231,3
B24223,L24223,P043,2026-08-19,17350,750,13675,3
B24225,L24225,P037,2026-08-10,17698,0,13611,12
B24226,L24226,P121,2026-08-15,21858,2000,16525,12
B24228,L24228,P029,2026-08-15,23462,1500,19299,12
B24229,L24229,P091,2026-07-30,13813,250,9482,9
B24236,L24236,P052,2026-08-20,11793,1000,7284,3
B24248,L24248,P129,2026-08-03,8152,250,5533,6
B24257,L24257,P027,2026-08-03,11309,2000,5580,12
B24259,L24259,P018,2026-08-10,17004,250,13571,12
B24266,L24266,P104,2026-08-18,8067,250,5892,9
B24274,L24274,P103,2026-08-16,18204,250,14420,12
B24277,L24277,P095,2026-08-15,7000,1000,2276,12
B24297,L24297,P072,2026-08-12,15006,250,11881,12
B24301,L24301,P132,2026-08-27,19201,750,15808,6
B24313,L24313,P056,2026-07-28,18606,500,13976,6
B24315,L24315,P079,2026-07-30,7000,1000,2498,3
B24317,L24317,P066,2026-08-08,23953,0,21284,3
B24318,L24318,P026,2026-08-09,9214,750,5910,6
B24326,L24326,P140,2026-08-11,18612,2000,13539,6
B24329,L24329,P084,2026-08-05,15727,2000,11492,12
B24336,L24336,P040,2026-08-27,9878,0,6179,6
B24339,L24339,P025,2026-08-10,16893,1500,12182,6
B24341,L24341,P022,2026-07-29,9811,750,6091,6
B24342,L24342,P118,2026-08-20,7000,1000,3834,6
B24344,L24344,P101,2026-07-30,14308,0,11230,3
B24345,L24345,P120,2026-07-30,9819,1500,5859,3
B24347,L24347,P059,2026-08-04,12859,750,9154,9
B24354,L24354,P117,2026-08-09,18792,250,15365,6
B24356,L24356,P032,2026-07-30,18325,250,15308,12
B24361,L24361,P068,2026-07-31,13174,0,9188,3
B24365,L24365,P109,2026-08-23,21546,500,17649,9
B24373,L24373,P019,2026-07-30,10732,0,6762,3
B24375,L24375,P134,2026-08-05,21593,750,18407,12
B24379,L24379,P071,2026-07-30,18475,0,16168,9
B24389,L24389,P121,2026-08-05,21858,2000,16434,3
B24395,L24395,P020,2026-08-19,12900,1000,8412,6
B24400,L24400,P026,2026-08-15,9214,250,6555,6
B24404,L24404,P064,2026-08-05,12710,1000,7860,6
B24405,L24405,P133,2026-08-02,21979,2000,15787,9
B24409,L24409,P138,2026-08-20,17123,250,13112,12
B24415,L24415,P043,2026-08-18,17350,750,13291,9
B24419,L24419,P059,2026-08-18,12859,0,10529,9
B24421,L24421,P010,2026-08-26,17539,1000,14362,3
B24426,L24426,P063,2026-07-30,27417,500,24318,9
B24428,L24428,P064,2026-08-23,12710,0,8923,3
B24431,L24431,P086,2026-08-04,9572,750,5692,9
B24434,L24434,P126,2026-08-21,7726,750,5008,9
B24439,L24439,P130,2026-08-02,14864,500,11482,9
B24466,L24466,P036,2026-08-16,14825,1500,10191,9
B24471,L24471,P012,2026-08-01,16073,750,11433,9
B24473,L24473,P106,2026-08-05,24521,750,19732,9
B24482,L24482,P010,2026-08-03,17539,0,15192,12
B24502,L24502,P147,2026-08-23,16416,1500,11635,9
B24515,L24515,P008,2026-08-20,17274,0,14090,3
B24519,L24519,P137,2026-08-19,27265,250,24255,6
B24524,L24524,P010,2026-08-26,17539,250,15414,6
B24528,L24528,P124,2026-08-06,20110,2000,15715,6
B24536,L24536,P112,2026-08-03,7000,500,3559,12
B24537,L24537,P015,2026-08-02,13533,250,9899,12
B24539,L24539,P117,2026-08-05,18792,1500,15047,9
B24546,L24546,P020,2026-08-02,12900,250,10420,12
B24549,L24549,P130,2026-08-01,14864,2000,8874,9
B24554,L24554,P132,2026-08-19,19201,1500,14927,12
B24562,L24562,P136,2026-08-13,19286,0,16578,9
B24568,L24568,P146,2026-07-28,19768,0,17347,3
B24570,L24570,P106,2026-08-20,24521,2000,20413,6
B24574,L24574,P044,2026-07-31,25547,0,21801,6
B24591,L24591,P066,2026-08-20,23953,750,20872,3
B24592,L24592,P065,2026-08-15,24872,1500,20962,6
B24616,L24616,P067,2026-08-19,24928,500,21912,6
B24623,L24623,P073,2026-07-30,19821,1500,14970,9
B24635,L24635,P022,2026-08-15,9811,1500,6315,6
B24638,L24638,P130,2026-08-22,14864,750,10264,12
B24641,L24641,P093,2026-08-05,21871,250,19366,12
B24645,L24645,P024,2026-07-30,12351,500,9723,12
B24646,L24646,P088,2026-08-27,10698,500,7623,3
B24648,L24648,P133,2026-08-05,21979,750,18280,9
B24649,L24649,P129,2026-08-23,8152,750,3941,6
B24650,L24650,P121,2026-08-27,21858,0,17872,6
B24669,L24669,P103,2026-08-24,18204,0,14069,3
B24683,L24683,P085,2026-08-07,10322,1500,5884,3
B24685,L24685,P042,2026-07-29,13832,2000,8761,6
B24689,L24689,P003,2026-08-25,12507,2000,7991,3
B24704,L24704,P118,2026-08-14,7000,500,2771,3
B24706,L24706,P119,2026-08-02,16718,1500,12817,9
B24716,L24716,P077,2026-07-29,10514,750,6565,9
B24726,L24726,P097,2026-08-08,18646,1000,13978,6
B24731,L24731,P128,2026-08-22,18268,250,14314,12
B24743,L24743,P130,2026-08-25,14864,2000,10880,9
B24744,L24744,P150,2026-08-10,16965,1000,12493,6
B24745,L24745,P049,2026-08-27,24116,750,19282,9
B24752,L24752,P101,2026-08-19,14308,1500,8681,12
B24755,L24755,P124,2026-08-24,20110,1500,16766,6
B24765,L24765,P005,2026-08-12,19668,750,15758,9
B24771,L24771,P104,2026-08-21,8067,2000,4077,6
B24775,L24775,P098,2026-08-08,21833,500,19307,12
B24785,L24785,P045,2026-08-19,15690,0,11507,6
B24790,L24790,P016,2026-07-31,20341,2000,15220,9
B24795,L24795,P110,2026-08-09,11789,1000,8661,9
B24799,L24799,P053,2026-08-23,18751,1000,15474,9
B24802,L24802,P130,2026-08-27,14864,750,10528,3
B24810,L24810,P041,2026-08-23,16025,2000,10764,6
B24817,L24817,P129,2026-08-15,8152,1000,3557,12
B24818,L24818,P052,2026-07-28,11793,250,8530,9
B24839,L24839,P016,2026-07-29,20341,750,16568,3
B24841,L24841,P011,2026-07-30,15510,250,12119,3
B24846,L24846,P017,2026-08-01,18613,2000,14489,3
B24848,L24848,P109,2026-08-26,21546,1500,15934,3
B24852,L24852,P104,2026-08-25,8067,1500,4365,9
B24856,L24856,P129,2026-08-03,8152,1500,3489,3
B24862,L24862,P090,2026-08-16,10494,250,7769,12
B24863,L24863,P143,2026-08-05,11321,250,8973,9
B24865,L24865,P023,2026-07-28,12884,1000,9570,9
B24868,L24868,P086,2026-08-21,9572,2000,4673,6
B24871,L24871,P120,2026-08-15,9819,250,6860,6
B24874,L24874,P098,2026-08-06,21833,0,19396,3
B24877,L24877,P085,2026-08-02,10322,0,6317,3
B24889,L24889,P046,2026-08-20,27157,250,23780,3
B24895,L24895,P127,2026-08-16,23836,500,21070,3
B24896,L24896,P008,2026-08-24,17274,0,14112,9
B24898,L24898,P079,2026-08-12,7000,250,4488,9
B24905,L24905,P064,2026-07-31,12710,1500,7956,9
B24919,L24919,P018,2026-08-15,17004,1000,12694,9
B24924,L24924,P131,2026-07-28,20625,0,17727,3
B24932,L24932,P136,2026-08-03,19286,2000,14489,12
B24937,L24937,P101,2026-08-21,14308,1000,10223,6
B24939,L24939,P076,2026-08-07,12508,2000,6563,12
B24943,L24943,P031,2026-08-01,23746,1000,19318,9
B24951,L24951,P080,2026-08-22,15583,0,12888,3
B24956,L24956,P052,2026-08-12,11793,500,8935,12
B24960,L24960,P043,2026-08-17,17350,1000,13680,3
B24964,L24964,P147,2026-08-02,16416,1000,12195,6
B24965,L24965,P141,2026-07-31,16432,0,14123,6
B24971,L24971,P136,2026-08-11,19286,1500,13827,12
B24975,L24975,P026,2026-08-24,9214,1500,5444,9
B24980,L24980,P110,2026-08-10,11789,250,8677,12
B24991,L24991,P146,2026-08-12,19768,750,15612,6
B24994,L24994,P001,2026-08-25,13157,1500,8397,12
B24998,L24998,P149,2026-08-27,17441,1000,13608,3
