Date,Property_ID,Total_Beds,Occupied_Beds,Available_Beds,Occupancy_Rate,Expected_Moveouts_7d,Days_Vacant
2026-04-30,P001,334,311,23,0.9311,2,5
2026-05-01,P001,334,314,20,0.9401,1,37
2026-05-02,P001,334,327,7,0.979,0,60
2026-05-03,P001,334,322,12,0.9641,3,65
2026-05-04,P001,334,318,16,0.9521,0,54
2026-05-05,P001,334,326,8,0.976,1,28
2026-05-06,P001,334,327,7,0.979,1,12
2026-05-07,P001,334,323,11,0.9671,1,13
2026-05-08,P001,334,327,7,0.979,2,7
2026-05-09,P001,334,327,7,0.979,0,57
2026-05-10,P001,334,327,7,0.979,1,56
2026-05-11,P001,334,327,7,0.979,2,46
2026-05-12,P001,334,327,7,0.979,0,4
2026-05-13,P001,334,321,13,0.9611,2,20
2026-05-14,P001,334,322,12,0.9641,0,17
2026-05-15,P001,334,313,21,0.9371,1,4
2026-05-16,P001,334,316,18,0.9461,0,34
2026-05-17,P001,334,320,14,0.9581,2,56
2026-05-18,P001,334,301,33,0.9012,5,60
2026-05-19,P001,334,304,30,0.9102,2,39
2026-05-20,P001,334,309,25,0.9251,0,54
2026-05-21,P001,334,295,39,0.8832,4,64
2026-05-22,P001,334,307,27,0.9192,4,52
2026-05-23,P001,334,301,33,0.9012,1,0
2026-05-24,P001,334,314,20,0.9401,6,28
2026-05-25,P001,334,321,13,0.9611,0,28
2026-05-26,P001,334,317,17,0.9491,7,35
2026-05-27,P001,334,311,23,0.9311,3,65
2026-05-28,P001,334,319,15,0.9551,7,63
2026-05-29,P001,334,324,10,0.9701,2,59
2026-05-30,P001,334,323,11,0.9671,1,38
2026-05-31,P001,334,323,11,0.9671,0,26
2026-06-01,P001,334,327,7,0.979,1,22
2026-06-02,P001,334,327,7,0.979,3,60
2026-06-03,P001,334,326,8,0.976,0,31
2026-06-04,P001,334,327,7,0.979,0,10
2026-06-05,P001,334,327,7,0.979,3,65
2026-06-06,P001,334,327,7,0.979,3,32
2026-06-07,P001,334,325,9,0.9731,4,37
2026-06-08,P001,334,327,7,0.979,3,25
2026-06-09,P001,334,327,7,0.979,0,27
2026-06-10,P001,334,324,10,0.9701,1,46
2026-06-11,P001,334,327,7,0.979,3,62
2026-06-12,P001,334,318,16,0.9521,2,21
2026-06-13,P001,334,327,7,0.979,3,47
2026-06-14,P001,334,327,7,0.979,4,32
2026-06-15,P001,334,316,18,0.9461,1,8
2026-06-16,P001,334,321,13,0.9611,1,49
2026-06-17,P001,334,318,16,0.9521,4,56
2026-06-18,P001,334,313,21,0.9371,1,46
2026-06-19,P001,334,313,21,0.9371,3,51
2026-06-20,P001,334,310,24,0.9281,2,2
2026-06-21,P001,334,305,29,0.9132,0,9
2026-06-22,P001,334,315,19,0.9431,1,32
2026-06-23,P001,334,311,23,0.9311,5,42
2026-06-24,P001,334,323,11,0.9671,0,64
2026-06-25,P001,334,325,9,0.9731,0,13
2026-06-26,P001,334,327,7,0.979,1,63
2026-06-27,P001,334,326,8,0.976,2,33
2026-06-28,P001,334,327,7,0.979,5,4
2026-06-29,P001,334,326,8,0.976,1,39
2026-06-30,P001,334,327,7,0.979,0,51
2026-07-01,P001,334,327,7,0.979,0,44
2026-07-02,P001,334,327,7,0.979,0,53
2026-07-03,P001,334,327,7,0.979,4,55
2026-07-04,P001,334,327,7,0.979,1,56
2026-07-05,P001,334,327,7,0.979,0,26
2026-07-06,P001,334,327,7,0.979,1,49
2026-07-07,P001,334,327,7,0.979,5,0
2026-07-08,P001,334,327,7,0.979,0,65
2026-07-09,P001,334,327,7,0.979,2,64
2026-07-10,P001,334,327,7,0.979,1,50
2026-07-11,P001,334,327,7,0.979,2,20
2026-07-12,P001,334,327,7,0.979,0,52
2026-07-13,P001,334,327,7,0.979,0,16
2026-07-14,P001,334,319,15,0.9551,3,2
2026-07-15,P001,334,327,7,0.979,1,11
2026-07-16,P001,334,327,7,0.979,0,25
2026-07-17,P001,334,320,14,0.9581,2,11
2026-07-18,P001,334,321,13,0.9611,1,9
2026-07-19,P001,334,322,12,0.9641,0,29
2026-07-20,P001,334,323,11,0.9671,0,4
2026-07-21,P001,334,327,7,0.979,0,56
2026-07-22,P001,334,327,7,0.979,4,28
2026-07-23,P001,334,327,7,0.979,2,46
2026-07-24,P001,334,322,12,0.9641,0,40
2026-07-25,P001,334,323,11,0.9671,1,10
2026-07-26,P001,334,321,13,0.9611,0,15
2026-07-27,P001,334,327,7,0.979,1,37
2026-07-28,P001,334,326,8,0.976,2,19
2026-07-29,P001,334,327,7,0.979,3,16
2026-07-30,P001,334,327,7,0.979,0,8
2026-07-31,P001,334,327,7,0.979,1,12
2026-08-01,P001,334,327,7,0.979,0,32
2026-08-02,P001,334,327,7,0.979,0,24
2026-08-03,P001,334,327,7,0.979,3,14
2026-08-04,P001,334,327,7,0.979,0,24
2026-08-05,P001,334,327,7,0.979,2,9
2026-08-06,P001,334,327,7,0.979,4,8
2026-08-07,P001,334,327,7,0.979,2,0
2026-08-08,P001,334,327,7,0.979,0,25
2026-08-09,P001,334,327,7,0.979,0,10
2026-08-10,P001,334,327,7,0.979,0,28
2026-08-11,P001,334,327,7,0.979,0,34
2026-08-12,P001,334,327,7,0.979,0,1
2026-08-13,P001,334,327,7,0.979,2,28
2026-08-14,P001,334,327,7,0.979,2,32
2026-08-15,P001,334,327,7,0.979,1,30
2026-08-16,P001,334,327,7,0.979,1,11
2026-08-17,P001,334,327,7,0.979,1,9
2026-08-18,P001,334,327,7,0.979,2,40
2026-08-19,P001,334,327,7,0.979,0,18
2026-08-20,P001,334,327,7,0.979,0,24
2026-08-21,P001,334,323,11,0.9671,0,7
2026-08-22,P001,334,327,7,0.979,0,51
2026-08-23,P001,334,327,7,0.979,2,34
2026-08-24,P001,334,327,7,0.979,0,6
2026-08-25,P001,334,327,7,0.979,1,63
2026-08-26,P001,334,327,7,0.979,1,64
2026-08-27,P001,334,327,7,0.979,0,26
2026-04-30,P002,394,257,137,0.6523,17,41
2026-05-01,P002,394,260,134,0.6599,13,25
2026-05-02,P002,394,257,137,0.6523,16,21
2026-05-03,P002,394,265,129,0.6726,15,39
2026-05-04,P002,394,274,120,0.6954,12,37
2026-05-05,P002,394,274,120,0.6954,15,13
2026-05-06,P002,394,271,123,0.6878,19,57
2026-05-07,P002,394,263,131,0.6675,22,44
2026-05-08,P002,394,281,113,0.7132,14,51
2026-05-09,P002,394,273,121,0.6929,14,52
2026-05-10,P002,394,272,122,0.6904,14,6
2026-05-11,P002,394,273,121,0.6929,14,29
2026-05-12,P002,394,255,139,0.6472,17,19
2026-05-13,P002,394,262,132,0.665,16,25
2026-05-14,P002,394,246,148,0.6244,17,3
2026-05-15,P002,394,275,119,0.698,14,61
2026-05-16,P002,394,257,137,0.6523,15,10
2026-05-17,P002,394,265,129,0.6726,13,13
2026-05-18,P002,394,260,134,0.6599,19,65
2026-05-19,P002,394,251,143,0.6371,18,37
2026-05-20,P002,394,247,147,0.6269,20,20
2026-05-21,P002,394,254,140,0.6447,15,46
2026-05-22,P002,394,250,144,0.6345,17,7
2026-05-23,P002,394,253,141,0.6421,17,52
2026-05-24,P002,394,256,138,0.6497,16,45
2026-05-25,P002,394,255,139,0.6472,16,31
2026-05-26,P002,394,245,149,0.6218,15,49
2026-05-27,P002,394,255,139,0.6472,14,5
2026-05-28,P002,394,246,148,0.6244,15,37
2026-05-29,P002,394,262,132,0.665,14,24
2026-05-30,P002,394,275,119,0.698,16,18
2026-05-31,P002,394,278,116,0.7056,11,8
2026-06-01,P002,394,276,118,0.7005,14,64
2026-06-02,P002,394,276,118,0.7005,14,46
2026-06-03,P002,394,276,118,0.7005,14,47
2026-06-04,P002,394,287,107,0.7284,9,27
2026-06-05,P002,394,272,122,0.6904,14,42
2026-06-06,P002,394,282,112,0.7157,12,30
2026-06-07,P002,394,291,103,0.7386,11,65
2026-06-08,P002,394,298,96,0.7563,10,59
2026-06-09,P002,394,270,124,0.6853,19,52
2026-06-10,P002,394,280,114,0.7107,14,51
2026-06-11,P002,394,273,121,0.6929,11,44
2026-06-12,P002,394,272,122,0.6904,17,45
2026-06-13,P002,394,287,107,0.7284,14,42
2026-06-14,P002,394,266,128,0.6751,15,33
2026-06-15,P002,394,266,128,0.6751,17,31
2026-06-16,P002,394,256,138,0.6497,18,19
2026-06-17,P002,394,262,132,0.665,15,19
2026-06-18,P002,394,260,134,0.6599,16,61
2026-06-19,P002,394,246,148,0.6244,18,56
2026-06-20,P002,394,256,138,0.6497,18,31
2026-06-21,P002,394,263,131,0.6675,14,38
2026-06-22,P002,394,247,147,0.6269,17,18
2026-06-23,P002,394,265,129,0.6726,16,65
2026-06-24,P002,394,252,142,0.6396,15,42
2026-06-25,P002,394,262,132,0.665,16,64
2026-06-26,P002,394,261,133,0.6624,16,58
2026-06-27,P002,394,265,129,0.6726,14,44
2026-06-28,P002,394,269,125,0.6827,15,27
2026-06-29,P002,394,279,115,0.7081,15,27
2026-06-30,P002,394,294,100,0.7462,9,25
2026-07-01,P002,394,284,110,0.7208,12,14
2026-07-02,P002,394,276,118,0.7005,11,43
2026-07-03,P002,394,285,109,0.7234,12,41
2026-07-04,P002,394,301,93,0.764,13,28
2026-07-05,P002,394,284,110,0.7208,12,53
2026-07-06,P002,394,288,106,0.731,14,31
2026-07-07,P002,394,278,116,0.7056,17,58
2026-07-08,P002,394,282,112,0.7157,14,61
2026-07-09,P002,394,290,104,0.736,11,44
2026-07-10,P002,394,289,105,0.7335,12,63
2026-07-11,P002,394,296,98,0.7513,14,21
2026-07-12,P002,394,280,114,0.7107,13,29
2026-07-13,P002,394,280,114,0.7107,13,48
2026-07-14,P002,394,284,110,0.7208,13,51
2026-07-15,P002,394,271,123,0.6878,15,0
2026-07-16,P002,394,269,125,0.6827,15,16
2026-07-17,P002,394,270,124,0.6853,16,10
2026-07-18,P002,394,274,120,0.6954,12,54
2026-07-19,P002,394,278,116,0.7056,13,7
2026-07-20,P002,394,262,132,0.665,16,18
2026-07-21,P002,394,264,130,0.6701,16,15
2026-07-22,P002,394,263,131,0.6675,14,32
2026-07-23,P002,394,260,134,0.6599,13,15
2026-07-24,P002,394,263,131,0.6675,18,7
2026-07-25,P002,394,269,125,0.6827,15,39
2026-07-26,P002,394,281,113,0.7132,16,28
2026-07-27,P002,394,281,113,0.7132,10,44
2026-07-28,P002,394,268,126,0.6802,21,60
2026-07-29,P002,394,289,105,0.7335,12,61
2026-07-30,P002,394,289,105,0.7335,15,30
2026-07-31,P002,394,296,98,0.7513,15,19
2026-08-01,P002,394,289,105,0.7335,13,30
2026-08-02,P002,394,296,98,0.7513,13,32
2026-08-03,P002,394,300,94,0.7614,9,61
2026-08-04,P002,394,297,97,0.7538,9,14
2026-08-05,P002,394,293,101,0.7437,9,31
2026-08-06,P002,394,305,89,0.7741,9,56
2026-08-07,P002,394,301,93,0.764,8,26
2026-08-08,P002,394,301,93,0.764,12,38
2026-08-09,P002,394,301,93,0.764,10,37
2026-08-10,P002,394,285,109,0.7234,16,30
2026-08-11,P002,394,299,95,0.7589,10,32
2026-08-12,P002,394,292,102,0.7411,10,41
2026-08-13,P002,394,295,99,0.7487,12,61
2026-08-14,P002,394,281,113,0.7132,14,30
2026-08-15,P002,394,277,117,0.703,13,17
2026-08-16,P002,394,282,112,0.7157,12,41
2026-08-17,P002,394,280,114,0.7107,14,38
2026-08-18,P002,394,271,123,0.6878,15,2
2026-08-19,P002,394,286,108,0.7259,13,52
2026-08-20,P002,394,275,119,0.698,12,16
2026-08-21,P002,394,272,122,0.6904,14,41
2026-08-22,P002,394,276,118,0.7005,12,63
2026-08-23,P002,394,282,112,0.7157,16,39
2026-08-24,P002,394,276,118,0.7005,18,33
2026-08-25,P002,394,279,115,0.7081,16,21
2026-08-26,P002,394,292,102,0.7411,11,10
2026-08-27,P002,394,284,110,0.7208,15,59
2026-04-30,P003,203,119,84,0.5862,8,27
2026-05-01,P003,203,130,73,0.6404,9,21
2026-05-02,P003,203,125,78,0.6158,11,43
2026-05-03,P003,203,128,75,0.6305,7,52
2026-05-04,P003,203,130,73,0.6404,8,34
2026-05-05,P003,203,128,75,0.6305,7,46
2026-05-06,P003,203,134,69,0.6601,11,10
2026-05-07,P003,203,134,69,0.6601,5,52
2026-05-08,P003,203,131,72,0.6453,6,18
2026-05-09,P003,203,134,69,0.6601,4,20
2026-05-10,P003,203,139,64,0.6847,10,30
2026-05-11,P003,203,127,76,0.6256,7,1
2026-05-12,P003,203,131,72,0.6453,10,45
2026-05-13,P003,203,134,69,0.6601,7,12
2026-05-14,P003,203,129,74,0.6355,8,24
2026-05-15,P003,203,126,77,0.6207,8,12
2026-05-16,P003,203,122,81,0.601,9,41
2026-05-17,P003,203,122,81,0.601,6,22
2026-05-18,P003,203,125,78,0.6158,6,2
2026-05-19,P003,203,118,85,0.5813,10,20
2026-05-20,P003,203,116,87,0.5714,11,21
2026-05-21,P003,203,116,87,0.5714,7,57
2026-05-22,P003,203,116,87,0.5714,8,44
2026-05-23,P003,203,117,86,0.5764,10,52
2026-05-24,P003,203,120,83,0.5911,9,52
2026-05-25,P003,203,128,75,0.6305,7,16
2026-05-26,P003,203,117,86,0.5764,9,37
2026-05-27,P003,203,124,79,0.6108,8,29
2026-05-28,P003,203,126,77,0.6207,10,20
2026-05-29,P003,203,129,74,0.6355,12,15
2026-05-30,P003,203,129,74,0.6355,8,55
2026-05-31,P003,203,131,72,0.6453,10,37
2026-06-01,P003,203,125,78,0.6158,7,3
2026-06-02,P003,203,134,69,0.6601,7,46
2026-06-03,P003,203,131,72,0.6453,7,6
2026-06-04,P003,203,138,65,0.6798,6,37
2026-06-05,P003,203,134,69,0.6601,6,18
2026-06-06,P003,203,136,67,0.67,6,33
2026-06-07,P003,203,135,68,0.665,8,7
2026-06-08,P003,203,134,69,0.6601,8,35
2026-06-09,P003,203,143,60,0.7044,8,61
2026-06-10,P003,203,129,74,0.6355,6,54
2026-06-11,P003,203,132,71,0.6502,8,37
2026-06-12,P003,203,137,66,0.6749,7,53
2026-06-13,P003,203,131,72,0.6453,11,15
2026-06-14,P003,203,131,72,0.6453,7,46
2026-06-15,P003,203,133,70,0.6552,5,37
2026-06-16,P003,203,125,78,0.6158,10,43
2026-06-17,P003,203,127,76,0.6256,10,32
2026-06-18,P003,203,123,80,0.6059,9,1
2026-06-19,P003,203,126,77,0.6207,4,40
2026-06-20,P003,203,122,81,0.601,9,16
2026-06-21,P003,203,121,82,0.5961,11,58
2026-06-22,P003,203,126,77,0.6207,7,28
2026-06-23,P003,203,123,80,0.6059,8,25
2026-06-24,P003,203,123,80,0.6059,8,2
2026-06-25,P003,203,124,79,0.6108,12,54
2026-06-26,P003,203,131,72,0.6453,10,31
2026-06-27,P003,203,129,74,0.6355,9,2
2026-06-28,P003,203,130,73,0.6404,9,60
2026-06-29,P003,203,132,71,0.6502,9,44
2026-06-30,P003,203,133,70,0.6552,11,6
2026-07-01,P003,203,132,71,0.6502,11,53
2026-07-02,P003,203,132,71,0.6502,11,51
2026-07-03,P003,203,135,68,0.665,8,2
2026-07-04,P003,203,140,63,0.6897,6,64
2026-07-05,P003,203,141,62,0.6946,8,15
2026-07-06,P003,203,135,68,0.665,10,51
2026-07-07,P003,203,139,64,0.6847,10,42
2026-07-08,P003,203,143,60,0.7044,5,21
2026-07-09,P003,203,142,61,0.6995,9,14
2026-07-10,P003,203,139,64,0.6847,11,50
2026-07-11,P003,203,144,59,0.7094,3,19
2026-07-12,P003,203,135,68,0.665,7,58
2026-07-13,P003,203,137,66,0.6749,10,29
2026-07-14,P003,203,134,69,0.6601,9,38
2026-07-15,P003,203,134,69,0.6601,7,56
2026-07-16,P003,203,134,69,0.6601,8,20
2026-07-17,P003,203,132,71,0.6502,3,63
2026-07-18,P003,203,134,69,0.6601,9,39
2026-07-19,P003,203,128,75,0.6305,6,22
2026-07-20,P003,203,131,72,0.6453,7,44
2026-07-21,P003,203,129,74,0.6355,9,49
2026-07-22,P003,203,124,79,0.6108,11,47
2026-07-23,P003,203,129,74,0.6355,10,24
2026-07-24,P003,203,128,75,0.6305,6,38
2026-07-25,P003,203,129,74,0.6355,8,39
2026-07-26,P003,203,137,66,0.6749,7,63
2026-07-27,P003,203,130,73,0.6404,4,11
2026-07-28,P003,203,136,67,0.67,6,64
2026-07-29,P003,203,137,66,0.6749,9,2
2026-07-30,P003,203,138,65,0.6798,8,55
2026-07-31,P003,203,139,64,0.6847,6,34
2026-08-01,P003,203,140,63,0.6897,8,12
2026-08-02,P003,203,143,60,0.7044,6,21
2026-08-03,P003,203,142,61,0.6995,8,57
2026-08-04,P003,203,141,62,0.6946,6,62
2026-08-05,P003,203,140,63,0.6897,7,4
2026-08-06,P003,203,144,59,0.7094,7,35
2026-08-07,P003,203,148,55,0.7291,8,40
2026-08-08,P003,203,140,63,0.6897,5,53
2026-08-09,P003,203,139,64,0.6847,10,39
2026-08-10,P003,203,145,58,0.7143,4,41
2026-08-11,P003,203,139,64,0.6847,8,21
2026-08-12,P003,203,139,64,0.6847,5,13
2026-08-13,P003,203,141,62,0.6946,4,36
2026-08-14,P003,203,139,64,0.6847,3,10
2026-08-15,P003,203,140,63,0.6897,6,35
2026-08-16,P003,203,131,72,0.6453,5,13
2026-08-17,P003,203,132,71,0.6502,9,53
2026-08-18,P003,203,134,69,0.6601,8,1
2026-08-19,P003,203,128,75,0.6305,6,33
2026-08-20,P003,203,128,75,0.6305,8,31
2026-08-21,P003,203,134,69,0.6601,10,59
2026-08-22,P003,203,135,68,0.665,4,44
2026-08-23,P003,203,132,71,0.6502,10,45
2026-08-24,P003,203,136,67,0.67,8,52
2026-08-25,P003,203,135,68,0.665,7,64
2026-08-26,P003,203,143,60,0.7044,8,18
2026-08-27,P003,203,140,63,0.6897,9,3
2026-04-30,P004,148,110,38,0.7432,3,52
2026-05-01,P004,148,110,38,0.7432,5,15
2026-05-02,P004,148,112,36,0.7568,3,65
2026-05-03,P004,148,110,38,0.7432,2,48
2026-05-04,P004,148,115,33,0.777,0,43
2026-05-05,P004,148,115,33,0.777,5,30
2026-05-06,P004,148,117,31,0.7905,4,23
2026-05-07,P004,148,115,33,0.777,2,4
2026-05-08,P004,148,117,31,0.7905,7,7
2026-05-09,P004,148,112,36,0.7568,3,29
2026-05-10,P004,148,118,30,0.7973,0,61
2026-05-11,P004,148,117,31,0.7905,5,31
2026-05-12,P004,148,118,30,0.7973,3,37
2026-05-13,P004,148,115,33,0.777,1,0
2026-05-14,P004,148,112,36,0.7568,0,19
2026-05-15,P004,148,110,38,0.7432,3,12
2026-05-16,P004,148,112,36,0.7568,4,2
2026-05-17,P004,148,109,39,0.7365,2,37
2026-05-18,P004,148,108,40,0.7297,7,62
2026-05-19,P004,148,105,43,0.7095,6,56
2026-05-20,P004,148,109,39,0.7365,5,20
2026-05-21,P004,148,100,48,0.6757,6,51
2026-05-22,P004,148,108,40,0.7297,5,22
2026-05-23,P004,148,107,41,0.723,5,52
2026-05-24,P004,148,105,43,0.7095,8,38
2026-05-25,P004,148,105,43,0.7095,3,9
2026-05-26,P004,148,110,38,0.7432,2,1
2026-05-27,P004,148,105,43,0.7095,3,19
2026-05-28,P004,148,114,34,0.7703,1,37
2026-05-29,P004,148,108,40,0.7297,3,8
2026-05-30,P004,148,121,27,0.8176,3,27
2026-05-31,P004,148,116,32,0.7838,4,49
2026-06-01,P004,148,119,29,0.8041,0,64
2026-06-02,P004,148,113,35,0.7635,2,53
2026-06-03,P004,148,118,30,0.7973,2,51
2026-06-04,P004,148,118,30,0.7973,4,4
2026-06-05,P004,148,117,31,0.7905,8,8
2026-06-06,P004,148,113,35,0.7635,3,53
2026-06-07,P004,148,115,33,0.777,0,56
2026-06-08,P004,148,118,30,0.7973,5,49
2026-06-09,P004,148,117,31,0.7905,3,49
2026-06-10,P004,148,118,30,0.7973,4,55
2026-06-11,P004,148,117,31,0.7905,1,61
2026-06-12,P004,148,113,35,0.7635,6,7
2026-06-13,P004,148,112,36,0.7568,4,48
2026-06-14,P004,148,116,32,0.7838,3,18
2026-06-15,P004,148,107,41,0.723,3,12
2026-06-16,P004,148,120,28,0.8108,3,28
2026-06-17,P004,148,111,37,0.75,4,27
2026-06-18,P004,148,108,40,0.7297,1,42
2026-06-19,P004,148,115,33,0.777,5,13
2026-06-20,P004,148,110,38,0.7432,6,54
2026-06-21,P004,148,108,40,0.7297,1,25
2026-06-22,P004,148,108,40,0.7297,2,60
2026-06-23,P004,148,112,36,0.7568,3,45
2026-06-24,P004,148,115,33,0.777,3,6
2026-06-25,P004,148,115,33,0.777,5,2
2026-06-26,P004,148,114,34,0.7703,5,56
2026-06-27,P004,148,111,37,0.75,4,3
2026-06-28,P004,148,110,38,0.7432,4,62
2026-06-29,P004,148,115,33,0.777,3,49
2026-06-30,P004,148,114,34,0.7703,4,56
2026-07-01,P004,148,117,31,0.7905,5,58
2026-07-02,P004,148,119,29,0.8041,1,30
2026-07-03,P004,148,120,28,0.8108,2,2
2026-07-04,P004,148,126,22,0.8514,1,16
2026-07-05,P004,148,119,29,0.8041,5,31
2026-07-06,P004,148,124,24,0.8378,3,48
2026-07-07,P004,148,125,23,0.8446,0,36
2026-07-08,P004,148,119,29,0.8041,3,45
2026-07-09,P004,148,120,28,0.8108,3,6
2026-07-10,P004,148,121,27,0.8176,0,26
2026-07-11,P004,148,120,28,0.8108,0,51
2026-07-12,P004,148,120,28,0.8108,4,54
2026-07-13,P004,148,120,28,0.8108,2,12
2026-07-14,P004,148,115,33,0.777,3,19
2026-07-15,P004,148,115,33,0.777,2,52
2026-07-16,P004,148,116,32,0.7838,8,59
2026-07-17,P004,148,116,32,0.7838,5,52
2026-07-18,P004,148,117,31,0.7905,4,62
2026-07-19,P004,148,114,34,0.7703,7,14
2026-07-20,P004,148,109,39,0.7365,5,34
2026-07-21,P004,148,113,35,0.7635,3,32
2026-07-22,P004,148,111,37,0.75,3,24
2026-07-23,P004,148,111,37,0.75,3,19
2026-07-24,P004,148,110,38,0.7432,4,42
2026-07-25,P004,148,114,34,0.7703,4,53
2026-07-26,P004,148,119,29,0.8041,5,35
2026-07-27,P004,148,115,33,0.777,4,11
2026-07-28,P004,148,118,30,0.7973,1,26
2026-07-29,P004,148,116,32,0.7838,0,10
2026-07-30,P004,148,118,30,0.7973,3,49
2026-07-31,P004,148,122,26,0.8243,3,25
2026-08-01,P004,148,119,29,0.8041,4,10
2026-08-02,P004,148,124,24,0.8378,0,14
2026-08-03,P004,148,117,31,0.7905,5,20
2026-08-04,P004,148,122,26,0.8243,5,5
2026-08-05,P004,148,117,31,0.7905,3,54
2026-08-06,P004,148,123,25,0.8311,0,6
2026-08-07,P004,148,128,20,0.8649,3,42
2026-08-08,P004,148,127,21,0.8581,1,9
2026-08-09,P004,148,125,23,0.8446,0,25
2026-08-10,P004,148,129,19,0.8716,0,45
2026-08-11,P004,148,125,23,0.8446,4,55
2026-08-12,P004,148,122,26,0.8243,3,6
2026-08-13,P004,148,122,26,0.8243,2,36
2026-08-14,P004,148,122,26,0.8243,0,14
2026-08-15,P004,148,121,27,0.8176,2,4
2026-08-16,P004,148,120,28,0.8108,1,21
2026-08-17,P004,148,118,30,0.7973,1,52
2026-08-18,P004,148,118,30,0.7973,3,39
2026-08-19,P004,148,116,32,0.7838,3,42
2026-08-20,P004,148,115,33,0.777,5,16
2026-08-21,P004,148,119,29,0.8041,6,41
2026-08-22,P004,148,116,32,0.7838,0,31
2026-08-23,P004,148,117,31,0.7905,2,11
2026-08-24,P004,148,119,29,0.8041,5,9
2026-08-25,P004,148,118,30,0.7973,3,63
2026-08-26,P004,148,112,36,0.7568,4,26
2026-08-27,P004,148,120,28,0.8108,3,60
2026-04-30,P005,419,398,21,0.9499,0,64
2026-05-01,P005,419,402,17,0.9594,2,59
2026-05-02,P005,419,401,18,0.957,2,46
2026-05-03,P005,419,409,10,0.9761,0,13
2026-05-04,P005,419,394,25,0.9403,4,0
2026-05-05,P005,419,411,8,0.9809,0,2
2026-05-06,P005,419,403,16,0.9618,2,35
2026-05-07,P005,419,411,8,0.9809,1,13
2026-05-08,P005,419,409,10,0.9761,1,11
2026-05-09,P005,419,411,8,0.9809,7,61
2026-05-10,P005,419,399,20,0.9523,1,53
2026-05-11,P005,419,395,24,0.9427,1,10
2026-05-12,P005,419,406,13,0.969,0,42
2026-05-13,P005,419,410,9,0.9785,0,9
2026-05-14,P005,419,395,24,0.9427,1,44
2026-05-15,P005,419,411,8,0.9809,1,22
2026-05-16,P005,419,398,21,0.9499,4,55
2026-05-17,P005,419,389,30,0.9284,2,51
2026-05-18,P005,419,390,29,0.9308,6,58
2026-05-19,P005,419,407,12,0.9714,3,45
2026-05-20,P005,419,388,31,0.926,4,44
2026-05-21,P005,419,401,18,0.957,1,32
2026-05-22,P005,419,391,28,0.9332,5,44
2026-05-23,P005,419,387,32,0.9236,3,51
2026-05-24,P005,419,378,41,0.9021,6,37
2026-05-25,P005,419,399,20,0.9523,2,59
2026-05-26,P005,419,381,38,0.9093,3,5
2026-05-27,P005,419,403,16,0.9618,3,32
2026-05-28,P005,419,390,29,0.9308,2,17
2026-05-29,P005,419,392,27,0.9356,2,41
2026-05-30,P005,419,406,13,0.969,2,56
2026-05-31,P005,419,400,19,0.9547,3,1
2026-06-01,P005,419,411,8,0.9809,4,10
2026-06-02,P005,419,411,8,0.9809,0,45
2026-06-03,P005,419,411,8,0.9809,1,24
2026-06-04,P005,419,411,8,0.9809,1,51
2026-06-05,P005,419,408,11,0.9737,5,35
2026-06-06,P005,419,411,8,0.9809,2,0
2026-06-07,P005,419,411,8,0.9809,0,14
2026-06-08,P005,419,411,8,0.9809,0,43
2026-06-09,P005,419,411,8,0.9809,1,11
2026-06-10,P005,419,409,10,0.9761,6,36
2026-06-11,P005,419,409,10,0.9761,2,46
2026-06-12,P005,419,410,9,0.9785,0,23
2026-06-13,P005,419,410,9,0.9785,3,56
2026-06-14,P005,419,411,8,0.9809,1,43
2026-06-15,P005,419,398,21,0.9499,5,63
2026-06-16,P005,419,401,18,0.957,1,8
2026-06-17,P005,419,395,24,0.9427,3,42
2026-06-18,P005,419,399,20,0.9523,5,57
2026-06-19,P005,419,399,20,0.9523,2,16
2026-06-20,P005,419,408,11,0.9737,0,32
2026-06-21,P005,419,397,22,0.9475,1,52
2026-06-22,P005,419,388,31,0.926,3,35
2026-06-23,P005,419,392,27,0.9356,0,4
2026-06-24,P005,419,400,19,0.9547,0,14
2026-06-25,P005,419,401,18,0.957,5,0
2026-06-26,P005,419,401,18,0.957,1,13
2026-06-27,P005,419,403,16,0.9618,0,21
2026-06-28,P005,419,411,8,0.9809,0,24
2026-06-29,P005,419,409,10,0.9761,0,30
2026-06-30,P005,419,408,11,0.9737,0,53
2026-07-01,P005,419,411,8,0.9809,0,5
2026-07-02,P005,419,404,15,0.9642,2,41
2026-07-03,P005,419,411,8,0.9809,0,31
2026-07-04,P005,419,411,8,0.9809,1,41
2026-07-05,P005,419,411,8,0.9809,1,8
2026-07-06,P005,419,409,10,0.9761,2,14
2026-07-07,P005,419,411,8,0.9809,2,11
2026-07-08,P005,419,411,8,0.9809,0,64
2026-07-09,P005,419,411,8,0.9809,0,45
2026-07-10,P005,419,411,8,0.9809,2,26
2026-07-11,P005,419,411,8,0.9809,4,47
2026-07-12,P005,419,411,8,0.9809,0,51
2026-07-13,P005,419,411,8,0.9809,0,39
2026-07-14,P005,419,404,15,0.9642,3,18
2026-07-15,P005,419,411,8,0.9809,0,28
2026-07-16,P005,419,403,16,0.9618,0,15
2026-07-17,P005,419,407,12,0.9714,2,8
2026-07-18,P005,419,404,15,0.9642,0,15
2026-07-19,P005,419,398,21,0.9499,1,13
2026-07-20,P005,419,389,30,0.9284,3,3
2026-07-21,P005,419,393,26,0.9379,7,17
2026-07-22,P005,419,411,8,0.9809,0,33
2026-07-23,P005,419,410,9,0.9785,3,32
2026-07-24,P005,419,409,10,0.9761,0,58
2026-07-25,P005,419,411,8,0.9809,4,18
2026-07-26,P005,419,411,8,0.9809,0,60
2026-07-27,P005,419,411,8,0.9809,0,60
2026-07-28,P005,419,411,8,0.9809,0,33
2026-07-29,P005,419,411,8,0.9809,2,21
2026-07-30,P005,419,411,8,0.9809,0,31
2026-07-31,P005,419,411,8,0.9809,0,2
2026-08-01,P005,419,411,8,0.9809,2,12
2026-08-02,P005,419,411,8,0.9809,3,6
2026-08-03,P005,419,411,8,0.9809,2,17
2026-08-04,P005,419,411,8,0.9809,0,62
2026-08-05,P005,419,411,8,0.9809,1,21
2026-08-06,P005,419,411,8,0.9809,0,40
2026-08-07,P005,419,411,8,0.9809,0,17
2026-08-08,P005,419,411,8,0.9809,0,51
2026-08-09,P005,419,411,8,0.9809,0,26
2026-08-10,P005,419,411,8,0.9809,1,64
2026-08-11,P005,419,411,8,0.9809,1,8
2026-08-12,P005,419,411,8,0.9809,1,2
2026-08-13,P005,419,411,8,0.9809,2,48
2026-08-14,P005,419,411,8,0.9809,6,8
2026-08-15,P005,419,411,8,0.9809,1,2
2026-08-16,P005,419,411,8,0.9809,1,41
2026-08-17,P005,419,411,8,0.9809,1,49
2026-08-18,P005,419,411,8,0.9809,0,42
2026-08-19,P005,419,411,8,0.9809,1,13
2026-08-20,P005,419,411,8,0.9809,0,34
2026-08-21,P005,419,411,8,0.9809,2,15
2026-08-22,P005,419,411,8,0.9809,0,52
2026-08-23,P005,419,411,8,0.9809,2,41
2026-08-24,P005,419,411,8,0.9809,3,45
2026-08-25,P005,419,411,8,0.9809,0,44
2026-08-26,P005,419,411,8,0.9809,1,63
2026-08-27,P005,419,411,8,0.9809,1,36
2026-04-30,P006,359,316,43,0.8802,8,45
2026-05-01,P006,359,326,33,0.9081,3,36
2026-05-02,P006,359,330,29,0.9192,2,57
2026-05-03,P006,359,320,39,0.8914,5,13
2026-05-04,P006,359,336,23,0.9359,3,2
2026-05-05,P006,359,329,30,0.9164,2,22
2026-05-06,P006,359,340,19,0.9471,0,48
2026-05-07,P006,359,339,20,0.9443,1,2
2026-05-08,P006,359,336,23,0.9359,2,38
2026-05-09,P006,359,335,24,0.9331,0,1
2026-05-10,P006,359,339,20,0.9443,0,1
2026-05-11,P006,359,335,24,0.9331,0,60
2026-05-12,P006,359,343,16,0.9554,4,12
2026-05-13,P006,359,321,38,0.8942,4,39
2026-05-14,P006,359,327,32,0.9109,5,18
2026-05-15,P006,359,311,48,0.8663,4,21
2026-05-16,P006,359,324,35,0.9025,6,10
2026-05-17,P006,359,321,38,0.8942,3,39
2026-05-18,P006,359,319,40,0.8886,4,57
2026-05-19,P006,359,321,38,0.8942,7,14
2026-05-20,P006,359,313,46,0.8719,6,39
2026-05-21,P006,359,320,39,0.8914,8,60
2026-05-22,P006,359,323,36,0.8997,4,47
2026-05-23,P006,359,316,43,0.8802,5,18
2026-05-24,P006,359,311,48,0.8663,8,52
2026-05-25,P006,359,314,45,0.8747,6,27
2026-05-26,P006,359,318,41,0.8858,4,18
2026-05-27,P006,359,323,36,0.8997,4,12
2026-05-28,P006,359,332,27,0.9248,3,57
2026-05-29,P006,359,335,24,0.9331,1,17
2026-05-30,P006,359,327,32,0.9109,0,63
2026-05-31,P006,359,344,15,0.9582,5,45
2026-06-01,P006,359,339,20,0.9443,0,9
2026-06-02,P006,359,336,23,0.9359,4,14
2026-06-03,P006,359,337,22,0.9387,2,27
2026-06-04,P006,359,352,7,0.9805,2,49
2026-06-05,P006,359,335,24,0.9331,3,25
2026-06-06,P006,359,336,23,0.9359,4,50
2026-06-07,P006,359,339,20,0.9443,3,46
2026-06-08,P006,359,352,7,0.9805,1,1
2026-06-09,P006,359,345,14,0.961,0,59
2026-06-10,P006,359,326,33,0.9081,0,55
2026-06-11,P006,359,329,30,0.9164,0,18
2026-06-12,P006,359,332,27,0.9248,2,60
2026-06-13,P006,359,332,27,0.9248,3,44
2026-06-14,P006,359,336,23,0.9359,3,31
2026-06-15,P006,359,330,29,0.9192,1,41
2026-06-16,P006,359,327,32,0.9109,0,19
2026-06-17,P006,359,328,31,0.9136,3,9
2026-06-18,P006,359,332,27,0.9248,3,4
2026-06-19,P006,359,327,32,0.9109,2,4
2026-06-20,P006,359,332,27,0.9248,3,27
2026-06-21,P006,359,314,45,0.8747,7,29
2026-06-22,P006,359,327,32,0.9109,4,59
2026-06-23,P006,359,330,29,0.9192,5,61
2026-06-24,P006,359,334,25,0.9304,0,46
2026-06-25,P006,359,335,24,0.9331,3,14
2026-06-26,P006,359,327,32,0.9109,6,52
2026-06-27,P006,359,337,22,0.9387,2,19
2026-06-28,P006,359,339,20,0.9443,0,25
2026-06-29,P006,359,336,23,0.9359,2,2
2026-06-30,P006,359,343,16,0.9554,1,23
2026-07-01,P006,359,340,19,0.9471,1,53
2026-07-02,P006,359,337,22,0.9387,2,18
2026-07-03,P006,359,351,8,0.9777,0,7
2026-07-04,P006,359,350,9,0.9749,0,40
2026-07-05,P006,359,352,7,0.9805,1,38
2026-07-06,P006,359,352,7,0.9805,0,9
2026-07-07,P006,359,352,7,0.9805,3,21
2026-07-08,P006,359,352,7,0.9805,0,48
2026-07-09,P006,359,338,21,0.9415,0,53
2026-07-10,P006,359,352,7,0.9805,0,12
2026-07-11,P006,359,341,18,0.9499,3,54
2026-07-12,P006,359,351,8,0.9777,0,18
2026-07-13,P006,359,338,21,0.9415,3,21
2026-07-14,P006,359,335,24,0.9331,2,37
2026-07-15,P006,359,345,14,0.961,0,56
2026-07-16,P006,359,345,14,0.961,2,28
2026-07-17,P006,359,341,18,0.9499,3,11
2026-07-18,P006,359,334,25,0.9304,4,16
2026-07-19,P006,359,335,24,0.9331,0,16
2026-07-20,P006,359,314,45,0.8747,7,2
2026-07-21,P006,359,322,37,0.8969,4,17
2026-07-22,P006,359,321,38,0.8942,3,19
2026-07-23,P006,359,322,37,0.8969,5,0
2026-07-24,P006,359,343,16,0.9554,1,57
2026-07-25,P006,359,319,40,0.8886,0,64
2026-07-26,P006,359,336,23,0.9359,0,53
2026-07-27,P006,359,330,29,0.9192,2,46
2026-07-28,P006,359,336,23,0.9359,3,44
2026-07-29,P006,359,337,22,0.9387,5,17
2026-07-30,P006,359,348,11,0.9694,0,33
2026-07-31,P006,359,345,14,0.961,2,4
2026-08-01,P006,359,352,7,0.9805,0,17
2026-08-02,P006,359,340,19,0.9471,0,13
2026-08-03,P006,359,348,11,0.9694,1,33
2026-08-04,P006,359,352,7,0.9805,0,45
2026-08-05,P006,359,352,7,0.9805,3,30
2026-08-06,P006,359,352,7,0.9805,0,33
2026-08-07,P006,359,352,7,0.9805,3,49
2026-08-08,P006,359,352,7,0.9805,0,47
2026-08-09,P006,359,352,7,0.9805,0,59
2026-08-10,P006,359,352,7,0.9805,0,33
2026-08-11,P006,359,346,13,0.9638,0,65
2026-08-12,P006,359,345,14,0.961,0,27
2026-08-13,P006,359,344,15,0.9582,1,45
2026-08-14,P006,359,350,9,0.9749,0,7
2026-08-15,P006,359,343,16,0.9554,4,19
2026-08-16,P006,359,345,14,0.961,2,7
2026-08-17,P006,359,336,23,0.9359,1,5
2026-08-18,P006,359,338,21,0.9415,0,8
2026-08-19,P006,359,340,19,0.9471,1,45
2026-08-20,P006,359,340,19,0.9471,0,22
2026-08-21,P006,359,332,27,0.9248,5,47
2026-08-22,P006,359,336,23,0.9359,2,21
2026-08-23,P006,359,337,22,0.9387,3,31
2026-08-24,P006,359,335,24,0.9331,1,5
2026-08-25,P006,359,341,18,0.9499,2,9
2026-08-26,P006,359,340,19,0.9471,0,57
2026-08-27,P006,359,349,10,0.9721,1,51
2026-04-30,P007,311,235,76,0.7556,11,6
2026-05-01,P007,311,252,59,0.8103,5,49
2026-05-02,P007,311,246,65,0.791,7,15
2026-05-03,P007,311,240,71,0.7717,7,65
2026-05-04,P007,311,251,60,0.8071,7,44
2026-05-05,P007,311,253,58,0.8135,3,24
2026-05-06,P007,311,264,47,0.8489,5,3
2026-05-07,P007,311,255,56,0.8199,9,23
2026-05-08,P007,311,256,55,0.8232,7,59
2026-05-09,P007,311,254,57,0.8167,7,63
2026-05-10,P007,311,252,59,0.8103,7,29
2026-05-11,P007,311,247,64,0.7942,9,50
2026-05-12,P007,311,244,67,0.7846,7,26
2026-05-13,P007,311,255,56,0.8199,3,58
2026-05-14,P007,311,240,71,0.7717,8,37
2026-05-15,P007,311,244,67,0.7846,8,7
2026-05-16,P007,311,239,72,0.7685,9,39
2026-05-17,P007,311,247,64,0.7942,8,55
2026-05-18,P007,311,237,74,0.7621,9,36
2026-05-19,P007,311,247,64,0.7942,6,30
2026-05-20,P007,311,237,74,0.7621,5,8
2026-05-21,P007,311,228,83,0.7331,11,11
2026-05-22,P007,311,247,64,0.7942,11,54
2026-05-23,P007,311,220,91,0.7074,7,25
2026-05-24,P007,311,237,74,0.7621,9,30
2026-05-25,P007,311,244,67,0.7846,5,23
2026-05-26,P007,311,233,78,0.7492,10,22
2026-05-27,P007,311,235,76,0.7556,9,5
2026-05-28,P007,311,243,68,0.7814,5,28
2026-05-29,P007,311,249,62,0.8006,5,58
2026-05-30,P007,311,241,70,0.7749,9,43
2026-05-31,P007,311,248,63,0.7974,5,38
2026-06-01,P007,311,244,67,0.7846,8,53
2026-06-02,P007,311,248,63,0.7974,8,39
2026-06-03,P007,311,253,58,0.8135,5,45
2026-06-04,P007,311,261,50,0.8392,5,42
2026-06-05,P007,311,242,69,0.7781,8,40
2026-06-06,P007,311,255,56,0.8199,11,19
2026-06-07,P007,311,255,56,0.8199,9,27
2026-06-08,P007,311,251,60,0.8071,6,10
2026-06-09,P007,311,263,48,0.8457,7,3
2026-06-10,P007,311,256,55,0.8232,7,2
2026-06-11,P007,311,251,60,0.8071,7,23
2026-06-12,P007,311,247,64,0.7942,2,29
2026-06-13,P007,311,256,55,0.8232,2,33
2026-06-14,P007,311,243,68,0.7814,7,24
2026-06-15,P007,311,262,49,0.8424,7,5
2026-06-16,P007,311,236,75,0.7588,8,30
2026-06-17,P007,311,247,64,0.7942,9,23
2026-06-18,P007,311,252,59,0.8103,11,52
2026-06-19,P007,311,243,68,0.7814,7,38
2026-06-20,P007,311,239,72,0.7685,11,26
2026-06-21,P007,311,233,78,0.7492,10,13
2026-06-22,P007,311,236,75,0.7588,9,41
2026-06-23,P007,311,247,64,0.7942,11,12
2026-06-24,P007,311,242,69,0.7781,9,21
2026-06-25,P007,311,240,71,0.7717,7,1
2026-06-26,P007,311,247,64,0.7942,11,23
2026-06-27,P007,311,249,62,0.8006,7,58
2026-06-28,P007,311,255,56,0.8199,6,28
2026-06-29,P007,311,260,51,0.836,9,11
2026-06-30,P007,311,255,56,0.8199,3,64
2026-07-01,P007,311,261,50,0.8392,8,14
2026-07-02,P007,311,265,46,0.8521,4,2
2026-07-03,P007,311,272,39,0.8746,6,57
2026-07-04,P007,311,272,39,0.8746,1,40
2026-07-05,P007,311,266,45,0.8553,3,22
2026-07-06,P007,311,265,46,0.8521,7,24
2026-07-07,P007,311,269,42,0.865,5,6
2026-07-08,P007,311,275,36,0.8842,4,61
2026-07-09,P007,311,262,49,0.8424,9,10
2026-07-10,P007,311,262,49,0.8424,3,29
2026-07-11,P007,311,251,60,0.8071,5,13
2026-07-12,P007,311,261,50,0.8392,3,3
2026-07-13,P007,311,276,35,0.8875,2,58
2026-07-14,P007,311,259,52,0.8328,2,60
2026-07-15,P007,311,256,55,0.8232,3,50
2026-07-16,P007,311,258,53,0.8296,6,63
2026-07-17,P007,311,250,61,0.8039,8,64
2026-07-18,P007,311,246,65,0.791,6,1
2026-07-19,P007,311,250,61,0.8039,7,0
2026-07-20,P007,311,256,55,0.8232,7,6
2026-07-21,P007,311,254,57,0.8167,7,1
2026-07-22,P007,311,245,66,0.7878,8,37
2026-07-23,P007,311,254,57,0.8167,8,34
2026-07-24,P007,311,249,62,0.8006,8,0
2026-07-25,P007,311,250,61,0.8039,5,29
2026-07-26,P007,311,253,58,0.8135,5,39
2026-07-27,P007,311,242,69,0.7781,9,59
2026-07-28,P007,311,256,55,0.8232,6,58
2026-07-29,P007,311,246,65,0.791,6,58
2026-07-30,P007,311,262,49,0.8424,4,11
2026-07-31,P007,311,264,47,0.8489,8,21
2026-08-01,P007,311,270,41,0.8682,5,12
2026-08-02,P007,311,273,38,0.8778,5,61
2026-08-03,P007,311,277,34,0.8907,4,26
2026-08-04,P007,311,276,35,0.8875,6,13
2026-08-05,P007,311,263,48,0.8457,3,37
2026-08-06,P007,311,267,44,0.8585,2,24
2026-08-07,P007,311,264,47,0.8489,6,51
2026-08-08,P007,311,272,39,0.8746,5,65
2026-08-09,P007,311,275,36,0.8842,2,5
2026-08-10,P007,311,267,44,0.8585,5,60
2026-08-11,P007,311,260,51,0.836,3,42
2026-08-12,P007,311,271,40,0.8714,6,38
2026-08-13,P007,311,263,48,0.8457,6,57
2026-08-14,P007,311,256,55,0.8232,6,33
2026-08-15,P007,311,258,53,0.8296,1,22
2026-08-16,P007,311,264,47,0.8489,5,39
2026-08-17,P007,311,254,57,0.8167,3,57
2026-08-18,P007,311,246,65,0.791,5,48
2026-08-19,P007,311,263,48,0.8457,6,13
2026-08-20,P007,311,254,57,0.8167,4,18
2026-08-21,P007,311,253,58,0.8135,7,51
2026-08-22,P007,311,247,64,0.7942,9,64
2026-08-23,P007,311,268,43,0.8617,6,65
2026-08-24,P007,311,260,51,0.836,7,5
2026-08-25,P007,311,260,51,0.836,3,37
2026-08-26,P007,311,253,58,0.8135,9,48
2026-08-27,P007,311,262,49,0.8424,2,52
2026-04-30,P008,368,303,65,0.8234,6,36
2026-05-01,P008,368,316,52,0.8587,6,40
2026-05-02,P008,368,319,49,0.8668,5,4
2026-05-03,P008,368,325,43,0.8832,5,48
2026-05-04,P008,368,323,45,0.8777,6,55
2026-05-05,P008,368,314,54,0.8533,5,18
2026-05-06,P008,368,336,32,0.913,3,5
2026-05-07,P008,368,322,46,0.875,3,32
2026-05-08,P008,368,335,33,0.9103,2,28
2026-05-09,P008,368,319,49,0.8668,9,31
2026-05-10,P008,368,309,59,0.8397,3,18
2026-05-11,P008,368,321,47,0.8723,1,47
2026-05-12,P008,368,323,45,0.8777,3,27
2026-05-13,P008,368,321,47,0.8723,9,22
2026-05-14,P008,368,320,48,0.8696,4,45
2026-05-15,P008,368,322,46,0.875,5,39
2026-05-16,P008,368,319,49,0.8668,5,15
2026-05-17,P008,368,309,59,0.8397,8,58
2026-05-18,P008,368,304,64,0.8261,10,23
2026-05-19,P008,368,300,68,0.8152,6,47
2026-05-20,P008,368,309,59,0.8397,3,9
2026-05-21,P008,368,289,79,0.7853,15,9
2026-05-22,P008,368,308,60,0.837,9,30
2026-05-23,P008,368,308,60,0.837,11,14
2026-05-24,P008,368,300,68,0.8152,6,42
2026-05-25,P008,368,311,57,0.8451,7,47
2026-05-26,P008,368,300,68,0.8152,12,56
2026-05-27,P008,368,301,67,0.8179,11,5
2026-05-28,P008,368,308,60,0.837,4,10
2026-05-29,P008,368,304,64,0.8261,9,48
2026-05-30,P008,368,318,50,0.8641,4,8
2026-05-31,P008,368,327,41,0.8886,6,53
2026-06-01,P008,368,325,43,0.8832,7,33
2026-06-02,P008,368,325,43,0.8832,4,47
2026-06-03,P008,368,322,46,0.875,5,27
2026-06-04,P008,368,323,45,0.8777,8,62
2026-06-05,P008,368,339,29,0.9212,4,29
2026-06-06,P008,368,324,44,0.8804,2,48
2026-06-07,P008,368,332,36,0.9022,0,62
2026-06-08,P008,368,325,43,0.8832,4,35
2026-06-09,P008,368,333,35,0.9049,6,2
2026-06-10,P008,368,331,37,0.8995,0,30
2026-06-11,P008,368,326,42,0.8859,7,18
2026-06-12,P008,368,325,43,0.8832,2,15
2026-06-13,P008,368,324,44,0.8804,5,8
2026-06-14,P008,368,317,51,0.8614,3,55
2026-06-15,P008,368,325,43,0.8832,6,58
2026-06-16,P008,368,310,58,0.8424,8,1
2026-06-17,P008,368,313,55,0.8505,6,52
2026-06-18,P008,368,308,60,0.837,10,20
2026-06-19,P008,368,314,54,0.8533,0,24
2026-06-20,P008,368,304,64,0.8261,9,65
2026-06-21,P008,368,311,57,0.8451,6,65
2026-06-22,P008,368,309,59,0.8397,8,11
2026-06-23,P008,368,306,62,0.8315,7,25
2026-06-24,P008,368,311,57,0.8451,5,38
2026-06-25,P008,368,308,60,0.837,8,52
2026-06-26,P008,368,323,45,0.8777,8,4
2026-06-27,P008,368,316,52,0.8587,8,29
2026-06-28,P008,368,317,51,0.8614,4,10
2026-06-29,P008,368,325,43,0.8832,3,8
2026-06-30,P008,368,326,42,0.8859,4,36
2026-07-01,P008,368,339,29,0.9212,2,44
2026-07-02,P008,368,330,38,0.8967,5,63
2026-07-03,P008,368,332,36,0.9022,5,35
2026-07-04,P008,368,335,33,0.9103,2,14
2026-07-05,P008,368,330,38,0.8967,6,64
2026-07-06,P008,368,344,24,0.9348,2,26
2026-07-07,P008,368,339,29,0.9212,1,3
2026-07-08,P008,368,345,23,0.9375,0,59
2026-07-09,P008,368,332,36,0.9022,2,15
2026-07-10,P008,368,333,35,0.9049,3,53
2026-07-11,P008,368,331,37,0.8995,3,15
2026-07-12,P008,368,329,39,0.894,3,36
2026-07-13,P008,368,337,31,0.9158,3,39
2026-07-14,P008,368,320,48,0.8696,5,23
2026-07-15,P008,368,334,34,0.9076,6,17
2026-07-16,P008,368,322,46,0.875,1,24
2026-07-17,P008,368,318,50,0.8641,4,56
2026-07-18,P008,368,315,53,0.856,9,3
2026-07-19,P008,368,322,46,0.875,6,46
2026-07-20,P008,368,314,54,0.8533,3,35
2026-07-21,P008,368,314,54,0.8533,7,10
2026-07-22,P008,368,325,43,0.8832,2,24
2026-07-23,P008,368,308,60,0.837,11,42
2026-07-24,P008,368,331,37,0.8995,1,39
2026-07-25,P008,368,325,43,0.8832,4,62
2026-07-26,P008,368,331,37,0.8995,4,30
2026-07-27,P008,368,328,40,0.8913,2,45
2026-07-28,P008,368,327,41,0.8886,6,9
2026-07-29,P008,368,333,35,0.9049,0,11
2026-07-30,P008,368,343,25,0.9321,2,34
2026-07-31,P008,368,350,18,0.9511,5,31
2026-08-01,P008,368,337,31,0.9158,1,21
2026-08-02,P008,368,341,27,0.9266,3,43
2026-08-03,P008,368,347,21,0.9429,3,11
2026-08-04,P008,368,337,31,0.9158,5,2
2026-08-05,P008,368,345,23,0.9375,1,26
2026-08-06,P008,368,348,20,0.9457,1,44
2026-08-07,P008,368,343,25,0.9321,3,22
2026-08-08,P008,368,344,24,0.9348,2,22
2026-08-09,P008,368,345,23,0.9375,4,61
2026-08-10,P008,368,350,18,0.9511,1,16
2026-08-11,P008,368,341,27,0.9266,3,54
2026-08-12,P008,368,331,37,0.8995,5,61
2026-08-13,P008,368,345,23,0.9375,1,9
2026-08-14,P008,368,325,43,0.8832,5,38
2026-08-15,P008,368,332,36,0.9022,5,7
2026-08-16,P008,368,341,27,0.9266,2,28
2026-08-17,P008,368,317,51,0.8614,2,61
2026-08-18,P008,368,329,39,0.894,4,34
2026-08-19,P008,368,335,33,0.9103,6,0
2026-08-20,P008,368,321,47,0.8723,6,38
2026-08-21,P008,368,324,44,0.8804,6,6
2026-08-22,P008,368,318,50,0.8641,7,53
2026-08-23,P008,368,332,36,0.9022,4,47
2026-08-24,P008,368,325,43,0.8832,3,56
2026-08-25,P008,368,330,38,0.8967,0,41
2026-08-26,P008,368,346,22,0.9402,2,21
2026-08-27,P008,368,332,36,0.9022,5,54
2026-04-30,P009,384,280,104,0.7292,12,18
2026-05-01,P009,384,282,102,0.7344,10,65
2026-05-02,P009,384,291,93,0.7578,12,59
2026-05-03,P009,384,302,82,0.7865,11,15
2026-05-04,P009,384,306,78,0.7969,8,32
2026-05-05,P009,384,292,92,0.7604,13,12
2026-05-06,P009,384,282,102,0.7344,12,43
2026-05-07,P009,384,299,85,0.7786,10,56
2026-05-08,P009,384,297,87,0.7734,9,51
2026-05-09,P009,384,283,101,0.737,9,23
2026-05-10,P009,384,296,88,0.7708,11,51
2026-05-11,P009,384,296,88,0.7708,6,16
2026-05-12,P009,384,290,94,0.7552,8,23
2026-05-13,P009,384,299,85,0.7786,12,7
2026-05-14,P009,384,292,92,0.7604,10,30
2026-05-15,P009,384,299,85,0.7786,10,1
2026-05-16,P009,384,290,94,0.7552,13,26
2026-05-17,P009,384,296,88,0.7708,8,23
2026-05-18,P009,384,283,101,0.737,9,62
2026-05-19,P009,384,286,98,0.7448,14,5
2026-05-20,P009,384,285,99,0.7422,12,1
2026-05-21,P009,384,272,112,0.7083,12,8
2026-05-22,P009,384,269,115,0.7005,10,44
2026-05-23,P009,384,274,110,0.7135,15,44
2026-05-24,P009,384,276,108,0.7188,14,58
2026-05-25,P009,384,289,95,0.7526,13,43
2026-05-26,P009,384,273,111,0.7109,11,54
2026-05-27,P009,384,278,106,0.724,14,51
2026-05-28,P009,384,287,97,0.7474,13,17
2026-05-29,P009,384,290,94,0.7552,10,9
2026-05-30,P009,384,291,93,0.7578,10,11
2026-05-31,P009,384,292,92,0.7604,8,54
2026-06-01,P009,384,301,83,0.7839,9,42
2026-06-02,P009,384,301,83,0.7839,12,47
2026-06-03,P009,384,290,94,0.7552,11,30
2026-06-04,P009,384,302,82,0.7865,8,7
2026-06-05,P009,384,300,84,0.7812,8,49
2026-06-06,P009,384,308,76,0.8021,8,65
2026-06-07,P009,384,303,81,0.7891,6,35
2026-06-08,P009,384,314,70,0.8177,8,61
2026-06-09,P009,384,304,80,0.7917,7,24
2026-06-10,P009,384,309,75,0.8047,7,40
2026-06-11,P009,384,311,73,0.8099,8,9
2026-06-12,P009,384,287,97,0.7474,7,36
2026-06-13,P009,384,303,81,0.7891,8,44
2026-06-14,P009,384,306,78,0.7969,5,58
2026-06-15,P009,384,297,87,0.7734,9,64
2026-06-16,P009,384,285,99,0.7422,11,6
2026-06-17,P009,384,294,90,0.7656,13,35
2026-06-18,P009,384,292,92,0.7604,14,29
2026-06-19,P009,384,297,87,0.7734,11,31
2026-06-20,P009,384,285,99,0.7422,9,25
2026-06-21,P009,384,291,93,0.7578,10,65
2026-06-22,P009,384,280,104,0.7292,12,64
2026-06-23,P009,384,269,115,0.7005,13,11
2026-06-24,P009,384,289,95,0.7526,9,16
2026-06-25,P009,384,289,95,0.7526,16,33
2026-06-26,P009,384,286,98,0.7448,11,58
2026-06-27,P009,384,284,100,0.7396,14,10
2026-06-28,P009,384,286,98,0.7448,13,6
2026-06-29,P009,384,303,81,0.7891,9,45
2026-06-30,P009,384,304,80,0.7917,10,15
2026-07-01,P009,384,304,80,0.7917,9,53
2026-07-02,P009,384,315,69,0.8203,9,26
2026-07-03,P009,384,305,79,0.7943,8,15
2026-07-04,P009,384,293,91,0.763,13,9
2026-07-05,P009,384,310,74,0.8073,7,53
2026-07-06,P009,384,312,72,0.8125,10,31
2026-07-07,P009,384,312,72,0.8125,9,3
2026-07-08,P009,384,308,76,0.8021,11,63
2026-07-09,P009,384,319,65,0.8307,8,36
2026-07-10,P009,384,311,73,0.8099,7,7
2026-07-11,P009,384,314,70,0.8177,10,65
2026-07-12,P009,384,324,60,0.8438,6,6
2026-07-13,P009,384,301,83,0.7839,9,34
2026-07-14,P009,384,301,83,0.7839,10,27
2026-07-15,P009,384,300,84,0.7812,6,9
2026-07-16,P009,384,291,93,0.7578,11,5
2026-07-17,P009,384,292,92,0.7604,9,49
2026-07-18,P009,384,286,98,0.7448,11,32
2026-07-19,P009,384,300,84,0.7812,12,0
2026-07-20,P009,384,286,98,0.7448,10,63
2026-07-21,P009,384,288,96,0.75,6,4
2026-07-22,P009,384,292,92,0.7604,15,16
2026-07-23,P009,384,293,91,0.763,12,5
2026-07-24,P009,384,302,82,0.7865,10,26
2026-07-25,P009,384,284,100,0.7396,11,51
2026-07-26,P009,384,294,90,0.7656,13,15
2026-07-27,P009,384,300,84,0.7812,12,11
2026-07-28,P009,384,309,75,0.8047,6,21
2026-07-29,P009,384,307,77,0.7995,9,54
2026-07-30,P009,384,311,73,0.8099,8,60
2026-07-31,P009,384,320,64,0.8333,7,9
2026-08-01,P009,384,304,80,0.7917,9,7
2026-08-02,P009,384,315,69,0.8203,11,45
2026-08-03,P009,384,318,66,0.8281,4,52
2026-08-04,P009,384,320,64,0.8333,8,45
2026-08-05,P009,384,320,64,0.8333,7,44
2026-08-06,P009,384,327,57,0.8516,6,15
2026-08-07,P009,384,323,61,0.8411,5,29
2026-08-08,P009,384,324,60,0.8438,6,9
2026-08-09,P009,384,312,72,0.8125,10,26
2026-08-10,P009,384,325,59,0.8464,4,4
2026-08-11,P009,384,316,68,0.8229,10,35
2026-08-12,P009,384,304,80,0.7917,7,50
2026-08-13,P009,384,306,78,0.7969,10,11
2026-08-14,P009,384,299,85,0.7786,8,51
2026-08-15,P009,384,299,85,0.7786,6,42
2026-08-16,P009,384,299,85,0.7786,7,37
2026-08-17,P009,384,301,83,0.7839,7,11
2026-08-18,P009,384,310,74,0.8073,7,0
2026-08-19,P009,384,292,92,0.7604,11,36
2026-08-20,P009,384,285,99,0.7422,8,20
2026-08-21,P009,384,292,92,0.7604,13,56
2026-08-22,P009,384,299,85,0.7786,10,4
2026-08-23,P009,384,311,73,0.8099,8,8
2026-08-24,P009,384,307,77,0.7995,7,37
2026-08-25,P009,384,303,81,0.7891,9,13
2026-08-26,P009,384,294,90,0.7656,5,65
2026-08-27,P009,384,317,67,0.8255,8,47
2026-04-30,P010,156,111,45,0.7115,8,50
2026-05-01,P010,156,110,46,0.7051,6,17
2026-05-02,P010,156,111,45,0.7115,5,33
2026-05-03,P010,156,112,44,0.7179,2,21
2026-05-04,P010,156,117,39,0.75,3,23
2026-05-05,P010,156,111,45,0.7115,8,2
2026-05-06,P010,156,115,41,0.7372,3,53
2026-05-07,P010,156,111,45,0.7115,2,22
2026-05-08,P010,156,113,43,0.7244,5,65
2026-05-09,P010,156,111,45,0.7115,6,14
2026-05-10,P010,156,117,39,0.75,4,5
2026-05-11,P010,156,124,32,0.7949,3,3
2026-05-12,P010,156,116,40,0.7436,0,18
2026-05-13,P010,156,114,42,0.7308,4,31
2026-05-14,P010,156,111,45,0.7115,5,47
2026-05-15,P010,156,112,44,0.7179,4,55
2026-05-16,P010,156,106,50,0.6795,7,55
2026-05-17,P010,156,109,47,0.6987,6,64
2026-05-18,P010,156,111,45,0.7115,7,1
2026-05-19,P010,156,108,48,0.6923,10,49
2026-05-20,P010,156,105,51,0.6731,7,9
2026-05-21,P010,156,109,47,0.6987,7,62
2026-05-22,P010,156,111,45,0.7115,3,31
2026-05-23,P010,156,105,51,0.6731,8,15
2026-05-24,P010,156,103,53,0.6603,2,33
2026-05-25,P010,156,110,46,0.7051,7,46
2026-05-26,P010,156,112,44,0.7179,2,2
2026-05-27,P010,156,110,46,0.7051,4,47
2026-05-28,P010,156,115,41,0.7372,8,60
2026-05-29,P010,156,112,44,0.7179,2,57
2026-05-30,P010,156,112,44,0.7179,7,22
2026-05-31,P010,156,117,39,0.75,5,37
2026-06-01,P010,156,120,36,0.7692,5,64
2026-06-02,P010,156,115,41,0.7372,6,47
2026-06-03,P010,156,118,38,0.7564,4,16
2026-06-04,P010,156,119,37,0.7628,9,42
2026-06-05,P010,156,116,40,0.7436,8,59
2026-06-06,P010,156,122,34,0.7821,6,43
2026-06-07,P010,156,119,37,0.7628,4,24
2026-06-08,P010,156,116,40,0.7436,2,65
2026-06-09,P010,156,119,37,0.7628,4,43
2026-06-10,P010,156,124,32,0.7949,3,26
2026-06-11,P010,156,113,43,0.7244,3,38
2026-06-12,P010,156,116,40,0.7436,6,41
2026-06-13,P010,156,118,38,0.7564,5,35
2026-06-14,P010,156,120,36,0.7692,4,24
2026-06-15,P010,156,111,45,0.7115,3,33
2026-06-16,P010,156,113,43,0.7244,3,63
2026-06-17,P010,156,110,46,0.7051,5,1
2026-06-18,P010,156,108,48,0.6923,2,10
2026-06-19,P010,156,111,45,0.7115,3,28
2026-06-20,P010,156,108,48,0.6923,5,55
2026-06-21,P010,156,118,38,0.7564,4,57
2026-06-22,P010,156,109,47,0.6987,4,56
2026-06-23,P010,156,107,49,0.6859,5,49
2026-06-24,P010,156,111,45,0.7115,0,42
2026-06-25,P010,156,113,43,0.7244,3,35
2026-06-26,P010,156,119,37,0.7628,2,18
2026-06-27,P010,156,116,40,0.7436,1,51
2026-06-28,P010,156,113,43,0.7244,2,7
2026-06-29,P010,156,116,40,0.7436,0,9
2026-06-30,P010,156,118,38,0.7564,6,38
2026-07-01,P010,156,119,37,0.7628,4,64
2026-07-02,P010,156,117,39,0.75,7,49
2026-07-03,P010,156,119,37,0.7628,5,45
2026-07-04,P010,156,126,30,0.8077,4,14
2026-07-05,P010,156,120,36,0.7692,6,56
2026-07-06,P010,156,123,33,0.7885,2,56
2026-07-07,P010,156,121,35,0.7756,4,55
2026-07-08,P010,156,119,37,0.7628,5,58
2026-07-09,P010,156,125,31,0.8013,5,30
2026-07-10,P010,156,119,37,0.7628,6,53
2026-07-11,P010,156,117,39,0.75,8,16
2026-07-12,P010,156,120,36,0.7692,4,2
2026-07-13,P010,156,122,34,0.7821,5,51
2026-07-14,P010,156,121,35,0.7756,2,19
2026-07-15,P010,156,115,41,0.7372,5,65
2026-07-16,P010,156,114,42,0.7308,5,28
2026-07-17,P010,156,115,41,0.7372,7,63
2026-07-18,P010,156,117,39,0.75,3,54
2026-07-19,P010,156,112,44,0.7179,6,37
2026-07-20,P010,156,111,45,0.7115,4,23
2026-07-21,P010,156,113,43,0.7244,5,35
2026-07-22,P010,156,112,44,0.7179,7,58
2026-07-23,P010,156,110,46,0.7051,6,61
2026-07-24,P010,156,115,41,0.7372,5,1
2026-07-25,P010,156,113,43,0.7244,4,48
2026-07-26,P010,156,115,41,0.7372,6,39
2026-07-27,P010,156,118,38,0.7564,5,51
2026-07-28,P010,156,123,33,0.7885,6,65
2026-07-29,P010,156,120,36,0.7692,3,43
2026-07-30,P010,156,121,35,0.7756,6,59
2026-07-31,P010,156,123,33,0.7885,3,4
2026-08-01,P010,156,119,37,0.7628,6,21
2026-08-02,P010,156,121,35,0.7756,3,51
2026-08-03,P010,156,125,31,0.8013,4,45
2026-08-04,P010,156,125,31,0.8013,1,52
2026-08-05,P010,156,121,35,0.7756,3,4
2026-08-06,P010,156,120,36,0.7692,5,0
2026-08-07,P010,156,125,31,0.8013,2,30
2026-08-08,P010,156,124,32,0.7949,5,29
2026-08-09,P010,156,129,27,0.8269,5,31
2026-08-10,P010,156,127,29,0.8141,3,31
2026-08-11,P010,156,116,40,0.7436,2,56
2026-08-12,P010,156,119,37,0.7628,5,41
2026-08-13,P010,156,123,33,0.7885,3,59
2026-08-14,P010,156,122,34,0.7821,6,44
2026-08-15,P010,156,120,36,0.7692,3,61
2026-08-16,P010,156,115,41,0.7372,8,32
2026-08-17,P010,156,117,39,0.75,6,38
2026-08-18,P010,156,119,37,0.7628,2,10
2026-08-19,P010,156,114,42,0.7308,5,63
2026-08-20,P010,156,113,43,0.7244,4,53
2026-08-21,P010,156,120,36,0.7692,4,46
2026-08-22,P010,156,117,39,0.75,7,60
2026-08-23,P010,156,116,40,0.7436,3,60
2026-08-24,P010,156,121,35,0.7756,4,25
2026-08-25,P010,156,123,33,0.7885,2,36
2026-08-26,P010,156,118,38,0.7564,5,55
2026-08-27,P010,156,119,37,0.7628,0,27
2026-04-30,P011,151,128,23,0.8477,1,43
2026-05-01,P011,151,136,15,0.9007,2,1
2026-05-02,P011,151,131,20,0.8675,3,14
2026-05-03,P011,151,128,23,0.8477,1,37
2026-05-04,P011,151,137,14,0.9073,3,47
2026-05-05,P011,151,135,16,0.894,3,1
2026-05-06,P011,151,134,17,0.8874,2,44
2026-05-07,P011,151,140,11,0.9272,0,56
2026-05-08,P011,151,133,18,0.8808,2,25
2026-05-09,P011,151,132,19,0.8742,3,8
2026-05-10,P011,151,135,16,0.894,1,3
2026-05-11,P011,151,133,18,0.8808,0,27
2026-05-12,P011,151,127,24,0.8411,0,56
2026-05-13,P011,151,136,15,0.9007,0,42
2026-05-14,P011,151,132,19,0.8742,1,54
2026-05-15,P011,151,129,22,0.8543,1,16
2026-05-16,P011,151,132,19,0.8742,2,11
2026-05-17,P011,151,131,20,0.8675,1,47
2026-05-18,P011,151,132,19,0.8742,2,11
2026-05-19,P011,151,130,21,0.8609,3,57
2026-05-20,P011,151,128,23,0.8477,2,17
2026-05-21,P011,151,128,23,0.8477,1,1
2026-05-22,P011,151,123,28,0.8146,4,62
2026-05-23,P011,151,129,22,0.8543,4,43
2026-05-24,P011,151,123,28,0.8146,7,58
2026-05-25,P011,151,127,24,0.8411,1,1
2026-05-26,P011,151,131,20,0.8675,3,15
2026-05-27,P011,151,129,22,0.8543,1,50
2026-05-28,P011,151,132,19,0.8742,2,45
2026-05-29,P011,151,130,21,0.8609,0,18
2026-05-30,P011,151,136,15,0.9007,0,17
2026-05-31,P011,151,131,20,0.8675,6,1
2026-06-01,P011,151,140,11,0.9272,2,1
2026-06-02,P011,151,136,15,0.9007,2,51
2026-06-03,P011,151,140,11,0.9272,0,51
2026-06-04,P011,151,136,15,0.9007,0,31
2026-06-05,P011,151,140,11,0.9272,5,37
2026-06-06,P011,151,137,14,0.9073,0,43
2026-06-07,P011,151,139,12,0.9205,3,41
2026-06-08,P011,151,138,13,0.9139,2,28
2026-06-09,P011,151,143,8,0.947,0,46
2026-06-10,P011,151,134,17,0.8874,0,61
2026-06-11,P011,151,135,16,0.894,0,46
2026-06-12,P011,151,135,16,0.894,0,41
2026-06-13,P011,151,138,13,0.9139,0,10
2026-06-14,P011,151,131,20,0.8675,1,28
2026-06-15,P011,151,132,19,0.8742,1,40
2026-06-16,P011,151,131,20,0.8675,3,14
2026-06-17,P011,151,132,19,0.8742,2,13
2026-06-18,P011,151,128,23,0.8477,2,36
2026-06-19,P011,151,124,27,0.8212,1,52
2026-06-20,P011,151,126,25,0.8344,2,51
2026-06-21,P011,151,130,21,0.8609,5,39
2026-06-22,P011,151,133,18,0.8808,4,18
2026-06-23,P011,151,133,18,0.8808,2,43
2026-06-24,P011,151,134,17,0.8874,2,17
2026-06-25,P011,151,138,13,0.9139,0,1
2026-06-26,P011,151,134,17,0.8874,3,64
2026-06-27,P011,151,134,17,0.8874,3,50
2026-06-28,P011,151,136,15,0.9007,0,11
2026-06-29,P011,151,135,16,0.894,1,31
2026-06-30,P011,151,138,13,0.9139,1,16
2026-07-01,P011,151,141,10,0.9338,4,13
2026-07-02,P011,151,141,10,0.9338,2,23
2026-07-03,P011,151,146,5,0.9669,1,59
2026-07-04,P011,151,141,10,0.9338,0,56
2026-07-05,P011,151,141,10,0.9338,0,25
2026-07-06,P011,151,142,9,0.9404,0,33
2026-07-07,P011,151,143,8,0.947,0,1
2026-07-08,P011,151,145,6,0.9603,2,18
2026-07-09,P011,151,145,6,0.9603,3,53
2026-07-10,P011,151,141,10,0.9338,2,62
2026-07-11,P011,151,145,6,0.9603,0,30
2026-07-12,P011,151,140,11,0.9272,0,64
2026-07-13,P011,151,137,14,0.9073,1,8
2026-07-14,P011,151,135,16,0.894,1,45
2026-07-15,P011,151,134,17,0.8874,1,62
2026-07-16,P011,151,134,17,0.8874,0,20
2026-07-17,P011,151,137,14,0.9073,2,49
2026-07-18,P011,151,136,15,0.9007,3,23
2026-07-19,P011,151,132,19,0.8742,1,37
2026-07-20,P011,151,137,14,0.9073,2,50
2026-07-21,P011,151,134,17,0.8874,0,3
2026-07-22,P011,151,136,15,0.9007,0,5
2026-07-23,P011,151,133,18,0.8808,0,42
2026-07-24,P011,151,130,21,0.8609,4,13
2026-07-25,P011,151,132,19,0.8742,7,36
2026-07-26,P011,151,135,16,0.894,1,53
2026-07-27,P011,151,136,15,0.9007,2,52
2026-07-28,P011,151,137,14,0.9073,0,27
2026-07-29,P011,151,136,15,0.9007,0,30
2026-07-30,P011,151,143,8,0.947,0,46
2026-07-31,P011,151,143,8,0.947,1,34
2026-08-01,P011,151,143,8,0.947,3,55
2026-08-02,P011,151,141,10,0.9338,1,47
2026-08-03,P011,151,146,5,0.9669,1,37
2026-08-04,P011,151,148,3,0.9801,1,17
2026-08-05,P011,151,146,5,0.9669,6,48
2026-08-06,P011,151,144,7,0.9536,0,20
2026-08-07,P011,151,144,7,0.9536,0,21
2026-08-08,P011,151,140,11,0.9272,1,45
2026-08-09,P011,151,147,4,0.9735,0,9
2026-08-10,P011,151,141,10,0.9338,1,46
2026-08-11,P011,151,144,7,0.9536,4,58
2026-08-12,P011,151,144,7,0.9536,1,19
2026-08-13,P011,151,142,9,0.9404,5,31
2026-08-14,P011,151,142,9,0.9404,0,44
2026-08-15,P011,151,137,14,0.9073,1,58
2026-08-16,P011,151,135,16,0.894,2,1
2026-08-17,P011,151,140,11,0.9272,1,3
2026-08-18,P011,151,137,14,0.9073,5,47
2026-08-19,P011,151,137,14,0.9073,1,8
2026-08-20,P011,151,134,17,0.8874,1,0
2026-08-21,P011,151,138,13,0.9139,3,11
2026-08-22,P011,151,139,12,0.9205,0,43
2026-08-23,P011,151,137,14,0.9073,1,47
2026-08-24,P011,151,137,14,0.9073,0,19
2026-08-25,P011,151,143,8,0.947,0,29
2026-08-26,P011,151,140,11,0.9272,0,11
2026-08-27,P011,151,137,14,0.9073,2,12
2026-04-30,P012,167,138,29,0.8263,7,40
2026-05-01,P012,167,141,26,0.8443,4,58
2026-05-02,P012,167,148,19,0.8862,3,9
2026-05-03,P012,167,139,28,0.8323,2,44
2026-05-04,P012,167,141,26,0.8443,3,29
2026-05-05,P012,167,149,18,0.8922,3,55
2026-05-06,P012,167,144,23,0.8623,4,25
2026-05-07,P012,167,142,25,0.8503,5,18
2026-05-08,P012,167,144,23,0.8623,2,52
2026-05-09,P012,167,143,24,0.8563,3,62
2026-05-10,P012,167,143,24,0.8563,2,64
2026-05-11,P012,167,142,25,0.8503,4,1
2026-05-12,P012,167,142,25,0.8503,3,1
2026-05-13,P012,167,141,26,0.8443,5,1
2026-05-14,P012,167,138,29,0.8263,2,53
2026-05-15,P012,167,143,24,0.8563,1,44
2026-05-16,P012,167,137,30,0.8204,2,5
2026-05-17,P012,167,138,29,0.8263,2,54
2026-05-18,P012,167,134,33,0.8024,4,39
2026-05-19,P012,167,135,32,0.8084,7,17
2026-05-20,P012,167,135,32,0.8084,4,65
2026-05-21,P012,167,141,26,0.8443,1,48
2026-05-22,P012,167,139,28,0.8323,4,20
2026-05-23,P012,167,142,25,0.8503,5,64
2026-05-24,P012,167,135,32,0.8084,1,10
2026-05-25,P012,167,132,35,0.7904,5,47
2026-05-26,P012,167,140,27,0.8383,2,44
2026-05-27,P012,167,138,29,0.8263,4,52
2026-05-28,P012,167,146,21,0.8743,4,34
2026-05-29,P012,167,141,26,0.8443,5,2
2026-05-30,P012,167,137,30,0.8204,4,54
2026-05-31,P012,167,141,26,0.8443,3,17
2026-06-01,P012,167,149,18,0.8922,1,61
2026-06-02,P012,167,146,21,0.8743,0,46
2026-06-03,P012,167,152,15,0.9102,0,15
2026-06-04,P012,167,148,19,0.8862,5,39
2026-06-05,P012,167,149,18,0.8922,1,21
2026-06-06,P012,167,145,22,0.8683,0,57
2026-06-07,P012,167,145,22,0.8683,0,28
2026-06-08,P012,167,148,19,0.8862,4,55
2026-06-09,P012,167,151,16,0.9042,2,2
2026-06-10,P012,167,148,19,0.8862,0,54
2026-06-11,P012,167,150,17,0.8982,2,34
2026-06-12,P012,167,148,19,0.8862,2,52
2026-06-13,P012,167,151,16,0.9042,4,5
2026-06-14,P012,167,146,21,0.8743,0,19
2026-06-15,P012,167,141,26,0.8443,1,62
2026-06-16,P012,167,141,26,0.8443,3,17
2026-06-17,P012,167,138,29,0.8263,3,33
2026-06-18,P012,167,136,31,0.8144,6,38
2026-06-19,P012,167,146,21,0.8743,3,46
2026-06-20,P012,167,139,28,0.8323,2,19
2026-06-21,P012,167,137,30,0.8204,6,2
2026-06-22,P012,167,138,29,0.8263,7,48
2026-06-23,P012,167,141,26,0.8443,5,20
2026-06-24,P012,167,143,24,0.8563,3,42
2026-06-25,P012,167,139,28,0.8323,5,8
2026-06-26,P012,167,142,25,0.8503,4,9
2026-06-27,P012,167,147,20,0.8802,0,30
2026-06-28,P012,167,149,18,0.8922,1,56
2026-06-29,P012,167,144,23,0.8623,2,36
2026-06-30,P012,167,150,17,0.8982,4,0
2026-07-01,P012,167,148,19,0.8862,6,18
2026-07-02,P012,167,150,17,0.8982,0,12
2026-07-03,P012,167,157,10,0.9401,3,57
2026-07-04,P012,167,155,12,0.9281,0,34
2026-07-05,P012,167,150,17,0.8982,0,12
2026-07-06,P012,167,155,12,0.9281,0,26
2026-07-07,P012,167,152,15,0.9102,0,26
2026-07-08,P012,167,159,8,0.9521,1,60
2026-07-09,P012,167,157,10,0.9401,3,56
2026-07-10,P012,167,153,14,0.9162,0,46
2026-07-11,P012,167,145,22,0.8683,2,62
2026-07-12,P012,167,149,18,0.8922,7,25
2026-07-13,P012,167,151,16,0.9042,2,47
2026-07-14,P012,167,146,21,0.8743,4,35
2026-07-15,P012,167,148,19,0.8862,0,4
2026-07-16,P012,167,151,16,0.9042,1,58
2026-07-17,P012,167,146,21,0.8743,0,63
2026-07-18,P012,167,142,25,0.8503,2,54
2026-07-19,P012,167,148,19,0.8862,0,22
2026-07-20,P012,167,146,21,0.8743,3,39
2026-07-21,P012,167,138,29,0.8263,4,58
2026-07-22,P012,167,145,22,0.8683,3,2
2026-07-23,P012,167,142,25,0.8503,0,47
2026-07-24,P012,167,144,23,0.8623,0,4
2026-07-25,P012,167,150,17,0.8982,1,11
2026-07-26,P012,167,148,19,0.8862,2,58
2026-07-27,P012,167,143,24,0.8563,4,15
2026-07-28,P012,167,151,16,0.9042,2,7
2026-07-29,P012,167,148,19,0.8862,3,29
2026-07-30,P012,167,151,16,0.9042,2,10
2026-07-31,P012,167,148,19,0.8862,2,38
2026-08-01,P012,167,163,4,0.976,0,35
2026-08-02,P012,167,151,16,0.9042,2,50
2026-08-03,P012,167,156,11,0.9341,0,22
2026-08-04,P012,167,156,11,0.9341,3,47
2026-08-05,P012,167,156,11,0.9341,2,34
2026-08-06,P012,167,159,8,0.9521,1,44
2026-08-07,P012,167,155,12,0.9281,3,12
2026-08-08,P012,167,154,13,0.9222,1,0
2026-08-09,P012,167,156,11,0.9341,6,23
2026-08-10,P012,167,156,11,0.9341,0,64
2026-08-11,P012,167,157,10,0.9401,5,9
2026-08-12,P012,167,147,20,0.8802,3,12
2026-08-13,P012,167,154,13,0.9222,2,65
2026-08-14,P012,167,141,26,0.8443,2,34
2026-08-15,P012,167,153,14,0.9162,1,23
2026-08-16,P012,167,150,17,0.8982,2,28
2026-08-17,P012,167,151,16,0.9042,4,30
2026-08-18,P012,167,149,18,0.8922,1,40
2026-08-19,P012,167,148,19,0.8862,2,0
2026-08-20,P012,167,152,15,0.9102,3,28
2026-08-21,P012,167,141,26,0.8443,6,15
2026-08-22,P012,167,146,21,0.8743,4,36
2026-08-23,P012,167,154,13,0.9222,1,15
2026-08-24,P012,167,145,22,0.8683,2,29
2026-08-25,P012,167,149,18,0.8922,0,28
2026-08-26,P012,167,146,21,0.8743,1,14
2026-08-27,P012,167,157,10,0.9401,2,30
2026-04-30,P013,271,218,53,0.8044,7,34
2026-05-01,P013,271,229,42,0.845,4,34
2026-05-02,P013,271,227,44,0.8376,6,54
2026-05-03,P013,271,222,49,0.8192,4,47
2026-05-04,P013,271,234,37,0.8635,5,3
2026-05-05,P013,271,227,44,0.8376,5,46
2026-05-06,P013,271,231,40,0.8524,3,25
2026-05-07,P013,271,215,56,0.7934,8,21
2026-05-08,P013,271,238,33,0.8782,3,13
2026-05-09,P013,271,236,35,0.8708,7,61
2026-05-10,P013,271,223,48,0.8229,8,44
2026-05-11,P013,271,230,41,0.8487,5,36
2026-05-12,P013,271,234,37,0.8635,2,15
2026-05-13,P013,271,228,43,0.8413,7,19
2026-05-14,P013,271,218,53,0.8044,5,18
2026-05-15,P013,271,227,44,0.8376,1,44
2026-05-16,P013,271,215,56,0.7934,9,54
2026-05-17,P013,271,218,53,0.8044,6,32
2026-05-18,P013,271,218,53,0.8044,6,13
2026-05-19,P013,271,224,47,0.8266,5,49
2026-05-20,P013,271,214,57,0.7897,7,34
2026-05-21,P013,271,222,49,0.8192,7,52
2026-05-22,P013,271,217,54,0.8007,5,32
2026-05-23,P013,271,212,59,0.7823,10,9
2026-05-24,P013,271,213,58,0.786,7,11
2026-05-25,P013,271,225,46,0.8303,3,49
2026-05-26,P013,271,230,41,0.8487,2,0
2026-05-27,P013,271,215,56,0.7934,7,50
2026-05-28,P013,271,217,54,0.8007,8,62
2026-05-29,P013,271,226,45,0.8339,1,19
2026-05-30,P013,271,224,47,0.8266,3,48
2026-05-31,P013,271,233,38,0.8598,5,44
2026-06-01,P013,271,227,44,0.8376,3,19
2026-06-02,P013,271,233,38,0.8598,5,62
2026-06-03,P013,271,235,36,0.8672,2,20
2026-06-04,P013,271,236,35,0.8708,4,35
2026-06-05,P013,271,233,38,0.8598,1,33
2026-06-06,P013,271,253,18,0.9336,1,43
2026-06-07,P013,271,239,32,0.8819,8,9
2026-06-08,P013,271,244,27,0.9004,5,58
2026-06-09,P013,271,238,33,0.8782,3,33
2026-06-10,P013,271,243,28,0.8967,1,0
2026-06-11,P013,271,234,37,0.8635,3,62
2026-06-12,P013,271,236,35,0.8708,3,0
2026-06-13,P013,271,229,42,0.845,7,20
2026-06-14,P013,271,222,49,0.8192,6,37
2026-06-15,P013,271,228,43,0.8413,6,50
2026-06-16,P013,271,221,50,0.8155,5,55
2026-06-17,P013,271,227,44,0.8376,5,6
2026-06-18,P013,271,225,46,0.8303,5,25
2026-06-19,P013,271,220,51,0.8118,6,50
2026-06-20,P013,271,217,54,0.8007,8,0
2026-06-21,P013,271,225,46,0.8303,6,3
2026-06-22,P013,271,220,51,0.8118,3,57
2026-06-23,P013,271,219,52,0.8081,4,14
2026-06-24,P013,271,226,45,0.8339,1,48
2026-06-25,P013,271,224,47,0.8266,0,42
2026-06-26,P013,271,232,39,0.8561,6,62
2026-06-27,P013,271,229,42,0.845,3,31
2026-06-28,P013,271,227,44,0.8376,5,33
2026-06-29,P013,271,230,41,0.8487,5,65
2026-06-30,P013,271,232,39,0.8561,4,30
2026-07-01,P013,271,242,29,0.893,3,9
2026-07-02,P013,271,234,37,0.8635,2,47
2026-07-03,P013,271,236,35,0.8708,5,35
2026-07-04,P013,271,237,34,0.8745,5,65
2026-07-05,P013,271,241,30,0.8893,3,20
2026-07-06,P013,271,249,22,0.9188,5,54
2026-07-07,P013,271,244,27,0.9004,0,60
2026-07-08,P013,271,239,32,0.8819,3,46
2026-07-09,P013,271,239,32,0.8819,5,19
2026-07-10,P013,271,235,36,0.8672,5,56
2026-07-11,P013,271,240,31,0.8856,3,57
2026-07-12,P013,271,237,34,0.8745,4,38
2026-07-13,P013,271,248,23,0.9151,4,17
2026-07-14,P013,271,228,43,0.8413,2,4
2026-07-15,P013,271,231,40,0.8524,4,39
2026-07-16,P013,271,224,47,0.8266,6,30
2026-07-17,P013,271,236,35,0.8708,3,60
2026-07-18,P013,271,226,45,0.8339,4,31
2026-07-19,P013,271,225,46,0.8303,4,37
2026-07-20,P013,271,234,37,0.8635,5,62
2026-07-21,P013,271,236,35,0.8708,6,8
2026-07-22,P013,271,224,47,0.8266,5,56
2026-07-23,P013,271,233,38,0.8598,8,31
2026-07-24,P013,271,239,32,0.8819,1,46
2026-07-25,P013,271,234,37,0.8635,5,42
2026-07-26,P013,271,229,42,0.845,0,37
2026-07-27,P013,271,235,36,0.8672,1,54
2026-07-28,P013,271,236,35,0.8708,4,52
2026-07-29,P013,271,241,30,0.8893,3,7
2026-07-30,P013,271,245,26,0.9041,1,62
2026-07-31,P013,271,239,32,0.8819,4,33
2026-08-01,P013,271,246,25,0.9077,2,21
2026-08-02,P013,271,251,20,0.9262,1,27
2026-08-03,P013,271,241,30,0.8893,8,51
2026-08-04,P013,271,245,26,0.9041,3,0
2026-08-05,P013,271,257,14,0.9483,5,38
2026-08-06,P013,271,251,20,0.9262,0,46
2026-08-07,P013,271,255,16,0.941,2,43
2026-08-08,P013,271,247,24,0.9114,3,21
2026-08-09,P013,271,244,27,0.9004,2,37
2026-08-10,P013,271,249,22,0.9188,2,19
2026-08-11,P013,271,235,36,0.8672,4,7
2026-08-12,P013,271,240,31,0.8856,5,26
2026-08-13,P013,271,243,28,0.8967,3,12
2026-08-14,P013,271,247,24,0.9114,0,39
2026-08-15,P013,271,234,37,0.8635,1,55
2026-08-16,P013,271,234,37,0.8635,6,43
2026-08-17,P013,271,239,32,0.8819,5,47
2026-08-18,P013,271,230,41,0.8487,4,42
2026-08-19,P013,271,231,40,0.8524,2,48
2026-08-20,P013,271,238,33,0.8782,6,28
2026-08-21,P013,271,228,43,0.8413,2,42
2026-08-22,P013,271,231,40,0.8524,4,48
2026-08-23,P013,271,236,35,0.8708,0,43
2026-08-24,P013,271,235,36,0.8672,4,12
2026-08-25,P013,271,237,34,0.8745,4,0
2026-08-26,P013,271,242,29,0.893,4,26
2026-08-27,P013,271,249,22,0.9188,0,48
2026-04-30,P014,154,121,33,0.7857,2,65
2026-05-01,P014,154,121,33,0.7857,1,3
2026-05-02,P014,154,121,33,0.7857,9,41
2026-05-03,P014,154,118,36,0.7662,3,4
2026-05-04,P014,154,128,26,0.8312,1,44
2026-05-05,P014,154,126,28,0.8182,7,41
2026-05-06,P014,154,128,26,0.8312,3,34
2026-05-07,P014,154,127,27,0.8247,3,23
2026-05-08,P014,154,128,26,0.8312,3,14
2026-05-09,P014,154,127,27,0.8247,1,17
2026-05-10,P014,154,124,30,0.8052,0,29
2026-05-11,P014,154,128,26,0.8312,3,58
2026-05-12,P014,154,123,31,0.7987,4,1
2026-05-13,P014,154,125,29,0.8117,3,28
2026-05-14,P014,154,123,31,0.7987,2,46
2026-05-15,P014,154,123,31,0.7987,2,31
2026-05-16,P014,154,122,32,0.7922,3,18
2026-05-17,P014,154,121,33,0.7857,0,47
2026-05-18,P014,154,117,37,0.7597,5,63
2026-05-19,P014,154,117,37,0.7597,1,11
2026-05-20,P014,154,119,35,0.7727,6,32
2026-05-21,P014,154,120,34,0.7792,0,58
2026-05-22,P014,154,118,36,0.7662,3,22
2026-05-23,P014,154,117,37,0.7597,3,9
2026-05-24,P014,154,121,33,0.7857,3,10
2026-05-25,P014,154,117,37,0.7597,7,23
2026-05-26,P014,154,120,34,0.7792,5,8
2026-05-27,P014,154,113,41,0.7338,5,43
2026-05-28,P014,154,122,32,0.7922,2,32
2026-05-29,P014,154,122,32,0.7922,5,20
2026-05-30,P014,154,125,29,0.8117,2,56
2026-05-31,P014,154,129,25,0.8377,1,48
2026-06-01,P014,154,123,31,0.7987,3,15
2026-06-02,P014,154,128,26,0.8312,4,17
2026-06-03,P014,154,128,26,0.8312,4,14
2026-06-04,P014,154,129,25,0.8377,1,44
2026-06-05,P014,154,132,22,0.8571,3,53
2026-06-06,P014,154,130,24,0.8442,5,6
2026-06-07,P014,154,127,27,0.8247,3,53
2026-06-08,P014,154,139,15,0.9026,0,31
2026-06-09,P014,154,132,22,0.8571,3,10
2026-06-10,P014,154,131,23,0.8506,1,20
2026-06-11,P014,154,124,30,0.8052,4,1
2026-06-12,P014,154,126,28,0.8182,3,44
2026-06-13,P014,154,128,26,0.8312,5,36
2026-06-14,P014,154,122,32,0.7922,1,2
2026-06-15,P014,154,126,28,0.8182,1,31
2026-06-16,P014,154,119,35,0.7727,6,43
2026-06-17,P014,154,118,36,0.7662,2,8
2026-06-18,P014,154,123,31,0.7987,4,58
2026-06-19,P014,154,125,29,0.8117,0,33
2026-06-20,P014,154,122,32,0.7922,4,13
2026-06-21,P014,154,122,32,0.7922,4,7
2026-06-22,P014,154,121,33,0.7857,1,46
2026-06-23,P014,154,123,31,0.7987,1,24
2026-06-24,P014,154,124,30,0.8052,1,50
2026-06-25,P014,154,121,33,0.7857,5,26
2026-06-26,P014,154,122,32,0.7922,5,46
2026-06-27,P014,154,123,31,0.7987,1,31
2026-06-28,P014,154,126,28,0.8182,3,25
2026-06-29,P014,154,129,25,0.8377,1,14
2026-06-30,P014,154,128,26,0.8312,3,41
2026-07-01,P014,154,126,28,0.8182,2,25
2026-07-02,P014,154,131,23,0.8506,2,15
2026-07-03,P014,154,129,25,0.8377,3,1
2026-07-04,P014,154,132,22,0.8571,0,4
2026-07-05,P014,154,135,19,0.8766,0,29
2026-07-06,P014,154,132,22,0.8571,0,37
2026-07-07,P014,154,133,21,0.8636,0,53
2026-07-08,P014,154,130,24,0.8442,4,58
2026-07-09,P014,154,136,18,0.8831,2,21
2026-07-10,P014,154,132,22,0.8571,4,59
2026-07-11,P014,154,134,20,0.8701,0,29
2026-07-12,P014,154,130,24,0.8442,1,42
2026-07-13,P014,154,127,27,0.8247,3,30
2026-07-14,P014,154,128,26,0.8312,2,28
2026-07-15,P014,154,121,33,0.7857,6,14
2026-07-16,P014,154,127,27,0.8247,4,0
2026-07-17,P014,154,126,28,0.8182,3,39
2026-07-18,P014,154,124,30,0.8052,3,18
2026-07-19,P014,154,128,26,0.8312,4,7
2026-07-20,P014,154,126,28,0.8182,0,54
2026-07-21,P014,154,126,28,0.8182,0,64
2026-07-22,P014,154,125,29,0.8117,3,48
2026-07-23,P014,154,128,26,0.8312,0,13
2026-07-24,P014,154,126,28,0.8182,5,3
2026-07-25,P014,154,126,28,0.8182,4,23
2026-07-26,P014,154,129,25,0.8377,4,1
2026-07-27,P014,154,128,26,0.8312,1,4
2026-07-28,P014,154,130,24,0.8442,2,63
2026-07-29,P014,154,131,23,0.8506,2,1
2026-07-30,P014,154,131,23,0.8506,0,41
2026-07-31,P014,154,132,22,0.8571,2,41
2026-08-01,P014,154,134,20,0.8701,1,19
2026-08-02,P014,154,134,20,0.8701,0,46
2026-08-03,P014,154,134,20,0.8701,4,9
2026-08-04,P014,154,134,20,0.8701,2,25
2026-08-05,P014,154,136,18,0.8831,2,16
2026-08-06,P014,154,136,18,0.8831,3,3
2026-08-07,P014,154,137,17,0.8896,0,42
2026-08-08,P014,154,138,16,0.8961,0,51
2026-08-09,P014,154,138,16,0.8961,2,8
2026-08-10,P014,154,135,19,0.8766,0,34
2026-08-11,P014,154,128,26,0.8312,2,34
2026-08-12,P014,154,135,19,0.8766,3,10
2026-08-13,P014,154,134,20,0.8701,1,36
2026-08-14,P014,154,130,24,0.8442,5,36
2026-08-15,P014,154,133,21,0.8636,0,51
2026-08-16,P014,154,125,29,0.8117,3,2
2026-08-17,P014,154,126,28,0.8182,1,62
2026-08-18,P014,154,126,28,0.8182,6,4
2026-08-19,P014,154,124,30,0.8052,4,34
2026-08-20,P014,154,125,29,0.8117,3,2
2026-08-21,P014,154,132,22,0.8571,4,10
2026-08-22,P014,154,132,22,0.8571,4,44
2026-08-23,P014,154,133,21,0.8636,4,59
2026-08-24,P014,154,128,26,0.8312,3,21
2026-08-25,P014,154,129,25,0.8377,2,59
2026-08-26,P014,154,129,25,0.8377,0,29
2026-08-27,P014,154,127,27,0.8247,5,46
2026-04-30,P015,322,244,78,0.7578,8,19
2026-05-01,P015,322,259,63,0.8043,4,57
2026-05-02,P015,322,253,69,0.7857,10,36
2026-05-03,P015,322,254,68,0.7888,4,5
2026-05-04,P015,322,261,61,0.8106,9,63
2026-05-05,P015,322,258,64,0.8012,8,24
2026-05-06,P015,322,265,57,0.823,4,32
2026-05-07,P015,322,266,56,0.8261,9,63
2026-05-08,P015,322,261,61,0.8106,8,6
2026-05-09,P015,322,262,60,0.8137,8,8
2026-05-10,P015,322,271,51,0.8416,8,48
2026-05-11,P015,322,263,59,0.8168,8,58
2026-05-12,P015,322,262,60,0.8137,7,24
2026-05-13,P015,322,252,70,0.7826,10,45
2026-05-14,P015,322,257,65,0.7981,5,62
2026-05-15,P015,322,246,76,0.764,9,53
2026-05-16,P015,322,248,74,0.7702,8,54
2026-05-17,P015,322,247,75,0.7671,9,47
2026-05-18,P015,322,250,72,0.7764,8,20
2026-05-19,P015,322,246,76,0.764,8,32
2026-05-20,P015,322,239,83,0.7422,10,18
2026-05-21,P015,322,243,79,0.7547,9,58
2026-05-22,P015,322,247,75,0.7671,6,62
2026-05-23,P015,322,247,75,0.7671,7,28
2026-05-24,P015,322,237,85,0.736,8,55
2026-05-25,P015,322,243,79,0.7547,5,30
2026-05-26,P015,322,239,83,0.7422,10,33
2026-05-27,P015,322,247,75,0.7671,6,30
2026-05-28,P015,322,250,72,0.7764,6,21
2026-05-29,P015,322,259,63,0.8043,7,4
2026-05-30,P015,322,257,65,0.7981,8,61
2026-05-31,P015,322,252,70,0.7826,4,59
2026-06-01,P015,322,261,61,0.8106,10,21
2026-06-02,P015,322,260,62,0.8075,6,59
2026-06-03,P015,322,260,62,0.8075,8,20
2026-06-04,P015,322,268,54,0.8323,6,24
2026-06-05,P015,322,270,52,0.8385,3,1
2026-06-06,P015,322,276,46,0.8571,3,55
2026-06-07,P015,322,283,39,0.8789,4,14
2026-06-08,P015,322,274,48,0.8509,5,29
2026-06-09,P015,322,267,55,0.8292,4,31
2026-06-10,P015,322,264,58,0.8199,5,16
2026-06-11,P015,322,265,57,0.823,7,50
2026-06-12,P015,322,271,51,0.8416,3,58
2026-06-13,P015,322,258,64,0.8012,5,7
2026-06-14,P015,322,254,68,0.7888,9,23
2026-06-15,P015,322,259,63,0.8043,7,5
2026-06-16,P015,322,254,68,0.7888,8,12
2026-06-17,P015,322,250,72,0.7764,9,17
2026-06-18,P015,322,254,68,0.7888,10,50
2026-06-19,P015,322,251,71,0.7795,8,62
2026-06-20,P015,322,253,69,0.7857,8,22
2026-06-21,P015,322,247,75,0.7671,8,22
2026-06-22,P015,322,252,70,0.7826,9,56
2026-06-23,P015,322,250,72,0.7764,8,62
2026-06-24,P015,322,256,66,0.795,8,25
2026-06-25,P015,322,252,70,0.7826,7,28
2026-06-26,P015,322,260,62,0.8075,8,31
2026-06-27,P015,322,257,65,0.7981,6,23
2026-06-28,P015,322,253,69,0.7857,6,18
2026-06-29,P015,322,253,69,0.7857,8,56
2026-06-30,P015,322,263,59,0.8168,7,17
2026-07-01,P015,322,269,53,0.8354,6,37
2026-07-02,P015,322,276,46,0.8571,7,18
2026-07-03,P015,322,265,57,0.823,7,38
2026-07-04,P015,322,274,48,0.8509,7,58
2026-07-05,P015,322,270,52,0.8385,6,53
2026-07-06,P015,322,268,54,0.8323,5,13
2026-07-07,P015,322,283,39,0.8789,3,14
2026-07-08,P015,322,266,56,0.8261,6,25
2026-07-09,P015,322,264,58,0.8199,9,34
2026-07-10,P015,322,283,39,0.8789,6,46
2026-07-11,P015,322,270,52,0.8385,5,61
2026-07-12,P015,322,272,50,0.8447,8,33
2026-07-13,P015,322,272,50,0.8447,7,45
2026-07-14,P015,322,261,61,0.8106,7,8
2026-07-15,P015,322,259,63,0.8043,7,46
2026-07-16,P015,322,255,67,0.7919,5,23
2026-07-17,P015,322,262,60,0.8137,8,61
2026-07-18,P015,322,261,61,0.8106,4,59
2026-07-19,P015,322,264,58,0.8199,6,30
2026-07-20,P015,322,259,63,0.8043,9,59
2026-07-21,P015,322,249,73,0.7733,6,36
2026-07-22,P015,322,270,52,0.8385,5,22
2026-07-23,P015,322,267,55,0.8292,4,27
2026-07-24,P015,322,269,53,0.8354,5,42
2026-07-25,P015,322,250,72,0.7764,10,53
2026-07-26,P015,322,258,64,0.8012,10,57
2026-07-27,P015,322,256,66,0.795,11,50
2026-07-28,P015,322,262,60,0.8137,9,29
2026-07-29,P015,322,269,53,0.8354,6,50
2026-07-30,P015,322,262,60,0.8137,4,63
2026-07-31,P015,322,277,45,0.8602,4,48
2026-08-01,P015,322,275,47,0.854,2,14
2026-08-02,P015,322,285,37,0.8851,9,3
2026-08-03,P015,322,285,37,0.8851,3,40
2026-08-04,P015,322,278,44,0.8634,8,27
2026-08-05,P015,322,278,44,0.8634,2,2
2026-08-06,P015,322,291,31,0.9037,1,56
2026-08-07,P015,322,293,29,0.9099,3,15
2026-08-08,P015,322,286,36,0.8882,3,2
2026-08-09,P015,322,276,46,0.8571,6,38
2026-08-10,P015,322,285,37,0.8851,6,9
2026-08-11,P015,322,274,48,0.8509,4,21
2026-08-12,P015,322,270,52,0.8385,4,60
2026-08-13,P015,322,274,48,0.8509,10,8
2026-08-14,P015,322,275,47,0.854,4,51
2026-08-15,P015,322,266,56,0.8261,8,21
2026-08-16,P015,322,265,57,0.823,8,11
2026-08-17,P015,322,264,58,0.8199,6,38
2026-08-18,P015,322,261,61,0.8106,7,36
2026-08-19,P015,322,268,54,0.8323,4,61
2026-08-20,P015,322,258,64,0.8012,4,57
2026-08-21,P015,322,262,60,0.8137,9,43
2026-08-22,P015,322,250,72,0.7764,9,28
2026-08-23,P015,322,265,57,0.823,10,42
2026-08-24,P015,322,252,70,0.7826,9,28
2026-08-25,P015,322,271,51,0.8416,5,45
2026-08-26,P015,322,270,52,0.8385,9,36
2026-08-27,P015,322,274,48,0.8509,5,24
2026-04-30,P016,200,139,61,0.695,11,62
2026-05-01,P016,200,137,63,0.685,6,16
2026-05-02,P016,200,139,61,0.695,3,65
2026-05-03,P016,200,141,59,0.705,7,53
2026-05-04,P016,200,141,59,0.705,11,8
2026-05-05,P016,200,146,54,0.73,7,10
2026-05-06,P016,200,141,59,0.705,8,22
2026-05-07,P016,200,138,62,0.69,10,4
2026-05-08,P016,200,148,52,0.74,6,51
2026-05-09,P016,200,145,55,0.725,8,17
2026-05-10,P016,200,141,59,0.705,9,7
2026-05-11,P016,200,148,52,0.74,6,62
2026-05-12,P016,200,146,54,0.73,4,8
2026-05-13,P016,200,144,56,0.72,4,35
2026-05-14,P016,200,141,59,0.705,5,1
2026-05-15,P016,200,132,68,0.66,10,14
2026-05-16,P016,200,137,63,0.685,10,32
2026-05-17,P016,200,137,63,0.685,7,0
2026-05-18,P016,200,137,63,0.685,4,21
2026-05-19,P016,200,130,70,0.65,6,40
2026-05-20,P016,200,132,68,0.66,8,52
2026-05-21,P016,200,136,64,0.68,9,28
2026-05-22,P016,200,131,69,0.655,10,0
2026-05-23,P016,200,136,64,0.68,6,43
2026-05-24,P016,200,136,64,0.68,11,33
2026-05-25,P016,200,137,63,0.685,5,31
2026-05-26,P016,200,135,65,0.675,10,53
2026-05-27,P016,200,128,72,0.64,12,65
2026-05-28,P016,200,138,62,0.69,5,36
2026-05-29,P016,200,136,64,0.68,8,20
2026-05-30,P016,200,135,65,0.675,6,50
2026-05-31,P016,200,144,56,0.72,1,15
2026-06-01,P016,200,145,55,0.725,7,42
2026-06-02,P016,200,148,52,0.74,7,44
2026-06-03,P016,200,144,56,0.72,6,45
2026-06-04,P016,200,148,52,0.74,7,48
2026-06-05,P016,200,156,44,0.78,6,23
2026-06-06,P016,200,147,53,0.735,7,29
2026-06-07,P016,200,145,55,0.725,5,15
2026-06-08,P016,200,145,55,0.725,5,33
2026-06-09,P016,200,146,54,0.73,7,1
2026-06-10,P016,200,145,55,0.725,8,23
2026-06-11,P016,200,144,56,0.72,6,44
2026-06-12,P016,200,143,57,0.715,7,30
2026-06-13,P016,200,142,58,0.71,11,22
2026-06-14,P016,200,144,56,0.72,7,5
2026-06-15,P016,200,139,61,0.695,7,17
2026-06-16,P016,200,139,61,0.695,8,48
2026-06-17,P016,200,144,56,0.72,6,47
2026-06-18,P016,200,132,68,0.66,9,14
2026-06-19,P016,200,136,64,0.68,9,52
2026-06-20,P016,200,137,63,0.685,9,51
2026-06-21,P016,200,135,65,0.675,9,1
2026-06-22,P016,200,138,62,0.69,7,50
2026-06-23,P016,200,135,65,0.675,8,26
2026-06-24,P016,200,138,62,0.69,9,21
2026-06-25,P016,200,136,64,0.68,8,6
2026-06-26,P016,200,141,59,0.705,6,37
2026-06-27,P016,200,144,56,0.72,5,53
2026-06-28,P016,200,138,62,0.69,5,52
2026-06-29,P016,200,143,57,0.715,6,10
2026-06-30,P016,200,152,48,0.76,7,34
2026-07-01,P016,200,148,52,0.74,4,43
2026-07-02,P016,200,155,45,0.775,5,56
2026-07-03,P016,200,146,54,0.73,7,13
2026-07-04,P016,200,154,46,0.77,9,58
2026-07-05,P016,200,146,54,0.73,8,45
2026-07-06,P016,200,153,47,0.765,5,37
2026-07-07,P016,200,154,46,0.77,6,52
2026-07-08,P016,200,153,47,0.765,3,51
2026-07-09,P016,200,148,52,0.74,5,60
2026-07-10,P016,200,155,45,0.775,3,40
2026-07-11,P016,200,148,52,0.74,8,56
2026-07-12,P016,200,150,50,0.75,6,13
2026-07-13,P016,200,147,53,0.735,4,27
2026-07-14,P016,200,149,51,0.745,4,23
2026-07-15,P016,200,143,57,0.715,2,62
2026-07-16,P016,200,146,54,0.73,6,15
2026-07-17,P016,200,141,59,0.705,7,35
2026-07-18,P016,200,147,53,0.735,3,61
2026-07-19,P016,200,139,61,0.695,9,56
2026-07-20,P016,200,147,53,0.735,5,53
2026-07-21,P016,200,137,63,0.685,4,7
2026-07-22,P016,200,143,57,0.715,5,32
2026-07-23,P016,200,143,57,0.715,7,51
2026-07-24,P016,200,141,59,0.705,8,58
2026-07-25,P016,200,143,57,0.715,2,7
2026-07-26,P016,200,149,51,0.745,4,55
2026-07-27,P016,200,148,52,0.74,7,64
2026-07-28,P016,200,149,51,0.745,4,9
2026-07-29,P016,200,145,55,0.725,2,30
2026-07-30,P016,200,157,43,0.785,5,61
2026-07-31,P016,200,149,51,0.745,2,20
2026-08-01,P016,200,155,45,0.775,7,20
2026-08-02,P016,200,150,50,0.75,4,35
2026-08-03,P016,200,160,40,0.8,3,8
2026-08-04,P016,200,156,44,0.78,5,13
2026-08-05,P016,200,156,44,0.78,5,48
2026-08-06,P016,200,155,45,0.775,3,33
2026-08-07,P016,200,157,43,0.785,5,20
2026-08-08,P016,200,162,38,0.81,2,24
2026-08-09,P016,200,161,39,0.805,2,50
2026-08-10,P016,200,154,46,0.77,4,50
2026-08-11,P016,200,158,42,0.79,1,60
2026-08-12,P016,200,160,40,0.8,2,59
2026-08-13,P016,200,148,52,0.74,8,45
2026-08-14,P016,200,149,51,0.745,3,16
2026-08-15,P016,200,145,55,0.725,4,55
2026-08-16,P016,200,150,50,0.75,8,4
2026-08-17,P016,200,142,58,0.71,5,63
2026-08-18,P016,200,146,54,0.73,8,35
2026-08-19,P016,200,147,53,0.735,10,55
2026-08-20,P016,200,142,58,0.71,2,43
2026-08-21,P016,200,153,47,0.765,6,20
2026-08-22,P016,200,153,47,0.765,5,20
2026-08-23,P016,200,146,54,0.73,4,12
2026-08-24,P016,200,145,55,0.725,2,16
2026-08-25,P016,200,143,57,0.715,8,60
2026-08-26,P016,200,143,57,0.715,3,58
2026-08-27,P016,200,155,45,0.775,3,34
2026-04-30,P017,227,134,93,0.5903,10,53
2026-05-01,P017,227,134,93,0.5903,13,15
2026-05-02,P017,227,138,89,0.6079,9,18
2026-05-03,P017,227,138,89,0.6079,8,55
2026-05-04,P017,227,139,88,0.6123,10,54
2026-05-05,P017,227,137,90,0.6035,12,29
2026-05-06,P017,227,143,84,0.63,9,22
2026-05-07,P017,227,140,87,0.6167,11,8
2026-05-08,P017,227,135,92,0.5947,8,38
2026-05-09,P017,227,139,88,0.6123,10,27
2026-05-10,P017,227,151,76,0.6652,8,40
2026-05-11,P017,227,142,85,0.6256,11,26
2026-05-12,P017,227,145,82,0.6388,13,60
2026-05-13,P017,227,127,100,0.5595,10,43
2026-05-14,P017,227,144,83,0.6344,11,7
2026-05-15,P017,227,139,88,0.6123,12,30
2026-05-16,P017,227,127,100,0.5595,10,27
2026-05-17,P017,227,132,95,0.5815,12,51
2026-05-18,P017,227,131,96,0.5771,11,59
2026-05-19,P017,227,129,98,0.5683,13,59
2026-05-20,P017,227,129,98,0.5683,12,15
2026-05-21,P017,227,123,104,0.5419,12,5
2026-05-22,P017,227,131,96,0.5771,9,4
2026-05-23,P017,227,130,97,0.5727,13,34
2026-05-24,P017,227,126,101,0.5551,13,59
2026-05-25,P017,227,126,101,0.5551,12,20
2026-05-26,P017,227,131,96,0.5771,11,17
2026-05-27,P017,227,135,92,0.5947,9,26
2026-05-28,P017,227,131,96,0.5771,11,51
2026-05-29,P017,227,138,89,0.6079,10,50
2026-05-30,P017,227,142,85,0.6256,10,16
2026-05-31,P017,227,148,79,0.652,7,47
2026-06-01,P017,227,145,82,0.6388,12,35
2026-06-02,P017,227,140,87,0.6167,9,43
2026-06-03,P017,227,148,79,0.652,7,26
2026-06-04,P017,227,142,85,0.6256,7,42
2026-06-05,P017,227,143,84,0.63,11,0
2026-06-06,P017,227,139,88,0.6123,10,25
2026-06-07,P017,227,149,78,0.6564,9,3
2026-06-08,P017,227,144,83,0.6344,12,30
2026-06-09,P017,227,147,80,0.6476,9,8
2026-06-10,P017,227,146,81,0.6432,11,56
2026-06-11,P017,227,140,87,0.6167,9,17
2026-06-12,P017,227,145,82,0.6388,10,43
2026-06-13,P017,227,143,84,0.63,9,15
2026-06-14,P017,227,137,90,0.6035,7,22
2026-06-15,P017,227,141,86,0.6211,10,62
2026-06-16,P017,227,138,89,0.6079,11,62
2026-06-17,P017,227,140,87,0.6167,10,11
2026-06-18,P017,227,139,88,0.6123,11,38
2026-06-19,P017,227,131,96,0.5771,9,52
2026-06-20,P017,227,137,90,0.6035,13,37
2026-06-21,P017,227,138,89,0.6079,13,59
2026-06-22,P017,227,136,91,0.5991,11,24
2026-06-23,P017,227,129,98,0.5683,9,39
2026-06-24,P017,227,128,99,0.5639,12,37
2026-06-25,P017,227,131,96,0.5771,11,10
2026-06-26,P017,227,132,95,0.5815,12,47
2026-06-27,P017,227,134,93,0.5903,10,63
2026-06-28,P017,227,145,82,0.6388,12,58
2026-06-29,P017,227,139,88,0.6123,14,16
2026-06-30,P017,227,139,88,0.6123,10,30
2026-07-01,P017,227,138,89,0.6079,12,5
2026-07-02,P017,227,142,85,0.6256,13,63
2026-07-03,P017,227,151,76,0.6652,9,64
2026-07-04,P017,227,153,74,0.674,8,25
2026-07-05,P017,227,152,75,0.6696,11,35
2026-07-06,P017,227,144,83,0.6344,7,50
2026-07-07,P017,227,151,76,0.6652,8,4
2026-07-08,P017,227,151,76,0.6652,10,43
2026-07-09,P017,227,153,74,0.674,7,3
2026-07-10,P017,227,146,81,0.6432,10,46
2026-07-11,P017,227,139,88,0.6123,10,5
2026-07-12,P017,227,153,74,0.674,7,41
2026-07-13,P017,227,145,82,0.6388,6,60
2026-07-14,P017,227,140,87,0.6167,12,9
2026-07-15,P017,227,142,85,0.6256,12,15
2026-07-16,P017,227,147,80,0.6476,11,48
2026-07-17,P017,227,137,90,0.6035,9,11
2026-07-18,P017,227,135,92,0.5947,14,23
2026-07-19,P017,227,133,94,0.5859,9,47
2026-07-20,P017,227,138,89,0.6079,13,20
2026-07-21,P017,227,138,89,0.6079,10,11
2026-07-22,P017,227,136,91,0.5991,11,4
2026-07-23,P017,227,142,85,0.6256,12,58
2026-07-24,P017,227,133,94,0.5859,13,15
2026-07-25,P017,227,138,89,0.6079,8,63
2026-07-26,P017,227,144,83,0.6344,10,30
2026-07-27,P017,227,149,78,0.6564,9,44
2026-07-28,P017,227,143,84,0.63,12,27
2026-07-29,P017,227,148,79,0.652,10,30
2026-07-30,P017,227,151,76,0.6652,7,58
2026-07-31,P017,227,144,83,0.6344,9,64
2026-08-01,P017,227,145,82,0.6388,6,61
2026-08-02,P017,227,152,75,0.6696,10,3
2026-08-03,P017,227,152,75,0.6696,6,15
2026-08-04,P017,227,153,74,0.674,7,14
2026-08-05,P017,227,148,79,0.652,12,30
2026-08-06,P017,227,160,67,0.7048,7,5
2026-08-07,P017,227,150,77,0.6608,8,39
2026-08-08,P017,227,155,72,0.6828,11,41
2026-08-09,P017,227,154,73,0.6784,7,23
2026-08-10,P017,227,153,74,0.674,10,17
2026-08-11,P017,227,143,84,0.63,10,10
2026-08-12,P017,227,147,80,0.6476,9,1
2026-08-13,P017,227,147,80,0.6476,12,44
2026-08-14,P017,227,141,86,0.6211,12,3
2026-08-15,P017,227,149,78,0.6564,7,49
2026-08-16,P017,227,151,76,0.6652,9,49
2026-08-17,P017,227,145,82,0.6388,6,21
2026-08-18,P017,227,141,86,0.6211,12,16
2026-08-19,P017,227,144,83,0.6344,7,51
2026-08-20,P017,227,137,90,0.6035,10,61
2026-08-21,P017,227,150,77,0.6608,10,64
2026-08-22,P017,227,149,78,0.6564,8,7
2026-08-23,P017,227,143,84,0.63,9,51
2026-08-24,P017,227,143,84,0.63,11,64
2026-08-25,P017,227,145,82,0.6388,11,62
2026-08-26,P017,227,147,80,0.6476,9,31
2026-08-27,P017,227,146,81,0.6432,8,24
2026-04-30,P018,346,238,108,0.6879,10,23
2026-05-01,P018,346,241,105,0.6965,12,45
2026-05-02,P018,346,250,96,0.7225,10,3
2026-05-03,P018,346,250,96,0.7225,9,40
2026-05-04,P018,346,250,96,0.7225,11,19
2026-05-05,P018,346,267,79,0.7717,10,51
2026-05-06,P018,346,265,81,0.7659,8,37
2026-05-07,P018,346,244,102,0.7052,12,34
2026-05-08,P018,346,254,92,0.7341,11,11
2026-05-09,P018,346,260,86,0.7514,13,6
2026-05-10,P018,346,254,92,0.7341,8,13
2026-05-11,P018,346,248,98,0.7168,14,63
2026-05-12,P018,346,236,110,0.6821,13,48
2026-05-13,P018,346,248,98,0.7168,13,56
2026-05-14,P018,346,237,109,0.685,15,3
2026-05-15,P018,346,240,106,0.6936,12,8
2026-05-16,P018,346,239,107,0.6908,10,41
2026-05-17,P018,346,230,116,0.6647,12,23
2026-05-18,P018,346,239,107,0.6908,12,22
2026-05-19,P018,346,242,104,0.6994,9,54
2026-05-20,P018,346,234,112,0.6763,17,42
2026-05-21,P018,346,220,126,0.6358,12,60
2026-05-22,P018,346,233,113,0.6734,13,17
2026-05-23,P018,346,230,116,0.6647,10,45
2026-05-24,P018,346,229,117,0.6618,14,60
2026-05-25,P018,346,238,108,0.6879,12,30
2026-05-26,P018,346,241,105,0.6965,13,36
2026-05-27,P018,346,233,113,0.6734,10,28
2026-05-28,P018,346,243,103,0.7023,15,22
2026-05-29,P018,346,252,94,0.7283,10,54
2026-05-30,P018,346,245,101,0.7081,13,18
2026-05-31,P018,346,250,96,0.7225,12,6
2026-06-01,P018,346,252,94,0.7283,16,3
2026-06-02,P018,346,248,98,0.7168,11,35
2026-06-03,P018,346,249,97,0.7197,10,57
2026-06-04,P018,346,257,89,0.7428,9,54
2026-06-05,P018,346,257,89,0.7428,10,4
2026-06-06,P018,346,257,89,0.7428,12,29
2026-06-07,P018,346,245,101,0.7081,12,65
2026-06-08,P018,346,252,94,0.7283,9,60
2026-06-09,P018,346,263,83,0.7601,10,50
2026-06-10,P018,346,259,87,0.7486,6,21
2026-06-11,P018,346,248,98,0.7168,9,65
2026-06-12,P018,346,256,90,0.7399,11,36
2026-06-13,P018,346,249,97,0.7197,12,0
2026-06-14,P018,346,251,95,0.7254,8,14
2026-06-15,P018,346,242,104,0.6994,10,1
2026-06-16,P018,346,241,105,0.6965,13,27
2026-06-17,P018,346,239,107,0.6908,12,23
2026-06-18,P018,346,238,108,0.6879,9,53
2026-06-19,P018,346,226,120,0.6532,17,18
2026-06-20,P018,346,237,109,0.685,12,31
2026-06-21,P018,346,236,110,0.6821,14,27
2026-06-22,P018,346,244,102,0.7052,10,2
2026-06-23,P018,346,245,101,0.7081,9,55
2026-06-24,P018,346,234,112,0.6763,12,39
2026-06-25,P018,346,248,98,0.7168,6,8
2026-06-26,P018,346,253,93,0.7312,11,39
2026-06-27,P018,346,241,105,0.6965,11,50
2026-06-28,P018,346,248,98,0.7168,10,43
2026-06-29,P018,346,252,94,0.7283,14,8
2026-06-30,P018,346,249,97,0.7197,14,60
2026-07-01,P018,346,249,97,0.7197,7,52
2026-07-02,P018,346,261,85,0.7543,9,29
2026-07-03,P018,346,262,84,0.7572,9,64
2026-07-04,P018,346,273,73,0.789,9,11
2026-07-05,P018,346,272,74,0.7861,6,45
2026-07-06,P018,346,270,76,0.7803,9,43
2026-07-07,P018,346,272,74,0.7861,10,14
2026-07-08,P018,346,268,78,0.7746,13,3
2026-07-09,P018,346,260,86,0.7514,10,29
2026-07-10,P018,346,260,86,0.7514,11,1
2026-07-11,P018,346,269,77,0.7775,10,30
2026-07-12,P018,346,268,78,0.7746,8,65
2026-07-13,P018,346,263,83,0.7601,9,57
2026-07-14,P018,346,249,97,0.7197,13,10
2026-07-15,P018,346,245,101,0.7081,12,2
2026-07-16,P018,346,251,95,0.7254,9,26
2026-07-17,P018,346,246,100,0.711,13,14
2026-07-18,P018,346,238,108,0.6879,12,44
2026-07-19,P018,346,245,101,0.7081,10,42
2026-07-20,P018,346,244,102,0.7052,10,3
2026-07-21,P018,346,244,102,0.7052,11,33
2026-07-22,P018,346,239,107,0.6908,13,14
2026-07-23,P018,346,243,103,0.7023,10,56
2026-07-24,P018,346,237,109,0.685,16,41
2026-07-25,P018,346,251,95,0.7254,14,53
2026-07-26,P018,346,253,93,0.7312,12,36
2026-07-27,P018,346,250,96,0.7225,13,22
2026-07-28,P018,346,253,93,0.7312,13,23
2026-07-29,P018,346,266,80,0.7688,12,49
2026-07-30,P018,346,250,96,0.7225,7,65
2026-07-31,P018,346,265,81,0.7659,10,52
2026-08-01,P018,346,280,66,0.8092,5,53
2026-08-02,P018,346,255,91,0.737,10,43
2026-08-03,P018,346,273,73,0.789,13,56
2026-08-04,P018,346,263,83,0.7601,10,15
2026-08-05,P018,346,285,61,0.8237,7,12
2026-08-06,P018,346,265,81,0.7659,11,64
2026-08-07,P018,346,269,77,0.7775,6,1
2026-08-08,P018,346,278,68,0.8035,5,34
2026-08-09,P018,346,264,82,0.763,8,4
2026-08-10,P018,346,267,79,0.7717,10,18
2026-08-11,P018,346,271,75,0.7832,9,42
2026-08-12,P018,346,275,71,0.7948,9,12
2026-08-13,P018,346,258,88,0.7457,10,30
2026-08-14,P018,346,262,84,0.7572,13,38
2026-08-15,P018,346,259,87,0.7486,9,30
2026-08-16,P018,346,272,74,0.7861,12,26
2026-08-17,P018,346,252,94,0.7283,12,39
2026-08-18,P018,346,256,90,0.7399,12,32
2026-08-19,P018,346,245,101,0.7081,14,9
2026-08-20,P018,346,250,96,0.7225,7,4
2026-08-21,P018,346,258,88,0.7457,7,44
2026-08-22,P018,346,260,86,0.7514,12,19
2026-08-23,P018,346,256,90,0.7399,11,31
2026-08-24,P018,346,255,91,0.737,8,17
2026-08-25,P018,346,251,95,0.7254,10,50
2026-08-26,P018,346,261,85,0.7543,9,15
2026-08-27,P018,346,261,85,0.7543,9,50
2026-04-30,P019,406,312,94,0.7685,8,29
2026-05-01,P019,406,326,80,0.803,11,12
2026-05-02,P019,406,315,91,0.7759,10,60
2026-05-03,P019,406,319,87,0.7857,8,38
2026-05-04,P019,406,330,76,0.8128,6,21
2026-05-05,P019,406,329,77,0.8103,13,2
2026-05-06,P019,406,326,80,0.803,7,12
2026-05-07,P019,406,315,91,0.7759,10,36
2026-05-08,P019,406,329,77,0.8103,10,49
2026-05-09,P019,406,337,69,0.83,7,28
2026-05-10,P019,406,319,87,0.7857,8,36
2026-05-11,P019,406,326,80,0.803,8,55
2026-05-12,P019,406,313,93,0.7709,10,18
2026-05-13,P019,406,317,89,0.7808,10,41
2026-05-14,P019,406,315,91,0.7759,8,48
2026-05-15,P019,406,306,100,0.7537,11,33
2026-05-16,P019,406,304,102,0.7488,12,21
2026-05-17,P019,406,300,106,0.7389,14,63
2026-05-18,P019,406,306,100,0.7537,9,33
2026-05-19,P019,406,309,97,0.7611,14,0
2026-05-20,P019,406,310,96,0.7635,9,53
2026-05-21,P019,406,306,100,0.7537,10,45
2026-05-22,P019,406,306,100,0.7537,12,63
2026-05-23,P019,406,306,100,0.7537,14,41
2026-05-24,P019,406,299,107,0.7365,12,29
2026-05-25,P019,406,302,104,0.7438,13,37
2026-05-26,P019,406,305,101,0.7512,11,20
2026-05-27,P019,406,311,95,0.766,10,17
2026-05-28,P019,406,300,106,0.7389,12,35
2026-05-29,P019,406,326,80,0.803,7,45
2026-05-30,P019,406,320,86,0.7882,9,56
2026-05-31,P019,406,325,81,0.8005,10,31
2026-06-01,P019,406,313,93,0.7709,9,8
2026-06-02,P019,406,325,81,0.8005,8,19
2026-06-03,P019,406,336,70,0.8276,8,20
2026-06-04,P019,406,335,71,0.8251,8,41
2026-06-05,P019,406,333,73,0.8202,9,31
2026-06-06,P019,406,320,86,0.7882,12,32
2026-06-07,P019,406,333,73,0.8202,8,19
2026-06-08,P019,406,321,85,0.7906,10,65
2026-06-09,P019,406,321,85,0.7906,8,4
2026-06-10,P019,406,344,62,0.8473,8,7
2026-06-11,P019,406,321,85,0.7906,8,27
2026-06-12,P019,406,338,68,0.8325,6,12
2026-06-13,P019,406,319,87,0.7857,10,20
2026-06-14,P019,406,319,87,0.7857,13,19
2026-06-15,P019,406,318,88,0.7833,12,16
2026-06-16,P019,406,311,95,0.766,10,38
2026-06-17,P019,406,314,92,0.7734,11,48
2026-06-18,P019,406,313,93,0.7709,11,14
2026-06-19,P019,406,309,97,0.7611,10,53
2026-06-20,P019,406,303,103,0.7463,15,64
2026-06-21,P019,406,292,114,0.7192,15,27
2026-06-22,P019,406,305,101,0.7512,13,34
2026-06-23,P019,406,314,92,0.7734,11,58
2026-06-24,P019,406,309,97,0.7611,11,24
2026-06-25,P019,406,316,90,0.7783,8,26
2026-06-26,P019,406,309,97,0.7611,11,9
2026-06-27,P019,406,319,87,0.7857,8,45
2026-06-28,P019,406,320,86,0.7882,9,57
2026-06-29,P019,406,324,82,0.798,7,42
2026-06-30,P019,406,333,73,0.8202,8,2
2026-07-01,P019,406,325,81,0.8005,5,3
2026-07-02,P019,406,329,77,0.8103,11,15
2026-07-03,P019,406,340,66,0.8374,7,57
2026-07-04,P019,406,344,62,0.8473,6,65
2026-07-05,P019,406,326,80,0.803,8,21
2026-07-06,P019,406,340,66,0.8374,6,65
2026-07-07,P019,406,355,51,0.8744,5,0
2026-07-08,P019,406,342,64,0.8424,9,38
2026-07-09,P019,406,346,60,0.8522,10,36
2026-07-10,P019,406,335,71,0.8251,8,10
2026-07-11,P019,406,332,74,0.8177,6,24
2026-07-12,P019,406,320,86,0.7882,9,31
2026-07-13,P019,406,340,66,0.8374,8,0
2026-07-14,P019,406,334,72,0.8227,5,14
2026-07-15,P019,406,326,80,0.803,9,33
2026-07-16,P019,406,332,74,0.8177,12,62
2026-07-17,P019,406,322,84,0.7931,8,41
2026-07-18,P019,406,318,88,0.7833,11,65
2026-07-19,P019,406,320,86,0.7882,10,57
2026-07-20,P019,406,308,98,0.7586,11,43
2026-07-21,P019,406,325,81,0.8005,6,28
2026-07-22,P019,406,319,87,0.7857,12,32
2026-07-23,P019,406,334,72,0.8227,4,20
2026-07-24,P019,406,330,76,0.8128,6,17
2026-07-25,P019,406,321,85,0.7906,10,47
2026-07-26,P019,406,325,81,0.8005,10,29
2026-07-27,P019,406,334,72,0.8227,8,63
2026-07-28,P019,406,338,68,0.8325,6,47
2026-07-29,P019,406,337,69,0.83,9,47
2026-07-30,P019,406,344,62,0.8473,6,16
2026-07-31,P019,406,340,66,0.8374,8,12
2026-08-01,P019,406,344,62,0.8473,6,51
2026-08-02,P019,406,334,72,0.8227,9,54
2026-08-03,P019,406,340,66,0.8374,5,1
2026-08-04,P019,406,352,54,0.867,6,18
2026-08-05,P019,406,352,54,0.867,2,43
2026-08-06,P019,406,360,46,0.8867,2,11
2026-08-07,P019,406,350,56,0.8621,6,10
2026-08-08,P019,406,345,61,0.8498,7,63
2026-08-09,P019,406,350,56,0.8621,5,2
2026-08-10,P019,406,346,60,0.8522,8,5
2026-08-11,P019,406,355,51,0.8744,9,24
2026-08-12,P019,406,344,62,0.8473,7,30
2026-08-13,P019,406,330,76,0.8128,9,3
2026-08-14,P019,406,333,73,0.8202,9,61
2026-08-15,P019,406,328,78,0.8079,8,42
2026-08-16,P019,406,340,66,0.8374,8,57
2026-08-17,P019,406,320,86,0.7882,9,6
2026-08-18,P019,406,325,81,0.8005,11,48
2026-08-19,P019,406,327,79,0.8054,5,11
2026-08-20,P019,406,331,75,0.8153,7,58
2026-08-21,P019,406,335,71,0.8251,7,43
2026-08-22,P019,406,331,75,0.8153,6,48
2026-08-23,P019,406,325,81,0.8005,5,6
2026-08-24,P019,406,338,68,0.8325,10,28
2026-08-25,P019,406,336,70,0.8276,7,23
2026-08-26,P019,406,335,71,0.8251,10,48
2026-08-27,P019,406,328,78,0.8079,8,24
2026-04-30,P020,175,120,55,0.6857,5,52
2026-05-01,P020,175,123,52,0.7029,10,37
2026-05-02,P020,175,124,51,0.7086,5,42
2026-05-03,P020,175,126,49,0.72,9,14
2026-05-04,P020,175,128,47,0.7314,3,17
2026-05-05,P020,175,120,55,0.6857,3,27
2026-05-06,P020,175,130,45,0.7429,9,30
2026-05-07,P020,175,124,51,0.7086,6,11
2026-05-08,P020,175,128,47,0.7314,4,33
2026-05-09,P020,175,122,53,0.6971,11,23
2026-05-10,P020,175,122,53,0.6971,7,34
2026-05-11,P020,175,128,47,0.7314,8,64
2026-05-12,P020,175,122,53,0.6971,5,39
2026-05-13,P020,175,126,49,0.72,4,50
2026-05-14,P020,175,125,50,0.7143,5,5
2026-05-15,P020,175,125,50,0.7143,7,8
2026-05-16,P020,175,117,58,0.6686,6,39
2026-05-17,P020,175,120,55,0.6857,9,20
2026-05-18,P020,175,116,59,0.6629,8,36
2026-05-19,P020,175,122,53,0.6971,5,23
2026-05-20,P020,175,116,59,0.6629,11,1
2026-05-21,P020,175,114,61,0.6514,8,55
2026-05-22,P020,175,109,66,0.6229,7,23
2026-05-23,P020,175,112,63,0.64,9,18
2026-05-24,P020,175,118,57,0.6743,5,55
2026-05-25,P020,175,114,61,0.6514,9,48
2026-05-26,P020,175,117,58,0.6686,9,11
2026-05-27,P020,175,123,52,0.7029,8,4
2026-05-28,P020,175,123,52,0.7029,4,38
2026-05-29,P020,175,123,52,0.7029,3,0
2026-05-30,P020,175,121,54,0.6914,4,6
2026-05-31,P020,175,127,48,0.7257,6,64
2026-06-01,P020,175,126,49,0.72,6,25
2026-06-02,P020,175,125,50,0.7143,10,51
2026-06-03,P020,175,127,48,0.7257,3,32
2026-06-04,P020,175,129,46,0.7371,3,42
2026-06-05,P020,175,127,48,0.7257,6,13
2026-06-06,P020,175,128,47,0.7314,5,19
2026-06-07,P020,175,130,45,0.7429,4,20
2026-06-08,P020,175,127,48,0.7257,7,10
2026-06-09,P020,175,136,39,0.7771,2,7
2026-06-10,P020,175,131,44,0.7486,3,30
2026-06-11,P020,175,131,44,0.7486,5,31
2026-06-12,P020,175,126,49,0.72,5,16
2026-06-13,P020,175,125,50,0.7143,3,2
2026-06-14,P020,175,124,51,0.7086,5,5
2026-06-15,P020,175,123,52,0.7029,6,8
2026-06-16,P020,175,124,51,0.7086,2,27
2026-06-17,P020,175,125,50,0.7143,4,21
2026-06-18,P020,175,117,58,0.6686,7,7
2026-06-19,P020,175,123,52,0.7029,7,6
2026-06-20,P020,175,119,56,0.68,7,42
2026-06-21,P020,175,121,54,0.6914,5,6
2026-06-22,P020,175,121,54,0.6914,3,35
2026-06-23,P020,175,121,54,0.6914,5,64
2026-06-24,P020,175,119,56,0.68,6,2
2026-06-25,P020,175,114,61,0.6514,9,12
2026-06-26,P020,175,117,58,0.6686,4,65
2026-06-27,P020,175,120,55,0.6857,8,38
2026-06-28,P020,175,131,44,0.7486,5,6
2026-06-29,P020,175,130,45,0.7429,5,26
2026-06-30,P020,175,128,47,0.7314,5,23
2026-07-01,P020,175,134,41,0.7657,1,13
2026-07-02,P020,175,131,44,0.7486,3,56
2026-07-03,P020,175,135,40,0.7714,4,21
2026-07-04,P020,175,136,39,0.7771,5,49
2026-07-05,P020,175,131,44,0.7486,6,29
2026-07-06,P020,175,133,42,0.76,5,49
2026-07-07,P020,175,136,39,0.7771,2,18
2026-07-08,P020,175,138,37,0.7886,2,7
2026-07-09,P020,175,133,42,0.76,6,62
2026-07-10,P020,175,140,35,0.8,3,65
2026-07-11,P020,175,130,45,0.7429,5,54
2026-07-12,P020,175,134,41,0.7657,5,33
2026-07-13,P020,175,130,45,0.7429,8,26
2026-07-14,P020,175,131,44,0.7486,4,23
2026-07-15,P020,175,128,47,0.7314,5,26
2026-07-16,P020,175,128,47,0.7314,6,35
2026-07-17,P020,175,124,51,0.7086,4,63
2026-07-18,P020,175,123,52,0.7029,6,47
2026-07-19,P020,175,128,47,0.7314,9,41
2026-07-20,P020,175,123,52,0.7029,6,44
2026-07-21,P020,175,119,56,0.68,8,35
2026-07-22,P020,175,125,50,0.7143,9,40
2026-07-23,P020,175,121,54,0.6914,6,4
2026-07-24,P020,175,124,51,0.7086,7,65
2026-07-25,P020,175,130,45,0.7429,2,31
2026-07-26,P020,175,123,52,0.7029,8,26
2026-07-27,P020,175,125,50,0.7143,3,18
2026-07-28,P020,175,129,46,0.7371,5,29
2026-07-29,P020,175,135,40,0.7714,3,42
2026-07-30,P020,175,132,43,0.7543,5,64
2026-07-31,P020,175,137,38,0.7829,3,56
2026-08-01,P020,175,137,38,0.7829,5,49
2026-08-02,P020,175,135,40,0.7714,3,56
2026-08-03,P020,175,138,37,0.7886,1,57
2026-08-04,P020,175,137,38,0.7829,7,26
2026-08-05,P020,175,141,34,0.8057,2,3
2026-08-06,P020,175,140,35,0.8,2,64
2026-08-07,P020,175,130,45,0.7429,5,41
2026-08-08,P020,175,135,40,0.7714,3,57
2026-08-09,P020,175,134,41,0.7657,5,41
2026-08-10,P020,175,133,42,0.76,3,37
2026-08-11,P020,175,134,41,0.7657,4,26
2026-08-12,P020,175,134,41,0.7657,5,16
2026-08-13,P020,175,134,41,0.7657,6,37
2026-08-14,P020,175,126,49,0.72,3,36
2026-08-15,P020,175,129,46,0.7371,5,25
2026-08-16,P020,175,128,47,0.7314,5,21
2026-08-17,P020,175,131,44,0.7486,5,12
2026-08-18,P020,175,127,48,0.7257,10,7
2026-08-19,P020,175,131,44,0.7486,6,47
2026-08-20,P020,175,128,47,0.7314,3,52
2026-08-21,P020,175,133,42,0.76,5,12
2026-08-22,P020,175,123,52,0.7029,4,36
2026-08-23,P020,175,133,42,0.76,6,3
2026-08-24,P020,175,129,46,0.7371,7,4
2026-08-25,P020,175,129,46,0.7371,5,11
2026-08-26,P020,175,136,39,0.7771,1,28
2026-08-27,P020,175,134,41,0.7657,7,24
2026-04-30,P021,324,250,74,0.7716,9,19
2026-05-01,P021,324,243,81,0.75,11,18
2026-05-02,P021,324,248,76,0.7654,13,24
2026-05-03,P021,324,244,80,0.7531,10,47
2026-05-04,P021,324,252,72,0.7778,9,43
2026-05-05,P021,324,245,79,0.7562,11,61
2026-05-06,P021,324,248,76,0.7654,8,41
2026-05-07,P021,324,260,64,0.8025,7,50
2026-05-08,P021,324,264,60,0.8148,10,64
2026-05-09,P021,324,252,72,0.7778,10,38
2026-05-10,P021,324,243,81,0.75,8,10
2026-05-11,P021,324,248,76,0.7654,11,1
2026-05-12,P021,324,248,76,0.7654,6,60
2026-05-13,P021,324,245,79,0.7562,10,15
2026-05-14,P021,324,239,85,0.7377,6,9
2026-05-15,P021,324,248,76,0.7654,10,35
2026-05-16,P021,324,247,77,0.7623,10,6
2026-05-17,P021,324,238,86,0.7346,10,25
2026-05-18,P021,324,242,82,0.7469,6,33
2026-05-19,P021,324,239,85,0.7377,6,1
2026-05-20,P021,324,230,94,0.7099,12,30
2026-05-21,P021,324,239,85,0.7377,9,49
2026-05-22,P021,324,240,84,0.7407,12,65
2026-05-23,P021,324,244,80,0.7531,12,33
2026-05-24,P021,324,233,91,0.7191,8,41
2026-05-25,P021,324,236,88,0.7284,10,22
2026-05-26,P021,324,238,86,0.7346,7,25
2026-05-27,P021,324,238,86,0.7346,12,15
2026-05-28,P021,324,247,77,0.7623,8,47
2026-05-29,P021,324,250,74,0.7716,7,35
2026-05-30,P021,324,252,72,0.7778,9,36
2026-05-31,P021,324,258,66,0.7963,9,58
2026-06-01,P021,324,260,64,0.8025,6,29
2026-06-02,P021,324,247,77,0.7623,7,2
2026-06-03,P021,324,256,68,0.7901,7,57
2026-06-04,P021,324,257,67,0.7932,10,12
2026-06-05,P021,324,258,66,0.7963,8,64
2026-06-06,P021,324,255,69,0.787,6,27
2026-06-07,P021,324,255,69,0.787,7,15
2026-06-08,P021,324,257,67,0.7932,8,31
2026-06-09,P021,324,244,80,0.7531,11,3
2026-06-10,P021,324,257,67,0.7932,8,51
2026-06-11,P021,324,255,69,0.787,7,59
2026-06-12,P021,324,262,62,0.8086,8,20
2026-06-13,P021,324,249,75,0.7685,7,35
2026-06-14,P021,324,248,76,0.7654,10,58
2026-06-15,P021,324,262,62,0.8086,7,54
2026-06-16,P021,324,252,72,0.7778,7,55
2026-06-17,P021,324,244,80,0.7531,9,38
2026-06-18,P021,324,237,87,0.7315,11,8
2026-06-19,P021,324,241,83,0.7438,9,9
2026-06-20,P021,324,241,83,0.7438,9,55
2026-06-21,P021,324,237,87,0.7315,9,36
2026-06-22,P021,324,245,79,0.7562,8,3
2026-06-23,P021,324,229,95,0.7068,11,59
2026-06-24,P021,324,249,75,0.7685,7,8
2026-06-25,P021,324,245,79,0.7562,12,38
2026-06-26,P021,324,246,78,0.7593,8,37
2026-06-27,P021,324,245,79,0.7562,8,27
2026-06-28,P021,324,259,65,0.7994,7,50
2026-06-29,P021,324,255,69,0.787,10,61
2026-06-30,P021,324,249,75,0.7685,9,55
2026-07-01,P021,324,246,78,0.7593,9,64
2026-07-02,P021,324,269,55,0.8302,8,49
2026-07-03,P021,324,264,60,0.8148,7,56
2026-07-04,P021,324,259,65,0.7994,10,56
2026-07-05,P021,324,270,54,0.8333,4,62
2026-07-06,P021,324,269,55,0.8302,8,36
2026-07-07,P021,324,269,55,0.8302,6,53
2026-07-08,P021,324,261,63,0.8056,7,57
2026-07-09,P021,324,269,55,0.8302,6,52
2026-07-10,P021,324,271,53,0.8364,8,21
2026-07-11,P021,324,273,51,0.8426,1,38
2026-07-12,P021,324,264,60,0.8148,7,3
2026-07-13,P021,324,255,69,0.787,8,62
2026-07-14,P021,324,261,63,0.8056,10,58
2026-07-15,P021,324,260,64,0.8025,9,2
2026-07-16,P021,324,251,73,0.7747,7,31
2026-07-17,P021,324,245,79,0.7562,8,48
2026-07-18,P021,324,250,74,0.7716,8,45
2026-07-19,P021,324,247,77,0.7623,9,45
2026-07-20,P021,324,242,82,0.7469,10,32
2026-07-21,P021,324,243,81,0.75,12,11
2026-07-22,P021,324,250,74,0.7716,8,22
2026-07-23,P021,324,239,85,0.7377,10,64
2026-07-24,P021,324,269,55,0.8302,9,30
2026-07-25,P021,324,249,75,0.7685,8,40
2026-07-26,P021,324,260,64,0.8025,7,11
2026-07-27,P021,324,259,65,0.7994,6,56
2026-07-28,P021,324,261,63,0.8056,7,23
2026-07-29,P021,324,259,65,0.7994,12,10
2026-07-30,P021,324,271,53,0.8364,9,37
2026-07-31,P021,324,268,56,0.8272,4,18
2026-08-01,P021,324,271,53,0.8364,3,7
2026-08-02,P021,324,264,60,0.8148,5,24
2026-08-03,P021,324,269,55,0.8302,6,11
2026-08-04,P021,324,275,49,0.8488,1,37
2026-08-05,P021,324,274,50,0.8457,4,10
2026-08-06,P021,324,273,51,0.8426,2,25
2026-08-07,P021,324,276,48,0.8519,3,36
2026-08-08,P021,324,281,43,0.8673,2,13
2026-08-09,P021,324,270,54,0.8333,5,12
2026-08-10,P021,324,270,54,0.8333,4,11
2026-08-11,P021,324,267,57,0.8241,8,49
2026-08-12,P021,324,265,59,0.8179,7,62
2026-08-13,P021,324,269,55,0.8302,6,16
2026-08-14,P021,324,263,61,0.8117,6,17
2026-08-15,P021,324,261,63,0.8056,10,30
2026-08-16,P021,324,255,69,0.787,6,25
2026-08-17,P021,324,261,63,0.8056,8,61
2026-08-18,P021,324,256,68,0.7901,7,8
2026-08-19,P021,324,254,70,0.784,10,32
2026-08-20,P021,324,252,72,0.7778,10,54
2026-08-21,P021,324,260,64,0.8025,10,29
2026-08-22,P021,324,257,67,0.7932,7,3
2026-08-23,P021,324,250,74,0.7716,7,52
2026-08-24,P021,324,258,66,0.7963,5,3
2026-08-25,P021,324,262,62,0.8086,9,59
2026-08-26,P021,324,263,61,0.8117,5,50
2026-08-27,P021,324,272,52,0.8395,5,28
2026-04-30,P022,217,200,17,0.9217,0,1
2026-05-01,P022,217,202,15,0.9309,0,35
2026-05-02,P022,217,206,11,0.9493,2,64
2026-05-03,P022,217,203,14,0.9355,1,44
2026-05-04,P022,217,205,12,0.9447,3,53
2026-05-05,P022,217,213,4,0.9816,1,15
2026-05-06,P022,217,207,10,0.9539,0,32
2026-05-07,P022,217,213,4,0.9816,0,65
2026-05-08,P022,217,213,4,0.9816,0,42
2026-05-09,P022,217,203,14,0.9355,1,60
2026-05-10,P022,217,208,9,0.9585,0,45
2026-05-11,P022,217,203,14,0.9355,1,0
2026-05-12,P022,217,202,15,0.9309,2,62
2026-05-13,P022,217,205,12,0.9447,1,3
2026-05-14,P022,217,199,18,0.9171,6,54
2026-05-15,P022,217,200,17,0.9217,1,10
2026-05-16,P022,217,199,18,0.9171,0,28
2026-05-17,P022,217,195,22,0.8986,4,44
2026-05-18,P022,217,193,24,0.8894,2,34
2026-05-19,P022,217,197,20,0.9078,4,44
2026-05-20,P022,217,199,18,0.9171,2,44
2026-05-21,P022,217,194,23,0.894,3,7
2026-05-22,P022,217,193,24,0.8894,5,44
2026-05-23,P022,217,190,27,0.8756,1,63
2026-05-24,P022,217,200,17,0.9217,0,49
2026-05-25,P022,217,206,11,0.9493,0,28
2026-05-26,P022,217,198,19,0.9124,3,18
2026-05-27,P022,217,204,13,0.9401,1,54
2026-05-28,P022,217,200,17,0.9217,1,33
2026-05-29,P022,217,201,16,0.9263,2,62
2026-05-30,P022,217,205,12,0.9447,0,35
2026-05-31,P022,217,206,11,0.9493,0,28
2026-06-01,P022,217,203,14,0.9355,0,7
2026-06-02,P022,217,208,9,0.9585,0,22
2026-06-03,P022,217,213,4,0.9816,3,15
2026-06-04,P022,217,213,4,0.9816,0,30
2026-06-05,P022,217,213,4,0.9816,1,57
2026-06-06,P022,217,213,4,0.9816,1,22
2026-06-07,P022,217,213,4,0.9816,2,39
2026-06-08,P022,217,213,4,0.9816,3,21
2026-06-09,P022,217,213,4,0.9816,1,59
2026-06-10,P022,217,213,4,0.9816,1,52
2026-06-11,P022,217,213,4,0.9816,1,27
2026-06-12,P022,217,207,10,0.9539,0,56
2026-06-13,P022,217,211,6,0.9724,0,62
2026-06-14,P022,217,203,14,0.9355,3,25
2026-06-15,P022,217,203,14,0.9355,0,28
2026-06-16,P022,217,213,4,0.9816,1,49
2026-06-17,P022,217,200,17,0.9217,1,24
2026-06-18,P022,217,201,16,0.9263,0,33
2026-06-19,P022,217,201,16,0.9263,3,14
2026-06-20,P022,217,198,19,0.9124,1,40
2026-06-21,P022,217,197,20,0.9078,4,21
2026-06-22,P022,217,200,17,0.9217,2,5
2026-06-23,P022,217,193,24,0.8894,2,20
2026-06-24,P022,217,206,11,0.9493,3,12
2026-06-25,P022,217,208,9,0.9585,2,1
2026-06-26,P022,217,209,8,0.9631,0,65
2026-06-27,P022,217,198,19,0.9124,5,48
2026-06-28,P022,217,208,9,0.9585,4,11
2026-06-29,P022,217,206,11,0.9493,2,34
2026-06-30,P022,217,213,4,0.9816,0,32
2026-07-01,P022,217,213,4,0.9816,0,40
2026-07-02,P022,217,213,4,0.9816,0,10
2026-07-03,P022,217,207,10,0.9539,0,15
2026-07-04,P022,217,213,4,0.9816,3,14
2026-07-05,P022,217,213,4,0.9816,0,30
2026-07-06,P022,217,213,4,0.9816,0,45
2026-07-07,P022,217,213,4,0.9816,1,12
2026-07-08,P022,217,213,4,0.9816,0,21
2026-07-09,P022,217,212,5,0.977,0,19
2026-07-10,P022,217,213,4,0.9816,2,53
2026-07-11,P022,217,211,6,0.9724,0,60
2026-07-12,P022,217,213,4,0.9816,2,34
2026-07-13,P022,217,212,5,0.977,0,59
2026-07-14,P022,217,213,4,0.9816,1,9
2026-07-15,P022,217,206,11,0.9493,3,42
2026-07-16,P022,217,213,4,0.9816,1,20
2026-07-17,P022,217,200,17,0.9217,0,28
2026-07-18,P022,217,213,4,0.9816,2,65
2026-07-19,P022,217,199,18,0.9171,2,20
2026-07-20,P022,217,207,10,0.9539,3,5
2026-07-21,P022,217,213,4,0.9816,0,41
2026-07-22,P022,217,204,13,0.9401,0,16
2026-07-23,P022,217,203,14,0.9355,0,39
2026-07-24,P022,217,201,16,0.9263,1,9
2026-07-25,P022,217,213,4,0.9816,0,11
2026-07-26,P022,217,213,4,0.9816,2,9
2026-07-27,P022,217,213,4,0.9816,0,17
2026-07-28,P022,217,213,4,0.9816,2,48
2026-07-29,P022,217,213,4,0.9816,3,18
2026-07-30,P022,217,213,4,0.9816,1,35
2026-07-31,P022,217,213,4,0.9816,2,7
2026-08-01,P022,217,213,4,0.9816,1,28
2026-08-02,P022,217,213,4,0.9816,0,16
2026-08-03,P022,217,213,4,0.9816,0,43
2026-08-04,P022,217,213,4,0.9816,0,40
2026-08-05,P022,217,213,4,0.9816,0,54
2026-08-06,P022,217,213,4,0.9816,0,21
2026-08-07,P022,217,213,4,0.9816,0,10
2026-08-08,P022,217,213,4,0.9816,0,32
2026-08-09,P022,217,213,4,0.9816,0,39
2026-08-10,P022,217,213,4,0.9816,0,19
2026-08-11,P022,217,213,4,0.9816,0,56
2026-08-12,P022,217,213,4,0.9816,0,40
2026-08-13,P022,217,213,4,0.9816,0,21
2026-08-14,P022,217,213,4,0.9816,0,65
2026-08-15,P022,217,213,4,0.9816,1,49
2026-08-16,P022,217,213,4,0.9816,0,57
2026-08-17,P022,217,206,11,0.9493,4,21
2026-08-18,P022,217,209,8,0.9631,0,48
2026-08-19,P022,217,205,12,0.9447,2,3
2026-08-20,P022,217,212,5,0.977,0,0
2026-08-21,P022,217,213,4,0.9816,0,47
2026-08-22,P022,217,209,8,0.9631,0,39
2026-08-23,P022,217,203,14,0.9355,3,49
2026-08-24,P022,217,207,10,0.9539,0,37
2026-08-25,P022,217,206,11,0.9493,1,34
2026-08-26,P022,217,213,4,0.9816,1,7
2026-08-27,P022,217,213,4,0.9816,1,0
2026-04-30,P023,271,213,58,0.786,9,7
2026-05-01,P023,271,219,52,0.8081,6,36
2026-05-02,P023,271,207,64,0.7638,10,23
2026-05-03,P023,271,230,41,0.8487,6,26
2026-05-04,P023,271,218,53,0.8044,5,61
2026-05-05,P023,271,222,49,0.8192,3,27
2026-05-06,P023,271,222,49,0.8192,6,61
2026-05-07,P023,271,226,45,0.8339,6,39
2026-05-08,P023,271,226,45,0.8339,3,4
2026-05-09,P023,271,220,51,0.8118,4,48
2026-05-10,P023,271,233,38,0.8598,6,55
2026-05-11,P023,271,218,53,0.8044,4,18
2026-05-12,P023,271,215,56,0.7934,7,53
2026-05-13,P023,271,224,47,0.8266,5,51
2026-05-14,P023,271,228,43,0.8413,7,24
2026-05-15,P023,271,215,56,0.7934,7,63
2026-05-16,P023,271,212,59,0.7823,5,17
2026-05-17,P023,271,216,55,0.797,6,31
2026-05-18,P023,271,210,61,0.7749,9,45
2026-05-19,P023,271,210,61,0.7749,8,37
2026-05-20,P023,271,212,59,0.7823,9,38
2026-05-21,P023,271,209,62,0.7712,4,27
2026-05-22,P023,271,208,63,0.7675,7,46
2026-05-23,P023,271,206,65,0.7601,6,45
2026-05-24,P023,271,211,60,0.7786,10,10
2026-05-25,P023,271,212,59,0.7823,9,11
2026-05-26,P023,271,217,54,0.8007,4,31
2026-05-27,P023,271,216,55,0.797,4,45
2026-05-28,P023,271,207,64,0.7638,8,32
2026-05-29,P023,271,217,54,0.8007,6,52
2026-05-30,P023,271,222,49,0.8192,5,59
2026-05-31,P023,271,225,46,0.8303,3,16
2026-06-01,P023,271,215,56,0.7934,5,13
2026-06-02,P023,271,225,46,0.8303,6,45
2026-06-03,P023,271,228,43,0.8413,3,60
2026-06-04,P023,271,237,34,0.8745,5,40
2026-06-05,P023,271,238,33,0.8782,1,28
2026-06-06,P023,271,235,36,0.8672,5,6
2026-06-07,P023,271,230,41,0.8487,2,21
2026-06-08,P023,271,229,42,0.845,7,40
2026-06-09,P023,271,224,47,0.8266,4,28
2026-06-10,P023,271,230,41,0.8487,5,30
2026-06-11,P023,271,229,42,0.845,9,62
2026-06-12,P023,271,221,50,0.8155,4,1
2026-06-13,P023,271,232,39,0.8561,4,41
2026-06-14,P023,271,226,45,0.8339,6,34
2026-06-15,P023,271,218,53,0.8044,5,57
2026-06-16,P023,271,218,53,0.8044,3,18
2026-06-17,P023,271,221,50,0.8155,5,21
2026-06-18,P023,271,209,62,0.7712,8,3
2026-06-19,P023,271,217,54,0.8007,6,19
2026-06-20,P023,271,220,51,0.8118,5,52
2026-06-21,P023,271,209,62,0.7712,7,59
2026-06-22,P023,271,213,58,0.786,9,58
2026-06-23,P023,271,215,56,0.7934,5,45
2026-06-24,P023,271,221,50,0.8155,1,30
2026-06-25,P023,271,218,53,0.8044,4,40
2026-06-26,P023,271,219,52,0.8081,5,61
2026-06-27,P023,271,224,47,0.8266,6,42
2026-06-28,P023,271,228,43,0.8413,4,15
2026-06-29,P023,271,229,42,0.845,6,24
2026-06-30,P023,271,225,46,0.8303,5,47
2026-07-01,P023,271,232,39,0.8561,0,48
2026-07-02,P023,271,231,40,0.8524,7,18
2026-07-03,P023,271,244,27,0.9004,6,10
2026-07-04,P023,271,237,34,0.8745,3,61
2026-07-05,P023,271,244,27,0.9004,3,12
2026-07-06,P023,271,236,35,0.8708,4,2
2026-07-07,P023,271,244,27,0.9004,3,36
2026-07-08,P023,271,233,38,0.8598,5,18
2026-07-09,P023,271,236,35,0.8708,5,20
2026-07-10,P023,271,240,31,0.8856,5,34
2026-07-11,P023,271,242,29,0.893,5,35
2026-07-12,P023,271,233,38,0.8598,6,9
2026-07-13,P023,271,229,42,0.845,2,9
2026-07-14,P023,271,232,39,0.8561,5,3
2026-07-15,P023,271,222,49,0.8192,7,32
2026-07-16,P023,271,232,39,0.8561,8,32
2026-07-17,P023,271,219,52,0.8081,9,30
2026-07-18,P023,271,221,50,0.8155,6,5
2026-07-19,P023,271,228,43,0.8413,2,4
2026-07-20,P023,271,227,44,0.8376,8,37
2026-07-21,P023,271,218,53,0.8044,7,65
2026-07-22,P023,271,225,46,0.8303,2,61
2026-07-23,P023,271,217,54,0.8007,8,6
2026-07-24,P023,271,223,48,0.8229,6,47
2026-07-25,P023,271,222,49,0.8192,5,36
2026-07-26,P023,271,223,48,0.8229,7,48
2026-07-27,P023,271,224,47,0.8266,3,13
2026-07-28,P023,271,231,40,0.8524,3,45
2026-07-29,P023,271,225,46,0.8303,3,8
2026-07-30,P023,271,227,44,0.8376,1,62
2026-07-31,P023,271,241,30,0.8893,9,16
2026-08-01,P023,271,234,37,0.8635,3,50
2026-08-02,P023,271,235,36,0.8672,4,13
2026-08-03,P023,271,241,30,0.8893,5,63
2026-08-04,P023,271,236,35,0.8708,6,29
2026-08-05,P023,271,232,39,0.8561,5,17
2026-08-06,P023,271,242,29,0.893,0,63
2026-08-07,P023,271,241,30,0.8893,1,18
2026-08-08,P023,271,238,33,0.8782,5,51
2026-08-09,P023,271,245,26,0.9041,3,60
2026-08-10,P023,271,237,34,0.8745,5,54
2026-08-11,P023,271,239,32,0.8819,0,43
2026-08-12,P023,271,245,26,0.9041,5,22
2026-08-13,P023,271,239,32,0.8819,3,39
2026-08-14,P023,271,236,35,0.8708,0,23
2026-08-15,P023,271,225,46,0.8303,6,32
2026-08-16,P023,271,231,40,0.8524,6,23
2026-08-17,P023,271,225,46,0.8303,6,14
2026-08-18,P023,271,226,45,0.8339,3,24
2026-08-19,P023,271,230,41,0.8487,6,42
2026-08-20,P023,271,232,39,0.8561,1,33
2026-08-21,P023,271,221,50,0.8155,5,0
2026-08-22,P023,271,230,41,0.8487,4,17
2026-08-23,P023,271,238,33,0.8782,5,18
2026-08-24,P023,271,231,40,0.8524,5,49
2026-08-25,P023,271,231,40,0.8524,5,53
2026-08-26,P023,271,234,37,0.8635,2,21
2026-08-27,P023,271,231,40,0.8524,6,45
2026-04-30,P024,358,290,68,0.8101,5,21
2026-05-01,P024,358,300,58,0.838,8,39
2026-05-02,P024,358,300,58,0.838,5,45
2026-05-03,P024,358,288,70,0.8045,9,43
2026-05-04,P024,358,297,61,0.8296,4,52
2026-05-05,P024,358,310,48,0.8659,8,40
2026-05-06,P024,358,306,52,0.8547,1,23
2026-05-07,P024,358,305,53,0.852,2,56
2026-05-08,P024,358,319,39,0.8911,5,61
2026-05-09,P024,358,301,57,0.8408,6,44
2026-05-10,P024,358,300,58,0.838,5,27
2026-05-11,P024,358,298,60,0.8324,6,7
2026-05-12,P024,358,310,48,0.8659,4,4
2026-05-13,P024,358,305,53,0.852,10,54
2026-05-14,P024,358,311,47,0.8687,5,49
2026-05-15,P024,358,292,66,0.8156,11,6
2026-05-16,P024,358,287,71,0.8017,7,8
2026-05-17,P024,358,285,73,0.7961,8,30
2026-05-18,P024,358,287,71,0.8017,10,17
2026-05-19,P024,358,292,66,0.8156,7,53
2026-05-20,P024,358,280,78,0.7821,9,31
2026-05-21,P024,358,287,71,0.8017,3,64
2026-05-22,P024,358,283,75,0.7905,10,13
2026-05-23,P024,358,283,75,0.7905,11,22
2026-05-24,P024,358,286,72,0.7989,11,55
2026-05-25,P024,358,303,55,0.8464,5,52
2026-05-26,P024,358,292,66,0.8156,8,26
2026-05-27,P024,358,303,55,0.8464,3,9
2026-05-28,P024,358,293,65,0.8184,9,33
2026-05-29,P024,358,298,60,0.8324,11,0
2026-05-30,P024,358,299,59,0.8352,5,19
2026-05-31,P024,358,308,50,0.8603,7,61
2026-06-01,P024,358,318,40,0.8883,4,43
2026-06-02,P024,358,322,36,0.8994,5,18
2026-06-03,P024,358,314,44,0.8771,5,29
2026-06-04,P024,358,306,52,0.8547,5,5
2026-06-05,P024,358,321,37,0.8966,1,2
2026-06-06,P024,358,312,46,0.8715,2,34
2026-06-07,P024,358,306,52,0.8547,4,13
2026-06-08,P024,358,315,43,0.8799,6,26
2026-06-09,P024,358,310,48,0.8659,6,65
2026-06-10,P024,358,319,39,0.8911,5,20
2026-06-11,P024,358,309,49,0.8631,5,9
2026-06-12,P024,358,299,59,0.8352,8,34
2026-06-13,P024,358,301,57,0.8408,3,46
2026-06-14,P024,358,306,52,0.8547,8,60
2026-06-15,P024,358,301,57,0.8408,8,24
2026-06-16,P024,358,304,54,0.8492,7,61
2026-06-17,P024,358,293,65,0.8184,7,48
2026-06-18,P024,358,297,61,0.8296,4,4
2026-06-19,P024,358,299,59,0.8352,7,19
2026-06-20,P024,358,296,62,0.8268,6,62
2026-06-21,P024,358,299,59,0.8352,7,23
2026-06-22,P024,358,288,70,0.8045,5,47
2026-06-23,P024,358,287,71,0.8017,8,17
2026-06-24,P024,358,293,65,0.8184,9,21
2026-06-25,P024,358,296,62,0.8268,8,0
2026-06-26,P024,358,295,63,0.824,5,49
2026-06-27,P024,358,296,62,0.8268,8,18
2026-06-28,P024,358,304,54,0.8492,7,40
2026-06-29,P024,358,304,54,0.8492,3,15
2026-06-30,P024,358,306,52,0.8547,5,57
2026-07-01,P024,358,318,40,0.8883,6,59
2026-07-02,P024,358,302,56,0.8436,7,5
2026-07-03,P024,358,310,48,0.8659,4,48
2026-07-04,P024,358,321,37,0.8966,8,45
2026-07-05,P024,358,318,40,0.8883,6,55
2026-07-06,P024,358,317,41,0.8855,5,41
2026-07-07,P024,358,312,46,0.8715,5,46
2026-07-08,P024,358,325,33,0.9078,5,50
2026-07-09,P024,358,329,29,0.919,4,33
2026-07-10,P024,358,319,39,0.8911,6,55
2026-07-11,P024,358,324,34,0.905,2,7
2026-07-12,P024,358,317,41,0.8855,7,33
2026-07-13,P024,358,298,60,0.8324,5,22
2026-07-14,P024,358,314,44,0.8771,6,5
2026-07-15,P024,358,304,54,0.8492,5,38
2026-07-16,P024,358,317,41,0.8855,10,31
2026-07-17,P024,358,312,46,0.8715,4,50
2026-07-18,P024,358,304,54,0.8492,7,17
2026-07-19,P024,358,316,42,0.8827,7,55
2026-07-20,P024,358,305,53,0.852,6,1
2026-07-21,P024,358,298,60,0.8324,6,38
2026-07-22,P024,358,311,47,0.8687,3,27
2026-07-23,P024,358,306,52,0.8547,8,4
2026-07-24,P024,358,304,54,0.8492,7,29
2026-07-25,P024,358,311,47,0.8687,3,5
2026-07-26,P024,358,311,47,0.8687,6,22
2026-07-27,P024,358,313,45,0.8743,2,55
2026-07-28,P024,358,317,41,0.8855,3,57
2026-07-29,P024,358,314,44,0.8771,5,27
2026-07-30,P024,358,320,38,0.8939,6,12
2026-07-31,P024,358,323,35,0.9022,4,55
2026-08-01,P024,358,326,32,0.9106,4,16
2026-08-02,P024,358,327,31,0.9134,5,28
2026-08-03,P024,358,325,33,0.9078,4,51
2026-08-04,P024,358,327,31,0.9134,5,35
2026-08-05,P024,358,333,25,0.9302,3,3
2026-08-06,P024,358,334,24,0.933,3,44
2026-08-07,P024,358,331,27,0.9246,5,23
2026-08-08,P024,358,325,33,0.9078,7,33
2026-08-09,P024,358,329,29,0.919,0,63
2026-08-10,P024,358,333,25,0.9302,3,63
2026-08-11,P024,358,315,43,0.8799,4,52
2026-08-12,P024,358,335,23,0.9358,3,49
2026-08-13,P024,358,318,40,0.8883,4,14
2026-08-14,P024,358,340,18,0.9497,2,35
2026-08-15,P024,358,321,37,0.8966,4,29
2026-08-16,P024,358,318,40,0.8883,4,21
2026-08-17,P024,358,315,43,0.8799,5,21
2026-08-18,P024,358,316,42,0.8827,4,13
2026-08-19,P024,358,310,48,0.8659,5,48
2026-08-20,P024,358,316,42,0.8827,8,58
2026-08-21,P024,358,316,42,0.8827,0,24
2026-08-22,P024,358,311,47,0.8687,4,38
2026-08-23,P024,358,305,53,0.852,7,7
2026-08-24,P024,358,312,46,0.8715,7,35
2026-08-25,P024,358,322,36,0.8994,10,6
2026-08-26,P024,358,318,40,0.8883,7,16
2026-08-27,P024,358,325,33,0.9078,3,4
2026-04-30,P025,245,177,68,0.7224,9,6
2026-05-01,P025,245,177,68,0.7224,10,20
2026-05-02,P025,245,171,74,0.698,9,34
2026-05-03,P025,245,182,63,0.7429,6,61
2026-05-04,P025,245,175,70,0.7143,9,64
2026-05-05,P025,245,181,64,0.7388,9,39
2026-05-06,P025,245,184,61,0.751,6,12
2026-05-07,P025,245,190,55,0.7755,4,3
2026-05-08,P025,245,185,60,0.7551,8,34
2026-05-09,P025,245,182,63,0.7429,7,61
2026-05-10,P025,245,179,66,0.7306,9,32
2026-05-11,P025,245,183,62,0.7469,9,5
2026-05-12,P025,245,175,70,0.7143,8,32
2026-05-13,P025,245,179,66,0.7306,7,62
2026-05-14,P025,245,169,76,0.6898,10,17
2026-05-15,P025,245,177,68,0.7224,5,43
2026-05-16,P025,245,176,69,0.7184,7,53
2026-05-17,P025,245,174,71,0.7102,11,48
2026-05-18,P025,245,167,78,0.6816,10,63
2026-05-19,P025,245,170,75,0.6939,9,33
2026-05-20,P025,245,161,84,0.6571,9,50
2026-05-21,P025,245,164,81,0.6694,10,36
2026-05-22,P025,245,165,80,0.6735,8,2
2026-05-23,P025,245,169,76,0.6898,12,56
2026-05-24,P025,245,168,77,0.6857,10,17
2026-05-25,P025,245,174,71,0.7102,7,29
2026-05-26,P025,245,169,76,0.6898,10,24
2026-05-27,P025,245,178,67,0.7265,9,31
2026-05-28,P025,245,184,61,0.751,7,58
2026-05-29,P025,245,174,71,0.7102,6,2
2026-05-30,P025,245,180,65,0.7347,4,20
2026-05-31,P025,245,179,66,0.7306,11,49
2026-06-01,P025,245,178,67,0.7265,8,9
2026-06-02,P025,245,185,60,0.7551,5,4
2026-06-03,P025,245,192,53,0.7837,4,12
2026-06-04,P025,245,181,64,0.7388,8,35
2026-06-05,P025,245,188,57,0.7673,8,24
2026-06-06,P025,245,193,52,0.7878,4,14
2026-06-07,P025,245,185,60,0.7551,5,14
2026-06-08,P025,245,180,65,0.7347,7,6
2026-06-09,P025,245,186,59,0.7592,6,20
2026-06-10,P025,245,184,61,0.751,8,33
2026-06-11,P025,245,184,61,0.751,5,41
2026-06-12,P025,245,182,63,0.7429,5,48
2026-06-13,P025,245,173,72,0.7061,7,34
2026-06-14,P025,245,176,69,0.7184,9,43
2026-06-15,P025,245,179,66,0.7306,9,12
2026-06-16,P025,245,170,75,0.6939,6,23
2026-06-17,P025,245,181,64,0.7388,9,21
2026-06-18,P025,245,177,68,0.7224,7,36
2026-06-19,P025,245,176,69,0.7184,9,28
2026-06-20,P025,245,177,68,0.7224,3,1
2026-06-21,P025,245,175,70,0.7143,7,30
2026-06-22,P025,245,167,78,0.6816,9,30
2026-06-23,P025,245,178,67,0.7265,8,19
2026-06-24,P025,245,176,69,0.7184,9,30
2026-06-25,P025,245,179,66,0.7306,8,64
2026-06-26,P025,245,169,76,0.6898,4,48
2026-06-27,P025,245,182,63,0.7429,8,59
2026-06-28,P025,245,182,63,0.7429,4,16
2026-06-29,P025,245,190,55,0.7755,7,19
2026-06-30,P025,245,184,61,0.751,11,47
2026-07-01,P025,245,185,60,0.7551,6,18
2026-07-02,P025,245,183,62,0.7469,8,10
2026-07-03,P025,245,193,52,0.7878,10,0
2026-07-04,P025,245,193,52,0.7878,6,20
2026-07-05,P025,245,191,54,0.7796,5,16
2026-07-06,P025,245,191,54,0.7796,3,28
2026-07-07,P025,245,187,58,0.7633,4,7
2026-07-08,P025,245,193,52,0.7878,6,18
2026-07-09,P025,245,189,56,0.7714,7,43
2026-07-10,P025,245,191,54,0.7796,5,48
2026-07-11,P025,245,189,56,0.7714,7,0
2026-07-12,P025,245,188,57,0.7673,6,55
2026-07-13,P025,245,184,61,0.751,6,8
2026-07-14,P025,245,186,59,0.7592,8,50
2026-07-15,P025,245,189,56,0.7714,7,13
2026-07-16,P025,245,184,61,0.751,6,18
2026-07-17,P025,245,175,70,0.7143,7,32
2026-07-18,P025,245,173,72,0.7061,11,36
2026-07-19,P025,245,179,66,0.7306,5,0
2026-07-20,P025,245,176,69,0.7184,9,3
2026-07-21,P025,245,176,69,0.7184,7,11
2026-07-22,P025,245,178,67,0.7265,5,7
2026-07-23,P025,245,180,65,0.7347,9,0
2026-07-24,P025,245,182,63,0.7429,8,53
2026-07-25,P025,245,175,70,0.7143,8,27
2026-07-26,P025,245,182,63,0.7429,9,8
2026-07-27,P025,245,187,58,0.7633,8,45
2026-07-28,P025,245,187,58,0.7633,9,47
2026-07-29,P025,245,184,61,0.751,6,31
2026-07-30,P025,245,187,58,0.7633,9,28
2026-07-31,P025,245,186,59,0.7592,7,65
2026-08-01,P025,245,191,54,0.7796,8,41
2026-08-02,P025,245,192,53,0.7837,5,64
2026-08-03,P025,245,208,37,0.849,3,24
2026-08-04,P025,245,194,51,0.7918,6,62
2026-08-05,P025,245,203,42,0.8286,5,33
2026-08-06,P025,245,206,39,0.8408,2,23
2026-08-07,P025,245,188,57,0.7673,4,39
2026-08-08,P025,245,196,49,0.8,6,63
2026-08-09,P025,245,198,47,0.8082,6,9
2026-08-10,P025,245,198,47,0.8082,7,38
2026-08-11,P025,245,195,50,0.7959,6,33
2026-08-12,P025,245,195,50,0.7959,6,33
2026-08-13,P025,245,198,47,0.8082,1,59
2026-08-14,P025,245,185,60,0.7551,8,28
2026-08-15,P025,245,185,60,0.7551,6,61
2026-08-16,P025,245,186,59,0.7592,4,9
2026-08-17,P025,245,184,61,0.751,8,30
2026-08-18,P025,245,186,59,0.7592,9,21
2026-08-19,P025,245,183,62,0.7469,11,25
2026-08-20,P025,245,188,57,0.7673,6,26
2026-08-21,P025,245,181,64,0.7388,6,56
2026-08-22,P025,245,178,67,0.7265,9,61
2026-08-23,P025,245,185,60,0.7551,9,11
2026-08-24,P025,245,190,55,0.7755,4,33
2026-08-25,P025,245,180,65,0.7347,8,18
2026-08-26,P025,245,189,56,0.7714,7,30
2026-08-27,P025,245,194,51,0.7918,3,52
2026-04-30,P026,210,168,42,0.8,4,39
2026-05-01,P026,210,162,48,0.7714,6,21
2026-05-02,P026,210,171,39,0.8143,7,44
2026-05-03,P026,210,170,40,0.8095,7,40
2026-05-04,P026,210,172,38,0.819,3,11
2026-05-05,P026,210,171,39,0.8143,5,1
2026-05-06,P026,210,172,38,0.819,5,44
2026-05-07,P026,210,175,35,0.8333,4,7
2026-05-08,P026,210,171,39,0.8143,2,14
2026-05-09,P026,210,173,37,0.8238,5,20
2026-05-10,P026,210,170,40,0.8095,7,54
2026-05-11,P026,210,174,36,0.8286,3,50
2026-05-12,P026,210,174,36,0.8286,5,4
2026-05-13,P026,210,175,35,0.8333,4,36
2026-05-14,P026,210,171,39,0.8143,2,30
2026-05-15,P026,210,165,45,0.7857,6,43
2026-05-16,P026,210,167,43,0.7952,2,3
2026-05-17,P026,210,167,43,0.7952,5,62
2026-05-18,P026,210,161,49,0.7667,6,11
2026-05-19,P026,210,170,40,0.8095,4,58
2026-05-20,P026,210,158,52,0.7524,7,18
2026-05-21,P026,210,167,43,0.7952,8,32
2026-05-22,P026,210,165,45,0.7857,6,25
2026-05-23,P026,210,155,55,0.7381,5,7
2026-05-24,P026,210,167,43,0.7952,4,52
2026-05-25,P026,210,160,50,0.7619,5,46
2026-05-26,P026,210,166,44,0.7905,7,48
2026-05-27,P026,210,165,45,0.7857,9,32
2026-05-28,P026,210,165,45,0.7857,6,8
2026-05-29,P026,210,168,42,0.8,8,41
2026-05-30,P026,210,170,40,0.8095,6,38
2026-05-31,P026,210,168,42,0.8,5,52
2026-06-01,P026,210,176,34,0.8381,3,49
2026-06-02,P026,210,175,35,0.8333,2,37
2026-06-03,P026,210,179,31,0.8524,3,32
2026-06-04,P026,210,175,35,0.8333,1,41
2026-06-05,P026,210,178,32,0.8476,2,54
2026-06-06,P026,210,174,36,0.8286,5,65
2026-06-07,P026,210,169,41,0.8048,3,38
2026-06-08,P026,210,182,28,0.8667,3,54
2026-06-09,P026,210,177,33,0.8429,2,17
2026-06-10,P026,210,183,27,0.8714,5,34
2026-06-11,P026,210,177,33,0.8429,1,61
2026-06-12,P026,210,171,39,0.8143,4,43
2026-06-13,P026,210,176,34,0.8381,4,43
2026-06-14,P026,210,174,36,0.8286,0,11
2026-06-15,P026,210,167,43,0.7952,3,38
2026-06-16,P026,210,170,40,0.8095,4,15
2026-06-17,P026,210,177,33,0.8429,5,33
2026-06-18,P026,210,175,35,0.8333,6,19
2026-06-19,P026,210,169,41,0.8048,5,6
2026-06-20,P026,210,165,45,0.7857,8,9
2026-06-21,P026,210,166,44,0.7905,5,33
2026-06-22,P026,210,163,47,0.7762,6,51
2026-06-23,P026,210,169,41,0.8048,4,55
2026-06-24,P026,210,167,43,0.7952,7,33
2026-06-25,P026,210,173,37,0.8238,6,32
2026-06-26,P026,210,169,41,0.8048,4,62
2026-06-27,P026,210,173,37,0.8238,4,41
2026-06-28,P026,210,174,36,0.8286,4,6
2026-06-29,P026,210,175,35,0.8333,3,30
2026-06-30,P026,210,177,33,0.8429,0,40
2026-07-01,P026,210,181,29,0.8619,4,38
2026-07-02,P026,210,181,29,0.8619,1,42
2026-07-03,P026,210,178,32,0.8476,2,43
2026-07-04,P026,210,183,27,0.8714,2,42
2026-07-05,P026,210,181,29,0.8619,0,46
2026-07-06,P026,210,177,33,0.8429,5,32
2026-07-07,P026,210,187,23,0.8905,2,22
2026-07-08,P026,210,184,26,0.8762,1,26
2026-07-09,P026,210,178,32,0.8476,0,9
2026-07-10,P026,210,174,36,0.8286,4,48
2026-07-11,P026,210,182,28,0.8667,1,43
2026-07-12,P026,210,184,26,0.8762,5,0
2026-07-13,P026,210,173,37,0.8238,3,0
2026-07-14,P026,210,175,35,0.8333,3,26
2026-07-15,P026,210,180,30,0.8571,1,36
2026-07-16,P026,210,174,36,0.8286,0,10
2026-07-17,P026,210,170,40,0.8095,2,9
2026-07-18,P026,210,173,37,0.8238,6,18
2026-07-19,P026,210,174,36,0.8286,5,65
2026-07-20,P026,210,171,39,0.8143,6,19
2026-07-21,P026,210,175,35,0.8333,2,59
2026-07-22,P026,210,174,36,0.8286,5,11
2026-07-23,P026,210,167,43,0.7952,5,8
2026-07-24,P026,210,177,33,0.8429,3,48
2026-07-25,P026,210,179,31,0.8524,5,51
2026-07-26,P026,210,174,36,0.8286,4,61
2026-07-27,P026,210,179,31,0.8524,4,36
2026-07-28,P026,210,170,40,0.8095,4,51
2026-07-29,P026,210,184,26,0.8762,3,49
2026-07-30,P026,210,181,29,0.8619,0,27
2026-07-31,P026,210,180,30,0.8571,0,9
2026-08-01,P026,210,176,34,0.8381,6,39
2026-08-02,P026,210,176,34,0.8381,7,2
2026-08-03,P026,210,186,24,0.8857,2,28
2026-08-04,P026,210,182,28,0.8667,4,65
2026-08-05,P026,210,191,19,0.9095,0,64
2026-08-06,P026,210,191,19,0.9095,0,18
2026-08-07,P026,210,198,12,0.9429,0,32
2026-08-08,P026,210,188,22,0.8952,1,47
2026-08-09,P026,210,183,27,0.8714,5,14
2026-08-10,P026,210,178,32,0.8476,5,47
2026-08-11,P026,210,184,26,0.8762,1,21
2026-08-12,P026,210,185,25,0.881,2,12
2026-08-13,P026,210,178,32,0.8476,4,35
2026-08-14,P026,210,184,26,0.8762,0,44
2026-08-15,P026,210,183,27,0.8714,2,57
2026-08-16,P026,210,180,30,0.8571,4,4
2026-08-17,P026,210,178,32,0.8476,5,37
2026-08-18,P026,210,179,31,0.8524,5,15
2026-08-19,P026,210,176,34,0.8381,4,10
2026-08-20,P026,210,178,32,0.8476,8,44
2026-08-21,P026,210,180,30,0.8571,2,13
2026-08-22,P026,210,174,36,0.8286,2,65
2026-08-23,P026,210,173,37,0.8238,3,42
2026-08-24,P026,210,176,34,0.8381,5,64
2026-08-25,P026,210,182,28,0.8667,3,44
2026-08-26,P026,210,184,26,0.8762,0,27
2026-08-27,P026,210,183,27,0.8714,1,32
2026-04-30,P027,350,262,88,0.7486,11,61
2026-05-01,P027,350,277,73,0.7914,9,53
2026-05-02,P027,350,277,73,0.7914,9,19
2026-05-03,P027,350,281,69,0.8029,9,46
2026-05-04,P027,350,284,66,0.8114,8,20
2026-05-05,P027,350,287,63,0.82,8,52
2026-05-06,P027,350,280,70,0.8,9,22
2026-05-07,P027,350,285,65,0.8143,7,28
2026-05-08,P027,350,289,61,0.8257,6,1
2026-05-09,P027,350,291,59,0.8314,9,64
2026-05-10,P027,350,283,67,0.8086,9,31
2026-05-11,P027,350,279,71,0.7971,11,50
2026-05-12,P027,350,269,81,0.7686,10,38
2026-05-13,P027,350,288,62,0.8229,7,28
2026-05-14,P027,350,268,82,0.7657,9,60
2026-05-15,P027,350,270,80,0.7714,6,63
2026-05-16,P027,350,261,89,0.7457,6,41
2026-05-17,P027,350,269,81,0.7686,8,48
2026-05-18,P027,350,266,84,0.76,6,50
2026-05-19,P027,350,277,73,0.7914,8,5
2026-05-20,P027,350,254,96,0.7257,11,38
2026-05-21,P027,350,270,80,0.7714,9,51
2026-05-22,P027,350,266,84,0.76,10,27
2026-05-23,P027,350,254,96,0.7257,9,27
2026-05-24,P027,350,266,84,0.76,6,25
2026-05-25,P027,350,256,94,0.7314,8,1
2026-05-26,P027,350,273,77,0.78,8,24
2026-05-27,P027,350,278,72,0.7943,10,46
2026-05-28,P027,350,269,81,0.7686,9,53
2026-05-29,P027,350,271,79,0.7743,8,61
2026-05-30,P027,350,286,64,0.8171,7,35
2026-05-31,P027,350,283,67,0.8086,6,15
2026-06-01,P027,350,297,53,0.8486,3,52
2026-06-02,P027,350,292,58,0.8343,9,56
2026-06-03,P027,350,278,72,0.7943,10,6
2026-06-04,P027,350,285,65,0.8143,7,9
2026-06-05,P027,350,294,56,0.84,8,28
2026-06-06,P027,350,295,55,0.8429,11,30
2026-06-07,P027,350,297,53,0.8486,5,35
2026-06-08,P027,350,295,55,0.8429,10,35
2026-06-09,P027,350,288,62,0.8229,9,11
2026-06-10,P027,350,284,66,0.8114,5,57
2026-06-11,P027,350,280,70,0.8,8,51
2026-06-12,P027,350,292,58,0.8343,8,62
2026-06-13,P027,350,271,79,0.7743,10,0
2026-06-14,P027,350,284,66,0.8114,5,30
2026-06-15,P027,350,289,61,0.8257,7,58
2026-06-16,P027,350,273,77,0.78,8,63
2026-06-17,P027,350,277,73,0.7914,10,29
2026-06-18,P027,350,273,77,0.78,13,40
2026-06-19,P027,350,265,85,0.7571,6,18
2026-06-20,P027,350,279,71,0.7971,7,21
2026-06-21,P027,350,267,83,0.7629,7,30
2026-06-22,P027,350,276,74,0.7886,6,58
2026-06-23,P027,350,276,74,0.7886,8,61
2026-06-24,P027,350,275,75,0.7857,10,61
2026-06-25,P027,350,273,77,0.78,8,65
2026-06-26,P027,350,284,66,0.8114,6,41
2026-06-27,P027,350,276,74,0.7886,11,16
2026-06-28,P027,350,277,73,0.7914,5,31
2026-06-29,P027,350,291,59,0.8314,5,39
2026-06-30,P027,350,286,64,0.8171,4,51
2026-07-01,P027,350,304,46,0.8686,7,65
2026-07-02,P027,350,296,54,0.8457,6,8
2026-07-03,P027,350,293,57,0.8371,5,49
2026-07-04,P027,350,295,55,0.8429,4,26
2026-07-05,P027,350,302,48,0.8629,5,30
2026-07-06,P027,350,287,63,0.82,10,11
2026-07-07,P027,350,304,46,0.8686,6,13
2026-07-08,P027,350,304,46,0.8686,9,42
2026-07-09,P027,350,299,51,0.8543,7,55
2026-07-10,P027,350,298,52,0.8514,7,33
2026-07-11,P027,350,296,54,0.8457,8,38
2026-07-12,P027,350,292,58,0.8343,3,65
2026-07-13,P027,350,292,58,0.8343,8,52
2026-07-14,P027,350,284,66,0.8114,6,12
2026-07-15,P027,350,283,67,0.8086,5,27
2026-07-16,P027,350,284,66,0.8114,9,11
2026-07-17,P027,350,281,69,0.8029,10,16
2026-07-18,P027,350,280,70,0.8,4,1
2026-07-19,P027,350,273,77,0.78,10,41
2026-07-20,P027,350,284,66,0.8114,7,4
2026-07-21,P027,350,286,64,0.8171,8,52
2026-07-22,P027,350,276,74,0.7886,7,34
2026-07-23,P027,350,290,60,0.8286,6,19
2026-07-24,P027,350,277,73,0.7914,6,34
2026-07-25,P027,350,285,65,0.8143,10,4
2026-07-26,P027,350,287,63,0.82,5,37
2026-07-27,P027,350,302,48,0.8629,5,60
2026-07-28,P027,350,281,69,0.8029,11,55
2026-07-29,P027,350,295,55,0.8429,10,12
2026-07-30,P027,350,307,43,0.8771,4,62
2026-07-31,P027,350,294,56,0.84,4,23
2026-08-01,P027,350,302,48,0.8629,7,1
2026-08-02,P027,350,291,59,0.8314,5,57
2026-08-03,P027,350,300,50,0.8571,10,46
2026-08-04,P027,350,294,56,0.84,6,57
2026-08-05,P027,350,298,52,0.8514,5,13
2026-08-06,P027,350,310,40,0.8857,1,54
2026-08-07,P027,350,303,47,0.8657,2,51
2026-08-08,P027,350,310,40,0.8857,6,30
2026-08-09,P027,350,311,39,0.8886,3,28
2026-08-10,P027,350,298,52,0.8514,8,60
2026-08-11,P027,350,295,55,0.8429,11,31
2026-08-12,P027,350,301,49,0.86,8,4
2026-08-13,P027,350,297,53,0.8486,6,20
2026-08-14,P027,350,297,53,0.8486,7,49
2026-08-15,P027,350,288,62,0.8229,6,26
2026-08-16,P027,350,290,60,0.8286,6,50
2026-08-17,P027,350,281,69,0.8029,3,45
2026-08-18,P027,350,289,61,0.8257,5,23
2026-08-19,P027,350,275,75,0.7857,6,0
2026-08-20,P027,350,275,75,0.7857,9,3
2026-08-21,P027,350,289,61,0.8257,7,59
2026-08-22,P027,350,289,61,0.8257,6,5
2026-08-23,P027,350,295,55,0.8429,5,23
2026-08-24,P027,350,284,66,0.8114,8,64
2026-08-25,P027,350,291,59,0.8314,6,33
2026-08-26,P027,350,298,52,0.8514,4,28
2026-08-27,P027,350,297,53,0.8486,4,60
2026-04-30,P028,197,151,46,0.7665,5,43
2026-05-01,P028,197,159,38,0.8071,2,10
2026-05-02,P028,197,162,35,0.8223,5,32
2026-05-03,P028,197,159,38,0.8071,2,8
2026-05-04,P028,197,162,35,0.8223,5,11
2026-05-05,P028,197,163,34,0.8274,0,43
2026-05-06,P028,197,158,39,0.802,3,10
2026-05-07,P028,197,165,32,0.8376,2,44
2026-05-08,P028,197,164,33,0.8325,5,46
2026-05-09,P028,197,161,36,0.8173,3,38
2026-05-10,P028,197,161,36,0.8173,5,63
2026-05-11,P028,197,163,34,0.8274,2,57
2026-05-12,P028,197,160,37,0.8122,4,16
2026-05-13,P028,197,160,37,0.8122,7,29
2026-05-14,P028,197,155,42,0.7868,5,12
2026-05-15,P028,197,159,38,0.8071,4,41
2026-05-16,P028,197,157,40,0.797,3,33
2026-05-17,P028,197,153,44,0.7766,5,9
2026-05-18,P028,197,147,50,0.7462,5,15
2026-05-19,P028,197,157,40,0.797,4,12
2026-05-20,P028,197,151,46,0.7665,6,44
2026-05-21,P028,197,155,42,0.7868,3,4
2026-05-22,P028,197,148,49,0.7513,7,54
2026-05-23,P028,197,152,45,0.7716,1,63
2026-05-24,P028,197,151,46,0.7665,4,28
2026-05-25,P028,197,157,40,0.797,3,34
2026-05-26,P028,197,146,51,0.7411,5,10
2026-05-27,P028,197,154,43,0.7817,8,55
2026-05-28,P028,197,152,45,0.7716,1,27
2026-05-29,P028,197,158,39,0.802,5,7
2026-05-30,P028,197,152,45,0.7716,7,21
2026-05-31,P028,197,156,41,0.7919,3,26
2026-06-01,P028,197,167,30,0.8477,2,28
2026-06-02,P028,197,164,33,0.8325,5,15
2026-06-03,P028,197,165,32,0.8376,4,37
2026-06-04,P028,197,168,29,0.8528,0,38
2026-06-05,P028,197,164,33,0.8325,4,12
2026-06-06,P028,197,166,31,0.8426,2,30
2026-06-07,P028,197,169,28,0.8579,2,57
2026-06-08,P028,197,163,34,0.8274,4,22
2026-06-09,P028,197,163,34,0.8274,5,22
2026-06-10,P028,197,169,28,0.8579,0,10
2026-06-11,P028,197,163,34,0.8274,4,51
2026-06-12,P028,197,164,33,0.8325,3,59
2026-06-13,P028,197,170,27,0.8629,4,53
2026-06-14,P028,197,160,37,0.8122,3,55
2026-06-15,P028,197,163,34,0.8274,0,41
2026-06-16,P028,197,157,40,0.797,7,46
2026-06-17,P028,197,159,38,0.8071,4,5
2026-06-18,P028,197,152,45,0.7716,7,27
2026-06-19,P028,197,160,37,0.8122,3,35
2026-06-20,P028,197,164,33,0.8325,6,60
2026-06-21,P028,197,151,46,0.7665,7,39
2026-06-22,P028,197,154,43,0.7817,6,8
2026-06-23,P028,197,154,43,0.7817,1,34
2026-06-24,P028,197,158,39,0.802,2,42
2026-06-25,P028,197,163,34,0.8274,3,11
2026-06-26,P028,197,159,38,0.8071,3,43
2026-06-27,P028,197,160,37,0.8122,7,29
2026-06-28,P028,197,164,33,0.8325,4,32
2026-06-29,P028,197,165,32,0.8376,7,65
2026-06-30,P028,197,158,39,0.802,7,10
2026-07-01,P028,197,168,29,0.8528,1,16
2026-07-02,P028,197,172,25,0.8731,7,0
2026-07-03,P028,197,174,23,0.8832,1,17
2026-07-04,P028,197,168,29,0.8528,2,63
2026-07-05,P028,197,173,24,0.8782,3,52
2026-07-06,P028,197,167,30,0.8477,3,15
2026-07-07,P028,197,176,21,0.8934,2,37
2026-07-08,P028,197,166,31,0.8426,4,3
2026-07-09,P028,197,175,22,0.8883,0,26
2026-07-10,P028,197,175,22,0.8883,1,61
2026-07-11,P028,197,169,28,0.8579,4,10
2026-07-12,P028,197,167,30,0.8477,1,63
2026-07-13,P028,197,166,31,0.8426,3,14
2026-07-14,P028,197,160,37,0.8122,7,26
2026-07-15,P028,197,168,29,0.8528,2,46
2026-07-16,P028,197,162,35,0.8223,6,22
2026-07-17,P028,197,167,30,0.8477,3,25
2026-07-18,P028,197,157,40,0.797,4,43
2026-07-19,P028,197,165,32,0.8376,5,36
2026-07-20,P028,197,161,36,0.8173,5,46
2026-07-21,P028,197,157,40,0.797,2,56
2026-07-22,P028,197,158,39,0.802,6,5
2026-07-23,P028,197,156,41,0.7919,5,27
2026-07-24,P028,197,160,37,0.8122,2,27
2026-07-25,P028,197,159,38,0.8071,4,36
2026-07-26,P028,197,162,35,0.8223,2,34
2026-07-27,P028,197,161,36,0.8173,3,31
2026-07-28,P028,197,168,29,0.8528,7,31
2026-07-29,P028,197,173,24,0.8782,3,27
2026-07-30,P028,197,167,30,0.8477,3,5
2026-07-31,P028,197,166,31,0.8426,0,60
2026-08-01,P028,197,173,24,0.8782,2,52
2026-08-02,P028,197,169,28,0.8579,6,46
2026-08-03,P028,197,176,21,0.8934,1,62
2026-08-04,P028,197,180,17,0.9137,0,61
2026-08-05,P028,197,172,25,0.8731,0,42
2026-08-06,P028,197,173,24,0.8782,0,6
2026-08-07,P028,197,175,22,0.8883,4,8
2026-08-08,P028,197,178,19,0.9036,0,31
2026-08-09,P028,197,172,25,0.8731,5,28
2026-08-10,P028,197,179,18,0.9086,1,17
2026-08-11,P028,197,168,29,0.8528,6,63
2026-08-12,P028,197,171,26,0.868,3,47
2026-08-13,P028,197,173,24,0.8782,4,29
2026-08-14,P028,197,169,28,0.8579,0,16
2026-08-15,P028,197,169,28,0.8579,2,27
2026-08-16,P028,197,168,29,0.8528,5,48
2026-08-17,P028,197,170,27,0.8629,2,5
2026-08-18,P028,197,167,30,0.8477,0,50
2026-08-19,P028,197,168,29,0.8528,0,14
2026-08-20,P028,197,162,35,0.8223,2,25
2026-08-21,P028,197,157,40,0.797,5,26
2026-08-22,P028,197,169,28,0.8579,3,48
2026-08-23,P028,197,163,34,0.8274,4,47
2026-08-24,P028,197,164,33,0.8325,3,61
2026-08-25,P028,197,167,30,0.8477,5,22
2026-08-26,P028,197,164,33,0.8325,2,63
2026-08-27,P028,197,170,27,0.8629,2,48
2026-04-30,P029,272,257,15,0.9449,2,35
2026-05-01,P029,272,256,16,0.9412,1,22
2026-05-02,P029,272,257,15,0.9449,0,62
2026-05-03,P029,272,267,5,0.9816,0,26
2026-05-04,P029,272,267,5,0.9816,3,60
2026-05-05,P029,272,267,5,0.9816,2,23
2026-05-06,P029,272,261,11,0.9596,1,58
2026-05-07,P029,272,259,13,0.9522,2,43
2026-05-08,P029,272,255,17,0.9375,0,56
2026-05-09,P029,272,267,5,0.9816,0,44
2026-05-10,P029,272,267,5,0.9816,0,27
2026-05-11,P029,272,264,8,0.9706,1,35
2026-05-12,P029,272,267,5,0.9816,0,53
2026-05-13,P029,272,267,5,0.9816,2,59
2026-05-14,P029,272,265,7,0.9743,0,40
2026-05-15,P029,272,253,19,0.9301,3,35
2026-05-16,P029,272,257,15,0.9449,2,60
2026-05-17,P029,272,252,20,0.9265,1,55
2026-05-18,P029,272,264,8,0.9706,4,47
2026-05-19,P029,272,249,23,0.9154,0,23
2026-05-20,P029,272,251,21,0.9228,3,47
2026-05-21,P029,272,256,16,0.9412,4,3
2026-05-22,P029,272,253,19,0.9301,3,61
2026-05-23,P029,272,244,28,0.8971,3,17
2026-05-24,P029,272,253,19,0.9301,1,63
2026-05-25,P029,272,250,22,0.9191,0,42
2026-05-26,P029,272,249,23,0.9154,4,20
2026-05-27,P029,272,255,17,0.9375,2,11
2026-05-28,P029,272,252,20,0.9265,5,8
2026-05-29,P029,272,255,17,0.9375,3,13
2026-05-30,P029,272,259,13,0.9522,1,28
2026-05-31,P029,272,267,5,0.9816,0,54
2026-06-01,P029,272,267,5,0.9816,1,64
2026-06-02,P029,272,267,5,0.9816,2,33
2026-06-03,P029,272,265,7,0.9743,0,6
2026-06-04,P029,272,267,5,0.9816,4,61
2026-06-05,P029,272,267,5,0.9816,0,10
2026-06-06,P029,272,267,5,0.9816,1,36
2026-06-07,P029,272,267,5,0.9816,0,39
2026-06-08,P029,272,267,5,0.9816,1,60
2026-06-09,P029,272,267,5,0.9816,4,28
2026-06-10,P029,272,267,5,0.9816,0,63
2026-06-11,P029,272,267,5,0.9816,0,8
2026-06-12,P029,272,263,9,0.9669,0,14
2026-06-13,P029,272,265,7,0.9743,1,34
2026-06-14,P029,272,265,7,0.9743,1,23
2026-06-15,P029,272,258,14,0.9485,5,21
2026-06-16,P029,272,259,13,0.9522,1,4
2026-06-17,P029,272,255,17,0.9375,0,28
2026-06-18,P029,272,259,13,0.9522,1,34
2026-06-19,P029,272,254,18,0.9338,0,8
2026-06-20,P029,272,261,11,0.9596,4,29
2026-06-21,P029,272,257,15,0.9449,1,23
2026-06-22,P029,272,254,18,0.9338,1,40
2026-06-23,P029,272,250,22,0.9191,1,47
2026-06-24,P029,272,260,12,0.9559,4,26
2026-06-25,P029,272,266,6,0.9779,2,62
2026-06-26,P029,272,252,20,0.9265,4,41
2026-06-27,P029,272,255,17,0.9375,0,11
2026-06-28,P029,272,263,9,0.9669,0,1
2026-06-29,P029,272,267,5,0.9816,0,45
2026-06-30,P029,272,267,5,0.9816,1,5
2026-07-01,P029,272,267,5,0.9816,4,10
2026-07-02,P029,272,267,5,0.9816,5,5
2026-07-03,P029,272,267,5,0.9816,0,55
2026-07-04,P029,272,267,5,0.9816,2,44
2026-07-05,P029,272,267,5,0.9816,0,39
2026-07-06,P029,272,267,5,0.9816,0,35
2026-07-07,P029,272,267,5,0.9816,0,36
2026-07-08,P029,272,267,5,0.9816,1,41
2026-07-09,P029,272,267,5,0.9816,3,37
2026-07-10,P029,272,267,5,0.9816,0,44
2026-07-11,P029,272,267,5,0.9816,0,54
2026-07-12,P029,272,267,5,0.9816,2,6
2026-07-13,P029,272,267,5,0.9816,3,18
2026-07-14,P029,272,267,5,0.9816,2,4
2026-07-15,P029,272,267,5,0.9816,0,30
2026-07-16,P029,272,267,5,0.9816,2,63
2026-07-17,P029,272,267,5,0.9816,0,49
2026-07-18,P029,272,267,5,0.9816,0,22
2026-07-19,P029,272,258,14,0.9485,4,36
2026-07-20,P029,272,261,11,0.9596,0,38
2026-07-21,P029,272,267,5,0.9816,0,43
2026-07-22,P029,272,258,14,0.9485,1,56
2026-07-23,P029,272,267,5,0.9816,2,23
2026-07-24,P029,272,265,7,0.9743,0,27
2026-07-25,P029,272,267,5,0.9816,2,34
2026-07-26,P029,272,267,5,0.9816,0,37
2026-07-27,P029,272,264,8,0.9706,2,42
2026-07-28,P029,272,267,5,0.9816,1,27
2026-07-29,P029,272,267,5,0.9816,4,29
2026-07-30,P029,272,267,5,0.9816,1,64
2026-07-31,P029,272,267,5,0.9816,1,65
2026-08-01,P029,272,267,5,0.9816,0,42
2026-08-02,P029,272,267,5,0.9816,0,21
2026-08-03,P029,272,267,5,0.9816,2,37
2026-08-04,P029,272,267,5,0.9816,1,19
2026-08-05,P029,272,267,5,0.9816,1,33
2026-08-06,P029,272,267,5,0.9816,3,20
2026-08-07,P029,272,267,5,0.9816,1,12
2026-08-08,P029,272,267,5,0.9816,3,46
2026-08-09,P029,272,267,5,0.9816,1,14
2026-08-10,P029,272,267,5,0.9816,2,59
2026-08-11,P029,272,267,5,0.9816,1,32
2026-08-12,P029,272,267,5,0.9816,2,63
2026-08-13,P029,272,267,5,0.9816,0,46
2026-08-14,P029,272,267,5,0.9816,0,37
2026-08-15,P029,272,267,5,0.9816,3,32
2026-08-16,P029,272,267,5,0.9816,0,10
2026-08-17,P029,272,267,5,0.9816,0,25
2026-08-18,P029,272,267,5,0.9816,0,37
2026-08-19,P029,272,267,5,0.9816,0,48
2026-08-20,P029,272,267,5,0.9816,3,26
2026-08-21,P029,272,267,5,0.9816,0,60
2026-08-22,P029,272,265,7,0.9743,0,1
2026-08-23,P029,272,264,8,0.9706,2,23
2026-08-24,P029,272,267,5,0.9816,2,63
2026-08-25,P029,272,267,5,0.9816,0,1
2026-08-26,P029,272,267,5,0.9816,0,10
2026-08-27,P029,272,267,5,0.9816,0,41
2026-04-30,P030,393,268,125,0.6819,16,6
2026-05-01,P030,393,272,121,0.6921,14,16
2026-05-02,P030,393,276,117,0.7023,15,5
2026-05-03,P030,393,286,107,0.7277,14,63
2026-05-04,P030,393,278,115,0.7074,16,15
2026-05-05,P030,393,283,110,0.7201,10,56
2026-05-06,P030,393,284,109,0.7226,14,8
2026-05-07,P030,393,287,106,0.7303,12,26
2026-05-08,P030,393,286,107,0.7277,14,6
2026-05-09,P030,393,281,112,0.715,10,49
2026-05-10,P030,393,290,103,0.7379,10,39
2026-05-11,P030,393,289,104,0.7354,16,14
2026-05-12,P030,393,275,118,0.6997,12,5
2026-05-13,P030,393,278,115,0.7074,18,36
2026-05-14,P030,393,284,109,0.7226,12,33
2026-05-15,P030,393,274,119,0.6972,14,54
2026-05-16,P030,393,274,119,0.6972,14,40
2026-05-17,P030,393,268,125,0.6819,16,53
2026-05-18,P030,393,273,120,0.6947,13,50
2026-05-19,P030,393,284,109,0.7226,12,64
2026-05-20,P030,393,283,110,0.7201,14,12
2026-05-21,P030,393,260,133,0.6616,15,36
2026-05-22,P030,393,269,124,0.6845,15,49
2026-05-23,P030,393,275,118,0.6997,17,21
2026-05-24,P030,393,276,117,0.7023,13,23
2026-05-25,P030,393,269,124,0.6845,15,48
2026-05-26,P030,393,268,125,0.6819,16,21
2026-05-27,P030,393,268,125,0.6819,13,24
2026-05-28,P030,393,285,108,0.7252,15,63
2026-05-29,P030,393,282,111,0.7176,14,35
2026-05-30,P030,393,280,113,0.7125,12,9
2026-05-31,P030,393,290,103,0.7379,11,54
2026-06-01,P030,393,288,105,0.7328,15,55
2026-06-02,P030,393,280,113,0.7125,14,56
2026-06-03,P030,393,305,88,0.7761,11,32
2026-06-04,P030,393,302,91,0.7684,11,41
2026-06-05,P030,393,285,108,0.7252,12,56
2026-06-06,P030,393,304,89,0.7735,10,1
2026-06-07,P030,393,303,90,0.771,9,61
2026-06-08,P030,393,291,102,0.7405,16,36
2026-06-09,P030,393,292,101,0.743,13,7
2026-06-10,P030,393,284,109,0.7226,12,22
2026-06-11,P030,393,290,103,0.7379,13,5
2026-06-12,P030,393,300,93,0.7634,10,24
2026-06-13,P030,393,299,94,0.7608,10,26
2026-06-14,P030,393,274,119,0.6972,15,6
2026-06-15,P030,393,267,126,0.6794,14,35
2026-06-16,P030,393,282,111,0.7176,13,38
2026-06-17,P030,393,281,112,0.715,12,26
2026-06-18,P030,393,277,116,0.7048,14,52
2026-06-19,P030,393,270,123,0.687,14,40
2026-06-20,P030,393,276,117,0.7023,15,34
2026-06-21,P030,393,278,115,0.7074,14,51
2026-06-22,P030,393,276,117,0.7023,14,49
2026-06-23,P030,393,264,129,0.6718,14,65
2026-06-24,P030,393,283,110,0.7201,15,22
2026-06-25,P030,393,280,113,0.7125,19,22
2026-06-26,P030,393,281,112,0.715,15,18
2026-06-27,P030,393,284,109,0.7226,10,34
2026-06-28,P030,393,276,117,0.7023,11,54
2026-06-29,P030,393,279,114,0.7099,11,16
2026-06-30,P030,393,294,99,0.7481,10,54
2026-07-01,P030,393,303,90,0.771,11,12
2026-07-02,P030,393,293,100,0.7455,12,0
2026-07-03,P030,393,316,77,0.8041,8,25
2026-07-04,P030,393,298,95,0.7583,13,14
2026-07-05,P030,393,301,92,0.7659,12,1
2026-07-06,P030,393,297,96,0.7557,11,54
2026-07-07,P030,393,301,92,0.7659,13,52
2026-07-08,P030,393,302,91,0.7684,12,10
2026-07-09,P030,393,309,84,0.7863,10,21
2026-07-10,P030,393,303,90,0.771,10,2
2026-07-11,P030,393,301,92,0.7659,8,47
2026-07-12,P030,393,300,93,0.7634,13,10
2026-07-13,P030,393,299,94,0.7608,9,35
2026-07-14,P030,393,294,99,0.7481,13,10
2026-07-15,P030,393,286,107,0.7277,13,14
2026-07-16,P030,393,286,107,0.7277,14,55
2026-07-17,P030,393,283,110,0.7201,14,54
2026-07-18,P030,393,287,106,0.7303,13,32
2026-07-19,P030,393,285,108,0.7252,11,34
2026-07-20,P030,393,296,97,0.7532,14,50
2026-07-21,P030,393,282,111,0.7176,14,32
2026-07-22,P030,393,295,98,0.7506,10,22
2026-07-23,P030,393,300,93,0.7634,14,13
2026-07-24,P030,393,287,106,0.7303,14,33
2026-07-25,P030,393,275,118,0.6997,15,49
2026-07-26,P030,393,282,111,0.7176,11,17
2026-07-27,P030,393,290,103,0.7379,14,9
2026-07-28,P030,393,293,100,0.7455,13,0
2026-07-29,P030,393,296,97,0.7532,13,57
2026-07-30,P030,393,296,97,0.7532,10,3
2026-07-31,P030,393,303,90,0.771,11,53
2026-08-01,P030,393,303,90,0.771,12,53
2026-08-02,P030,393,306,87,0.7786,9,5
2026-08-03,P030,393,311,82,0.7913,6,63
2026-08-04,P030,393,318,75,0.8092,7,46
2026-08-05,P030,393,299,94,0.7608,11,38
2026-08-06,P030,393,319,74,0.8117,7,58
2026-08-07,P030,393,312,81,0.7939,9,57
2026-08-08,P030,393,327,66,0.8321,11,23
2026-08-09,P030,393,301,92,0.7659,11,31
2026-08-10,P030,393,305,88,0.7761,10,52
2026-08-11,P030,393,307,86,0.7812,10,41
2026-08-12,P030,393,310,83,0.7888,7,10
2026-08-13,P030,393,317,76,0.8066,10,65
2026-08-14,P030,393,293,100,0.7455,13,12
2026-08-15,P030,393,290,103,0.7379,8,54
2026-08-16,P030,393,295,98,0.7506,12,26
2026-08-17,P030,393,282,111,0.7176,14,24
2026-08-18,P030,393,288,105,0.7328,12,53
2026-08-19,P030,393,299,94,0.7608,8,39
2026-08-20,P030,393,292,101,0.743,14,41
2026-08-21,P030,393,291,102,0.7405,9,38
2026-08-22,P030,393,288,105,0.7328,12,23
2026-08-23,P030,393,289,104,0.7354,12,30
2026-08-24,P030,393,284,109,0.7226,12,24
2026-08-25,P030,393,284,109,0.7226,12,3
2026-08-26,P030,393,313,80,0.7964,9,10
2026-08-27,P030,393,309,84,0.7863,11,65
2026-04-30,P031,360,250,110,0.6944,15,7
2026-05-01,P031,360,268,92,0.7444,8,32
2026-05-02,P031,360,265,95,0.7361,10,3
2026-05-03,P031,360,259,101,0.7194,13,52
2026-05-04,P031,360,282,78,0.7833,12,30
2026-05-05,P031,360,267,93,0.7417,8,15
2026-05-06,P031,360,277,83,0.7694,12,25
2026-05-07,P031,360,279,81,0.775,10,18
2026-05-08,P031,360,274,86,0.7611,8,52
2026-05-09,P031,360,291,69,0.8083,6,61
2026-05-10,P031,360,281,79,0.7806,11,26
2026-05-11,P031,360,284,76,0.7889,8,22
2026-05-12,P031,360,271,89,0.7528,12,20
2026-05-13,P031,360,270,90,0.75,11,35
2026-05-14,P031,360,261,99,0.725,9,9
2026-05-15,P031,360,279,81,0.775,11,53
2026-05-16,P031,360,263,97,0.7306,11,16
2026-05-17,P031,360,253,107,0.7028,13,62
2026-05-18,P031,360,257,103,0.7139,10,31
2026-05-19,P031,360,251,109,0.6972,15,48
2026-05-20,P031,360,259,101,0.7194,12,44
2026-05-21,P031,360,249,111,0.6917,12,35
2026-05-22,P031,360,247,113,0.6861,15,48
2026-05-23,P031,360,252,108,0.7,9,58
2026-05-24,P031,360,252,108,0.7,12,45
2026-05-25,P031,360,258,102,0.7167,11,37
2026-05-26,P031,360,243,117,0.675,12,30
2026-05-27,P031,360,255,105,0.7083,11,17
2026-05-28,P031,360,259,101,0.7194,15,59
2026-05-29,P031,360,269,91,0.7472,10,40
2026-05-30,P031,360,265,95,0.7361,14,14
2026-05-31,P031,360,267,93,0.7417,12,46
2026-06-01,P031,360,272,88,0.7556,10,25
2026-06-02,P031,360,270,90,0.75,9,20
2026-06-03,P031,360,283,77,0.7861,10,19
2026-06-04,P031,360,279,81,0.775,7,46
2026-06-05,P031,360,282,78,0.7833,5,45
2026-06-06,P031,360,281,79,0.7806,10,26
2026-06-07,P031,360,282,78,0.7833,11,51
2026-06-08,P031,360,279,81,0.775,4,44
2026-06-09,P031,360,284,76,0.7889,8,50
2026-06-10,P031,360,283,77,0.7861,7,50
2026-06-11,P031,360,271,89,0.7528,7,22
2026-06-12,P031,360,277,83,0.7694,13,12
2026-06-13,P031,360,272,88,0.7556,12,45
2026-06-14,P031,360,276,84,0.7667,9,62
2026-06-15,P031,360,260,100,0.7222,14,18
2026-06-16,P031,360,275,85,0.7639,11,13
2026-06-17,P031,360,268,92,0.7444,11,52
2026-06-18,P031,360,258,102,0.7167,7,6
2026-06-19,P031,360,258,102,0.7167,14,53
2026-06-20,P031,360,268,92,0.7444,11,37
2026-06-21,P031,360,257,103,0.7139,11,31
2026-06-22,P031,360,262,98,0.7278,12,56
2026-06-23,P031,360,245,115,0.6806,11,22
2026-06-24,P031,360,262,98,0.7278,12,6
2026-06-25,P031,360,265,95,0.7361,6,4
2026-06-26,P031,360,249,111,0.6917,15,35
2026-06-27,P031,360,267,93,0.7417,11,59
2026-06-28,P031,360,274,86,0.7611,9,32
2026-06-29,P031,360,275,85,0.7639,11,42
2026-06-30,P031,360,281,79,0.7806,8,12
2026-07-01,P031,360,278,82,0.7722,16,37
2026-07-02,P031,360,274,86,0.7611,12,63
2026-07-03,P031,360,290,70,0.8056,8,8
2026-07-04,P031,360,286,74,0.7944,6,3
2026-07-05,P031,360,293,67,0.8139,10,62
2026-07-06,P031,360,278,82,0.7722,12,46
2026-07-07,P031,360,297,63,0.825,6,62
2026-07-08,P031,360,299,61,0.8306,4,6
2026-07-09,P031,360,288,72,0.8,7,8
2026-07-10,P031,360,298,62,0.8278,3,40
2026-07-11,P031,360,284,76,0.7889,7,45
2026-07-12,P031,360,287,73,0.7972,9,0
2026-07-13,P031,360,277,83,0.7694,6,20
2026-07-14,P031,360,280,80,0.7778,11,1
2026-07-15,P031,360,282,78,0.7833,8,62
2026-07-16,P031,360,275,85,0.7639,12,18
2026-07-17,P031,360,281,79,0.7806,9,63
2026-07-18,P031,360,271,89,0.7528,10,30
2026-07-19,P031,360,274,86,0.7611,10,23
2026-07-20,P031,360,261,99,0.725,13,32
2026-07-21,P031,360,274,86,0.7611,11,15
2026-07-22,P031,360,266,94,0.7389,12,12
2026-07-23,P031,360,267,93,0.7417,10,24
2026-07-24,P031,360,264,96,0.7333,13,60
2026-07-25,P031,360,270,90,0.75,10,47
2026-07-26,P031,360,262,98,0.7278,11,11
2026-07-27,P031,360,264,96,0.7333,13,53
2026-07-28,P031,360,275,85,0.7639,8,55
2026-07-29,P031,360,275,85,0.7639,12,29
2026-07-30,P031,360,283,77,0.7861,9,43
2026-07-31,P031,360,292,68,0.8111,9,58
2026-08-01,P031,360,289,71,0.8028,7,35
2026-08-02,P031,360,307,53,0.8528,4,8
2026-08-03,P031,360,284,76,0.7889,9,54
2026-08-04,P031,360,296,64,0.8222,12,48
2026-08-05,P031,360,297,63,0.825,10,63
2026-08-06,P031,360,304,56,0.8444,6,7
2026-08-07,P031,360,300,60,0.8333,8,45
2026-08-08,P031,360,286,74,0.7944,8,5
2026-08-09,P031,360,290,70,0.8056,8,19
2026-08-10,P031,360,291,69,0.8083,7,19
2026-08-11,P031,360,292,68,0.8111,6,46
2026-08-12,P031,360,277,83,0.7694,8,24
2026-08-13,P031,360,286,74,0.7944,11,9
2026-08-14,P031,360,288,72,0.8,8,35
2026-08-15,P031,360,290,70,0.8056,5,29
2026-08-16,P031,360,283,77,0.7861,8,10
2026-08-17,P031,360,271,89,0.7528,12,43
2026-08-18,P031,360,279,81,0.775,7,33
2026-08-19,P031,360,280,80,0.7778,9,41
2026-08-20,P031,360,269,91,0.7472,9,34
2026-08-21,P031,360,268,92,0.7444,11,6
2026-08-22,P031,360,273,87,0.7583,7,33
2026-08-23,P031,360,274,86,0.7611,7,30
2026-08-24,P031,360,280,80,0.7778,13,7
2026-08-25,P031,360,287,73,0.7972,7,56
2026-08-26,P031,360,286,74,0.7944,8,9
2026-08-27,P031,360,306,54,0.85,3,29
2026-04-30,P032,358,248,110,0.6927,14,41
2026-05-01,P032,358,255,103,0.7123,9,9
2026-05-02,P032,358,251,107,0.7011,11,48
2026-05-03,P032,358,247,111,0.6899,15,32
2026-05-04,P032,358,244,114,0.6816,12,23
2026-05-05,P032,358,251,107,0.7011,11,19
2026-05-06,P032,358,248,110,0.6927,12,17
2026-05-07,P032,358,259,99,0.7235,12,10
2026-05-08,P032,358,256,102,0.7151,14,48
2026-05-09,P032,358,260,98,0.7263,13,50
2026-05-10,P032,358,267,91,0.7458,8,39
2026-05-11,P032,358,255,103,0.7123,14,33
2026-05-12,P032,358,251,107,0.7011,8,53
2026-05-13,P032,358,250,108,0.6983,12,52
2026-05-14,P032,358,241,117,0.6732,15,39
2026-05-15,P032,358,252,106,0.7039,14,65
2026-05-16,P032,358,244,114,0.6816,14,34
2026-05-17,P032,358,240,118,0.6704,16,18
2026-05-18,P032,358,246,112,0.6872,11,42
2026-05-19,P032,358,233,125,0.6508,15,15
2026-05-20,P032,358,233,125,0.6508,15,63
2026-05-21,P032,358,239,119,0.6676,16,47
2026-05-22,P032,358,229,129,0.6397,14,4
2026-05-23,P032,358,235,123,0.6564,16,5
2026-05-24,P032,358,236,122,0.6592,14,24
2026-05-25,P032,358,234,124,0.6536,14,9
2026-05-26,P032,358,247,111,0.6899,9,38
2026-05-27,P032,358,240,118,0.6704,11,26
2026-05-28,P032,358,242,116,0.676,12,41
2026-05-29,P032,358,245,113,0.6844,15,13
2026-05-30,P032,358,257,101,0.7179,12,44
2026-05-31,P032,358,261,97,0.7291,10,34
2026-06-01,P032,358,256,102,0.7151,14,11
2026-06-02,P032,358,251,107,0.7011,11,31
2026-06-03,P032,358,249,109,0.6955,10,11
2026-06-04,P032,358,260,98,0.7263,10,56
2026-06-05,P032,358,265,93,0.7402,9,8
2026-06-06,P032,358,259,99,0.7235,13,61
2026-06-07,P032,358,267,91,0.7458,11,50
2026-06-08,P032,358,261,97,0.7291,12,52
2026-06-09,P032,358,266,92,0.743,10,35
2026-06-10,P032,358,260,98,0.7263,11,9
2026-06-11,P032,358,272,86,0.7598,12,39
2026-06-12,P032,358,246,112,0.6872,12,2
2026-06-13,P032,358,273,85,0.7626,10,10
2026-06-14,P032,358,253,105,0.7067,9,39
2026-06-15,P032,358,249,109,0.6955,18,22
2026-06-16,P032,358,248,110,0.6927,16,35
2026-06-17,P032,358,259,99,0.7235,10,33
2026-06-18,P032,358,251,107,0.7011,14,20
2026-06-19,P032,358,259,99,0.7235,13,7
2026-06-20,P032,358,238,120,0.6648,14,63
2026-06-21,P032,358,247,111,0.6899,13,23
2026-06-22,P032,358,239,119,0.6676,11,34
2026-06-23,P032,358,244,114,0.6816,14,3
2026-06-24,P032,358,233,125,0.6508,11,13
2026-06-25,P032,358,246,112,0.6872,13,64
2026-06-26,P032,358,256,102,0.7151,12,19
2026-06-27,P032,358,251,107,0.7011,11,21
2026-06-28,P032,358,245,113,0.6844,9,53
2026-06-29,P032,358,255,103,0.7123,12,18
2026-06-30,P032,358,260,98,0.7263,12,29
2026-07-01,P032,358,262,96,0.7318,15,61
2026-07-02,P032,358,258,100,0.7207,9,9
2026-07-03,P032,358,266,92,0.743,8,37
2026-07-04,P032,358,269,89,0.7514,11,47
2026-07-05,P032,358,269,89,0.7514,10,65
2026-07-06,P032,358,263,95,0.7346,13,6
2026-07-07,P032,358,269,89,0.7514,9,28
2026-07-08,P032,358,273,85,0.7626,9,41
2026-07-09,P032,358,282,76,0.7877,9,4
2026-07-10,P032,358,260,98,0.7263,9,56
2026-07-11,P032,358,264,94,0.7374,14,51
2026-07-12,P032,358,252,106,0.7039,10,29
2026-07-13,P032,358,276,82,0.7709,10,16
2026-07-14,P032,358,257,101,0.7179,10,14
2026-07-15,P032,358,256,102,0.7151,12,52
2026-07-16,P032,358,261,97,0.7291,10,63
2026-07-17,P032,358,247,111,0.6899,15,46
2026-07-18,P032,358,261,97,0.7291,8,35
2026-07-19,P032,358,253,105,0.7067,7,40
2026-07-20,P032,358,248,110,0.6927,15,48
2026-07-21,P032,358,249,109,0.6955,12,9
2026-07-22,P032,358,257,101,0.7179,14,24
2026-07-23,P032,358,252,106,0.7039,12,26
2026-07-24,P032,358,255,103,0.7123,13,7
2026-07-25,P032,358,256,102,0.7151,10,5
2026-07-26,P032,358,246,112,0.6872,13,25
2026-07-27,P032,358,262,96,0.7318,11,18
2026-07-28,P032,358,264,94,0.7374,14,15
2026-07-29,P032,358,259,99,0.7235,12,13
2026-07-30,P032,358,266,92,0.743,11,4
2026-07-31,P032,358,269,89,0.7514,11,18
2026-08-01,P032,358,272,86,0.7598,10,5
2026-08-02,P032,358,269,89,0.7514,9,49
2026-08-03,P032,358,268,90,0.7486,11,19
2026-08-04,P032,358,289,69,0.8073,7,28
2026-08-05,P032,358,269,89,0.7514,11,58
2026-08-06,P032,358,281,77,0.7849,8,39
2026-08-07,P032,358,282,76,0.7877,11,28
2026-08-08,P032,358,274,84,0.7654,12,15
2026-08-09,P032,358,280,78,0.7821,9,57
2026-08-10,P032,358,272,86,0.7598,11,30
2026-08-11,P032,358,277,81,0.7737,12,4
2026-08-12,P032,358,261,97,0.7291,12,12
2026-08-13,P032,358,261,97,0.7291,11,65
2026-08-14,P032,358,274,84,0.7654,8,43
2026-08-15,P032,358,270,88,0.7542,11,0
2026-08-16,P032,358,255,103,0.7123,11,18
2026-08-17,P032,358,258,100,0.7207,11,49
2026-08-18,P032,358,269,89,0.7514,11,47
2026-08-19,P032,358,254,104,0.7095,14,13
2026-08-20,P032,358,245,113,0.6844,13,3
2026-08-21,P032,358,264,94,0.7374,12,64
2026-08-22,P032,358,244,114,0.6816,12,22
2026-08-23,P032,358,262,96,0.7318,8,45
2026-08-24,P032,358,266,92,0.743,13,45
2026-08-25,P032,358,256,102,0.7151,14,12
2026-08-26,P032,358,270,88,0.7542,11,38
2026-08-27,P032,358,268,90,0.7486,13,63
2026-04-30,P033,181,124,57,0.6851,9,55
2026-05-01,P033,181,125,56,0.6906,5,26
2026-05-02,P033,181,117,64,0.6464,8,52
2026-05-03,P033,181,130,51,0.7182,6,61
2026-05-04,P033,181,124,57,0.6851,6,57
2026-05-05,P033,181,130,51,0.7182,5,13
2026-05-06,P033,181,131,50,0.7238,8,11
2026-05-07,P033,181,127,54,0.7017,5,56
2026-05-08,P033,181,123,58,0.6796,8,57
2026-05-09,P033,181,125,56,0.6906,7,17
2026-05-10,P033,181,127,54,0.7017,6,3
2026-05-11,P033,181,128,53,0.7072,6,56
2026-05-12,P033,181,124,57,0.6851,9,47
2026-05-13,P033,181,122,59,0.674,5,32
2026-05-14,P033,181,126,55,0.6961,5,39
2026-05-15,P033,181,126,55,0.6961,8,31
2026-05-16,P033,181,120,61,0.663,7,16
2026-05-17,P033,181,120,61,0.663,7,22
2026-05-18,P033,181,121,60,0.6685,7,61
2026-05-19,P033,181,121,60,0.6685,6,27
2026-05-20,P033,181,126,55,0.6961,3,45
2026-05-21,P033,181,113,68,0.6243,6,32
2026-05-22,P033,181,115,66,0.6354,3,11
2026-05-23,P033,181,115,66,0.6354,8,57
2026-05-24,P033,181,119,62,0.6575,5,19
2026-05-25,P033,181,119,62,0.6575,4,52
2026-05-26,P033,181,120,61,0.663,8,28
2026-05-27,P033,181,120,61,0.663,8,45
2026-05-28,P033,181,124,57,0.6851,5,44
2026-05-29,P033,181,128,53,0.7072,4,25
2026-05-30,P033,181,122,59,0.674,9,10
2026-05-31,P033,181,131,50,0.7238,5,15
2026-06-01,P033,181,132,49,0.7293,4,11
2026-06-02,P033,181,127,54,0.7017,5,20
2026-06-03,P033,181,130,51,0.7182,6,15
2026-06-04,P033,181,130,51,0.7182,5,56
2026-06-05,P033,181,130,51,0.7182,3,36
2026-06-06,P033,181,129,52,0.7127,6,35
2026-06-07,P033,181,122,59,0.674,7,28
2026-06-08,P033,181,131,50,0.7238,7,19
2026-06-09,P033,181,138,43,0.7624,7,30
2026-06-10,P033,181,127,54,0.7017,8,13
2026-06-11,P033,181,136,45,0.7514,8,38
2026-06-12,P033,181,130,51,0.7182,5,2
2026-06-13,P033,181,131,50,0.7238,5,31
2026-06-14,P033,181,129,52,0.7127,8,49
2026-06-15,P033,181,128,53,0.7072,8,44
2026-06-16,P033,181,126,55,0.6961,5,36
2026-06-17,P033,181,124,57,0.6851,13,16
2026-06-18,P033,181,123,58,0.6796,7,34
2026-06-19,P033,181,123,58,0.6796,6,7
2026-06-20,P033,181,121,60,0.6685,4,64
2026-06-21,P033,181,122,59,0.674,8,22
2026-06-22,P033,181,128,53,0.7072,4,38
2026-06-23,P033,181,127,54,0.7017,6,7
2026-06-24,P033,181,126,55,0.6961,9,13
2026-06-25,P033,181,121,60,0.6685,7,16
2026-06-26,P033,181,118,63,0.6519,9,17
2026-06-27,P033,181,131,50,0.7238,8,58
2026-06-28,P033,181,130,51,0.7182,5,20
2026-06-29,P033,181,131,50,0.7238,6,37
2026-06-30,P033,181,132,49,0.7293,5,55
2026-07-01,P033,181,128,53,0.7072,9,14
2026-07-02,P033,181,134,47,0.7403,4,2
2026-07-03,P033,181,133,48,0.7348,5,8
2026-07-04,P033,181,132,49,0.7293,6,60
2026-07-05,P033,181,136,45,0.7514,0,3
2026-07-06,P033,181,134,47,0.7403,5,27
2026-07-07,P033,181,133,48,0.7348,7,57
2026-07-08,P033,181,133,48,0.7348,5,63
2026-07-09,P033,181,137,44,0.7569,7,62
2026-07-10,P033,181,138,43,0.7624,4,54
2026-07-11,P033,181,133,48,0.7348,3,40
2026-07-12,P033,181,137,44,0.7569,6,2
2026-07-13,P033,181,139,42,0.768,4,27
2026-07-14,P033,181,131,50,0.7238,5,20
2026-07-15,P033,181,133,48,0.7348,4,60
2026-07-16,P033,181,130,51,0.7182,6,35
2026-07-17,P033,181,130,51,0.7182,6,27
2026-07-18,P033,181,126,55,0.6961,10,40
2026-07-19,P033,181,125,56,0.6906,5,4
2026-07-20,P033,181,123,58,0.6796,9,34
2026-07-21,P033,181,127,54,0.7017,8,7
2026-07-22,P033,181,131,50,0.7238,8,52
2026-07-23,P033,181,131,50,0.7238,5,13
2026-07-24,P033,181,127,54,0.7017,4,65
2026-07-25,P033,181,127,54,0.7017,9,35
2026-07-26,P033,181,130,51,0.7182,8,31
2026-07-27,P033,181,133,48,0.7348,8,56
2026-07-28,P033,181,130,51,0.7182,6,9
2026-07-29,P033,181,134,47,0.7403,3,44
2026-07-30,P033,181,140,41,0.7735,9,58
2026-07-31,P033,181,135,46,0.7459,4,26
2026-08-01,P033,181,139,42,0.768,2,48
2026-08-02,P033,181,136,45,0.7514,6,32
2026-08-03,P033,181,137,44,0.7569,5,57
2026-08-04,P033,181,140,41,0.7735,5,8
2026-08-05,P033,181,139,42,0.768,6,46
2026-08-06,P033,181,138,43,0.7624,6,9
2026-08-07,P033,181,140,41,0.7735,3,45
2026-08-08,P033,181,140,41,0.7735,3,13
2026-08-09,P033,181,140,41,0.7735,4,61
2026-08-10,P033,181,143,38,0.7901,2,52
2026-08-11,P033,181,137,44,0.7569,8,53
2026-08-12,P033,181,138,43,0.7624,9,43
2026-08-13,P033,181,136,45,0.7514,5,50
2026-08-14,P033,181,138,43,0.7624,6,65
2026-08-15,P033,181,128,53,0.7072,3,39
2026-08-16,P033,181,131,50,0.7238,10,58
2026-08-17,P033,181,135,46,0.7459,7,50
2026-08-18,P033,181,137,44,0.7569,6,38
2026-08-19,P033,181,128,53,0.7072,6,27
2026-08-20,P033,181,131,50,0.7238,3,48
2026-08-21,P033,181,127,54,0.7017,9,50
2026-08-22,P033,181,131,50,0.7238,9,32
2026-08-23,P033,181,137,44,0.7569,4,59
2026-08-24,P033,181,137,44,0.7569,4,61
2026-08-25,P033,181,136,45,0.7514,6,65
2026-08-26,P033,181,128,53,0.7072,4,2
2026-08-27,P033,181,138,43,0.7624,8,60
2026-04-30,P034,342,285,57,0.8333,8,11
2026-05-01,P034,342,295,47,0.8626,4,35
2026-05-02,P034,342,290,52,0.848,7,29
2026-05-03,P034,342,295,47,0.8626,1,41
2026-05-04,P034,342,295,47,0.8626,9,8
2026-05-05,P034,342,293,49,0.8567,5,23
2026-05-06,P034,342,288,54,0.8421,6,1
2026-05-07,P034,342,289,53,0.845,4,36
2026-05-08,P034,342,294,48,0.8596,6,42
2026-05-09,P034,342,292,50,0.8538,7,45
2026-05-10,P034,342,300,42,0.8772,7,35
2026-05-11,P034,342,305,37,0.8918,4,60
2026-05-12,P034,342,278,64,0.8129,7,24
2026-05-13,P034,342,279,63,0.8158,10,6
2026-05-14,P034,342,293,49,0.8567,6,64
2026-05-15,P034,342,298,44,0.8713,7,29
2026-05-16,P034,342,283,59,0.8275,1,7
2026-05-17,P034,342,290,52,0.848,10,39
2026-05-18,P034,342,282,60,0.8246,9,16
2026-05-19,P034,342,277,65,0.8099,7,51
2026-05-20,P034,342,269,73,0.7865,9,27
2026-05-21,P034,342,272,70,0.7953,6,45
2026-05-22,P034,342,279,63,0.8158,5,29
2026-05-23,P034,342,278,64,0.8129,8,54
2026-05-24,P034,342,282,60,0.8246,11,11
2026-05-25,P034,342,282,60,0.8246,5,31
2026-05-26,P034,342,286,56,0.8363,8,12
2026-05-27,P034,342,289,53,0.845,5,1
2026-05-28,P034,342,286,56,0.8363,4,30
2026-05-29,P034,342,289,53,0.845,10,23
2026-05-30,P034,342,283,59,0.8275,6,53
2026-05-31,P034,342,306,36,0.8947,1,55
2026-06-01,P034,342,294,48,0.8596,6,54
2026-06-02,P034,342,296,46,0.8655,5,16
2026-06-03,P034,342,309,33,0.9035,2,6
2026-06-04,P034,342,301,41,0.8801,8,9
2026-06-05,P034,342,299,43,0.8743,8,10
2026-06-06,P034,342,300,42,0.8772,5,61
2026-06-07,P034,342,306,36,0.8947,4,40
2026-06-08,P034,342,309,33,0.9035,2,14
2026-06-09,P034,342,291,51,0.8509,4,31
2026-06-10,P034,342,307,35,0.8977,4,62
2026-06-11,P034,342,292,50,0.8538,10,31
2026-06-12,P034,342,304,38,0.8889,6,20
2026-06-13,P034,342,301,41,0.8801,1,37
2026-06-14,P034,342,297,45,0.8684,5,2
2026-06-15,P034,342,293,49,0.8567,8,10
2026-06-16,P034,342,289,53,0.845,11,19
2026-06-17,P034,342,279,63,0.8158,8,65
2026-06-18,P034,342,289,53,0.845,6,18
2026-06-19,P034,342,284,58,0.8304,5,39
2026-06-20,P034,342,282,60,0.8246,8,58
2026-06-21,P034,342,285,57,0.8333,2,30
2026-06-22,P034,342,282,60,0.8246,4,30
2026-06-23,P034,342,289,53,0.845,9,47
2026-06-24,P034,342,295,47,0.8626,5,30
2026-06-25,P034,342,278,64,0.8129,7,42
2026-06-26,P034,342,293,49,0.8567,8,46
2026-06-27,P034,342,290,52,0.848,3,8
2026-06-28,P034,342,295,47,0.8626,6,50
2026-06-29,P034,342,292,50,0.8538,4,12
2026-06-30,P034,342,310,32,0.9064,3,0
2026-07-01,P034,342,300,42,0.8772,3,9
2026-07-02,P034,342,316,26,0.924,3,2
2026-07-03,P034,342,307,35,0.8977,2,65
2026-07-04,P034,342,312,30,0.9123,3,34
2026-07-05,P034,342,314,28,0.9181,4,61
2026-07-06,P034,342,300,42,0.8772,5,29
2026-07-07,P034,342,304,38,0.8889,6,61
2026-07-08,P034,342,320,22,0.9357,0,55
2026-07-09,P034,342,312,30,0.9123,1,32
2026-07-10,P034,342,315,27,0.9211,4,39
2026-07-11,P034,342,312,30,0.9123,1,25
2026-07-12,P034,342,306,36,0.8947,2,5
2026-07-13,P034,342,301,41,0.8801,8,50
2026-07-14,P034,342,307,35,0.8977,6,19
2026-07-15,P034,342,293,49,0.8567,6,57
2026-07-16,P034,342,303,39,0.886,2,34
2026-07-17,P034,342,285,57,0.8333,7,60
2026-07-18,P034,342,296,46,0.8655,8,14
2026-07-19,P034,342,278,64,0.8129,9,51
2026-07-20,P034,342,292,50,0.8538,0,39
2026-07-21,P034,342,285,57,0.8333,4,45
2026-07-22,P034,342,296,46,0.8655,3,46
2026-07-23,P034,342,282,60,0.8246,7,27
2026-07-24,P034,342,280,62,0.8187,8,3
2026-07-25,P034,342,301,41,0.8801,3,33
2026-07-26,P034,342,292,50,0.8538,5,4
2026-07-27,P034,342,294,48,0.8596,7,28
2026-07-28,P034,342,300,42,0.8772,2,16
2026-07-29,P034,342,312,30,0.9123,6,0
2026-07-30,P034,342,304,38,0.8889,5,55
2026-07-31,P034,342,314,28,0.9181,6,7
2026-08-01,P034,342,311,31,0.9094,2,29
2026-08-02,P034,342,311,31,0.9094,0,2
2026-08-03,P034,342,318,24,0.9298,7,8
2026-08-04,P034,342,312,30,0.9123,5,23
2026-08-05,P034,342,325,17,0.9503,3,16
2026-08-06,P034,342,316,26,0.924,6,3
2026-08-07,P034,342,316,26,0.924,2,0
2026-08-08,P034,342,323,19,0.9444,1,17
2026-08-09,P034,342,318,24,0.9298,1,21
2026-08-10,P034,342,314,28,0.9181,6,0
2026-08-11,P034,342,311,31,0.9094,4,25
2026-08-12,P034,342,314,28,0.9181,2,35
2026-08-13,P034,342,309,33,0.9035,4,35
2026-08-14,P034,342,296,46,0.8655,3,34
2026-08-15,P034,342,307,35,0.8977,6,56
2026-08-16,P034,342,302,40,0.883,2,56
2026-08-17,P034,342,307,35,0.8977,3,62
2026-08-18,P034,342,304,38,0.8889,6,27
2026-08-19,P034,342,302,40,0.883,4,7
2026-08-20,P034,342,301,41,0.8801,10,46
2026-08-21,P034,342,296,46,0.8655,3,61
2026-08-22,P034,342,309,33,0.9035,4,0
2026-08-23,P034,342,289,53,0.845,10,51
2026-08-24,P034,342,309,33,0.9035,5,47
2026-08-25,P034,342,311,31,0.9094,2,53
2026-08-26,P034,342,312,30,0.9123,3,33
2026-08-27,P034,342,305,37,0.8918,3,60
2026-04-30,P035,411,290,121,0.7056,15,61
2026-05-01,P035,411,295,116,0.7178,17,31
2026-05-02,P035,411,296,115,0.7202,15,28
2026-05-03,P035,411,303,108,0.7372,12,40
2026-05-04,P035,411,309,102,0.7518,13,52
2026-05-05,P035,411,308,103,0.7494,13,35
2026-05-06,P035,411,307,104,0.747,12,27
2026-05-07,P035,411,305,106,0.7421,15,1
2026-05-08,P035,411,305,106,0.7421,11,26
2026-05-09,P035,411,316,95,0.7689,14,15
2026-05-10,P035,411,300,111,0.7299,15,8
2026-05-11,P035,411,304,107,0.7397,10,37
2026-05-12,P035,411,314,97,0.764,12,42
2026-05-13,P035,411,303,108,0.7372,11,2
2026-05-14,P035,411,296,115,0.7202,12,38
2026-05-15,P035,411,301,110,0.7324,13,32
2026-05-16,P035,411,300,111,0.7299,15,3
2026-05-17,P035,411,301,110,0.7324,14,23
2026-05-18,P035,411,308,103,0.7494,13,64
2026-05-19,P035,411,284,127,0.691,16,38
2026-05-20,P035,411,282,129,0.6861,14,45
2026-05-21,P035,411,309,102,0.7518,10,39
2026-05-22,P035,411,290,121,0.7056,14,31
2026-05-23,P035,411,299,112,0.7275,15,2
2026-05-24,P035,411,286,125,0.6959,15,1
2026-05-25,P035,411,292,119,0.7105,14,18
2026-05-26,P035,411,296,115,0.7202,13,19
2026-05-27,P035,411,297,114,0.7226,12,35
2026-05-28,P035,411,298,113,0.7251,11,14
2026-05-29,P035,411,305,106,0.7421,10,24
2026-05-30,P035,411,307,104,0.747,12,34
2026-05-31,P035,411,307,104,0.747,11,8
2026-06-01,P035,411,320,91,0.7786,11,64
2026-06-02,P035,411,324,87,0.7883,10,29
2026-06-03,P035,411,310,101,0.7543,12,1
2026-06-04,P035,411,308,103,0.7494,14,24
2026-06-05,P035,411,319,92,0.7762,12,53
2026-06-06,P035,411,322,89,0.7835,9,64
2026-06-07,P035,411,326,85,0.7932,13,24
2026-06-08,P035,411,332,79,0.8078,7,11
2026-06-09,P035,411,315,96,0.7664,11,9
2026-06-10,P035,411,325,86,0.7908,10,39
2026-06-11,P035,411,321,90,0.781,12,62
2026-06-12,P035,411,314,97,0.764,14,9
2026-06-13,P035,411,311,100,0.7567,7,9
2026-06-14,P035,411,305,106,0.7421,11,63
2026-06-15,P035,411,310,101,0.7543,10,10
2026-06-16,P035,411,306,105,0.7445,12,52
2026-06-17,P035,411,305,106,0.7421,12,60
2026-06-18,P035,411,292,119,0.7105,13,61
2026-06-19,P035,411,308,103,0.7494,14,51
2026-06-20,P035,411,303,108,0.7372,11,58
2026-06-21,P035,411,302,109,0.7348,14,6
2026-06-22,P035,411,299,112,0.7275,12,7
2026-06-23,P035,411,299,112,0.7275,15,61
2026-06-24,P035,411,297,114,0.7226,14,49
2026-06-25,P035,411,300,111,0.7299,13,46
2026-06-26,P035,411,310,101,0.7543,14,53
2026-06-27,P035,411,316,95,0.7689,12,7
2026-06-28,P035,411,309,102,0.7518,9,6
2026-06-29,P035,411,321,90,0.781,11,49
2026-06-30,P035,411,308,103,0.7494,13,53
2026-07-01,P035,411,326,85,0.7932,17,45
2026-07-02,P035,411,322,89,0.7835,12,51
2026-07-03,P035,411,321,90,0.781,12,4
2026-07-04,P035,411,345,66,0.8394,6,52
2026-07-05,P035,411,327,84,0.7956,10,39
2026-07-06,P035,411,331,80,0.8054,7,63
2026-07-07,P035,411,335,76,0.8151,7,64
2026-07-08,P035,411,332,79,0.8078,9,53
2026-07-09,P035,411,319,92,0.7762,11,19
2026-07-10,P035,411,323,88,0.7859,11,48
2026-07-11,P035,411,334,77,0.8127,9,18
2026-07-12,P035,411,321,90,0.781,10,33
2026-07-13,P035,411,329,82,0.8005,14,22
2026-07-14,P035,411,304,107,0.7397,14,9
2026-07-15,P035,411,314,97,0.764,13,31
2026-07-16,P035,411,307,104,0.747,12,5
2026-07-17,P035,411,307,104,0.747,11,43
2026-07-18,P035,411,305,106,0.7421,13,23
2026-07-19,P035,411,308,103,0.7494,12,20
2026-07-20,P035,411,300,111,0.7299,10,64
2026-07-21,P035,411,307,104,0.747,10,9
2026-07-22,P035,411,305,106,0.7421,11,21
2026-07-23,P035,411,310,101,0.7543,13,50
2026-07-24,P035,411,303,108,0.7372,12,14
2026-07-25,P035,411,316,95,0.7689,9,5
2026-07-26,P035,411,308,103,0.7494,9,56
2026-07-27,P035,411,315,96,0.7664,15,6
2026-07-28,P035,411,314,97,0.764,7,23
2026-07-29,P035,411,312,99,0.7591,14,30
2026-07-30,P035,411,329,82,0.8005,10,28
2026-07-31,P035,411,334,77,0.8127,6,13
2026-08-01,P035,411,327,84,0.7956,10,5
2026-08-02,P035,411,338,73,0.8224,9,62
2026-08-03,P035,411,334,77,0.8127,9,65
2026-08-04,P035,411,344,67,0.837,10,8
2026-08-05,P035,411,344,67,0.837,6,55
2026-08-06,P035,411,331,80,0.8054,11,50
2026-08-07,P035,411,344,67,0.837,8,52
2026-08-08,P035,411,336,75,0.8175,7,0
2026-08-09,P035,411,344,67,0.837,7,26
2026-08-10,P035,411,332,79,0.8078,9,41
2026-08-11,P035,411,339,72,0.8248,8,6
2026-08-12,P035,411,323,88,0.7859,13,60
2026-08-13,P035,411,325,86,0.7908,8,16
2026-08-14,P035,411,333,78,0.8102,7,8
2026-08-15,P035,411,316,95,0.7689,11,60
2026-08-16,P035,411,321,90,0.781,11,42
2026-08-17,P035,411,308,103,0.7494,10,30
2026-08-18,P035,411,316,95,0.7689,13,26
2026-08-19,P035,411,311,100,0.7567,12,57
2026-08-20,P035,411,316,95,0.7689,13,20
2026-08-21,P035,411,305,106,0.7421,13,19
2026-08-22,P035,411,315,96,0.7664,13,64
2026-08-23,P035,411,306,105,0.7445,12,50
2026-08-24,P035,411,310,101,0.7543,11,4
2026-08-25,P035,411,318,93,0.7737,8,12
2026-08-26,P035,411,346,65,0.8418,7,13
2026-08-27,P035,411,337,74,0.82,6,12
2026-04-30,P036,328,220,108,0.6707,14,41
2026-05-01,P036,328,216,112,0.6585,10,11
2026-05-02,P036,328,222,106,0.6768,11,39
2026-05-03,P036,328,245,83,0.747,9,28
2026-05-04,P036,328,242,86,0.7378,12,38
2026-05-05,P036,328,240,88,0.7317,9,1
2026-05-06,P036,328,241,87,0.7348,9,38
2026-05-07,P036,328,242,86,0.7378,11,17
2026-05-08,P036,328,237,91,0.7226,14,4
2026-05-09,P036,328,237,91,0.7226,13,1
2026-05-10,P036,328,246,82,0.75,9,11
2026-05-11,P036,328,236,92,0.7195,14,16
2026-05-12,P036,328,236,92,0.7195,12,40
2026-05-13,P036,328,237,91,0.7226,9,20
2026-05-14,P036,328,236,92,0.7195,11,64
2026-05-15,P036,328,221,107,0.6738,15,60
2026-05-16,P036,328,234,94,0.7134,14,31
2026-05-17,P036,328,227,101,0.6921,11,65
2026-05-18,P036,328,236,92,0.7195,11,2
2026-05-19,P036,328,242,86,0.7378,13,24
2026-05-20,P036,328,232,96,0.7073,9,46
2026-05-21,P036,328,224,104,0.6829,10,47
2026-05-22,P036,328,220,108,0.6707,13,41
2026-05-23,P036,328,223,105,0.6799,14,56
2026-05-24,P036,328,232,96,0.7073,10,37
2026-05-25,P036,328,219,109,0.6677,14,7
2026-05-26,P036,328,232,96,0.7073,9,3
2026-05-27,P036,328,235,93,0.7165,10,21
2026-05-28,P036,328,223,105,0.6799,14,49
2026-05-29,P036,328,236,92,0.7195,11,51
2026-05-30,P036,328,237,91,0.7226,13,31
2026-05-31,P036,328,235,93,0.7165,12,49
2026-06-01,P036,328,230,98,0.7012,12,48
2026-06-02,P036,328,243,85,0.7409,9,34
2026-06-03,P036,328,245,83,0.747,9,6
2026-06-04,P036,328,249,79,0.7591,9,6
2026-06-05,P036,328,252,76,0.7683,8,65
2026-06-06,P036,328,253,75,0.7713,9,48
2026-06-07,P036,328,249,79,0.7591,8,52
2026-06-08,P036,328,245,83,0.747,7,18
2026-06-09,P036,328,244,84,0.7439,12,41
2026-06-10,P036,328,249,79,0.7591,11,51
2026-06-11,P036,328,253,75,0.7713,9,26
2026-06-12,P036,328,241,87,0.7348,9,29
2026-06-13,P036,328,242,86,0.7378,6,25
2026-06-14,P036,328,237,91,0.7226,9,40
2026-06-15,P036,328,224,104,0.6829,11,55
2026-06-16,P036,328,241,87,0.7348,10,7
2026-06-17,P036,328,239,89,0.7287,7,34
2026-06-18,P036,328,233,95,0.7104,11,7
2026-06-19,P036,328,245,83,0.747,8,24
2026-06-20,P036,328,229,99,0.6982,12,60
2026-06-21,P036,328,231,97,0.7043,12,33
2026-06-22,P036,328,236,92,0.7195,10,6
2026-06-23,P036,328,227,101,0.6921,11,20
2026-06-24,P036,328,236,92,0.7195,8,4
2026-06-25,P036,328,235,93,0.7165,9,53
2026-06-26,P036,328,242,86,0.7378,10,39
2026-06-27,P036,328,242,86,0.7378,11,11
2026-06-28,P036,328,239,89,0.7287,8,9
2026-06-29,P036,328,234,94,0.7134,9,38
2026-06-30,P036,328,240,88,0.7317,12,6
2026-07-01,P036,328,253,75,0.7713,11,41
2026-07-02,P036,328,261,67,0.7957,9,46
2026-07-03,P036,328,251,77,0.7652,7,8
2026-07-04,P036,328,263,65,0.8018,7,61
2026-07-05,P036,328,260,68,0.7927,6,15
2026-07-06,P036,328,263,65,0.8018,6,27
2026-07-07,P036,328,269,59,0.8201,6,47
2026-07-08,P036,328,252,76,0.7683,10,36
2026-07-09,P036,328,258,70,0.7866,7,18
2026-07-10,P036,328,264,64,0.8049,8,20
2026-07-11,P036,328,259,69,0.7896,10,9
2026-07-12,P036,328,257,71,0.7835,11,31
2026-07-13,P036,328,251,77,0.7652,4,24
2026-07-14,P036,328,241,87,0.7348,9,10
2026-07-15,P036,328,248,80,0.7561,8,1
2026-07-16,P036,328,249,79,0.7591,10,48
2026-07-17,P036,328,233,95,0.7104,12,38
2026-07-18,P036,328,240,88,0.7317,9,61
2026-07-19,P036,328,247,81,0.753,11,58
2026-07-20,P036,328,239,89,0.7287,10,36
2026-07-21,P036,328,227,101,0.6921,9,25
2026-07-22,P036,328,235,93,0.7165,9,61
2026-07-23,P036,328,243,85,0.7409,7,2
2026-07-24,P036,328,251,77,0.7652,5,57
2026-07-25,P036,328,244,84,0.7439,8,13
2026-07-26,P036,328,243,85,0.7409,8,19
2026-07-27,P036,328,245,83,0.747,7,30
2026-07-28,P036,328,247,81,0.753,6,40
2026-07-29,P036,328,256,72,0.7805,10,57
2026-07-30,P036,328,257,71,0.7835,10,49
2026-07-31,P036,328,247,81,0.753,12,63
2026-08-01,P036,328,260,68,0.7927,7,55
2026-08-02,P036,328,259,69,0.7896,8,17
2026-08-03,P036,328,266,62,0.811,7,4
2026-08-04,P036,328,274,54,0.8354,3,5
2026-08-05,P036,328,260,68,0.7927,5,5
2026-08-06,P036,328,264,64,0.8049,9,8
2026-08-07,P036,328,262,66,0.7988,6,27
2026-08-08,P036,328,265,63,0.8079,10,35
2026-08-09,P036,328,263,65,0.8018,9,31
2026-08-10,P036,328,254,74,0.7744,8,5
2026-08-11,P036,328,253,75,0.7713,8,3
2026-08-12,P036,328,246,82,0.75,12,65
2026-08-13,P036,328,251,77,0.7652,9,42
2026-08-14,P036,328,251,77,0.7652,7,43
2026-08-15,P036,328,243,85,0.7409,7,37
2026-08-16,P036,328,251,77,0.7652,9,47
2026-08-17,P036,328,252,76,0.7683,11,52
2026-08-18,P036,328,248,80,0.7561,11,19
2026-08-19,P036,328,244,84,0.7439,15,52
2026-08-20,P036,328,256,72,0.7805,8,3
2026-08-21,P036,328,241,87,0.7348,7,22
2026-08-22,P036,328,246,82,0.75,12,8
2026-08-23,P036,328,236,92,0.7195,10,61
2026-08-24,P036,328,250,78,0.7622,11,47
2026-08-25,P036,328,257,71,0.7835,8,34
2026-08-26,P036,328,254,74,0.7744,7,9
2026-08-27,P036,328,263,65,0.8018,6,45
2026-04-30,P037,258,177,81,0.686,8,1
2026-05-01,P037,258,183,75,0.7093,10,15
2026-05-02,P037,258,183,75,0.7093,11,8
2026-05-03,P037,258,194,64,0.7519,9,39
2026-05-04,P037,258,189,69,0.7326,8,59
2026-05-05,P037,258,194,64,0.7519,8,46
2026-05-06,P037,258,188,70,0.7287,4,46
2026-05-07,P037,258,191,67,0.7403,9,9
2026-05-08,P037,258,200,58,0.7752,10,5
2026-05-09,P037,258,189,69,0.7326,9,62
2026-05-10,P037,258,199,59,0.7713,3,30
2026-05-11,P037,258,189,69,0.7326,7,30
2026-05-12,P037,258,181,77,0.7016,11,33
2026-05-13,P037,258,186,72,0.7209,8,62
2026-05-14,P037,258,183,75,0.7093,10,27
2026-05-15,P037,258,167,91,0.6473,9,35
2026-05-16,P037,258,184,74,0.7132,8,12
2026-05-17,P037,258,189,69,0.7326,6,43
2026-05-18,P037,258,178,80,0.6899,8,62
2026-05-19,P037,258,180,78,0.6977,8,28
2026-05-20,P037,258,175,83,0.6783,13,23
2026-05-21,P037,258,176,82,0.6822,7,19
2026-05-22,P037,258,177,81,0.686,8,9
2026-05-23,P037,258,182,76,0.7054,10,16
2026-05-24,P037,258,169,89,0.655,13,6
2026-05-25,P037,258,171,87,0.6628,10,48
2026-05-26,P037,258,177,81,0.686,8,54
2026-05-27,P037,258,179,79,0.6938,8,48
2026-05-28,P037,258,179,79,0.6938,7,21
2026-05-29,P037,258,184,74,0.7132,7,5
2026-05-30,P037,258,185,73,0.7171,6,0
2026-05-31,P037,258,177,81,0.686,7,39
2026-06-01,P037,258,194,64,0.7519,10,42
2026-06-02,P037,258,191,67,0.7403,5,31
2026-06-03,P037,258,198,60,0.7674,4,15
2026-06-04,P037,258,192,66,0.7442,7,11
2026-06-05,P037,258,197,61,0.7636,9,17
2026-06-06,P037,258,189,69,0.7326,7,50
2026-06-07,P037,258,192,66,0.7442,8,33
2026-06-08,P037,258,197,61,0.7636,11,31
2026-06-09,P037,258,200,58,0.7752,6,27
2026-06-10,P037,258,198,60,0.7674,6,58
2026-06-11,P037,258,189,69,0.7326,6,47
2026-06-12,P037,258,187,71,0.7248,9,47
2026-06-13,P037,258,184,74,0.7132,7,54
2026-06-14,P037,258,193,65,0.7481,8,53
2026-06-15,P037,258,194,64,0.7519,6,35
2026-06-16,P037,258,180,78,0.6977,9,7
2026-06-17,P037,258,181,77,0.7016,10,26
2026-06-18,P037,258,179,79,0.6938,8,54
2026-06-19,P037,258,186,72,0.7209,8,45
2026-06-20,P037,258,184,74,0.7132,11,47
2026-06-21,P037,258,181,77,0.7016,6,44
2026-06-22,P037,258,193,65,0.7481,7,62
2026-06-23,P037,258,178,80,0.6899,9,4
2026-06-24,P037,258,184,74,0.7132,9,61
2026-06-25,P037,258,184,74,0.7132,7,65
2026-06-26,P037,258,181,77,0.7016,12,36
2026-06-27,P037,258,178,80,0.6899,11,36
2026-06-28,P037,258,194,64,0.7519,8,33
2026-06-29,P037,258,185,73,0.7171,10,17
2026-06-30,P037,258,194,64,0.7519,7,8
2026-07-01,P037,258,192,66,0.7442,8,9
2026-07-02,P037,258,196,62,0.7597,7,19
2026-07-03,P037,258,198,60,0.7674,5,49
2026-07-04,P037,258,203,55,0.7868,2,44
2026-07-05,P037,258,202,56,0.7829,3,52
2026-07-06,P037,258,198,60,0.7674,6,37
2026-07-07,P037,258,209,49,0.8101,3,26
2026-07-08,P037,258,203,55,0.7868,5,54
2026-07-09,P037,258,200,58,0.7752,6,9
2026-07-10,P037,258,195,63,0.7558,7,11
2026-07-11,P037,258,200,58,0.7752,5,0
2026-07-12,P037,258,195,63,0.7558,8,14
2026-07-13,P037,258,195,63,0.7558,9,22
2026-07-14,P037,258,194,64,0.7519,6,64
2026-07-15,P037,258,200,58,0.7752,6,29
2026-07-16,P037,258,193,65,0.7481,10,64
2026-07-17,P037,258,189,69,0.7326,7,57
2026-07-18,P037,258,193,65,0.7481,8,22
2026-07-19,P037,258,182,76,0.7054,7,28
2026-07-20,P037,258,191,67,0.7403,10,2
2026-07-21,P037,258,196,62,0.7597,6,19
2026-07-22,P037,258,183,75,0.7093,5,48
2026-07-23,P037,258,192,66,0.7442,3,4
2026-07-24,P037,258,185,73,0.7171,7,47
2026-07-25,P037,258,186,72,0.7209,10,22
2026-07-26,P037,258,192,66,0.7442,7,17
2026-07-27,P037,258,186,72,0.7209,8,22
2026-07-28,P037,258,209,49,0.8101,5,43
2026-07-29,P037,258,194,64,0.7519,7,15
2026-07-30,P037,258,193,65,0.7481,11,44
2026-07-31,P037,258,198,60,0.7674,11,19
2026-08-01,P037,258,203,55,0.7868,2,24
2026-08-02,P037,258,201,57,0.7791,4,48
2026-08-03,P037,258,198,60,0.7674,6,49
2026-08-04,P037,258,208,50,0.8062,8,20
2026-08-05,P037,258,205,53,0.7946,4,48
2026-08-06,P037,258,207,51,0.8023,7,32
2026-08-07,P037,258,210,48,0.814,6,35
2026-08-08,P037,258,201,57,0.7791,4,42
2026-08-09,P037,258,204,54,0.7907,5,42
2026-08-10,P037,258,205,53,0.7946,10,60
2026-08-11,P037,258,202,56,0.7829,5,65
2026-08-12,P037,258,200,58,0.7752,11,44
2026-08-13,P037,258,205,53,0.7946,7,32
2026-08-14,P037,258,200,58,0.7752,7,46
2026-08-15,P037,258,193,65,0.7481,9,5
2026-08-16,P037,258,184,74,0.7132,10,8
2026-08-17,P037,258,194,64,0.7519,8,28
2026-08-18,P037,258,194,64,0.7519,11,27
2026-08-19,P037,258,195,63,0.7558,6,5
2026-08-20,P037,258,192,66,0.7442,9,48
2026-08-21,P037,258,191,67,0.7403,8,15
2026-08-22,P037,258,195,63,0.7558,6,60
2026-08-23,P037,258,192,66,0.7442,8,29
2026-08-24,P037,258,192,66,0.7442,5,64
2026-08-25,P037,258,202,56,0.7829,6,49
2026-08-26,P037,258,194,64,0.7519,9,48
2026-08-27,P037,258,197,61,0.7636,3,27
2026-04-30,P038,211,137,74,0.6493,8,14
2026-05-01,P038,211,137,74,0.6493,12,62
2026-05-02,P038,211,128,83,0.6066,12,1
2026-05-03,P038,211,146,65,0.6919,9,58
2026-05-04,P038,211,144,67,0.6825,9,7
2026-05-05,P038,211,138,73,0.654,7,19
2026-05-06,P038,211,144,67,0.6825,5,14
2026-05-07,P038,211,144,67,0.6825,5,53
2026-05-08,P038,211,140,71,0.6635,11,19
2026-05-09,P038,211,152,59,0.7204,7,6
2026-05-10,P038,211,143,68,0.6777,8,48
2026-05-11,P038,211,143,68,0.6777,9,27
2026-05-12,P038,211,140,71,0.6635,10,28
2026-05-13,P038,211,139,72,0.6588,10,24
2026-05-14,P038,211,139,72,0.6588,9,64
2026-05-15,P038,211,136,75,0.6445,8,49
2026-05-16,P038,211,137,74,0.6493,10,64
2026-05-17,P038,211,128,83,0.6066,10,24
2026-05-18,P038,211,130,81,0.6161,9,4
2026-05-19,P038,211,134,77,0.6351,9,6
2026-05-20,P038,211,128,83,0.6066,7,7
2026-05-21,P038,211,135,76,0.6398,10,45
2026-05-22,P038,211,133,78,0.6303,9,19
2026-05-23,P038,211,131,80,0.6209,6,4
2026-05-24,P038,211,126,85,0.5972,11,58
2026-05-25,P038,211,133,78,0.6303,11,27
2026-05-26,P038,211,138,73,0.654,9,13
2026-05-27,P038,211,138,73,0.654,9,40
2026-05-28,P038,211,136,75,0.6445,13,28
2026-05-29,P038,211,135,76,0.6398,7,22
2026-05-30,P038,211,135,76,0.6398,8,8
2026-05-31,P038,211,141,70,0.6682,9,47
2026-06-01,P038,211,138,73,0.654,3,6
2026-06-02,P038,211,153,58,0.7251,3,3
2026-06-03,P038,211,138,73,0.654,8,44
2026-06-04,P038,211,152,59,0.7204,9,4
2026-06-05,P038,211,147,64,0.6967,5,33
2026-06-06,P038,211,152,59,0.7204,8,60
2026-06-07,P038,211,147,64,0.6967,7,33
2026-06-08,P038,211,150,61,0.7109,8,16
2026-06-09,P038,211,144,67,0.6825,5,31
2026-06-10,P038,211,155,56,0.7346,7,53
2026-06-11,P038,211,149,62,0.7062,5,59
2026-06-12,P038,211,145,66,0.6872,9,30
2026-06-13,P038,211,143,68,0.6777,6,15
2026-06-14,P038,211,140,71,0.6635,10,46
2026-06-15,P038,211,137,74,0.6493,6,12
2026-06-16,P038,211,141,70,0.6682,9,37
2026-06-17,P038,211,139,72,0.6588,8,45
2026-06-18,P038,211,137,74,0.6493,9,55
2026-06-19,P038,211,136,75,0.6445,7,19
2026-06-20,P038,211,135,76,0.6398,7,19
2026-06-21,P038,211,134,77,0.6351,9,53
2026-06-22,P038,211,130,81,0.6161,10,42
2026-06-23,P038,211,133,78,0.6303,8,57
2026-06-24,P038,211,135,76,0.6398,10,61
2026-06-25,P038,211,135,76,0.6398,8,50
2026-06-26,P038,211,142,69,0.673,9,42
2026-06-27,P038,211,135,76,0.6398,9,5
2026-06-28,P038,211,145,66,0.6872,7,14
2026-06-29,P038,211,139,72,0.6588,6,58
2026-06-30,P038,211,143,68,0.6777,8,39
2026-07-01,P038,211,144,67,0.6825,10,65
2026-07-02,P038,211,148,63,0.7014,7,11
2026-07-03,P038,211,154,57,0.7299,4,16
2026-07-04,P038,211,153,58,0.7251,5,64
2026-07-05,P038,211,158,53,0.7488,8,40
2026-07-06,P038,211,152,59,0.7204,3,64
2026-07-07,P038,211,152,59,0.7204,6,5
2026-07-08,P038,211,154,57,0.7299,9,35
2026-07-09,P038,211,153,58,0.7251,7,21
2026-07-10,P038,211,144,67,0.6825,10,0
2026-07-11,P038,211,147,64,0.6967,2,45
2026-07-12,P038,211,150,61,0.7109,5,9
2026-07-13,P038,211,149,62,0.7062,6,30
2026-07-14,P038,211,147,64,0.6967,11,32
2026-07-15,P038,211,145,66,0.6872,8,23
2026-07-16,P038,211,139,72,0.6588,6,61
2026-07-17,P038,211,143,68,0.6777,7,38
2026-07-18,P038,211,140,71,0.6635,8,56
2026-07-19,P038,211,144,67,0.6825,6,32
2026-07-20,P038,211,138,73,0.654,9,34
2026-07-21,P038,211,133,78,0.6303,10,33
2026-07-22,P038,211,135,76,0.6398,5,54
2026-07-23,P038,211,143,68,0.6777,6,26
2026-07-24,P038,211,143,68,0.6777,7,12
2026-07-25,P038,211,139,72,0.6588,10,49
2026-07-26,P038,211,142,69,0.673,7,60
2026-07-27,P038,211,149,62,0.7062,5,65
2026-07-28,P038,211,141,70,0.6682,8,26
2026-07-29,P038,211,143,68,0.6777,11,5
2026-07-30,P038,211,149,62,0.7062,4,16
2026-07-31,P038,211,155,56,0.7346,3,20
2026-08-01,P038,211,155,56,0.7346,6,21
2026-08-02,P038,211,153,58,0.7251,4,62
2026-08-03,P038,211,158,53,0.7488,9,61
2026-08-04,P038,211,160,51,0.7583,3,8
2026-08-05,P038,211,164,47,0.7773,8,7
2026-08-06,P038,211,150,61,0.7109,6,21
2026-08-07,P038,211,157,54,0.7441,5,20
2026-08-08,P038,211,156,55,0.7393,6,56
2026-08-09,P038,211,151,60,0.7156,10,25
2026-08-10,P038,211,151,60,0.7156,9,43
2026-08-11,P038,211,158,53,0.7488,10,55
2026-08-12,P038,211,152,59,0.7204,7,17
2026-08-13,P038,211,149,62,0.7062,8,40
2026-08-14,P038,211,145,66,0.6872,9,48
2026-08-15,P038,211,149,62,0.7062,7,20
2026-08-16,P038,211,151,60,0.7156,8,18
2026-08-17,P038,211,147,64,0.6967,6,31
2026-08-18,P038,211,146,65,0.6919,6,13
2026-08-19,P038,211,145,66,0.6872,8,49
2026-08-20,P038,211,141,70,0.6682,5,64
2026-08-21,P038,211,144,67,0.6825,9,16
2026-08-22,P038,211,137,74,0.6493,10,46
2026-08-23,P038,211,143,68,0.6777,4,32
2026-08-24,P038,211,148,63,0.7014,7,48
2026-08-25,P038,211,143,68,0.6777,7,62
2026-08-26,P038,211,153,58,0.7251,2,31
2026-08-27,P038,211,149,62,0.7062,9,37
2026-04-30,P039,249,191,58,0.7671,6,54
2026-05-01,P039,249,218,31,0.8755,3,53
2026-05-02,P039,249,200,49,0.8032,6,62
2026-05-03,P039,249,210,39,0.8434,4,23
2026-05-04,P039,249,205,44,0.8233,5,65
2026-05-05,P039,249,209,40,0.8394,2,28
2026-05-06,P039,249,211,38,0.8474,6,18
2026-05-07,P039,249,215,34,0.8635,4,6
2026-05-08,P039,249,213,36,0.8554,7,9
2026-05-09,P039,249,211,38,0.8474,4,46
2026-05-10,P039,249,210,39,0.8434,7,51
2026-05-11,P039,249,214,35,0.8594,3,57
2026-05-12,P039,249,211,38,0.8474,8,51
2026-05-13,P039,249,205,44,0.8233,4,16
2026-05-14,P039,249,210,39,0.8434,7,12
2026-05-15,P039,249,205,44,0.8233,2,52
2026-05-16,P039,249,210,39,0.8434,5,6
2026-05-17,P039,249,200,49,0.8032,5,35
2026-05-18,P039,249,206,43,0.8273,6,4
2026-05-19,P039,249,202,47,0.8112,6,13
2026-05-20,P039,249,196,53,0.7871,3,55
2026-05-21,P039,249,198,51,0.7952,6,38
2026-05-22,P039,249,201,48,0.8072,5,39
2026-05-23,P039,249,201,48,0.8072,4,45
2026-05-24,P039,249,196,53,0.7871,4,25
2026-05-25,P039,249,205,44,0.8233,4,21
2026-05-26,P039,249,206,43,0.8273,2,45
2026-05-27,P039,249,199,50,0.7992,6,34
2026-05-28,P039,249,205,44,0.8233,6,6
2026-05-29,P039,249,208,41,0.8353,3,37
2026-05-30,P039,249,201,48,0.8072,6,27
2026-05-31,P039,249,216,33,0.8675,0,26
2026-06-01,P039,249,215,34,0.8635,5,65
2026-06-02,P039,249,206,43,0.8273,4,33
2026-06-03,P039,249,211,38,0.8474,2,54
2026-06-04,P039,249,219,30,0.8795,2,37
2026-06-05,P039,249,216,33,0.8675,6,20
2026-06-06,P039,249,224,25,0.8996,0,2
2026-06-07,P039,249,214,35,0.8594,4,10
2026-06-08,P039,249,221,28,0.8876,4,3
2026-06-09,P039,249,212,37,0.8514,7,34
2026-06-10,P039,249,216,33,0.8675,5,52
2026-06-11,P039,249,220,29,0.8835,2,6
2026-06-12,P039,249,218,31,0.8755,2,33
2026-06-13,P039,249,212,37,0.8514,4,5
2026-06-14,P039,249,216,33,0.8675,6,62
2026-06-15,P039,249,205,44,0.8233,6,45
2026-06-16,P039,249,207,42,0.8313,3,37
2026-06-17,P039,249,200,49,0.8032,5,62
2026-06-18,P039,249,197,52,0.7912,8,11
2026-06-19,P039,249,206,43,0.8273,7,64
2026-06-20,P039,249,205,44,0.8233,6,15
2026-06-21,P039,249,205,44,0.8233,5,22
2026-06-22,P039,249,203,46,0.8153,5,13
2026-06-23,P039,249,208,41,0.8353,2,32
2026-06-24,P039,249,204,45,0.8193,0,60
2026-06-25,P039,249,214,35,0.8594,4,53
2026-06-26,P039,249,212,37,0.8514,1,41
2026-06-27,P039,249,213,36,0.8554,6,53
2026-06-28,P039,249,217,32,0.8715,0,14
2026-06-29,P039,249,212,37,0.8514,5,27
2026-06-30,P039,249,211,38,0.8474,9,2
2026-07-01,P039,249,223,26,0.8956,3,2
2026-07-02,P039,249,217,32,0.8715,2,56
2026-07-03,P039,249,224,25,0.8996,4,19
2026-07-04,P039,249,228,21,0.9157,2,39
2026-07-05,P039,249,224,25,0.8996,4,46
2026-07-06,P039,249,227,22,0.9116,5,47
2026-07-07,P039,249,227,22,0.9116,4,45
2026-07-08,P039,249,224,25,0.8996,0,63
2026-07-09,P039,249,224,25,0.8996,3,42
2026-07-10,P039,249,228,21,0.9157,4,16
2026-07-11,P039,249,223,26,0.8956,0,54
2026-07-12,P039,249,214,35,0.8594,7,63
2026-07-13,P039,249,221,28,0.8876,3,27
2026-07-14,P039,249,210,39,0.8434,3,39
2026-07-15,P039,249,220,29,0.8835,2,45
2026-07-16,P039,249,221,28,0.8876,0,0
2026-07-17,P039,249,209,40,0.8394,2,12
2026-07-18,P039,249,206,43,0.8273,2,9
2026-07-19,P039,249,217,32,0.8715,4,64
2026-07-20,P039,249,207,42,0.8313,5,37
2026-07-21,P039,249,204,45,0.8193,6,41
2026-07-22,P039,249,209,40,0.8394,6,29
2026-07-23,P039,249,209,40,0.8394,1,0
2026-07-24,P039,249,214,35,0.8594,2,20
2026-07-25,P039,249,211,38,0.8474,5,31
2026-07-26,P039,249,213,36,0.8554,4,63
2026-07-27,P039,249,220,29,0.8835,1,42
2026-07-28,P039,249,215,34,0.8635,5,18
2026-07-29,P039,249,217,32,0.8715,7,59
2026-07-30,P039,249,231,18,0.9277,4,49
2026-07-31,P039,249,220,29,0.8835,4,2
2026-08-01,P039,249,234,15,0.9398,4,21
2026-08-02,P039,249,211,38,0.8474,4,5
2026-08-03,P039,249,228,21,0.9157,0,41
2026-08-04,P039,249,228,21,0.9157,2,29
2026-08-05,P039,249,233,16,0.9357,3,19
2026-08-06,P039,249,235,14,0.9438,0,0
2026-08-07,P039,249,226,23,0.9076,5,56
2026-08-08,P039,249,231,18,0.9277,3,4
2026-08-09,P039,249,226,23,0.9076,4,56
2026-08-10,P039,249,224,25,0.8996,1,47
2026-08-11,P039,249,224,25,0.8996,2,2
2026-08-12,P039,249,219,30,0.8795,2,5
2026-08-13,P039,249,218,31,0.8755,3,41
2026-08-14,P039,249,219,30,0.8795,4,28
2026-08-15,P039,249,221,28,0.8876,5,0
2026-08-16,P039,249,221,28,0.8876,5,39
2026-08-17,P039,249,211,38,0.8474,6,62
2026-08-18,P039,249,212,37,0.8514,4,19
2026-08-19,P039,249,217,32,0.8715,2,44
2026-08-20,P039,249,213,36,0.8554,7,32
2026-08-21,P039,249,211,38,0.8474,6,53
2026-08-22,P039,249,219,30,0.8795,5,49
2026-08-23,P039,249,218,31,0.8755,4,49
2026-08-24,P039,249,211,38,0.8474,4,3
2026-08-25,P039,249,214,35,0.8594,6,57
2026-08-26,P039,249,222,27,0.8916,0,16
2026-08-27,P039,249,225,24,0.9036,1,22
2026-04-30,P040,235,199,36,0.8468,3,30
2026-05-01,P040,235,196,39,0.834,4,21
2026-05-02,P040,235,201,34,0.8553,5,30
2026-05-03,P040,235,197,38,0.8383,7,48
2026-05-04,P040,235,204,31,0.8681,3,8
2026-05-05,P040,235,196,39,0.834,6,62
2026-05-06,P040,235,201,34,0.8553,2,16
2026-05-07,P040,235,204,31,0.8681,3,16
2026-05-08,P040,235,201,34,0.8553,3,11
2026-05-09,P040,235,210,25,0.8936,3,36
2026-05-10,P040,235,207,28,0.8809,1,3
2026-05-11,P040,235,201,34,0.8553,4,29
2026-05-12,P040,235,194,41,0.8255,6,39
2026-05-13,P040,235,201,34,0.8553,2,62
2026-05-14,P040,235,195,40,0.8298,6,19
2026-05-15,P040,235,199,36,0.8468,4,30
2026-05-16,P040,235,192,43,0.817,3,19
2026-05-17,P040,235,190,45,0.8085,4,41
2026-05-18,P040,235,185,50,0.7872,5,42
2026-05-19,P040,235,196,39,0.834,6,65
2026-05-20,P040,235,191,44,0.8128,1,5
2026-05-21,P040,235,185,50,0.7872,7,49
2026-05-22,P040,235,179,56,0.7617,11,17
2026-05-23,P040,235,186,49,0.7915,6,36
2026-05-24,P040,235,185,50,0.7872,3,56
2026-05-25,P040,235,187,48,0.7957,0,61
2026-05-26,P040,235,192,43,0.817,5,1
2026-05-27,P040,235,196,39,0.834,5,52
2026-05-28,P040,235,194,41,0.8255,6,35
2026-05-29,P040,235,198,37,0.8426,3,6
2026-05-30,P040,235,201,34,0.8553,3,31
2026-05-31,P040,235,203,32,0.8638,6,46
2026-06-01,P040,235,198,37,0.8426,3,24
2026-06-02,P040,235,202,33,0.8596,8,60
2026-06-03,P040,235,204,31,0.8681,1,54
2026-06-04,P040,235,203,32,0.8638,3,62
2026-06-05,P040,235,211,24,0.8979,0,50
2026-06-06,P040,235,216,19,0.9191,4,58
2026-06-07,P040,235,210,25,0.8936,5,34
2026-06-08,P040,235,203,32,0.8638,2,59
2026-06-09,P040,235,208,27,0.8851,1,19
2026-06-10,P040,235,210,25,0.8936,1,64
2026-06-11,P040,235,205,30,0.8723,5,20
2026-06-12,P040,235,201,34,0.8553,2,44
2026-06-13,P040,235,200,35,0.8511,4,44
2026-06-14,P040,235,198,37,0.8426,4,36
2026-06-15,P040,235,196,39,0.834,5,44
2026-06-16,P040,235,191,44,0.8128,4,34
2026-06-17,P040,235,197,38,0.8383,1,26
2026-06-18,P040,235,197,38,0.8383,6,65
2026-06-19,P040,235,201,34,0.8553,3,46
2026-06-20,P040,235,187,48,0.7957,5,62
2026-06-21,P040,235,187,48,0.7957,8,35
2026-06-22,P040,235,193,42,0.8213,4,62
2026-06-23,P040,235,192,43,0.817,2,12
2026-06-24,P040,235,193,42,0.8213,7,32
2026-06-25,P040,235,196,39,0.834,7,49
2026-06-26,P040,235,200,35,0.8511,2,4
2026-06-27,P040,235,202,33,0.8596,0,51
2026-06-28,P040,235,206,29,0.8766,4,38
2026-06-29,P040,235,206,29,0.8766,0,6
2026-06-30,P040,235,207,28,0.8809,1,40
2026-07-01,P040,235,210,25,0.8936,3,32
2026-07-02,P040,235,203,32,0.8638,6,27
2026-07-03,P040,235,213,22,0.9064,1,22
2026-07-04,P040,235,222,13,0.9447,4,35
2026-07-05,P040,235,214,21,0.9106,0,54
2026-07-06,P040,235,217,18,0.9234,0,5
2026-07-07,P040,235,214,21,0.9106,0,11
2026-07-08,P040,235,213,22,0.9064,4,55
2026-07-09,P040,235,209,26,0.8894,4,36
2026-07-10,P040,235,214,21,0.9106,3,18
2026-07-11,P040,235,209,26,0.8894,0,23
2026-07-12,P040,235,209,26,0.8894,1,63
2026-07-13,P040,235,209,26,0.8894,1,17
2026-07-14,P040,235,203,32,0.8638,2,38
2026-07-15,P040,235,198,37,0.8426,6,14
2026-07-16,P040,235,202,33,0.8596,1,54
2026-07-17,P040,235,201,34,0.8553,4,17
2026-07-18,P040,235,191,44,0.8128,5,64
2026-07-19,P040,235,202,33,0.8596,2,31
2026-07-20,P040,235,195,40,0.8298,7,17
2026-07-21,P040,235,197,38,0.8383,6,46
2026-07-22,P040,235,200,35,0.8511,4,49
2026-07-23,P040,235,204,31,0.8681,8,56
2026-07-24,P040,235,199,36,0.8468,8,46
2026-07-25,P040,235,204,31,0.8681,1,61
2026-07-26,P040,235,203,32,0.8638,3,43
2026-07-27,P040,235,199,36,0.8468,4,54
2026-07-28,P040,235,204,31,0.8681,2,42
2026-07-29,P040,235,206,29,0.8766,6,7
2026-07-30,P040,235,210,25,0.8936,3,8
2026-07-31,P040,235,214,21,0.9106,0,51
2026-08-01,P040,235,221,14,0.9404,0,8
2026-08-02,P040,235,213,22,0.9064,3,10
2026-08-03,P040,235,216,19,0.9191,0,35
2026-08-04,P040,235,222,13,0.9447,0,35
2026-08-05,P040,235,219,16,0.9319,0,19
2026-08-06,P040,235,222,13,0.9447,2,16
2026-08-07,P040,235,220,15,0.9362,0,44
2026-08-08,P040,235,214,21,0.9106,2,3
2026-08-09,P040,235,222,13,0.9447,2,15
2026-08-10,P040,235,215,20,0.9149,0,25
2026-08-11,P040,235,214,21,0.9106,0,46
2026-08-12,P040,235,215,20,0.9149,8,8
2026-08-13,P040,235,212,23,0.9021,8,54
2026-08-14,P040,235,210,25,0.8936,5,37
2026-08-15,P040,235,213,22,0.9064,4,52
2026-08-16,P040,235,209,26,0.8894,4,22
2026-08-17,P040,235,205,30,0.8723,0,22
2026-08-18,P040,235,201,34,0.8553,4,19
2026-08-19,P040,235,204,31,0.8681,3,1
2026-08-20,P040,235,199,36,0.8468,6,6
2026-08-21,P040,235,208,27,0.8851,2,17
2026-08-22,P040,235,202,33,0.8596,6,37
2026-08-23,P040,235,207,28,0.8809,4,49
2026-08-24,P040,235,200,35,0.8511,2,3
2026-08-25,P040,235,213,22,0.9064,4,48
2026-08-26,P040,235,202,33,0.8596,5,20
2026-08-27,P040,235,214,21,0.9106,3,23
2026-04-30,P041,121,85,36,0.7025,0,4
2026-05-01,P041,121,86,35,0.7107,7,61
2026-05-02,P041,121,91,30,0.7521,4,44
2026-05-03,P041,121,89,32,0.7355,3,33
2026-05-04,P041,121,88,33,0.7273,5,47
2026-05-05,P041,121,89,32,0.7355,2,47
2026-05-06,P041,121,91,30,0.7521,2,9
2026-05-07,P041,121,91,30,0.7521,4,15
2026-05-08,P041,121,91,30,0.7521,0,31
2026-05-09,P041,121,90,31,0.7438,5,22
2026-05-10,P041,121,86,35,0.7107,2,23
2026-05-11,P041,121,91,30,0.7521,5,11
2026-05-12,P041,121,94,27,0.7769,2,23
2026-05-13,P041,121,86,35,0.7107,5,8
2026-05-14,P041,121,86,35,0.7107,4,46
2026-05-15,P041,121,86,35,0.7107,4,11
2026-05-16,P041,121,85,36,0.7025,5,65
2026-05-17,P041,121,83,38,0.686,7,31
2026-05-18,P041,121,86,35,0.7107,3,44
2026-05-19,P041,121,84,37,0.6942,5,40
2026-05-20,P041,121,86,35,0.7107,5,38
2026-05-21,P041,121,84,37,0.6942,2,8
2026-05-22,P041,121,83,38,0.686,4,47
2026-05-23,P041,121,87,34,0.719,2,40
2026-05-24,P041,121,85,36,0.7025,4,51
2026-05-25,P041,121,87,34,0.719,1,2
2026-05-26,P041,121,87,34,0.719,5,27
2026-05-27,P041,121,87,34,0.719,2,41
2026-05-28,P041,121,85,36,0.7025,4,52
2026-05-29,P041,121,91,30,0.7521,3,1
2026-05-30,P041,121,91,30,0.7521,4,15
2026-05-31,P041,121,87,34,0.719,6,15
2026-06-01,P041,121,87,34,0.719,7,51
2026-06-02,P041,121,94,27,0.7769,3,10
2026-06-03,P041,121,91,30,0.7521,2,9
2026-06-04,P041,121,93,28,0.7686,3,44
2026-06-05,P041,121,91,30,0.7521,2,60
2026-06-06,P041,121,96,25,0.7934,3,36
2026-06-07,P041,121,95,26,0.7851,2,11
2026-06-08,P041,121,93,28,0.7686,4,56
2026-06-09,P041,121,93,28,0.7686,3,60
2026-06-10,P041,121,94,27,0.7769,3,42
2026-06-11,P041,121,91,30,0.7521,3,46
2026-06-12,P041,121,95,26,0.7851,2,31
2026-06-13,P041,121,86,35,0.7107,1,42
2026-06-14,P041,121,91,30,0.7521,4,7
2026-06-15,P041,121,90,31,0.7438,4,9
2026-06-16,P041,121,89,32,0.7355,1,34
2026-06-17,P041,121,89,32,0.7355,2,13
2026-06-18,P041,121,84,37,0.6942,7,44
2026-06-19,P041,121,84,37,0.6942,3,55
2026-06-20,P041,121,83,38,0.686,7,7
2026-06-21,P041,121,89,32,0.7355,1,10
2026-06-22,P041,121,85,36,0.7025,2,9
2026-06-23,P041,121,90,31,0.7438,5,21
2026-06-24,P041,121,86,35,0.7107,5,30
2026-06-25,P041,121,87,34,0.719,2,30
2026-06-26,P041,121,90,31,0.7438,5,18
2026-06-27,P041,121,87,34,0.719,5,57
2026-06-28,P041,121,92,29,0.7603,4,4
2026-06-29,P041,121,94,27,0.7769,3,25
2026-06-30,P041,121,94,27,0.7769,0,52
2026-07-01,P041,121,93,28,0.7686,1,59
2026-07-02,P041,121,98,23,0.8099,0,34
2026-07-03,P041,121,96,25,0.7934,6,31
2026-07-04,P041,121,96,25,0.7934,1,47
2026-07-05,P041,121,98,23,0.8099,1,4
2026-07-06,P041,121,98,23,0.8099,2,61
2026-07-07,P041,121,95,26,0.7851,7,4
2026-07-08,P041,121,94,27,0.7769,5,19
2026-07-09,P041,121,95,26,0.7851,3,2
2026-07-10,P041,121,94,27,0.7769,0,26
2026-07-11,P041,121,95,26,0.7851,5,30
2026-07-12,P041,121,94,27,0.7769,3,35
2026-07-13,P041,121,96,25,0.7934,1,6
2026-07-14,P041,121,94,27,0.7769,3,48
2026-07-15,P041,121,90,31,0.7438,3,57
2026-07-16,P041,121,92,29,0.7603,1,44
2026-07-17,P041,121,89,32,0.7355,2,38
2026-07-18,P041,121,90,31,0.7438,5,7
2026-07-19,P041,121,89,32,0.7355,2,33
2026-07-20,P041,121,88,33,0.7273,3,25
2026-07-21,P041,121,96,25,0.7934,4,6
2026-07-22,P041,121,89,32,0.7355,3,21
2026-07-23,P041,121,90,31,0.7438,7,56
2026-07-24,P041,121,89,32,0.7355,3,52
2026-07-25,P041,121,90,31,0.7438,3,63
2026-07-26,P041,121,93,28,0.7686,0,38
2026-07-27,P041,121,89,32,0.7355,3,56
2026-07-28,P041,121,93,28,0.7686,6,0
2026-07-29,P041,121,90,31,0.7438,3,33
2026-07-30,P041,121,98,23,0.8099,3,27
2026-07-31,P041,121,97,24,0.8017,4,37
2026-08-01,P041,121,96,25,0.7934,1,39
2026-08-02,P041,121,94,27,0.7769,4,45
2026-08-03,P041,121,97,24,0.8017,1,11
2026-08-04,P041,121,97,24,0.8017,6,4
2026-08-05,P041,121,94,27,0.7769,4,32
2026-08-06,P041,121,97,24,0.8017,2,19
2026-08-07,P041,121,98,23,0.8099,0,12
2026-08-08,P041,121,100,21,0.8264,1,3
2026-08-09,P041,121,98,23,0.8099,2,25
2026-08-10,P041,121,97,24,0.8017,2,58
2026-08-11,P041,121,96,25,0.7934,7,60
2026-08-12,P041,121,94,27,0.7769,8,16
2026-08-13,P041,121,98,23,0.8099,5,11
2026-08-14,P041,121,95,26,0.7851,5,22
2026-08-15,P041,121,90,31,0.7438,3,11
2026-08-16,P041,121,93,28,0.7686,4,44
2026-08-17,P041,121,95,26,0.7851,4,31
2026-08-18,P041,121,91,30,0.7521,5,13
2026-08-19,P041,121,87,34,0.719,4,26
2026-08-20,P041,121,88,33,0.7273,6,40
2026-08-21,P041,121,94,27,0.7769,7,62
2026-08-22,P041,121,93,28,0.7686,2,33
2026-08-23,P041,121,92,29,0.7603,5,28
2026-08-24,P041,121,91,30,0.7521,2,42
2026-08-25,P041,121,94,27,0.7769,1,46
2026-08-26,P041,121,95,26,0.7851,0,34
2026-08-27,P041,121,93,28,0.7686,2,14
2026-04-30,P042,196,81,115,0.4133,11,50
2026-05-01,P042,196,90,106,0.4592,11,0
2026-05-02,P042,196,89,107,0.4541,12,17
2026-05-03,P042,196,82,114,0.4184,16,0
2026-05-04,P042,196,94,102,0.4796,11,61
2026-05-05,P042,196,93,103,0.4745,10,2
2026-05-06,P042,196,92,104,0.4694,11,49
2026-05-07,P042,196,98,98,0.5,10,23
2026-05-08,P042,196,94,102,0.4796,10,56
2026-05-09,P042,196,88,108,0.449,17,57
2026-05-10,P042,196,98,98,0.5,11,7
2026-05-11,P042,196,101,95,0.5153,12,58
2026-05-12,P042,196,85,111,0.4337,13,38
2026-05-13,P042,196,85,111,0.4337,10,7
2026-05-14,P042,196,92,104,0.4694,14,56
2026-05-15,P042,196,83,113,0.4235,14,15
2026-05-16,P042,196,85,111,0.4337,14,49
2026-05-17,P042,196,86,110,0.4388,12,2
2026-05-18,P042,196,86,110,0.4388,10,59
2026-05-19,P042,196,93,103,0.4745,9,20
2026-05-20,P042,196,87,109,0.4439,11,55
2026-05-21,P042,196,80,116,0.4082,15,16
2026-05-22,P042,196,82,114,0.4184,10,29
2026-05-23,P042,196,80,116,0.4082,13,30
2026-05-24,P042,196,86,110,0.4388,15,51
2026-05-25,P042,196,85,111,0.4337,15,21
2026-05-26,P042,196,81,115,0.4133,15,0
2026-05-27,P042,196,91,105,0.4643,8,18
2026-05-28,P042,196,87,109,0.4439,10,38
2026-05-29,P042,196,93,103,0.4745,10,22
2026-05-30,P042,196,90,106,0.4592,11,36
2026-05-31,P042,196,88,108,0.449,14,4
2026-06-01,P042,196,89,107,0.4541,13,18
2026-06-02,P042,196,96,100,0.4898,10,57
2026-06-03,P042,196,95,101,0.4847,9,24
2026-06-04,P042,196,96,100,0.4898,10,52
2026-06-05,P042,196,100,96,0.5102,9,30
2026-06-06,P042,196,99,97,0.5051,14,47
2026-06-07,P042,196,100,96,0.5102,11,3
2026-06-08,P042,196,98,98,0.5,11,29
2026-06-09,P042,196,98,98,0.5,10,37
2026-06-10,P042,196,104,92,0.5306,12,60
2026-06-11,P042,196,92,104,0.4694,11,21
2026-06-12,P042,196,103,93,0.5255,12,53
2026-06-13,P042,196,91,105,0.4643,12,26
2026-06-14,P042,196,88,108,0.449,12,2
2026-06-15,P042,196,92,104,0.4694,10,16
2026-06-16,P042,196,88,108,0.449,14,54
2026-06-17,P042,196,81,115,0.4133,16,58
2026-06-18,P042,196,90,106,0.4592,15,25
2026-06-19,P042,196,87,109,0.4439,12,20
2026-06-20,P042,196,84,112,0.4286,10,33
2026-06-21,P042,196,89,107,0.4541,11,30
2026-06-22,P042,196,84,112,0.4286,13,10
2026-06-23,P042,196,88,108,0.449,12,14
2026-06-24,P042,196,92,104,0.4694,14,31
2026-06-25,P042,196,94,102,0.4796,12,16
2026-06-26,P042,196,95,101,0.4847,12,38
2026-06-27,P042,196,90,106,0.4592,16,53
2026-06-28,P042,196,93,103,0.4745,13,37
2026-06-29,P042,196,96,100,0.4898,11,27
2026-06-30,P042,196,99,97,0.5051,8,12
2026-07-01,P042,196,98,98,0.5,12,45
2026-07-02,P042,196,104,92,0.5306,8,64
2026-07-03,P042,196,106,90,0.5408,11,40
2026-07-04,P042,196,105,91,0.5357,11,54
2026-07-05,P042,196,100,96,0.5102,13,24
2026-07-06,P042,196,99,97,0.5051,13,57
2026-07-07,P042,196,102,94,0.5204,12,14
2026-07-08,P042,196,101,95,0.5153,12,38
2026-07-09,P042,196,101,95,0.5153,11,7
2026-07-10,P042,196,100,96,0.5102,10,51
2026-07-11,P042,196,102,94,0.5204,13,17
2026-07-12,P042,196,97,99,0.4949,9,5
2026-07-13,P042,196,102,94,0.5204,11,25
2026-07-14,P042,196,101,95,0.5153,11,48
2026-07-15,P042,196,96,100,0.4898,9,58
2026-07-16,P042,196,97,99,0.4949,12,40
2026-07-17,P042,196,92,104,0.4694,11,25
2026-07-18,P042,196,97,99,0.4949,10,55
2026-07-19,P042,196,90,106,0.4592,13,43
2026-07-20,P042,196,91,105,0.4643,13,64
2026-07-21,P042,196,92,104,0.4694,17,6
2026-07-22,P042,196,94,102,0.4796,7,26
2026-07-23,P042,196,89,107,0.4541,13,12
2026-07-24,P042,196,99,97,0.5051,9,62
2026-07-25,P042,196,94,102,0.4796,13,31
2026-07-26,P042,196,97,99,0.4949,10,18
2026-07-27,P042,196,92,104,0.4694,11,6
2026-07-28,P042,196,97,99,0.4949,10,40
2026-07-29,P042,196,100,96,0.5102,12,21
2026-07-30,P042,196,101,95,0.5153,15,60
2026-07-31,P042,196,105,91,0.5357,11,0
2026-08-01,P042,196,107,89,0.5459,8,35
2026-08-02,P042,196,106,90,0.5408,12,33
2026-08-03,P042,196,109,87,0.5561,11,38
2026-08-04,P042,196,101,95,0.5153,7,63
2026-08-05,P042,196,108,88,0.551,8,63
2026-08-06,P042,196,111,85,0.5663,7,33
2026-08-07,P042,196,101,95,0.5153,10,11
2026-08-08,P042,196,106,90,0.5408,10,12
2026-08-09,P042,196,105,91,0.5357,10,18
2026-08-10,P042,196,105,91,0.5357,10,14
2026-08-11,P042,196,108,88,0.551,8,16
2026-08-12,P042,196,103,93,0.5255,10,18
2026-08-13,P042,196,97,99,0.4949,11,45
2026-08-14,P042,196,99,97,0.5051,15,27
2026-08-15,P042,196,98,98,0.5,11,8
2026-08-16,P042,196,98,98,0.5,16,43
2026-08-17,P042,196,94,102,0.4796,13,54
2026-08-18,P042,196,93,103,0.4745,11,50
2026-08-19,P042,196,94,102,0.4796,12,53
2026-08-20,P042,196,97,99,0.4949,9,22
2026-08-21,P042,196,100,96,0.5102,12,7
2026-08-22,P042,196,99,97,0.5051,15,45
2026-08-23,P042,196,98,98,0.5,17,63
2026-08-24,P042,196,89,107,0.4541,14,29
2026-08-25,P042,196,97,99,0.4949,12,1
2026-08-26,P042,196,101,95,0.5153,10,44
2026-08-27,P042,196,109,87,0.5561,11,2
2026-04-30,P043,248,140,108,0.5645,11,9
2026-05-01,P043,248,130,118,0.5242,14,36
2026-05-02,P043,248,134,114,0.5403,13,51
2026-05-03,P043,248,134,114,0.5403,13,5
2026-05-04,P043,248,139,109,0.5605,16,40
2026-05-05,P043,248,142,106,0.5726,11,63
2026-05-06,P043,248,142,106,0.5726,12,0
2026-05-07,P043,248,143,105,0.5766,13,17
2026-05-08,P043,248,148,100,0.5968,11,26
2026-05-09,P043,248,143,105,0.5766,12,43
2026-05-10,P043,248,134,114,0.5403,12,42
2026-05-11,P043,248,140,108,0.5645,13,5
2026-05-12,P043,248,140,108,0.5645,8,38
2026-05-13,P043,248,138,110,0.5565,12,37
2026-05-14,P043,248,141,107,0.5685,13,49
2026-05-15,P043,248,131,117,0.5282,11,26
2026-05-16,P043,248,131,117,0.5282,15,5
2026-05-17,P043,248,133,115,0.5363,12,9
2026-05-18,P043,248,130,118,0.5242,14,53
2026-05-19,P043,248,129,119,0.5202,16,15
2026-05-20,P043,248,123,125,0.496,17,51
2026-05-21,P043,248,124,124,0.5,14,37
2026-05-22,P043,248,126,122,0.5081,11,56
2026-05-23,P043,248,133,115,0.5363,15,47
2026-05-24,P043,248,119,129,0.4798,18,48
2026-05-25,P043,248,128,120,0.5161,14,30
2026-05-26,P043,248,131,117,0.5282,15,25
2026-05-27,P043,248,127,121,0.5121,13,5
2026-05-28,P043,248,134,114,0.5403,17,36
2026-05-29,P043,248,135,113,0.5444,13,22
2026-05-30,P043,248,133,115,0.5363,12,44
2026-05-31,P043,248,141,107,0.5685,11,21
2026-06-01,P043,248,139,109,0.5605,11,14
2026-06-02,P043,248,138,110,0.5565,13,17
2026-06-03,P043,248,142,106,0.5726,14,57
2026-06-04,P043,248,148,100,0.5968,10,25
2026-06-05,P043,248,148,100,0.5968,11,36
2026-06-06,P043,248,147,101,0.5927,10,48
2026-06-07,P043,248,153,95,0.6169,11,9
2026-06-08,P043,248,140,108,0.5645,16,13
2026-06-09,P043,248,151,97,0.6089,13,15
2026-06-10,P043,248,145,103,0.5847,10,2
2026-06-11,P043,248,144,104,0.5806,13,5
2026-06-12,P043,248,142,106,0.5726,13,37
2026-06-13,P043,248,141,107,0.5685,13,40
2026-06-14,P043,248,140,108,0.5645,12,16
2026-06-15,P043,248,139,109,0.5605,11,24
2026-06-16,P043,248,139,109,0.5605,14,8
2026-06-17,P043,248,139,109,0.5605,14,20
2026-06-18,P043,248,138,110,0.5565,11,5
2026-06-19,P043,248,134,114,0.5403,11,56
2026-06-20,P043,248,130,118,0.5242,16,48
2026-06-21,P043,248,128,120,0.5161,12,13
2026-06-22,P043,248,128,120,0.5161,15,49
2026-06-23,P043,248,136,112,0.5484,16,19
2026-06-24,P043,248,135,113,0.5444,13,4
2026-06-25,P043,248,132,116,0.5323,15,36
2026-06-26,P043,248,136,112,0.5484,14,29
2026-06-27,P043,248,138,110,0.5565,16,8
2026-06-28,P043,248,147,101,0.5927,14,4
2026-06-29,P043,248,151,97,0.6089,9,58
2026-06-30,P043,248,143,105,0.5766,12,50
2026-07-01,P043,248,151,97,0.6089,11,19
2026-07-02,P043,248,153,95,0.6169,11,24
2026-07-03,P043,248,152,96,0.6129,10,0
2026-07-04,P043,248,156,92,0.629,9,2
2026-07-05,P043,248,153,95,0.6169,11,33
2026-07-06,P043,248,154,94,0.621,12,64
2026-07-07,P043,248,156,92,0.629,12,41
2026-07-08,P043,248,153,95,0.6169,9,31
2026-07-09,P043,248,153,95,0.6169,11,46
2026-07-10,P043,248,155,93,0.625,15,4
2026-07-11,P043,248,155,93,0.625,12,45
2026-07-12,P043,248,142,106,0.5726,12,19
2026-07-13,P043,248,166,82,0.6694,11,21
2026-07-14,P043,248,143,105,0.5766,15,13
2026-07-15,P043,248,148,100,0.5968,10,21
2026-07-16,P043,248,150,98,0.6048,10,30
2026-07-17,P043,248,146,102,0.5887,14,1
2026-07-18,P043,248,143,105,0.5766,10,7
2026-07-19,P043,248,136,112,0.5484,13,54
2026-07-20,P043,248,136,112,0.5484,15,19
2026-07-21,P043,248,135,113,0.5444,12,10
2026-07-22,P043,248,142,106,0.5726,11,38
2026-07-23,P043,248,144,104,0.5806,10,49
2026-07-24,P043,248,134,114,0.5403,12,28
2026-07-25,P043,248,142,106,0.5726,13,36
2026-07-26,P043,248,143,105,0.5766,14,24
2026-07-27,P043,248,145,103,0.5847,10,56
2026-07-28,P043,248,146,102,0.5887,10,15
2026-07-29,P043,248,139,109,0.5605,11,14
2026-07-30,P043,248,149,99,0.6008,13,36
2026-07-31,P043,248,141,107,0.5685,15,2
2026-08-01,P043,248,149,99,0.6008,12,1
2026-08-02,P043,248,154,94,0.621,8,26
2026-08-03,P043,248,157,91,0.6331,12,29
2026-08-04,P043,248,147,101,0.5927,11,12
2026-08-05,P043,248,155,93,0.625,8,8
2026-08-06,P043,248,151,97,0.6089,14,18
2026-08-07,P043,248,158,90,0.6371,11,39
2026-08-08,P043,248,158,90,0.6371,9,38
2026-08-09,P043,248,155,93,0.625,10,58
2026-08-10,P043,248,154,94,0.621,12,60
2026-08-11,P043,248,155,93,0.625,9,20
2026-08-12,P043,248,155,93,0.625,13,27
2026-08-13,P043,248,151,97,0.6089,11,56
2026-08-14,P043,248,153,95,0.6169,6,22
2026-08-15,P043,248,152,96,0.6129,13,49
2026-08-16,P043,248,147,101,0.5927,11,44
2026-08-17,P043,248,150,98,0.6048,13,35
2026-08-18,P043,248,138,110,0.5565,10,25
2026-08-19,P043,248,137,111,0.5524,10,11
2026-08-20,P043,248,147,101,0.5927,14,3
2026-08-21,P043,248,145,103,0.5847,13,42
2026-08-22,P043,248,140,108,0.5645,12,36
2026-08-23,P043,248,135,113,0.5444,12,63
2026-08-24,P043,248,148,100,0.5968,11,21
2026-08-25,P043,248,149,99,0.6008,12,4
2026-08-26,P043,248,150,98,0.6048,12,42
2026-08-27,P043,248,139,109,0.5605,10,14
2026-04-30,P044,212,172,40,0.8113,5,24
2026-05-01,P044,212,176,36,0.8302,8,23
2026-05-02,P044,212,173,39,0.816,3,22
2026-05-03,P044,212,180,32,0.8491,3,16
2026-05-04,P044,212,175,37,0.8255,4,36
2026-05-05,P044,212,172,40,0.8113,8,36
2026-05-06,P044,212,174,38,0.8208,3,61
2026-05-07,P044,212,180,32,0.8491,5,60
2026-05-08,P044,212,179,33,0.8443,3,27
2026-05-09,P044,212,179,33,0.8443,0,2
2026-05-10,P044,212,174,38,0.8208,1,9
2026-05-11,P044,212,185,27,0.8726,1,5
2026-05-12,P044,212,182,30,0.8585,5,6
2026-05-13,P044,212,172,40,0.8113,2,7
2026-05-14,P044,212,174,38,0.8208,6,61
2026-05-15,P044,212,173,39,0.816,4,58
2026-05-16,P044,212,172,40,0.8113,1,50
2026-05-17,P044,212,165,47,0.7783,1,0
2026-05-18,P044,212,168,44,0.7925,6,36
2026-05-19,P044,212,168,44,0.7925,5,52
2026-05-20,P044,212,165,47,0.7783,6,5
2026-05-21,P044,212,159,53,0.75,8,44
2026-05-22,P044,212,164,48,0.7736,3,46
2026-05-23,P044,212,166,46,0.783,7,40
2026-05-24,P044,212,170,42,0.8019,2,4
2026-05-25,P044,212,168,44,0.7925,5,25
2026-05-26,P044,212,173,39,0.816,3,32
2026-05-27,P044,212,167,45,0.7877,7,2
2026-05-28,P044,212,174,38,0.8208,2,62
2026-05-29,P044,212,171,41,0.8066,5,49
2026-05-30,P044,212,180,32,0.8491,5,38
2026-05-31,P044,212,174,38,0.8208,6,61
2026-06-01,P044,212,178,34,0.8396,4,2
2026-06-02,P044,212,178,34,0.8396,6,7
2026-06-03,P044,212,179,33,0.8443,3,39
2026-06-04,P044,212,185,27,0.8726,0,3
2026-06-05,P044,212,180,32,0.8491,3,18
2026-06-06,P044,212,176,36,0.8302,3,41
2026-06-07,P044,212,178,34,0.8396,3,29
2026-06-08,P044,212,184,28,0.8679,0,41
2026-06-09,P044,212,179,33,0.8443,2,5
2026-06-10,P044,212,187,25,0.8821,3,52
2026-06-11,P044,212,181,31,0.8538,4,34
2026-06-12,P044,212,181,31,0.8538,3,47
2026-06-13,P044,212,177,35,0.8349,2,31
2026-06-14,P044,212,183,29,0.8632,5,57
2026-06-15,P044,212,175,37,0.8255,6,57
2026-06-16,P044,212,173,39,0.816,7,25
2026-06-17,P044,212,177,35,0.8349,2,16
2026-06-18,P044,212,180,32,0.8491,5,9
2026-06-19,P044,212,169,43,0.7972,4,31
2026-06-20,P044,212,176,36,0.8302,4,26
2026-06-21,P044,212,170,42,0.8019,5,27
2026-06-22,P044,212,176,36,0.8302,2,2
2026-06-23,P044,212,176,36,0.8302,6,10
2026-06-24,P044,212,170,42,0.8019,2,33
2026-06-25,P044,212,167,45,0.7877,4,12
2026-06-26,P044,212,177,35,0.8349,7,42
2026-06-27,P044,212,176,36,0.8302,4,30
2026-06-28,P044,212,173,39,0.816,6,62
2026-06-29,P044,212,182,30,0.8585,2,62
2026-06-30,P044,212,177,35,0.8349,2,18
2026-07-01,P044,212,181,31,0.8538,1,18
2026-07-02,P044,212,180,32,0.8491,7,5
2026-07-03,P044,212,175,37,0.8255,3,0
2026-07-04,P044,212,188,24,0.8868,2,53
2026-07-05,P044,212,191,21,0.9009,4,48
2026-07-06,P044,212,186,26,0.8774,0,6
2026-07-07,P044,212,183,29,0.8632,4,29
2026-07-08,P044,212,185,27,0.8726,2,17
2026-07-09,P044,212,190,22,0.8962,0,28
2026-07-10,P044,212,189,23,0.8915,4,55
2026-07-11,P044,212,192,20,0.9057,2,65
2026-07-12,P044,212,172,40,0.8113,4,58
2026-07-13,P044,212,187,25,0.8821,4,26
2026-07-14,P044,212,183,29,0.8632,0,64
2026-07-15,P044,212,182,30,0.8585,2,18
2026-07-16,P044,212,176,36,0.8302,4,57
2026-07-17,P044,212,180,32,0.8491,4,31
2026-07-18,P044,212,171,41,0.8066,5,26
2026-07-19,P044,212,177,35,0.8349,3,38
2026-07-20,P044,212,174,38,0.8208,1,11
2026-07-21,P044,212,170,42,0.8019,8,11
2026-07-22,P044,212,178,34,0.8396,3,56
2026-07-23,P044,212,171,41,0.8066,5,54
2026-07-24,P044,212,176,36,0.8302,5,41
2026-07-25,P044,212,178,34,0.8396,5,32
2026-07-26,P044,212,178,34,0.8396,4,12
2026-07-27,P044,212,183,29,0.8632,2,19
2026-07-28,P044,212,183,29,0.8632,3,61
2026-07-29,P044,212,187,25,0.8821,4,62
2026-07-30,P044,212,179,33,0.8443,2,26
2026-07-31,P044,212,190,22,0.8962,2,42
2026-08-01,P044,212,185,27,0.8726,1,19
2026-08-02,P044,212,185,27,0.8726,4,7
2026-08-03,P044,212,196,16,0.9245,1,6
2026-08-04,P044,212,187,25,0.8821,2,16
2026-08-05,P044,212,194,18,0.9151,0,46
2026-08-06,P044,212,194,18,0.9151,3,41
2026-08-07,P044,212,187,25,0.8821,2,21
2026-08-08,P044,212,196,16,0.9245,5,49
2026-08-09,P044,212,190,22,0.8962,1,43
2026-08-10,P044,212,191,21,0.9009,2,42
2026-08-11,P044,212,192,20,0.9057,3,19
2026-08-12,P044,212,194,18,0.9151,1,16
2026-08-13,P044,212,185,27,0.8726,2,26
2026-08-14,P044,212,192,20,0.9057,4,20
2026-08-15,P044,212,182,30,0.8585,3,35
2026-08-16,P044,212,184,28,0.8679,5,39
2026-08-17,P044,212,181,31,0.8538,6,8
2026-08-18,P044,212,184,28,0.8679,3,4
2026-08-19,P044,212,181,31,0.8538,4,23
2026-08-20,P044,212,172,40,0.8113,2,34
2026-08-21,P044,212,184,28,0.8679,1,50
2026-08-22,P044,212,181,31,0.8538,1,29
2026-08-23,P044,212,186,26,0.8774,3,5
2026-08-24,P044,212,183,29,0.8632,5,55
2026-08-25,P044,212,190,22,0.8962,7,64
2026-08-26,P044,212,188,24,0.8868,4,26
2026-08-27,P044,212,187,25,0.8821,4,12
2026-04-30,P045,281,192,89,0.6833,8,60
2026-05-01,P045,281,188,93,0.669,9,24
2026-05-02,P045,281,194,87,0.6904,8,58
2026-05-03,P045,281,191,90,0.6797,9,30
2026-05-04,P045,281,196,85,0.6975,8,13
2026-05-05,P045,281,200,81,0.7117,7,64
2026-05-06,P045,281,202,79,0.7189,7,51
2026-05-07,P045,281,194,87,0.6904,9,7
2026-05-08,P045,281,195,86,0.694,10,63
2026-05-09,P045,281,194,87,0.6904,9,56
2026-05-10,P045,281,202,79,0.7189,7,47
2026-05-11,P045,281,199,82,0.7082,6,48
2026-05-12,P045,281,195,86,0.694,8,19
2026-05-13,P045,281,195,86,0.694,10,57
2026-05-14,P045,281,200,81,0.7117,9,47
2026-05-15,P045,281,200,81,0.7117,14,20
2026-05-16,P045,281,191,90,0.6797,8,16
2026-05-17,P045,281,195,86,0.694,9,0
2026-05-18,P045,281,184,97,0.6548,8,16
2026-05-19,P045,281,187,94,0.6655,8,15
2026-05-20,P045,281,186,95,0.6619,10,5
2026-05-21,P045,281,188,93,0.669,12,60
2026-05-22,P045,281,182,99,0.6477,17,18
2026-05-23,P045,281,194,87,0.6904,6,6
2026-05-24,P045,281,185,96,0.6584,11,25
2026-05-25,P045,281,188,93,0.669,12,13
2026-05-26,P045,281,198,83,0.7046,8,35
2026-05-27,P045,281,190,91,0.6762,10,1
2026-05-28,P045,281,193,88,0.6868,12,51
2026-05-29,P045,281,194,87,0.6904,9,20
2026-05-30,P045,281,197,84,0.7011,10,14
2026-05-31,P045,281,187,94,0.6655,12,61
2026-06-01,P045,281,200,81,0.7117,8,12
2026-06-02,P045,281,202,79,0.7189,10,17
2026-06-03,P045,281,209,72,0.7438,10,14
2026-06-04,P045,281,206,75,0.7331,10,36
2026-06-05,P045,281,203,78,0.7224,8,60
2026-06-06,P045,281,204,77,0.726,9,45
2026-06-07,P045,281,195,86,0.694,7,22
2026-06-08,P045,281,203,78,0.7224,8,58
2026-06-09,P045,281,207,74,0.7367,10,49
2026-06-10,P045,281,207,74,0.7367,6,35
2026-06-11,P045,281,203,78,0.7224,5,53
2026-06-12,P045,281,210,71,0.7473,11,28
2026-06-13,P045,281,199,82,0.7082,11,59
2026-06-14,P045,281,197,84,0.7011,7,31
2026-06-15,P045,281,201,80,0.7153,3,13
2026-06-16,P045,281,194,87,0.6904,13,24
2026-06-17,P045,281,185,96,0.6584,9,44
2026-06-18,P045,281,194,87,0.6904,13,16
2026-06-19,P045,281,192,89,0.6833,13,53
2026-06-20,P045,281,194,87,0.6904,13,45
2026-06-21,P045,281,189,92,0.6726,13,35
2026-06-22,P045,281,186,95,0.6619,10,45
2026-06-23,P045,281,198,83,0.7046,10,48
2026-06-24,P045,281,188,93,0.669,13,3
2026-06-25,P045,281,197,84,0.7011,10,20
2026-06-26,P045,281,196,85,0.6975,12,30
2026-06-27,P045,281,198,83,0.7046,10,9
2026-06-28,P045,281,208,73,0.7402,9,62
2026-06-29,P045,281,205,76,0.7295,8,42
2026-06-30,P045,281,206,75,0.7331,8,1
2026-07-01,P045,281,201,80,0.7153,9,13
2026-07-02,P045,281,204,77,0.726,12,41
2026-07-03,P045,281,202,79,0.7189,9,13
2026-07-04,P045,281,217,64,0.7722,8,58
2026-07-05,P045,281,221,60,0.7865,8,30
2026-07-06,P045,281,213,68,0.758,10,45
2026-07-07,P045,281,211,70,0.7509,9,34
2026-07-08,P045,281,207,74,0.7367,13,41
2026-07-09,P045,281,203,78,0.7224,12,1
2026-07-10,P045,281,210,71,0.7473,9,49
2026-07-11,P045,281,210,71,0.7473,10,55
2026-07-12,P045,281,206,75,0.7331,12,50
2026-07-13,P045,281,210,71,0.7473,7,35
2026-07-14,P045,281,210,71,0.7473,8,54
2026-07-15,P045,281,202,79,0.7189,10,55
2026-07-16,P045,281,197,84,0.7011,15,60
2026-07-17,P045,281,191,90,0.6797,11,49
2026-07-18,P045,281,203,78,0.7224,10,26
2026-07-19,P045,281,202,79,0.7189,6,56
2026-07-20,P045,281,202,79,0.7189,8,14
2026-07-21,P045,281,195,86,0.694,11,2
2026-07-22,P045,281,201,80,0.7153,8,56
2026-07-23,P045,281,201,80,0.7153,9,34
2026-07-24,P045,281,203,78,0.7224,10,19
2026-07-25,P045,281,195,86,0.694,9,9
2026-07-26,P045,281,210,71,0.7473,9,26
2026-07-27,P045,281,195,86,0.694,9,44
2026-07-28,P045,281,208,73,0.7402,7,31
2026-07-29,P045,281,213,68,0.758,9,33
2026-07-30,P045,281,193,88,0.6868,14,31
2026-07-31,P045,281,217,64,0.7722,7,58
2026-08-01,P045,281,217,64,0.7722,2,26
2026-08-02,P045,281,221,60,0.7865,4,21
2026-08-03,P045,281,225,56,0.8007,10,63
2026-08-04,P045,281,211,70,0.7509,5,34
2026-08-05,P045,281,219,62,0.7794,6,54
2026-08-06,P045,281,222,59,0.79,8,41
2026-08-07,P045,281,218,63,0.7758,8,38
2026-08-08,P045,281,222,59,0.79,5,26
2026-08-09,P045,281,219,62,0.7794,9,57
2026-08-10,P045,281,218,63,0.7758,7,30
2026-08-11,P045,281,206,75,0.7331,9,30
2026-08-12,P045,281,209,72,0.7438,10,12
2026-08-13,P045,281,214,67,0.7616,9,31
2026-08-14,P045,281,207,74,0.7367,7,63
2026-08-15,P045,281,206,75,0.7331,6,60
2026-08-16,P045,281,202,79,0.7189,11,37
2026-08-17,P045,281,197,84,0.7011,11,43
2026-08-18,P045,281,201,80,0.7153,11,39
2026-08-19,P045,281,194,87,0.6904,8,44
2026-08-20,P045,281,200,81,0.7117,10,65
2026-08-21,P045,281,208,73,0.7402,9,62
2026-08-22,P045,281,201,80,0.7153,10,58
2026-08-23,P045,281,200,81,0.7117,9,46
2026-08-24,P045,281,200,81,0.7117,9,30
2026-08-25,P045,281,215,66,0.7651,10,9
2026-08-26,P045,281,209,72,0.7438,9,32
2026-08-27,P045,281,221,60,0.7865,8,38
2026-04-30,P046,401,337,64,0.8404,10,48
2026-05-01,P046,401,339,62,0.8454,6,35
2026-05-02,P046,401,342,59,0.8529,7,21
2026-05-03,P046,401,362,39,0.9027,3,16
2026-05-04,P046,401,357,44,0.8903,2,4
2026-05-05,P046,401,355,46,0.8853,7,16
2026-05-06,P046,401,362,39,0.9027,4,40
2026-05-07,P046,401,356,45,0.8878,3,39
2026-05-08,P046,401,364,37,0.9077,3,16
2026-05-09,P046,401,364,37,0.9077,5,65
2026-05-10,P046,401,373,28,0.9302,5,25
2026-05-11,P046,401,354,47,0.8828,6,58
2026-05-12,P046,401,353,48,0.8803,6,25
2026-05-13,P046,401,345,56,0.8603,9,54
2026-05-14,P046,401,341,60,0.8504,7,39
2026-05-15,P046,401,357,44,0.8903,2,7
2026-05-16,P046,401,338,63,0.8429,7,1
2026-05-17,P046,401,340,61,0.8479,5,64
2026-05-18,P046,401,342,59,0.8529,5,10
2026-05-19,P046,401,328,73,0.818,7,51
2026-05-20,P046,401,345,56,0.8603,9,33
2026-05-21,P046,401,358,43,0.8928,3,36
2026-05-22,P046,401,349,52,0.8703,5,62
2026-05-23,P046,401,322,79,0.803,10,47
2026-05-24,P046,401,324,77,0.808,11,45
2026-05-25,P046,401,335,66,0.8354,6,8
2026-05-26,P046,401,343,58,0.8554,7,45
2026-05-27,P046,401,348,53,0.8678,1,34
2026-05-28,P046,401,348,53,0.8678,4,34
2026-05-29,P046,401,339,62,0.8454,10,9
2026-05-30,P046,401,362,39,0.9027,4,41
2026-05-31,P046,401,365,36,0.9102,3,7
2026-06-01,P046,401,352,49,0.8778,6,36
2026-06-02,P046,401,350,51,0.8728,4,65
2026-06-03,P046,401,367,34,0.9152,5,47
2026-06-04,P046,401,359,42,0.8953,7,25
2026-06-05,P046,401,380,21,0.9476,3,57
2026-06-06,P046,401,365,36,0.9102,3,37
2026-06-07,P046,401,369,32,0.9202,4,60
2026-06-08,P046,401,371,30,0.9252,3,27
2026-06-09,P046,401,374,27,0.9327,5,60
2026-06-10,P046,401,352,49,0.8778,4,23
2026-06-11,P046,401,356,45,0.8878,4,28
2026-06-12,P046,401,360,41,0.8978,1,20
2026-06-13,P046,401,364,37,0.9077,6,42
2026-06-14,P046,401,356,45,0.8878,5,6
2026-06-15,P046,401,363,38,0.9052,3,18
2026-06-16,P046,401,349,52,0.8703,6,17
2026-06-17,P046,401,345,56,0.8603,8,51
2026-06-18,P046,401,334,67,0.8329,3,1
2026-06-19,P046,401,340,61,0.8479,5,56
2026-06-20,P046,401,345,56,0.8603,8,64
2026-06-21,P046,401,343,58,0.8554,4,33
2026-06-22,P046,401,345,56,0.8603,4,16
2026-06-23,P046,401,339,62,0.8454,6,2
2026-06-24,P046,401,350,51,0.8728,10,39
2026-06-25,P046,401,349,52,0.8703,8,3
2026-06-26,P046,401,360,41,0.8978,8,59
2026-06-27,P046,401,348,53,0.8678,4,57
2026-06-28,P046,401,358,43,0.8928,5,45
2026-06-29,P046,401,359,42,0.8953,4,60
2026-06-30,P046,401,356,45,0.8878,6,7
2026-07-01,P046,401,378,23,0.9426,0,58
2026-07-02,P046,401,366,35,0.9127,3,58
2026-07-03,P046,401,374,27,0.9327,3,48
2026-07-04,P046,401,372,29,0.9277,2,16
2026-07-05,P046,401,365,36,0.9102,5,50
2026-07-06,P046,401,382,19,0.9526,3,27
2026-07-07,P046,401,377,24,0.9401,2,61
2026-07-08,P046,401,382,19,0.9526,1,54
2026-07-09,P046,401,379,22,0.9451,3,55
2026-07-10,P046,401,373,28,0.9302,0,31
2026-07-11,P046,401,365,36,0.9102,3,9
2026-07-12,P046,401,371,30,0.9252,4,59
2026-07-13,P046,401,372,29,0.9277,3,9
2026-07-14,P046,401,356,45,0.8878,4,4
2026-07-15,P046,401,363,38,0.9052,1,10
2026-07-16,P046,401,362,39,0.9027,4,55
2026-07-17,P046,401,356,45,0.8878,6,60
2026-07-18,P046,401,341,60,0.8504,6,63
2026-07-19,P046,401,353,48,0.8803,6,50
2026-07-20,P046,401,338,63,0.8429,8,45
2026-07-21,P046,401,342,59,0.8529,6,23
2026-07-22,P046,401,342,59,0.8529,7,27
2026-07-23,P046,401,366,35,0.9127,1,31
2026-07-24,P046,401,355,46,0.8853,7,23
2026-07-25,P046,401,363,38,0.9052,1,65
2026-07-26,P046,401,354,47,0.8828,7,45
2026-07-27,P046,401,360,41,0.8978,1,12
2026-07-28,P046,401,353,48,0.8803,3,11
2026-07-29,P046,401,367,34,0.9152,3,22
2026-07-30,P046,401,375,26,0.9352,4,12
2026-07-31,P046,401,379,22,0.9451,4,60
2026-08-01,P046,401,376,25,0.9377,2,5
2026-08-02,P046,401,377,24,0.9401,0,50
2026-08-03,P046,401,384,17,0.9576,0,22
2026-08-04,P046,401,381,20,0.9501,3,45
2026-08-05,P046,401,391,10,0.9751,0,65
2026-08-06,P046,401,380,21,0.9476,0,50
2026-08-07,P046,401,389,12,0.9701,1,17
2026-08-08,P046,401,383,18,0.9551,0,11
2026-08-09,P046,401,388,13,0.9676,0,50
2026-08-10,P046,401,385,16,0.9601,2,52
2026-08-11,P046,401,368,33,0.9177,3,58
2026-08-12,P046,401,367,34,0.9152,6,2
2026-08-13,P046,401,367,34,0.9152,3,63
2026-08-14,P046,401,362,39,0.9027,8,6
2026-08-15,P046,401,357,44,0.8903,5,45
2026-08-16,P046,401,362,39,0.9027,3,23
2026-08-17,P046,401,357,44,0.8903,5,47
2026-08-18,P046,401,354,47,0.8828,4,19
2026-08-19,P046,401,359,42,0.8953,7,41
2026-08-20,P046,401,354,47,0.8828,6,16
2026-08-21,P046,401,360,41,0.8978,5,6
2026-08-22,P046,401,356,45,0.8878,4,28
2026-08-23,P046,401,379,22,0.9451,2,3
2026-08-24,P046,401,364,37,0.9077,2,56
2026-08-25,P046,401,374,27,0.9327,3,11
2026-08-26,P046,401,368,33,0.9177,4,14
2026-08-27,P046,401,373,28,0.9302,1,6
2026-04-30,P047,269,227,42,0.8439,3,41
2026-05-01,P047,269,242,27,0.8996,5,48
2026-05-02,P047,269,245,24,0.9108,1,47
2026-05-03,P047,269,243,26,0.9033,3,10
2026-05-04,P047,269,243,26,0.9033,3,33
2026-05-05,P047,269,230,39,0.855,3,40
2026-05-06,P047,269,247,22,0.9182,2,13
2026-05-07,P047,269,242,27,0.8996,3,7
2026-05-08,P047,269,243,26,0.9033,5,14
2026-05-09,P047,269,254,15,0.9442,0,38
2026-05-10,P047,269,238,31,0.8848,4,23
2026-05-11,P047,269,241,28,0.8959,5,39
2026-05-12,P047,269,236,33,0.8773,0,60
2026-05-13,P047,269,232,37,0.8625,3,5
2026-05-14,P047,269,234,35,0.8699,2,25
2026-05-15,P047,269,235,34,0.8736,0,1
2026-05-16,P047,269,226,43,0.8401,5,16
2026-05-17,P047,269,228,41,0.8476,8,56
2026-05-18,P047,269,230,39,0.855,0,47
2026-05-19,P047,269,221,48,0.8216,6,60
2026-05-20,P047,269,222,47,0.8253,7,22
2026-05-21,P047,269,224,45,0.8327,9,49
2026-05-22,P047,269,229,40,0.8513,4,63
2026-05-23,P047,269,226,43,0.8401,4,3
2026-05-24,P047,269,226,43,0.8401,7,18
2026-05-25,P047,269,220,49,0.8178,8,44
2026-05-26,P047,269,226,43,0.8401,0,2
2026-05-27,P047,269,230,39,0.855,4,33
2026-05-28,P047,269,224,45,0.8327,5,50
2026-05-29,P047,269,235,34,0.8736,1,31
2026-05-30,P047,269,246,23,0.9145,1,35
2026-05-31,P047,269,241,28,0.8959,3,64
2026-06-01,P047,269,242,27,0.8996,4,5
2026-06-02,P047,269,249,20,0.9257,4,7
2026-06-03,P047,269,242,27,0.8996,7,8
2026-06-04,P047,269,251,18,0.9331,1,46
2026-06-05,P047,269,253,16,0.9405,0,18
2026-06-06,P047,269,250,19,0.9294,0,40
2026-06-07,P047,269,248,21,0.9219,3,47
2026-06-08,P047,269,247,22,0.9182,2,4
2026-06-09,P047,269,237,32,0.881,3,49
2026-06-10,P047,269,249,20,0.9257,0,6
2026-06-11,P047,269,239,30,0.8885,5,15
2026-06-12,P047,269,244,25,0.9071,3,62
2026-06-13,P047,269,243,26,0.9033,0,22
2026-06-14,P047,269,244,25,0.9071,4,63
2026-06-15,P047,269,248,21,0.9219,1,32
2026-06-16,P047,269,234,35,0.8699,7,63
2026-06-17,P047,269,239,30,0.8885,6,22
2026-06-18,P047,269,235,34,0.8736,2,1
2026-06-19,P047,269,244,25,0.9071,5,3
2026-06-20,P047,269,224,45,0.8327,3,5
2026-06-21,P047,269,222,47,0.8253,4,61
2026-06-22,P047,269,239,30,0.8885,2,38
2026-06-23,P047,269,234,35,0.8699,2,9
2026-06-24,P047,269,227,42,0.8439,3,34
2026-06-25,P047,269,244,25,0.9071,0,59
2026-06-26,P047,269,236,33,0.8773,5,56
2026-06-27,P047,269,233,36,0.8662,3,8
2026-06-28,P047,269,238,31,0.8848,4,37
2026-06-29,P047,269,240,29,0.8922,2,61
2026-06-30,P047,269,244,25,0.9071,0,17
2026-07-01,P047,269,244,25,0.9071,0,0
2026-07-02,P047,269,248,21,0.9219,2,65
2026-07-03,P047,269,237,32,0.881,3,33
2026-07-04,P047,269,251,18,0.9331,1,10
2026-07-05,P047,269,251,18,0.9331,1,0
2026-07-06,P047,269,257,12,0.9554,0,35
2026-07-07,P047,269,251,18,0.9331,7,13
2026-07-08,P047,269,259,10,0.9628,3,54
2026-07-09,P047,269,253,16,0.9405,1,34
2026-07-10,P047,269,251,18,0.9331,2,16
2026-07-11,P047,269,244,25,0.9071,2,38
2026-07-12,P047,269,243,26,0.9033,6,16
2026-07-13,P047,269,246,23,0.9145,4,30
2026-07-14,P047,269,247,22,0.9182,1,11
2026-07-15,P047,269,250,19,0.9294,1,48
2026-07-16,P047,269,245,24,0.9108,4,47
2026-07-17,P047,269,243,26,0.9033,5,49
2026-07-18,P047,269,238,31,0.8848,3,16
2026-07-19,P047,269,237,32,0.881,3,48
2026-07-20,P047,269,244,25,0.9071,0,31
2026-07-21,P047,269,243,26,0.9033,3,50
2026-07-22,P047,269,235,34,0.8736,7,30
2026-07-23,P047,269,241,28,0.8959,3,64
2026-07-24,P047,269,236,33,0.8773,4,4
2026-07-25,P047,269,248,21,0.9219,0,59
2026-07-26,P047,269,249,20,0.9257,2,35
2026-07-27,P047,269,242,27,0.8996,0,55
2026-07-28,P047,269,243,26,0.9033,2,33
2026-07-29,P047,269,238,31,0.8848,3,7
2026-07-30,P047,269,249,20,0.9257,1,18
2026-07-31,P047,269,256,13,0.9517,0,4
2026-08-01,P047,269,249,20,0.9257,3,19
2026-08-02,P047,269,254,15,0.9442,1,45
2026-08-03,P047,269,259,10,0.9628,1,19
2026-08-04,P047,269,260,9,0.9665,0,52
2026-08-05,P047,269,263,6,0.9777,0,15
2026-08-06,P047,269,251,18,0.9331,2,65
2026-08-07,P047,269,264,5,0.9814,0,51
2026-08-08,P047,269,264,5,0.9814,0,54
2026-08-09,P047,269,249,20,0.9257,0,57
2026-08-10,P047,269,262,7,0.974,1,32
2026-08-11,P047,269,254,15,0.9442,0,39
2026-08-12,P047,269,250,19,0.9294,3,60
2026-08-13,P047,269,246,23,0.9145,3,62
2026-08-14,P047,269,241,28,0.8959,0,11
2026-08-15,P047,269,249,20,0.9257,2,13
2026-08-16,P047,269,250,19,0.9294,5,16
2026-08-17,P047,269,245,24,0.9108,0,19
2026-08-18,P047,269,242,27,0.8996,0,1
2026-08-19,P047,269,243,26,0.9033,5,38
2026-08-20,P047,269,241,28,0.8959,6,5
2026-08-21,P047,269,239,30,0.8885,1,28
2026-08-22,P047,269,242,27,0.8996,2,37
2026-08-23,P047,269,240,29,0.8922,1,22
2026-08-24,P047,269,247,22,0.9182,0,17
2026-08-25,P047,269,248,21,0.9219,4,60
2026-08-26,P047,269,247,22,0.9182,5,6
2026-08-27,P047,269,257,12,0.9554,4,6
2026-04-30,P048,121,77,44,0.6364,6,40
2026-05-01,P048,121,81,40,0.6694,2,58
2026-05-02,P048,121,81,40,0.6694,7,13
2026-05-03,P048,121,84,37,0.6942,4,41
2026-05-04,P048,121,84,37,0.6942,5,3
2026-05-05,P048,121,87,34,0.719,4,60
2026-05-06,P048,121,86,35,0.7107,5,16
2026-05-07,P048,121,86,35,0.7107,10,64
2026-05-08,P048,121,84,37,0.6942,4,49
2026-05-09,P048,121,82,39,0.6777,6,29
2026-05-10,P048,121,87,34,0.719,5,61
2026-05-11,P048,121,87,34,0.719,5,7
2026-05-12,P048,121,87,34,0.719,2,37
2026-05-13,P048,121,86,35,0.7107,3,41
2026-05-14,P048,121,84,37,0.6942,4,53
2026-05-15,P048,121,81,40,0.6694,2,3
2026-05-16,P048,121,82,39,0.6777,4,31
2026-05-17,P048,121,83,38,0.686,4,3
2026-05-18,P048,121,83,38,0.686,3,39
2026-05-19,P048,121,81,40,0.6694,5,8
2026-05-20,P048,121,79,42,0.6529,7,47
2026-05-21,P048,121,76,45,0.6281,3,46
2026-05-22,P048,121,80,41,0.6612,6,50
2026-05-23,P048,121,77,44,0.6364,4,0
2026-05-24,P048,121,78,43,0.6446,5,17
2026-05-25,P048,121,80,41,0.6612,6,16
2026-05-26,P048,121,80,41,0.6612,8,41
2026-05-27,P048,121,85,36,0.7025,6,47
2026-05-28,P048,121,84,37,0.6942,3,56
2026-05-29,P048,121,84,37,0.6942,4,48
2026-05-30,P048,121,84,37,0.6942,4,61
2026-05-31,P048,121,84,37,0.6942,6,5
2026-06-01,P048,121,91,30,0.7521,6,24
2026-06-02,P048,121,89,32,0.7355,4,51
2026-06-03,P048,121,90,31,0.7438,1,43
2026-06-04,P048,121,89,32,0.7355,5,2
2026-06-05,P048,121,90,31,0.7438,3,28
2026-06-06,P048,121,90,31,0.7438,3,57
2026-06-07,P048,121,87,34,0.719,5,5
2026-06-08,P048,121,92,29,0.7603,3,25
2026-06-09,P048,121,93,28,0.7686,5,40
2026-06-10,P048,121,89,32,0.7355,1,62
2026-06-11,P048,121,90,31,0.7438,0,57
2026-06-12,P048,121,80,41,0.6612,6,24
2026-06-13,P048,121,89,32,0.7355,0,36
2026-06-14,P048,121,85,36,0.7025,1,3
2026-06-15,P048,121,85,36,0.7025,2,45
2026-06-16,P048,121,87,34,0.719,6,20
2026-06-17,P048,121,82,39,0.6777,4,46
2026-06-18,P048,121,79,42,0.6529,4,39
2026-06-19,P048,121,81,40,0.6694,6,48
2026-06-20,P048,121,82,39,0.6777,4,44
2026-06-21,P048,121,80,41,0.6612,5,59
2026-06-22,P048,121,77,44,0.6364,4,43
2026-06-23,P048,121,85,36,0.7025,6,65
2026-06-24,P048,121,84,37,0.6942,4,44
2026-06-25,P048,121,79,42,0.6529,2,0
2026-06-26,P048,121,84,37,0.6942,3,0
2026-06-27,P048,121,83,38,0.686,3,41
2026-06-28,P048,121,88,33,0.7273,4,23
2026-06-29,P048,121,88,33,0.7273,2,59
2026-06-30,P048,121,89,32,0.7355,4,3
2026-07-01,P048,121,87,34,0.719,6,46
2026-07-02,P048,121,94,27,0.7769,0,0
2026-07-03,P048,121,87,34,0.719,0,55
2026-07-04,P048,121,94,27,0.7769,2,40
2026-07-05,P048,121,92,29,0.7603,5,25
2026-07-06,P048,121,95,26,0.7851,5,32
2026-07-07,P048,121,95,26,0.7851,4,8
2026-07-08,P048,121,90,31,0.7438,4,2
2026-07-09,P048,121,93,28,0.7686,3,29
2026-07-10,P048,121,90,31,0.7438,5,45
2026-07-11,P048,121,91,30,0.7521,5,17
2026-07-12,P048,121,92,29,0.7603,2,32
2026-07-13,P048,121,87,34,0.719,1,41
2026-07-14,P048,121,88,33,0.7273,1,38
2026-07-15,P048,121,88,33,0.7273,7,54
2026-07-16,P048,121,83,38,0.686,3,9
2026-07-17,P048,121,86,35,0.7107,4,54
2026-07-18,P048,121,84,37,0.6942,2,4
2026-07-19,P048,121,86,35,0.7107,3,16
2026-07-20,P048,121,81,40,0.6694,6,65
2026-07-21,P048,121,82,39,0.6777,7,20
2026-07-22,P048,121,86,35,0.7107,5,55
2026-07-23,P048,121,85,36,0.7025,3,36
2026-07-24,P048,121,84,37,0.6942,2,17
2026-07-25,P048,121,86,35,0.7107,5,49
2026-07-26,P048,121,89,32,0.7355,4,65
2026-07-27,P048,121,88,33,0.7273,0,49
2026-07-28,P048,121,87,34,0.719,3,64
2026-07-29,P048,121,89,32,0.7355,1,51
2026-07-30,P048,121,90,31,0.7438,3,4
2026-07-31,P048,121,93,28,0.7686,0,22
2026-08-01,P048,121,91,30,0.7521,5,49
2026-08-02,P048,121,90,31,0.7438,4,38
2026-08-03,P048,121,95,26,0.7851,4,5
2026-08-04,P048,121,94,27,0.7769,4,45
2026-08-05,P048,121,96,25,0.7934,3,28
2026-08-06,P048,121,95,26,0.7851,0,38
2026-08-07,P048,121,93,28,0.7686,4,54
2026-08-08,P048,121,93,28,0.7686,2,57
2026-08-09,P048,121,93,28,0.7686,3,1
2026-08-10,P048,121,91,30,0.7521,9,51
2026-08-11,P048,121,94,27,0.7769,2,35
2026-08-12,P048,121,89,32,0.7355,3,34
2026-08-13,P048,121,89,32,0.7355,7,13
2026-08-14,P048,121,89,32,0.7355,4,21
2026-08-15,P048,121,89,32,0.7355,5,63
2026-08-16,P048,121,91,30,0.7521,4,34
2026-08-17,P048,121,91,30,0.7521,5,44
2026-08-18,P048,121,87,34,0.719,4,11
2026-08-19,P048,121,85,36,0.7025,2,51
2026-08-20,P048,121,87,34,0.719,2,57
2026-08-21,P048,121,88,33,0.7273,1,43
2026-08-22,P048,121,90,31,0.7438,1,55
2026-08-23,P048,121,85,36,0.7025,1,54
2026-08-24,P048,121,89,32,0.7355,1,56
2026-08-25,P048,121,90,31,0.7438,3,59
2026-08-26,P048,121,88,33,0.7273,3,16
2026-08-27,P048,121,91,30,0.7521,2,63
2026-04-30,P049,330,227,103,0.6879,13,25
2026-05-01,P049,330,225,105,0.6818,12,63
2026-05-02,P049,330,227,103,0.6879,12,34
2026-05-03,P049,330,225,105,0.6818,13,32
2026-05-04,P049,330,229,101,0.6939,11,56
2026-05-05,P049,330,236,94,0.7152,11,56
2026-05-06,P049,330,235,95,0.7121,11,26
2026-05-07,P049,330,239,91,0.7242,13,20
2026-05-08,P049,330,237,93,0.7182,14,65
2026-05-09,P049,330,241,89,0.7303,10,16
2026-05-10,P049,330,239,91,0.7242,10,65
2026-05-11,P049,330,241,89,0.7303,10,47
2026-05-12,P049,330,236,94,0.7152,11,18
2026-05-13,P049,330,244,86,0.7394,8,4
2026-05-14,P049,330,239,91,0.7242,9,49
2026-05-15,P049,330,228,102,0.6909,16,64
2026-05-16,P049,330,235,95,0.7121,12,45
2026-05-17,P049,330,228,102,0.6909,14,31
2026-05-18,P049,330,224,106,0.6788,14,31
2026-05-19,P049,330,230,100,0.697,10,46
2026-05-20,P049,330,223,107,0.6758,14,48
2026-05-21,P049,330,211,119,0.6394,16,7
2026-05-22,P049,330,233,97,0.7061,13,9
2026-05-23,P049,330,212,118,0.6424,16,48
2026-05-24,P049,330,226,104,0.6848,12,29
2026-05-25,P049,330,221,109,0.6697,12,37
2026-05-26,P049,330,224,106,0.6788,8,37
2026-05-27,P049,330,232,98,0.703,10,14
2026-05-28,P049,330,230,100,0.697,12,5
2026-05-29,P049,330,230,100,0.697,13,17
2026-05-30,P049,330,237,93,0.7182,12,2
2026-05-31,P049,330,236,94,0.7152,10,62
2026-06-01,P049,330,236,94,0.7152,10,46
2026-06-02,P049,330,247,83,0.7485,9,25
2026-06-03,P049,330,251,79,0.7606,10,12
2026-06-04,P049,330,247,83,0.7485,10,19
2026-06-05,P049,330,245,85,0.7424,13,52
2026-06-06,P049,330,257,73,0.7788,10,31
2026-06-07,P049,330,245,85,0.7424,10,3
2026-06-08,P049,330,250,80,0.7576,7,4
2026-06-09,P049,330,249,81,0.7545,11,43
2026-06-10,P049,330,246,84,0.7455,8,17
2026-06-11,P049,330,250,80,0.7576,13,50
2026-06-12,P049,330,234,96,0.7091,12,59
2026-06-13,P049,330,243,87,0.7364,6,17
2026-06-14,P049,330,237,93,0.7182,11,0
2026-06-15,P049,330,223,107,0.6758,8,31
2026-06-16,P049,330,234,96,0.7091,11,64
2026-06-17,P049,330,232,98,0.703,11,7
2026-06-18,P049,330,231,99,0.7,12,5
2026-06-19,P049,330,229,101,0.6939,13,35
2026-06-20,P049,330,225,105,0.6818,11,8
2026-06-21,P049,330,231,99,0.7,9,6
2026-06-22,P049,330,222,108,0.6727,11,3
2026-06-23,P049,330,223,107,0.6758,13,16
2026-06-24,P049,330,231,99,0.7,14,25
2026-06-25,P049,330,241,89,0.7303,9,25
2026-06-26,P049,330,217,113,0.6576,17,57
2026-06-27,P049,330,242,88,0.7333,8,44
2026-06-28,P049,330,235,95,0.7121,8,56
2026-06-29,P049,330,237,93,0.7182,10,53
2026-06-30,P049,330,231,99,0.7,13,61
2026-07-01,P049,330,255,75,0.7727,8,33
2026-07-02,P049,330,257,73,0.7788,3,55
2026-07-03,P049,330,254,76,0.7697,11,34
2026-07-04,P049,330,251,79,0.7606,8,60
2026-07-05,P049,330,252,78,0.7636,13,44
2026-07-06,P049,330,259,71,0.7848,12,49
2026-07-07,P049,330,244,86,0.7394,9,44
2026-07-08,P049,330,249,81,0.7545,8,29
2026-07-09,P049,330,237,93,0.7182,9,64
2026-07-10,P049,330,253,77,0.7667,10,4
2026-07-11,P049,330,241,89,0.7303,12,56
2026-07-12,P049,330,245,85,0.7424,10,12
2026-07-13,P049,330,248,82,0.7515,6,61
2026-07-14,P049,330,240,90,0.7273,10,59
2026-07-15,P049,330,237,93,0.7182,10,11
2026-07-16,P049,330,238,92,0.7212,11,22
2026-07-17,P049,330,239,91,0.7242,13,46
2026-07-18,P049,330,240,90,0.7273,10,13
2026-07-19,P049,330,226,104,0.6848,12,22
2026-07-20,P049,330,237,93,0.7182,12,22
2026-07-21,P049,330,222,108,0.6727,8,43
2026-07-22,P049,330,229,101,0.6939,9,7
2026-07-23,P049,330,227,103,0.6879,10,17
2026-07-24,P049,330,240,90,0.7273,10,53
2026-07-25,P049,330,234,96,0.7091,11,17
2026-07-26,P049,330,231,99,0.7,10,6
2026-07-27,P049,330,240,90,0.7273,11,36
2026-07-28,P049,330,238,92,0.7212,9,10
2026-07-29,P049,330,237,93,0.7182,10,11
2026-07-30,P049,330,249,81,0.7545,11,48
2026-07-31,P049,330,259,71,0.7848,10,52
2026-08-01,P049,330,237,93,0.7182,13,35
2026-08-02,P049,330,265,65,0.803,9,43
2026-08-03,P049,330,263,67,0.797,8,54
2026-08-04,P049,330,251,79,0.7606,10,7
2026-08-05,P049,330,263,67,0.797,8,45
2026-08-06,P049,330,275,55,0.8333,7,4
2026-08-07,P049,330,266,64,0.8061,6,28
2026-08-08,P049,330,255,75,0.7727,10,40
2026-08-09,P049,330,253,77,0.7667,7,15
2026-08-10,P049,330,260,70,0.7879,8,16
2026-08-11,P049,330,252,78,0.7636,7,28
2026-08-12,P049,330,258,72,0.7818,10,42
2026-08-13,P049,330,250,80,0.7576,7,52
2026-08-14,P049,330,245,85,0.7424,11,3
2026-08-15,P049,330,233,97,0.7061,11,45
2026-08-16,P049,330,242,88,0.7333,11,48
2026-08-17,P049,330,242,88,0.7333,10,35
2026-08-18,P049,330,244,86,0.7394,8,12
2026-08-19,P049,330,244,86,0.7394,10,39
2026-08-20,P049,330,243,87,0.7364,10,64
2026-08-21,P049,330,244,86,0.7394,11,50
2026-08-22,P049,330,244,86,0.7394,10,58
2026-08-23,P049,330,238,92,0.7212,10,32
2026-08-24,P049,330,238,92,0.7212,9,41
2026-08-25,P049,330,255,75,0.7727,11,58
2026-08-26,P049,330,238,92,0.7212,10,0
2026-08-27,P049,330,247,83,0.7485,11,51
2026-04-30,P050,127,83,44,0.6535,3,11
2026-05-01,P050,127,86,41,0.6772,5,5
2026-05-02,P050,127,93,34,0.7323,5,0
2026-05-03,P050,127,88,39,0.6929,6,13
2026-05-04,P050,127,90,37,0.7087,4,45
2026-05-05,P050,127,91,36,0.7165,7,53
2026-05-06,P050,127,93,34,0.7323,3,39
2026-05-07,P050,127,93,34,0.7323,2,6
2026-05-08,P050,127,92,35,0.7244,4,36
2026-05-09,P050,127,89,38,0.7008,4,36
2026-05-10,P050,127,92,35,0.7244,4,64
2026-05-11,P050,127,91,36,0.7165,3,32
2026-05-12,P050,127,93,34,0.7323,7,56
2026-05-13,P050,127,89,38,0.7008,4,60
2026-05-14,P050,127,85,42,0.6693,5,21
2026-05-15,P050,127,86,41,0.6772,9,31
2026-05-16,P050,127,88,39,0.6929,5,35
2026-05-17,P050,127,86,41,0.6772,2,29
2026-05-18,P050,127,85,42,0.6693,5,6
2026-05-19,P050,127,86,41,0.6772,2,42
2026-05-20,P050,127,85,42,0.6693,0,57
2026-05-21,P050,127,86,41,0.6772,2,13
2026-05-22,P050,127,86,41,0.6772,5,64
2026-05-23,P050,127,85,42,0.6693,3,51
2026-05-24,P050,127,84,43,0.6614,4,63
2026-05-25,P050,127,85,42,0.6693,2,49
2026-05-26,P050,127,84,43,0.6614,4,62
2026-05-27,P050,127,83,44,0.6535,3,33
2026-05-28,P050,127,91,36,0.7165,5,50
2026-05-29,P050,127,90,37,0.7087,0,18
2026-05-30,P050,127,87,40,0.685,2,30
2026-05-31,P050,127,89,38,0.7008,4,58
2026-06-01,P050,127,93,34,0.7323,2,4
2026-06-02,P050,127,94,33,0.7402,5,7
2026-06-03,P050,127,89,38,0.7008,6,25
2026-06-04,P050,127,96,31,0.7559,4,45
2026-06-05,P050,127,93,34,0.7323,2,60
2026-06-06,P050,127,93,34,0.7323,3,42
2026-06-07,P050,127,94,33,0.7402,5,40
2026-06-08,P050,127,99,28,0.7795,3,19
2026-06-09,P050,127,91,36,0.7165,0,19
2026-06-10,P050,127,92,35,0.7244,4,64
2026-06-11,P050,127,99,28,0.7795,2,40
2026-06-12,P050,127,90,37,0.7087,4,23
2026-06-13,P050,127,93,34,0.7323,0,18
2026-06-14,P050,127,92,35,0.7244,0,23
2026-06-15,P050,127,92,35,0.7244,2,3
2026-06-16,P050,127,85,42,0.6693,4,50
2026-06-17,P050,127,85,42,0.6693,4,6
2026-06-18,P050,127,86,41,0.6772,6,4
2026-06-19,P050,127,86,41,0.6772,3,43
2026-06-20,P050,127,87,40,0.685,4,6
2026-06-21,P050,127,87,40,0.685,2,7
2026-06-22,P050,127,86,41,0.6772,4,17
2026-06-23,P050,127,87,40,0.685,5,62
2026-06-24,P050,127,87,40,0.685,6,20
2026-06-25,P050,127,85,42,0.6693,5,5
2026-06-26,P050,127,87,40,0.685,7,43
2026-06-27,P050,127,93,34,0.7323,3,29
2026-06-28,P050,127,95,32,0.748,5,6
2026-06-29,P050,127,88,39,0.6929,6,19
2026-06-30,P050,127,93,34,0.7323,6,18
2026-07-01,P050,127,89,38,0.7008,7,47
2026-07-02,P050,127,95,32,0.748,4,0
2026-07-03,P050,127,95,32,0.748,5,57
2026-07-04,P050,127,99,28,0.7795,4,31
2026-07-05,P050,127,98,29,0.7717,2,34
2026-07-06,P050,127,98,29,0.7717,5,64
2026-07-07,P050,127,94,33,0.7402,5,51
2026-07-08,P050,127,94,33,0.7402,4,41
2026-07-09,P050,127,93,34,0.7323,2,39
2026-07-10,P050,127,94,33,0.7402,3,21
2026-07-11,P050,127,97,30,0.7638,3,46
2026-07-12,P050,127,93,34,0.7323,4,9
2026-07-13,P050,127,95,32,0.748,1,17
2026-07-14,P050,127,94,33,0.7402,5,47
2026-07-15,P050,127,92,35,0.7244,3,32
2026-07-16,P050,127,88,39,0.6929,6,7
2026-07-17,P050,127,91,36,0.7165,4,56
2026-07-18,P050,127,91,36,0.7165,4,31
2026-07-19,P050,127,86,41,0.6772,7,47
2026-07-20,P050,127,90,37,0.7087,5,4
2026-07-21,P050,127,88,39,0.6929,5,43
2026-07-22,P050,127,88,39,0.6929,5,25
2026-07-23,P050,127,93,34,0.7323,4,63
2026-07-24,P050,127,88,39,0.6929,4,63
2026-07-25,P050,127,92,35,0.7244,4,17
2026-07-26,P050,127,90,37,0.7087,6,8
2026-07-27,P050,127,94,33,0.7402,6,22
2026-07-28,P050,127,95,32,0.748,4,16
2026-07-29,P050,127,95,32,0.748,4,50
2026-07-30,P050,127,96,31,0.7559,0,35
2026-07-31,P050,127,100,27,0.7874,0,14
2026-08-01,P050,127,97,30,0.7638,6,55
2026-08-02,P050,127,92,35,0.7244,3,41
2026-08-03,P050,127,101,26,0.7953,0,5
2026-08-04,P050,127,100,27,0.7874,0,23
2026-08-05,P050,127,98,29,0.7717,0,58
2026-08-06,P050,127,99,28,0.7795,1,16
2026-08-07,P050,127,92,35,0.7244,4,17
2026-08-08,P050,127,100,27,0.7874,5,17
2026-08-09,P050,127,103,24,0.811,4,11
2026-08-10,P050,127,96,31,0.7559,6,18
2026-08-11,P050,127,94,33,0.7402,0,27
2026-08-12,P050,127,96,31,0.7559,4,36
2026-08-13,P050,127,89,38,0.7008,5,25
2026-08-14,P050,127,92,35,0.7244,2,11
2026-08-15,P050,127,92,35,0.7244,3,43
2026-08-16,P050,127,97,30,0.7638,5,57
2026-08-17,P050,127,92,35,0.7244,8,20
2026-08-18,P050,127,92,35,0.7244,5,60
2026-08-19,P050,127,94,33,0.7402,7,44
2026-08-20,P050,127,92,35,0.7244,2,35
2026-08-21,P050,127,97,30,0.7638,5,4
2026-08-22,P050,127,89,38,0.7008,3,48
2026-08-23,P050,127,91,36,0.7165,5,24
2026-08-24,P050,127,97,30,0.7638,4,36
2026-08-25,P050,127,95,32,0.748,4,47
2026-08-26,P050,127,94,33,0.7402,5,37
2026-08-27,P050,127,97,30,0.7638,4,13
2026-04-30,P051,240,119,121,0.4958,17,4
2026-05-01,P051,240,123,117,0.5125,15,58
2026-05-02,P051,240,128,112,0.5333,15,48
2026-05-03,P051,240,133,107,0.5542,11,43
2026-05-04,P051,240,131,109,0.5458,12,29
2026-05-05,P051,240,139,101,0.5792,14,54
2026-05-06,P051,240,129,111,0.5375,12,23
2026-05-07,P051,240,138,102,0.575,12,41
2026-05-08,P051,240,133,107,0.5542,10,48
2026-05-09,P051,240,138,102,0.575,11,56
2026-05-10,P051,240,132,108,0.55,13,17
2026-05-11,P051,240,126,114,0.525,16,12
2026-05-12,P051,240,126,114,0.525,15,5
2026-05-13,P051,240,130,110,0.5417,11,62
2026-05-14,P051,240,127,113,0.5292,13,62
2026-05-15,P051,240,134,106,0.5583,11,33
2026-05-16,P051,240,133,107,0.5542,12,33
2026-05-17,P051,240,130,110,0.5417,14,5
2026-05-18,P051,240,122,118,0.5083,14,13
2026-05-19,P051,240,118,122,0.4917,14,21
2026-05-20,P051,240,126,114,0.525,13,5
2026-05-21,P051,240,125,115,0.5208,16,9
2026-05-22,P051,240,123,117,0.5125,13,13
2026-05-23,P051,240,121,119,0.5042,12,35
2026-05-24,P051,240,118,122,0.4917,17,2
2026-05-25,P051,240,120,120,0.5,15,64
2026-05-26,P051,240,125,115,0.5208,15,29
2026-05-27,P051,240,118,122,0.4917,12,64
2026-05-28,P051,240,130,110,0.5417,12,43
2026-05-29,P051,240,120,120,0.5,11,14
2026-05-30,P051,240,120,120,0.5,12,45
2026-05-31,P051,240,122,118,0.5083,12,57
2026-06-01,P051,240,140,100,0.5833,7,46
2026-06-02,P051,240,134,106,0.5583,12,40
2026-06-03,P051,240,139,101,0.5792,10,18
2026-06-04,P051,240,136,104,0.5667,13,14
2026-06-05,P051,240,136,104,0.5667,15,48
2026-06-06,P051,240,141,99,0.5875,15,9
2026-06-07,P051,240,134,106,0.5583,16,10
2026-06-08,P051,240,131,109,0.5458,11,52
2026-06-09,P051,240,136,104,0.5667,11,51
2026-06-10,P051,240,143,97,0.5958,9,50
2026-06-11,P051,240,137,103,0.5708,10,49
2026-06-12,P051,240,131,109,0.5458,11,33
2026-06-13,P051,240,142,98,0.5917,12,47
2026-06-14,P051,240,131,109,0.5458,10,59
2026-06-15,P051,240,129,111,0.5375,15,47
2026-06-16,P051,240,124,116,0.5167,11,45
2026-06-17,P051,240,128,112,0.5333,8,43
2026-06-18,P051,240,130,110,0.5417,15,21
2026-06-19,P051,240,123,117,0.5125,16,58
2026-06-20,P051,240,125,115,0.5208,14,52
2026-06-21,P051,240,125,115,0.5208,14,11
2026-06-22,P051,240,122,118,0.5083,10,23
2026-06-23,P051,240,124,116,0.5167,12,13
2026-06-24,P051,240,132,108,0.55,11,30
2026-06-25,P051,240,125,115,0.5208,12,32
2026-06-26,P051,240,134,106,0.5583,13,31
2026-06-27,P051,240,134,106,0.5583,16,24
2026-06-28,P051,240,132,108,0.55,15,63
2026-06-29,P051,240,138,102,0.575,10,52
2026-06-30,P051,240,138,102,0.575,12,50
2026-07-01,P051,240,141,99,0.5875,13,50
2026-07-02,P051,240,141,99,0.5875,10,9
2026-07-03,P051,240,138,102,0.575,13,43
2026-07-04,P051,240,144,96,0.6,12,15
2026-07-05,P051,240,141,99,0.5875,12,54
2026-07-06,P051,240,147,93,0.6125,12,24
2026-07-07,P051,240,139,101,0.5792,12,1
2026-07-08,P051,240,136,104,0.5667,14,33
2026-07-09,P051,240,145,95,0.6042,13,14
2026-07-10,P051,240,145,95,0.6042,8,32
2026-07-11,P051,240,136,104,0.5667,10,49
2026-07-12,P051,240,146,94,0.6083,14,59
2026-07-13,P051,240,135,105,0.5625,14,2
2026-07-14,P051,240,135,105,0.5625,10,30
2026-07-15,P051,240,136,104,0.5667,13,47
2026-07-16,P051,240,129,111,0.5375,14,33
2026-07-17,P051,240,130,110,0.5417,15,34
2026-07-18,P051,240,131,109,0.5458,15,52
2026-07-19,P051,240,132,108,0.55,13,39
2026-07-20,P051,240,128,112,0.5333,13,56
2026-07-21,P051,240,132,108,0.55,11,29
2026-07-22,P051,240,128,112,0.5333,13,45
2026-07-23,P051,240,127,113,0.5292,14,37
2026-07-24,P051,240,135,105,0.5625,13,7
2026-07-25,P051,240,135,105,0.5625,14,61
2026-07-26,P051,240,139,101,0.5792,10,23
2026-07-27,P051,240,138,102,0.575,8,6
2026-07-28,P051,240,137,103,0.5708,12,37
2026-07-29,P051,240,139,101,0.5792,13,7
2026-07-30,P051,240,141,99,0.5875,7,56
2026-07-31,P051,240,159,81,0.6625,8,16
2026-08-01,P051,240,147,93,0.6125,12,37
2026-08-02,P051,240,146,94,0.6083,12,20
2026-08-03,P051,240,144,96,0.6,9,50
2026-08-04,P051,240,152,88,0.6333,12,38
2026-08-05,P051,240,154,86,0.6417,7,13
2026-08-06,P051,240,149,91,0.6208,10,60
2026-08-07,P051,240,151,89,0.6292,8,43
2026-08-08,P051,240,152,88,0.6333,8,16
2026-08-09,P051,240,144,96,0.6,12,33
2026-08-10,P051,240,135,105,0.5625,13,49
2026-08-11,P051,240,149,91,0.6208,10,44
2026-08-12,P051,240,145,95,0.6042,11,64
2026-08-13,P051,240,149,91,0.6208,11,42
2026-08-14,P051,240,143,97,0.5958,11,20
2026-08-15,P051,240,140,100,0.5833,13,54
2026-08-16,P051,240,134,106,0.5583,9,53
2026-08-17,P051,240,139,101,0.5792,12,37
2026-08-18,P051,240,129,111,0.5375,16,51
2026-08-19,P051,240,145,95,0.6042,10,44
2026-08-20,P051,240,133,107,0.5542,12,49
2026-08-21,P051,240,138,102,0.575,9,40
2026-08-22,P051,240,137,103,0.5708,10,15
2026-08-23,P051,240,137,103,0.5708,13,44
2026-08-24,P051,240,141,99,0.5875,10,7
2026-08-25,P051,240,144,96,0.6,10,20
2026-08-26,P051,240,143,97,0.5958,8,13
2026-08-27,P051,240,143,97,0.5958,9,50
2026-04-30,P052,303,213,90,0.703,10,8
2026-05-01,P052,303,214,89,0.7063,9,55
2026-05-02,P052,303,212,91,0.6997,5,64
2026-05-03,P052,303,224,79,0.7393,10,21
2026-05-04,P052,303,223,80,0.736,9,17
2026-05-05,P052,303,219,84,0.7228,8,7
2026-05-06,P052,303,225,78,0.7426,11,25
2026-05-07,P052,303,220,83,0.7261,11,43
2026-05-08,P052,303,219,84,0.7228,10,13
2026-05-09,P052,303,221,82,0.7294,11,34
2026-05-10,P052,303,220,83,0.7261,11,31
2026-05-11,P052,303,221,82,0.7294,7,10
2026-05-12,P052,303,228,75,0.7525,8,14
2026-05-13,P052,303,220,83,0.7261,6,52
2026-05-14,P052,303,220,83,0.7261,11,25
2026-05-15,P052,303,217,86,0.7162,12,48
2026-05-16,P052,303,213,90,0.703,11,11
2026-05-17,P052,303,207,96,0.6832,12,51
2026-05-18,P052,303,205,98,0.6766,9,55
2026-05-19,P052,303,212,91,0.6997,15,8
2026-05-20,P052,303,209,94,0.6898,9,0
2026-05-21,P052,303,205,98,0.6766,11,52
2026-05-22,P052,303,213,90,0.703,6,56
2026-05-23,P052,303,206,97,0.6799,13,43
2026-05-24,P052,303,193,110,0.637,14,63
2026-05-25,P052,303,210,93,0.6931,8,42
2026-05-26,P052,303,198,105,0.6535,15,56
2026-05-27,P052,303,210,93,0.6931,12,25
2026-05-28,P052,303,218,85,0.7195,6,30
2026-05-29,P052,303,208,95,0.6865,8,37
2026-05-30,P052,303,217,86,0.7162,8,24
2026-05-31,P052,303,228,75,0.7525,10,14
2026-06-01,P052,303,221,82,0.7294,8,15
2026-06-02,P052,303,229,74,0.7558,10,41
2026-06-03,P052,303,226,77,0.7459,8,49
2026-06-04,P052,303,230,73,0.7591,7,50
2026-06-05,P052,303,236,67,0.7789,8,52
2026-06-06,P052,303,231,72,0.7624,9,32
2026-06-07,P052,303,228,75,0.7525,8,56
2026-06-08,P052,303,226,77,0.7459,10,56
2026-06-09,P052,303,220,83,0.7261,7,25
2026-06-10,P052,303,230,73,0.7591,8,24
2026-06-11,P052,303,234,69,0.7723,9,4
2026-06-12,P052,303,227,76,0.7492,9,4
2026-06-13,P052,303,226,77,0.7459,7,36
2026-06-14,P052,303,217,86,0.7162,11,3
2026-06-15,P052,303,214,89,0.7063,11,34
2026-06-16,P052,303,208,95,0.6865,11,13
2026-06-17,P052,303,224,79,0.7393,9,4
2026-06-18,P052,303,214,89,0.7063,9,65
2026-06-19,P052,303,209,94,0.6898,8,42
2026-06-20,P052,303,206,97,0.6799,11,50
2026-06-21,P052,303,201,102,0.6634,11,40
2026-06-22,P052,303,214,89,0.7063,12,45
2026-06-23,P052,303,216,87,0.7129,9,34
2026-06-24,P052,303,204,99,0.6733,11,65
2026-06-25,P052,303,226,77,0.7459,11,59
2026-06-26,P052,303,207,96,0.6832,11,2
2026-06-27,P052,303,217,86,0.7162,8,53
2026-06-28,P052,303,216,87,0.7129,11,64
2026-06-29,P052,303,224,79,0.7393,11,35
2026-06-30,P052,303,224,79,0.7393,11,59
2026-07-01,P052,303,231,72,0.7624,8,55
2026-07-02,P052,303,218,85,0.7195,11,42
2026-07-03,P052,303,233,70,0.769,8,39
2026-07-04,P052,303,242,61,0.7987,7,15
2026-07-05,P052,303,238,65,0.7855,9,21
2026-07-06,P052,303,241,62,0.7954,5,53
2026-07-07,P052,303,242,61,0.7987,7,62
2026-07-08,P052,303,240,63,0.7921,8,30
2026-07-09,P052,303,235,68,0.7756,9,54
2026-07-10,P052,303,227,76,0.7492,13,64
2026-07-11,P052,303,233,70,0.769,6,53
2026-07-12,P052,303,222,81,0.7327,10,6
2026-07-13,P052,303,233,70,0.769,9,45
2026-07-14,P052,303,230,73,0.7591,9,14
2026-07-15,P052,303,230,73,0.7591,11,52
2026-07-16,P052,303,220,83,0.7261,10,64
2026-07-17,P052,303,216,87,0.7129,11,29
2026-07-18,P052,303,223,80,0.736,8,47
2026-07-19,P052,303,219,84,0.7228,8,25
2026-07-20,P052,303,205,98,0.6766,12,28
2026-07-21,P052,303,217,86,0.7162,11,59
2026-07-22,P052,303,218,85,0.7195,9,54
2026-07-23,P052,303,232,71,0.7657,11,15
2026-07-24,P052,303,232,71,0.7657,9,10
2026-07-25,P052,303,217,86,0.7162,7,4
2026-07-26,P052,303,228,75,0.7525,7,8
2026-07-27,P052,303,220,83,0.7261,6,56
2026-07-28,P052,303,226,77,0.7459,8,17
2026-07-29,P052,303,229,74,0.7558,10,8
2026-07-30,P052,303,233,70,0.769,10,3
2026-07-31,P052,303,234,69,0.7723,7,24
2026-08-01,P052,303,237,66,0.7822,7,40
2026-08-02,P052,303,240,63,0.7921,8,41
2026-08-03,P052,303,243,60,0.802,6,43
2026-08-04,P052,303,248,55,0.8185,3,14
2026-08-05,P052,303,245,58,0.8086,6,36
2026-08-06,P052,303,235,68,0.7756,7,45
2026-08-07,P052,303,233,70,0.769,5,6
2026-08-08,P052,303,242,61,0.7987,6,12
2026-08-09,P052,303,240,63,0.7921,8,31
2026-08-10,P052,303,238,65,0.7855,7,30
2026-08-11,P052,303,240,63,0.7921,11,30
2026-08-12,P052,303,243,60,0.802,4,59
2026-08-13,P052,303,236,67,0.7789,10,36
2026-08-14,P052,303,237,66,0.7822,5,50
2026-08-15,P052,303,223,80,0.736,10,0
2026-08-16,P052,303,217,86,0.7162,9,22
2026-08-17,P052,303,219,84,0.7228,10,31
2026-08-18,P052,303,228,75,0.7525,9,41
2026-08-19,P052,303,230,73,0.7591,8,20
2026-08-20,P052,303,233,70,0.769,8,10
2026-08-21,P052,303,224,79,0.7393,12,61
2026-08-22,P052,303,230,73,0.7591,8,55
2026-08-23,P052,303,227,76,0.7492,9,44
2026-08-24,P052,303,235,68,0.7756,10,36
2026-08-25,P052,303,236,67,0.7789,5,29
2026-08-26,P052,303,229,74,0.7558,8,45
2026-08-27,P052,303,244,59,0.8053,14,35
2026-04-30,P053,250,163,87,0.652,7,61
2026-05-01,P053,250,168,82,0.672,11,35
2026-05-02,P053,250,169,81,0.676,8,58
2026-05-03,P053,250,169,81,0.676,8,36
2026-05-04,P053,250,167,83,0.668,8,32
2026-05-05,P053,250,176,74,0.704,9,25
2026-05-06,P053,250,174,76,0.696,10,64
2026-05-07,P053,250,171,79,0.684,8,47
2026-05-08,P053,250,178,72,0.712,9,30
2026-05-09,P053,250,184,66,0.736,9,61
2026-05-10,P053,250,173,77,0.692,9,56
2026-05-11,P053,250,171,79,0.684,9,28
2026-05-12,P053,250,167,83,0.668,13,36
2026-05-13,P053,250,171,79,0.684,9,27
2026-05-14,P053,250,164,86,0.656,8,57
2026-05-15,P053,250,167,83,0.668,12,45
2026-05-16,P053,250,166,84,0.664,11,26
2026-05-17,P053,250,158,92,0.632,9,42
2026-05-18,P053,250,164,86,0.656,8,18
2026-05-19,P053,250,154,96,0.616,14,47
2026-05-20,P053,250,156,94,0.624,7,0
2026-05-21,P053,250,161,89,0.644,13,1
2026-05-22,P053,250,150,100,0.6,13,32
2026-05-23,P053,250,164,86,0.656,9,55
2026-05-24,P053,250,151,99,0.604,13,35
2026-05-25,P053,250,155,95,0.62,12,49
2026-05-26,P053,250,155,95,0.62,8,31
2026-05-27,P053,250,160,90,0.64,6,43
2026-05-28,P053,250,170,80,0.68,13,58
2026-05-29,P053,250,163,87,0.652,9,15
2026-05-30,P053,250,163,87,0.652,8,42
2026-05-31,P053,250,168,82,0.672,7,52
2026-06-01,P053,250,180,70,0.72,8,65
2026-06-02,P053,250,172,78,0.688,11,8
2026-06-03,P053,250,167,83,0.668,9,40
2026-06-04,P053,250,177,73,0.708,10,12
2026-06-05,P053,250,182,68,0.728,9,26
2026-06-06,P053,250,178,72,0.712,6,26
2026-06-07,P053,250,171,79,0.684,9,6
2026-06-08,P053,250,181,69,0.724,9,47
2026-06-09,P053,250,170,80,0.68,11,24
2026-06-10,P053,250,173,77,0.692,12,43
2026-06-11,P053,250,174,76,0.696,7,63
2026-06-12,P053,250,176,74,0.704,7,48
2026-06-13,P053,250,177,73,0.708,9,34
2026-06-14,P053,250,177,73,0.708,9,30
2026-06-15,P053,250,171,79,0.684,12,38
2026-06-16,P053,250,173,77,0.692,8,21
2026-06-17,P053,250,169,81,0.676,7,48
2026-06-18,P053,250,166,84,0.664,7,22
2026-06-19,P053,250,159,91,0.636,12,42
2026-06-20,P053,250,165,85,0.66,9,13
2026-06-21,P053,250,163,87,0.652,12,59
2026-06-22,P053,250,166,84,0.664,10,15
2026-06-23,P053,250,160,90,0.64,11,21
2026-06-24,P053,250,161,89,0.644,9,63
2026-06-25,P053,250,167,83,0.668,11,26
2026-06-26,P053,250,164,86,0.656,8,43
2026-06-27,P053,250,167,83,0.668,7,7
2026-06-28,P053,250,167,83,0.668,11,14
2026-06-29,P053,250,180,70,0.72,12,18
2026-06-30,P053,250,173,77,0.692,7,36
2026-07-01,P053,250,174,76,0.696,8,43
2026-07-02,P053,250,187,63,0.748,9,18
2026-07-03,P053,250,176,74,0.704,9,44
2026-07-04,P053,250,184,66,0.736,8,27
2026-07-05,P053,250,177,73,0.708,10,14
2026-07-06,P053,250,186,64,0.744,6,33
2026-07-07,P053,250,185,65,0.74,9,53
2026-07-08,P053,250,194,56,0.776,6,30
2026-07-09,P053,250,173,77,0.692,9,2
2026-07-10,P053,250,188,62,0.752,8,7
2026-07-11,P053,250,190,60,0.76,6,12
2026-07-12,P053,250,180,70,0.72,10,20
2026-07-13,P053,250,172,78,0.688,8,21
2026-07-14,P053,250,169,81,0.676,11,40
2026-07-15,P053,250,171,79,0.684,6,63
2026-07-16,P053,250,172,78,0.688,10,6
2026-07-17,P053,250,176,74,0.704,9,49
2026-07-18,P053,250,162,88,0.648,10,37
2026-07-19,P053,250,170,80,0.68,7,25
2026-07-20,P053,250,179,71,0.716,9,34
2026-07-21,P053,250,175,75,0.7,8,64
2026-07-22,P053,250,164,86,0.656,8,61
2026-07-23,P053,250,169,81,0.676,9,11
2026-07-24,P053,250,174,76,0.696,8,37
2026-07-25,P053,250,172,78,0.688,12,52
2026-07-26,P053,250,177,73,0.708,6,39
2026-07-27,P053,250,180,70,0.72,10,30
2026-07-28,P053,250,174,76,0.696,12,4
2026-07-29,P053,250,171,79,0.684,7,47
2026-07-30,P053,250,187,63,0.748,7,59
2026-07-31,P053,250,184,66,0.736,9,24
2026-08-01,P053,250,185,65,0.74,6,40
2026-08-02,P053,250,191,59,0.764,6,31
2026-08-03,P053,250,195,55,0.78,7,6
2026-08-04,P053,250,187,63,0.748,7,64
2026-08-05,P053,250,189,61,0.756,6,39
2026-08-06,P053,250,190,60,0.76,7,26
2026-08-07,P053,250,180,70,0.72,7,27
2026-08-08,P053,250,190,60,0.76,8,7
2026-08-09,P053,250,185,65,0.74,8,1
2026-08-10,P053,250,189,61,0.756,7,0
2026-08-11,P053,250,180,70,0.72,13,9
2026-08-12,P053,250,181,69,0.724,8,22
2026-08-13,P053,250,179,71,0.716,8,5
2026-08-14,P053,250,177,73,0.708,9,64
2026-08-15,P053,250,175,75,0.7,7,23
2026-08-16,P053,250,174,76,0.696,9,27
2026-08-17,P053,250,182,68,0.728,7,39
2026-08-18,P053,250,173,77,0.692,7,25
2026-08-19,P053,250,173,77,0.692,7,52
2026-08-20,P053,250,167,83,0.668,9,18
2026-08-21,P053,250,176,74,0.704,7,30
2026-08-22,P053,250,180,70,0.72,8,5
2026-08-23,P053,250,171,79,0.684,7,8
2026-08-24,P053,250,176,74,0.704,7,65
2026-08-25,P053,250,177,73,0.708,8,21
2026-08-26,P053,250,183,67,0.732,7,24
2026-08-27,P053,250,187,63,0.748,10,36
2026-04-30,P054,241,136,105,0.5643,12,9
2026-05-01,P054,241,139,102,0.5768,11,9
2026-05-02,P054,241,141,100,0.5851,10,1
2026-05-03,P054,241,137,104,0.5685,16,29
2026-05-04,P054,241,144,97,0.5975,11,5
2026-05-05,P054,241,148,93,0.6141,10,7
2026-05-06,P054,241,146,95,0.6058,14,25
2026-05-07,P054,241,138,103,0.5726,13,32
2026-05-08,P054,241,148,93,0.6141,12,0
2026-05-09,P054,241,145,96,0.6017,12,48
2026-05-10,P054,241,148,93,0.6141,11,64
2026-05-11,P054,241,145,96,0.6017,11,18
2026-05-12,P054,241,143,98,0.5934,12,11
2026-05-13,P054,241,146,95,0.6058,10,42
2026-05-14,P054,241,139,102,0.5768,11,25
2026-05-15,P054,241,139,102,0.5768,15,35
2026-05-16,P054,241,140,101,0.5809,10,22
2026-05-17,P054,241,132,109,0.5477,16,13
2026-05-18,P054,241,134,107,0.556,10,61
2026-05-19,P054,241,137,104,0.5685,12,41
2026-05-20,P054,241,135,106,0.5602,9,29
2026-05-21,P054,241,134,107,0.556,13,54
2026-05-22,P054,241,126,115,0.5228,12,3
2026-05-23,P054,241,127,114,0.527,14,25
2026-05-24,P054,241,133,108,0.5519,13,44
2026-05-25,P054,241,130,111,0.5394,13,58
2026-05-26,P054,241,135,106,0.5602,16,62
2026-05-27,P054,241,135,106,0.5602,7,48
2026-05-28,P054,241,137,104,0.5685,11,46
2026-05-29,P054,241,143,98,0.5934,10,29
2026-05-30,P054,241,148,93,0.6141,12,48
2026-05-31,P054,241,137,104,0.5685,11,54
2026-06-01,P054,241,145,96,0.6017,9,46
2026-06-02,P054,241,140,101,0.5809,13,25
2026-06-03,P054,241,150,91,0.6224,12,8
2026-06-04,P054,241,144,97,0.5975,12,31
2026-06-05,P054,241,146,95,0.6058,15,30
2026-06-06,P054,241,157,84,0.6515,8,30
2026-06-07,P054,241,159,82,0.6598,9,24
2026-06-08,P054,241,148,93,0.6141,9,44
2026-06-09,P054,241,145,96,0.6017,7,14
2026-06-10,P054,241,150,91,0.6224,9,38
2026-06-11,P054,241,151,90,0.6266,11,39
2026-06-12,P054,241,143,98,0.5934,9,53
2026-06-13,P054,241,134,107,0.556,9,35
2026-06-14,P054,241,143,98,0.5934,10,64
2026-06-15,P054,241,140,101,0.5809,11,15
2026-06-16,P054,241,146,95,0.6058,12,54
2026-06-17,P054,241,137,104,0.5685,13,51
2026-06-18,P054,241,143,98,0.5934,11,55
2026-06-19,P054,241,134,107,0.556,13,56
2026-06-20,P054,241,132,109,0.5477,10,51
2026-06-21,P054,241,145,96,0.6017,10,35
2026-06-22,P054,241,142,99,0.5892,9,65
2026-06-23,P054,241,139,102,0.5768,11,43
2026-06-24,P054,241,135,106,0.5602,13,5
2026-06-25,P054,241,143,98,0.5934,9,37
2026-06-26,P054,241,139,102,0.5768,10,33
2026-06-27,P054,241,143,98,0.5934,11,24
2026-06-28,P054,241,147,94,0.61,11,0
2026-06-29,P054,241,139,102,0.5768,13,7
2026-06-30,P054,241,151,90,0.6266,10,39
2026-07-01,P054,241,153,88,0.6349,8,38
2026-07-02,P054,241,151,90,0.6266,12,65
2026-07-03,P054,241,156,85,0.6473,10,49
2026-07-04,P054,241,156,85,0.6473,11,25
2026-07-05,P054,241,147,94,0.61,10,12
2026-07-06,P054,241,156,85,0.6473,14,61
2026-07-07,P054,241,155,86,0.6432,11,57
2026-07-08,P054,241,156,85,0.6473,10,18
2026-07-09,P054,241,152,89,0.6307,11,27
2026-07-10,P054,241,159,82,0.6598,11,6
2026-07-11,P054,241,151,90,0.6266,7,3
2026-07-12,P054,241,151,90,0.6266,11,55
2026-07-13,P054,241,143,98,0.5934,12,3
2026-07-14,P054,241,159,82,0.6598,9,42
2026-07-15,P054,241,150,91,0.6224,7,65
2026-07-16,P054,241,147,94,0.61,12,41
2026-07-17,P054,241,138,103,0.5726,11,0
2026-07-18,P054,241,143,98,0.5934,9,41
2026-07-19,P054,241,142,99,0.5892,9,1
2026-07-20,P054,241,145,96,0.6017,14,1
2026-07-21,P054,241,144,97,0.5975,10,14
2026-07-22,P054,241,138,103,0.5726,11,49
2026-07-23,P054,241,149,92,0.6183,14,36
2026-07-24,P054,241,134,107,0.556,15,35
2026-07-25,P054,241,137,104,0.5685,12,21
2026-07-26,P054,241,149,92,0.6183,7,10
2026-07-27,P054,241,142,99,0.5892,11,2
2026-07-28,P054,241,158,83,0.6556,13,2
2026-07-29,P054,241,148,93,0.6141,8,8
2026-07-30,P054,241,151,90,0.6266,8,53
2026-07-31,P054,241,154,87,0.639,7,36
2026-08-01,P054,241,153,88,0.6349,8,51
2026-08-02,P054,241,152,89,0.6307,12,7
2026-08-03,P054,241,149,92,0.6183,6,38
2026-08-04,P054,241,168,73,0.6971,6,11
2026-08-05,P054,241,153,88,0.6349,10,63
2026-08-06,P054,241,160,81,0.6639,9,51
2026-08-07,P054,241,158,83,0.6556,11,4
2026-08-08,P054,241,156,85,0.6473,8,17
2026-08-09,P054,241,161,80,0.668,10,44
2026-08-10,P054,241,159,82,0.6598,13,29
2026-08-11,P054,241,155,86,0.6432,8,36
2026-08-12,P054,241,158,83,0.6556,6,3
2026-08-13,P054,241,156,85,0.6473,9,4
2026-08-14,P054,241,147,94,0.61,10,6
2026-08-15,P054,241,148,93,0.6141,11,32
2026-08-16,P054,241,140,101,0.5809,12,38
2026-08-17,P054,241,151,90,0.6266,11,4
2026-08-18,P054,241,154,87,0.639,9,22
2026-08-19,P054,241,148,93,0.6141,9,43
2026-08-20,P054,241,149,92,0.6183,10,40
2026-08-21,P054,241,147,94,0.61,6,39
2026-08-22,P054,241,154,87,0.639,7,9
2026-08-23,P054,241,143,98,0.5934,11,42
2026-08-24,P054,241,144,97,0.5975,12,3
2026-08-25,P054,241,149,92,0.6183,6,33
2026-08-26,P054,241,154,87,0.639,9,11
2026-08-27,P054,241,153,88,0.6349,9,38
2026-04-30,P055,300,239,61,0.7967,8,8
2026-05-01,P055,300,233,67,0.7767,6,58
2026-05-02,P055,300,231,69,0.77,4,45
2026-05-03,P055,300,232,68,0.7733,8,26
2026-05-04,P055,300,235,65,0.7833,6,44
2026-05-05,P055,300,261,39,0.87,3,16
2026-05-06,P055,300,241,59,0.8033,5,20
2026-05-07,P055,300,250,50,0.8333,8,43
2026-05-08,P055,300,248,52,0.8267,5,19
2026-05-09,P055,300,249,51,0.83,8,3
2026-05-10,P055,300,243,57,0.81,8,47
2026-05-11,P055,300,243,57,0.81,1,38
2026-05-12,P055,300,247,53,0.8233,2,35
2026-05-13,P055,300,243,57,0.81,5,61
2026-05-14,P055,300,249,51,0.83,4,31
2026-05-15,P055,300,241,59,0.8033,6,58
2026-05-16,P055,300,244,56,0.8133,9,17
2026-05-17,P055,300,238,62,0.7933,6,18
2026-05-18,P055,300,235,65,0.7833,7,62
2026-05-19,P055,300,243,57,0.81,11,13
2026-05-20,P055,300,222,78,0.74,5,19
2026-05-21,P055,300,228,72,0.76,5,57
2026-05-22,P055,300,227,73,0.7567,7,52
2026-05-23,P055,300,225,75,0.75,8,49
2026-05-24,P055,300,226,74,0.7533,9,36
2026-05-25,P055,300,233,67,0.7767,8,24
2026-05-26,P055,300,239,61,0.7967,6,19
2026-05-27,P055,300,228,72,0.76,8,17
2026-05-28,P055,300,244,56,0.8133,7,56
2026-05-29,P055,300,246,54,0.82,9,58
2026-05-30,P055,300,245,55,0.8167,9,27
2026-05-31,P055,300,240,60,0.8,8,3
2026-06-01,P055,300,252,48,0.84,3,0
2026-06-02,P055,300,249,51,0.83,7,33
2026-06-03,P055,300,252,48,0.84,5,21
2026-06-04,P055,300,242,58,0.8067,5,11
2026-06-05,P055,300,257,43,0.8567,7,61
2026-06-06,P055,300,260,40,0.8667,2,4
2026-06-07,P055,300,241,59,0.8033,9,2
2026-06-08,P055,300,253,47,0.8433,4,37
2026-06-09,P055,300,253,47,0.8433,4,52
2026-06-10,P055,300,264,36,0.88,7,63
2026-06-11,P055,300,260,40,0.8667,3,0
2026-06-12,P055,300,251,49,0.8367,6,41
2026-06-13,P055,300,247,53,0.8233,6,24
2026-06-14,P055,300,240,60,0.8,8,44
2026-06-15,P055,300,247,53,0.8233,9,59
2026-06-16,P055,300,249,51,0.83,5,56
2026-06-17,P055,300,241,59,0.8033,5,21
2026-06-18,P055,300,238,62,0.7933,8,28
2026-06-19,P055,300,236,64,0.7867,4,55
2026-06-20,P055,300,238,62,0.7933,7,48
2026-06-21,P055,300,227,73,0.7567,5,40
2026-06-22,P055,300,233,67,0.7767,3,46
2026-06-23,P055,300,231,69,0.77,10,63
2026-06-24,P055,300,239,61,0.7967,4,65
2026-06-25,P055,300,240,60,0.8,9,33
2026-06-26,P055,300,245,55,0.8167,8,38
2026-06-27,P055,300,244,56,0.8133,3,14
2026-06-28,P055,300,259,41,0.8633,6,50
2026-06-29,P055,300,251,49,0.8367,3,14
2026-06-30,P055,300,246,54,0.82,2,42
2026-07-01,P055,300,263,37,0.8767,2,45
2026-07-02,P055,300,256,44,0.8533,2,11
2026-07-03,P055,300,262,38,0.8733,3,21
2026-07-04,P055,300,262,38,0.8733,5,0
2026-07-05,P055,300,263,37,0.8767,2,20
2026-07-06,P055,300,267,33,0.89,2,51
2026-07-07,P055,300,264,36,0.88,1,64
2026-07-08,P055,300,258,42,0.86,4,8
2026-07-09,P055,300,263,37,0.8767,3,26
2026-07-10,P055,300,254,46,0.8467,8,11
2026-07-11,P055,300,253,47,0.8433,4,26
2026-07-12,P055,300,256,44,0.8533,6,57
2026-07-13,P055,300,242,58,0.8067,7,41
2026-07-14,P055,300,250,50,0.8333,6,12
2026-07-15,P055,300,259,41,0.8633,1,50
2026-07-16,P055,300,252,48,0.84,4,35
2026-07-17,P055,300,247,53,0.8233,7,65
2026-07-18,P055,300,247,53,0.8233,3,44
2026-07-19,P055,300,248,52,0.8267,3,43
2026-07-20,P055,300,242,58,0.8067,11,5
2026-07-21,P055,300,245,55,0.8167,4,11
2026-07-22,P055,300,246,54,0.82,7,32
2026-07-23,P055,300,243,57,0.81,7,62
2026-07-24,P055,300,254,46,0.8467,6,59
2026-07-25,P055,300,249,51,0.83,4,29
2026-07-26,P055,300,261,39,0.87,1,3
2026-07-27,P055,300,251,49,0.8367,3,14
2026-07-28,P055,300,258,42,0.86,0,58
2026-07-29,P055,300,254,46,0.8467,6,58
2026-07-30,P055,300,262,38,0.8733,3,32
2026-07-31,P055,300,253,47,0.8433,5,55
2026-08-01,P055,300,265,35,0.8833,4,61
2026-08-02,P055,300,264,36,0.88,5,54
2026-08-03,P055,300,262,38,0.8733,4,53
2026-08-04,P055,300,263,37,0.8767,3,16
2026-08-05,P055,300,277,23,0.9233,4,26
2026-08-06,P055,300,269,31,0.8967,2,14
2026-08-07,P055,300,270,30,0.9,3,52
2026-08-08,P055,300,275,25,0.9167,2,20
2026-08-09,P055,300,265,35,0.8833,2,6
2026-08-10,P055,300,266,34,0.8867,5,24
2026-08-11,P055,300,263,37,0.8767,5,55
2026-08-12,P055,300,267,33,0.89,6,56
2026-08-13,P055,300,258,42,0.86,7,42
2026-08-14,P055,300,260,40,0.8667,2,14
2026-08-15,P055,300,255,45,0.85,2,17
2026-08-16,P055,300,255,45,0.85,4,14
2026-08-17,P055,300,253,47,0.8433,8,34
2026-08-18,P055,300,257,43,0.8567,2,6
2026-08-19,P055,300,248,52,0.8267,7,16
2026-08-20,P055,300,243,57,0.81,4,41
2026-08-21,P055,300,260,40,0.8667,10,0
2026-08-22,P055,300,255,45,0.85,7,13
2026-08-23,P055,300,245,55,0.8167,8,34
2026-08-24,P055,300,254,46,0.8467,5,0
2026-08-25,P055,300,253,47,0.8433,2,5
2026-08-26,P055,300,258,42,0.86,5,61
2026-08-27,P055,300,259,41,0.8633,4,26
2026-04-30,P056,222,167,55,0.7523,5,36
2026-05-01,P056,222,167,55,0.7523,7,34
2026-05-02,P056,222,168,54,0.7568,6,45
2026-05-03,P056,222,169,53,0.7613,3,57
2026-05-04,P056,222,168,54,0.7568,7,8
2026-05-05,P056,222,170,52,0.7658,4,65
2026-05-06,P056,222,172,50,0.7748,5,34
2026-05-07,P056,222,170,52,0.7658,8,53
2026-05-08,P056,222,173,49,0.7793,5,2
2026-05-09,P056,222,171,51,0.7703,7,62
2026-05-10,P056,222,178,44,0.8018,5,56
2026-05-11,P056,222,172,50,0.7748,5,54
2026-05-12,P056,222,165,57,0.7432,4,45
2026-05-13,P056,222,168,54,0.7568,9,24
2026-05-14,P056,222,175,47,0.7883,1,47
2026-05-15,P056,222,158,64,0.7117,6,2
2026-05-16,P056,222,157,65,0.7072,6,44
2026-05-17,P056,222,157,65,0.7072,7,27
2026-05-18,P056,222,158,64,0.7117,6,23
2026-05-19,P056,222,165,57,0.7432,5,64
2026-05-20,P056,222,160,62,0.7207,2,13
2026-05-21,P056,222,152,70,0.6847,10,59
2026-05-22,P056,222,164,58,0.7387,7,1
2026-05-23,P056,222,161,61,0.7252,9,64
2026-05-24,P056,222,153,69,0.6892,6,54
2026-05-25,P056,222,161,61,0.7252,7,26
2026-05-26,P056,222,159,63,0.7162,7,63
2026-05-27,P056,222,159,63,0.7162,6,36
2026-05-28,P056,222,167,55,0.7523,2,30
2026-05-29,P056,222,161,61,0.7252,5,12
2026-05-30,P056,222,161,61,0.7252,8,5
2026-05-31,P056,222,173,49,0.7793,2,64
2026-06-01,P056,222,167,55,0.7523,6,40
2026-06-02,P056,222,173,49,0.7793,4,21
2026-06-03,P056,222,166,56,0.7477,6,26
2026-06-04,P056,222,175,47,0.7883,10,15
2026-06-05,P056,222,172,50,0.7748,2,34
2026-06-06,P056,222,174,48,0.7838,4,4
2026-06-07,P056,222,179,43,0.8063,6,16
2026-06-08,P056,222,171,51,0.7703,2,26
2026-06-09,P056,222,175,47,0.7883,0,19
2026-06-10,P056,222,167,55,0.7523,6,38
2026-06-11,P056,222,174,48,0.7838,8,13
2026-06-12,P056,222,169,53,0.7613,7,44
2026-06-13,P056,222,168,54,0.7568,4,40
2026-06-14,P056,222,173,49,0.7793,6,56
2026-06-15,P056,222,156,66,0.7027,6,54
2026-06-16,P056,222,167,55,0.7523,8,3
2026-06-17,P056,222,169,53,0.7613,2,65
2026-06-18,P056,222,162,60,0.7297,4,4
2026-06-19,P056,222,162,60,0.7297,6,54
2026-06-20,P056,222,158,64,0.7117,9,26
2026-06-21,P056,222,163,59,0.7342,4,26
2026-06-22,P056,222,158,64,0.7117,6,20
2026-06-23,P056,222,166,56,0.7477,4,59
2026-06-24,P056,222,163,59,0.7342,3,16
2026-06-25,P056,222,169,53,0.7613,6,52
2026-06-26,P056,222,173,49,0.7793,7,11
2026-06-27,P056,222,169,53,0.7613,4,65
2026-06-28,P056,222,168,54,0.7568,7,9
2026-06-29,P056,222,172,50,0.7748,5,12
2026-06-30,P056,222,177,45,0.7973,7,17
2026-07-01,P056,222,180,42,0.8108,5,42
2026-07-02,P056,222,176,46,0.7928,9,45
2026-07-03,P056,222,178,44,0.8018,6,53
2026-07-04,P056,222,181,41,0.8153,3,23
2026-07-05,P056,222,176,46,0.7928,8,11
2026-07-06,P056,222,183,39,0.8243,8,51
2026-07-07,P056,222,183,39,0.8243,2,46
2026-07-08,P056,222,185,37,0.8333,3,16
2026-07-09,P056,222,178,44,0.8018,2,14
2026-07-10,P056,222,184,38,0.8288,3,47
2026-07-11,P056,222,172,50,0.7748,8,29
2026-07-12,P056,222,170,52,0.7658,5,15
2026-07-13,P056,222,168,54,0.7568,8,11
2026-07-14,P056,222,170,52,0.7658,4,31
2026-07-15,P056,222,175,47,0.7883,7,9
2026-07-16,P056,222,172,50,0.7748,4,32
2026-07-17,P056,222,174,48,0.7838,3,36
2026-07-18,P056,222,171,51,0.7703,6,56
2026-07-19,P056,222,163,59,0.7342,4,22
2026-07-20,P056,222,164,58,0.7387,4,9
2026-07-21,P056,222,167,55,0.7523,9,33
2026-07-22,P056,222,160,62,0.7207,9,47
2026-07-23,P056,222,168,54,0.7568,3,12
2026-07-24,P056,222,171,51,0.7703,7,57
2026-07-25,P056,222,172,50,0.7748,3,41
2026-07-26,P056,222,172,50,0.7748,3,3
2026-07-27,P056,222,173,49,0.7793,2,52
2026-07-28,P056,222,172,50,0.7748,5,47
2026-07-29,P056,222,174,48,0.7838,6,65
2026-07-30,P056,222,175,47,0.7883,5,16
2026-07-31,P056,222,182,40,0.8198,3,20
2026-08-01,P056,222,179,43,0.8063,4,25
2026-08-02,P056,222,184,38,0.8288,5,65
2026-08-03,P056,222,189,33,0.8514,4,4
2026-08-04,P056,222,181,41,0.8153,4,42
2026-08-05,P056,222,185,37,0.8333,3,30
2026-08-06,P056,222,184,38,0.8288,7,38
2026-08-07,P056,222,181,41,0.8153,2,1
2026-08-08,P056,222,186,36,0.8378,4,5
2026-08-09,P056,222,185,37,0.8333,3,15
2026-08-10,P056,222,185,37,0.8333,4,31
2026-08-11,P056,222,183,39,0.8243,4,65
2026-08-12,P056,222,181,41,0.8153,7,59
2026-08-13,P056,222,179,43,0.8063,2,51
2026-08-14,P056,222,172,50,0.7748,4,47
2026-08-15,P056,222,172,50,0.7748,7,21
2026-08-16,P056,222,173,49,0.7793,6,24
2026-08-17,P056,222,177,45,0.7973,6,24
2026-08-18,P056,222,166,56,0.7477,7,2
2026-08-19,P056,222,167,55,0.7523,7,10
2026-08-20,P056,222,164,58,0.7387,6,59
2026-08-21,P056,222,172,50,0.7748,6,17
2026-08-22,P056,222,166,56,0.7477,0,6
2026-08-23,P056,222,169,53,0.7613,4,38
2026-08-24,P056,222,171,51,0.7703,8,52
2026-08-25,P056,222,178,44,0.8018,6,63
2026-08-26,P056,222,182,40,0.8198,4,38
2026-08-27,P056,222,178,44,0.8018,2,0
2026-04-30,P057,405,250,155,0.6173,21,58
2026-05-01,P057,405,259,146,0.6395,18,45
2026-05-02,P057,405,255,150,0.6296,19,32
2026-05-03,P057,405,262,143,0.6469,15,61
2026-05-04,P057,405,253,152,0.6247,19,55
2026-05-05,P057,405,271,134,0.6691,15,45
2026-05-06,P057,405,276,129,0.6815,18,30
2026-05-07,P057,405,270,135,0.6667,17,9
2026-05-08,P057,405,278,127,0.6864,15,8
2026-05-09,P057,405,261,144,0.6444,18,34
2026-05-10,P057,405,274,131,0.6765,17,22
2026-05-11,P057,405,251,154,0.6198,18,2
2026-05-12,P057,405,260,145,0.642,17,3
2026-05-13,P057,405,258,147,0.637,18,0
2026-05-14,P057,405,257,148,0.6346,15,62
2026-05-15,P057,405,266,139,0.6568,18,23
2026-05-16,P057,405,246,159,0.6074,23,44
2026-05-17,P057,405,261,144,0.6444,21,45
2026-05-18,P057,405,251,154,0.6198,16,47
2026-05-19,P057,405,241,164,0.5951,18,17
2026-05-20,P057,405,236,169,0.5827,21,10
2026-05-21,P057,405,242,163,0.5975,18,22
2026-05-22,P057,405,239,166,0.5901,16,6
2026-05-23,P057,405,243,162,0.6,16,6
2026-05-24,P057,405,252,153,0.6222,18,51
2026-05-25,P057,405,240,165,0.5926,21,55
2026-05-26,P057,405,252,153,0.6222,19,8
2026-05-27,P057,405,259,146,0.6395,17,3
2026-05-28,P057,405,264,141,0.6519,14,23
2026-05-29,P057,405,257,148,0.6346,17,12
2026-05-30,P057,405,257,148,0.6346,13,11
2026-05-31,P057,405,257,148,0.6346,15,19
2026-06-01,P057,405,264,141,0.6519,17,47
2026-06-02,P057,405,259,146,0.6395,16,45
2026-06-03,P057,405,272,133,0.6716,14,12
2026-06-04,P057,405,271,134,0.6691,15,54
2026-06-05,P057,405,269,136,0.6642,15,56
2026-06-06,P057,405,267,138,0.6593,13,62
2026-06-07,P057,405,275,130,0.679,15,40
2026-06-08,P057,405,272,133,0.6716,17,47
2026-06-09,P057,405,265,140,0.6543,16,45
2026-06-10,P057,405,267,138,0.6593,19,55
2026-06-11,P057,405,273,132,0.6741,17,28
2026-06-12,P057,405,264,141,0.6519,16,51
2026-06-13,P057,405,267,138,0.6593,20,11
2026-06-14,P057,405,260,145,0.642,15,41
2026-06-15,P057,405,262,143,0.6469,19,34
2026-06-16,P057,405,247,158,0.6099,19,9
2026-06-17,P057,405,263,142,0.6494,18,61
2026-06-18,P057,405,254,151,0.6272,18,65
2026-06-19,P057,405,255,150,0.6296,18,17
2026-06-20,P057,405,255,150,0.6296,16,48
2026-06-21,P057,405,250,155,0.6173,18,55
2026-06-22,P057,405,250,155,0.6173,16,33
2026-06-23,P057,405,244,161,0.6025,17,52
2026-06-24,P057,405,249,156,0.6148,20,55
2026-06-25,P057,405,259,146,0.6395,15,13
2026-06-26,P057,405,253,152,0.6247,16,55
2026-06-27,P057,405,271,134,0.6691,17,18
2026-06-28,P057,405,260,145,0.642,14,64
2026-06-29,P057,405,279,126,0.6889,16,4
2026-06-30,P057,405,267,138,0.6593,17,11
2026-07-01,P057,405,269,136,0.6642,14,7
2026-07-02,P057,405,291,114,0.7185,10,6
2026-07-03,P057,405,283,122,0.6988,12,41
2026-07-04,P057,405,278,127,0.6864,11,0
2026-07-05,P057,405,288,117,0.7111,12,30
2026-07-06,P057,405,280,125,0.6914,13,12
2026-07-07,P057,405,290,115,0.716,15,63
2026-07-08,P057,405,276,129,0.6815,16,40
2026-07-09,P057,405,269,136,0.6642,14,63
2026-07-10,P057,405,274,131,0.6765,15,41
2026-07-11,P057,405,286,119,0.7062,11,4
2026-07-12,P057,405,279,126,0.6889,14,36
2026-07-13,P057,405,264,141,0.6519,21,31
2026-07-14,P057,405,271,134,0.6691,15,2
2026-07-15,P057,405,270,135,0.6667,16,0
2026-07-16,P057,405,275,130,0.679,18,32
2026-07-17,P057,405,260,145,0.642,16,51
2026-07-18,P057,405,278,127,0.6864,12,1
2026-07-19,P057,405,258,147,0.637,20,20
2026-07-20,P057,405,254,151,0.6272,23,46
2026-07-21,P057,405,266,139,0.6568,16,38
2026-07-22,P057,405,257,148,0.6346,18,21
2026-07-23,P057,405,262,143,0.6469,18,26
2026-07-24,P057,405,264,141,0.6519,18,36
2026-07-25,P057,405,271,134,0.6691,19,27
2026-07-26,P057,405,260,145,0.642,20,60
2026-07-27,P057,405,258,147,0.637,20,4
2026-07-28,P057,405,281,124,0.6938,15,50
2026-07-29,P057,405,284,121,0.7012,14,40
2026-07-30,P057,405,280,125,0.6914,13,42
2026-07-31,P057,405,278,127,0.6864,18,44
2026-08-01,P057,405,289,116,0.7136,14,3
2026-08-02,P057,405,281,124,0.6938,14,3
2026-08-03,P057,405,296,109,0.7309,15,17
2026-08-04,P057,405,292,113,0.721,14,65
2026-08-05,P057,405,287,118,0.7086,14,18
2026-08-06,P057,405,294,111,0.7259,12,35
2026-08-07,P057,405,288,117,0.7111,12,35
2026-08-08,P057,405,286,119,0.7062,14,26
2026-08-09,P057,405,289,116,0.7136,12,49
2026-08-10,P057,405,276,129,0.6815,15,8
2026-08-11,P057,405,283,122,0.6988,14,7
2026-08-12,P057,405,280,125,0.6914,15,0
2026-08-13,P057,405,286,119,0.7062,13,18
2026-08-14,P057,405,266,139,0.6568,19,58
2026-08-15,P057,405,289,116,0.7136,12,14
2026-08-16,P057,405,283,122,0.6988,14,7
2026-08-17,P057,405,270,135,0.6667,17,32
2026-08-18,P057,405,263,142,0.6494,18,50
2026-08-19,P057,405,277,128,0.684,13,39
2026-08-20,P057,405,272,133,0.6716,17,9
2026-08-21,P057,405,257,148,0.6346,19,51
2026-08-22,P057,405,272,133,0.6716,17,51
2026-08-23,P057,405,281,124,0.6938,15,24
2026-08-24,P057,405,274,131,0.6765,14,9
2026-08-25,P057,405,276,129,0.6815,15,64
2026-08-26,P057,405,284,121,0.7012,13,42
2026-08-27,P057,405,296,109,0.7309,10,1
2026-04-30,P058,233,218,15,0.9356,2,33
2026-05-01,P058,233,215,18,0.9227,4,52
2026-05-02,P058,233,227,6,0.9742,0,24
2026-05-03,P058,233,222,11,0.9528,1,49
2026-05-04,P058,233,228,5,0.9785,1,35
2026-05-05,P058,233,224,9,0.9614,0,59
2026-05-06,P058,233,228,5,0.9785,0,63
2026-05-07,P058,233,228,5,0.9785,2,46
2026-05-08,P058,233,228,5,0.9785,0,57
2026-05-09,P058,233,228,5,0.9785,1,37
2026-05-10,P058,233,223,10,0.9571,1,18
2026-05-11,P058,233,228,5,0.9785,0,13
2026-05-12,P058,233,228,5,0.9785,0,33
2026-05-13,P058,233,228,5,0.9785,0,26
2026-05-14,P058,233,222,11,0.9528,5,41
2026-05-15,P058,233,220,13,0.9442,0,50
2026-05-16,P058,233,223,10,0.9571,2,44
2026-05-17,P058,233,215,18,0.9227,0,14
2026-05-18,P058,233,215,18,0.9227,3,24
2026-05-19,P058,233,212,21,0.9099,0,42
2026-05-20,P058,233,211,22,0.9056,1,22
2026-05-21,P058,233,216,17,0.927,2,49
2026-05-22,P058,233,209,24,0.897,1,27
2026-05-23,P058,233,217,16,0.9313,2,57
2026-05-24,P058,233,210,23,0.9013,4,57
2026-05-25,P058,233,220,13,0.9442,0,48
2026-05-26,P058,233,219,14,0.9399,3,27
2026-05-27,P058,233,215,18,0.9227,3,61
2026-05-28,P058,233,222,11,0.9528,0,37
2026-05-29,P058,233,219,14,0.9399,1,47
2026-05-30,P058,233,220,13,0.9442,2,61
2026-05-31,P058,233,224,9,0.9614,1,55
2026-06-01,P058,233,228,5,0.9785,3,30
2026-06-02,P058,233,228,5,0.9785,0,25
2026-06-03,P058,233,224,9,0.9614,2,48
2026-06-04,P058,233,228,5,0.9785,2,8
2026-06-05,P058,233,228,5,0.9785,0,4
2026-06-06,P058,233,228,5,0.9785,0,3
2026-06-07,P058,233,228,5,0.9785,0,35
2026-06-08,P058,233,228,5,0.9785,3,34
2026-06-09,P058,233,225,8,0.9657,0,53
2026-06-10,P058,233,228,5,0.9785,0,19
2026-06-11,P058,233,226,7,0.97,0,29
2026-06-12,P058,233,228,5,0.9785,0,44
2026-06-13,P058,233,228,5,0.9785,2,30
2026-06-14,P058,233,223,10,0.9571,1,7
2026-06-15,P058,233,222,11,0.9528,0,64
2026-06-16,P058,233,228,5,0.9785,0,60
2026-06-17,P058,233,221,12,0.9485,3,19
2026-06-18,P058,233,217,16,0.9313,0,14
2026-06-19,P058,233,220,13,0.9442,3,10
2026-06-20,P058,233,219,14,0.9399,1,56
2026-06-21,P058,233,224,9,0.9614,0,59
2026-06-22,P058,233,222,11,0.9528,1,40
2026-06-23,P058,233,222,11,0.9528,0,65
2026-06-24,P058,233,222,11,0.9528,1,25
2026-06-25,P058,233,217,16,0.9313,1,20
2026-06-26,P058,233,223,10,0.9571,1,19
2026-06-27,P058,233,227,6,0.9742,4,8
2026-06-28,P058,233,222,11,0.9528,6,4
2026-06-29,P058,233,224,9,0.9614,0,13
2026-06-30,P058,233,228,5,0.9785,0,62
2026-07-01,P058,233,228,5,0.9785,1,13
2026-07-02,P058,233,228,5,0.9785,0,14
2026-07-03,P058,233,228,5,0.9785,0,0
2026-07-04,P058,233,228,5,0.9785,1,42
2026-07-05,P058,233,228,5,0.9785,0,35
2026-07-06,P058,233,228,5,0.9785,0,22
2026-07-07,P058,233,228,5,0.9785,0,13
2026-07-08,P058,233,228,5,0.9785,0,53
2026-07-09,P058,233,228,5,0.9785,3,39
2026-07-10,P058,233,228,5,0.9785,2,36
2026-07-11,P058,233,223,10,0.9571,3,45
2026-07-12,P058,233,228,5,0.9785,3,44
2026-07-13,P058,233,228,5,0.9785,0,47
2026-07-14,P058,233,228,5,0.9785,0,8
2026-07-15,P058,233,228,5,0.9785,0,47
2026-07-16,P058,233,225,8,0.9657,1,36
2026-07-17,P058,233,224,9,0.9614,1,61
2026-07-18,P058,233,228,5,0.9785,2,2
2026-07-19,P058,233,219,14,0.9399,0,12
2026-07-20,P058,233,223,10,0.9571,0,5
2026-07-21,P058,233,228,5,0.9785,1,36
2026-07-22,P058,233,224,9,0.9614,0,38
2026-07-23,P058,233,218,15,0.9356,5,50
2026-07-24,P058,233,223,10,0.9571,2,19
2026-07-25,P058,233,228,5,0.9785,0,1
2026-07-26,P058,233,227,6,0.9742,0,7
2026-07-27,P058,233,228,5,0.9785,0,50
2026-07-28,P058,233,226,7,0.97,2,11
2026-07-29,P058,233,228,5,0.9785,0,23
2026-07-30,P058,233,228,5,0.9785,2,35
2026-07-31,P058,233,228,5,0.9785,1,35
2026-08-01,P058,233,228,5,0.9785,2,53
2026-08-02,P058,233,228,5,0.9785,3,21
2026-08-03,P058,233,228,5,0.9785,3,39
2026-08-04,P058,233,228,5,0.9785,1,56
2026-08-05,P058,233,228,5,0.9785,2,1
2026-08-06,P058,233,228,5,0.9785,0,19
2026-08-07,P058,233,228,5,0.9785,0,5
2026-08-08,P058,233,228,5,0.9785,0,59
2026-08-09,P058,233,228,5,0.9785,2,65
2026-08-10,P058,233,228,5,0.9785,1,23
2026-08-11,P058,233,228,5,0.9785,3,59
2026-08-12,P058,233,228,5,0.9785,1,51
2026-08-13,P058,233,228,5,0.9785,1,16
2026-08-14,P058,233,228,5,0.9785,0,40
2026-08-15,P058,233,228,5,0.9785,0,50
2026-08-16,P058,233,228,5,0.9785,0,39
2026-08-17,P058,233,228,5,0.9785,0,6
2026-08-18,P058,233,228,5,0.9785,0,28
2026-08-19,P058,233,228,5,0.9785,1,33
2026-08-20,P058,233,228,5,0.9785,0,40
2026-08-21,P058,233,228,5,0.9785,1,0
2026-08-22,P058,233,228,5,0.9785,0,4
2026-08-23,P058,233,227,6,0.9742,1,21
2026-08-24,P058,233,228,5,0.9785,0,52
2026-08-25,P058,233,228,5,0.9785,0,64
2026-08-26,P058,233,228,5,0.9785,2,33
2026-08-27,P058,233,228,5,0.9785,3,61
2026-04-30,P059,420,373,47,0.8881,5,16
2026-05-01,P059,420,396,24,0.9429,2,54
2026-05-02,P059,420,377,43,0.8976,8,37
2026-05-03,P059,420,399,21,0.95,3,20
2026-05-04,P059,420,406,14,0.9667,0,16
2026-05-05,P059,420,399,21,0.95,0,10
2026-05-06,P059,420,405,15,0.9643,3,42
2026-05-07,P059,420,412,8,0.981,1,50
2026-05-08,P059,420,396,24,0.9429,2,60
2026-05-09,P059,420,412,8,0.981,2,12
2026-05-10,P059,420,399,21,0.95,2,0
2026-05-11,P059,420,400,20,0.9524,4,62
2026-05-12,P059,420,397,23,0.9452,8,16
2026-05-13,P059,420,397,23,0.9452,2,7
2026-05-14,P059,420,386,34,0.919,5,57
2026-05-15,P059,420,392,28,0.9333,4,59
2026-05-16,P059,420,388,32,0.9238,2,2
2026-05-17,P059,420,400,20,0.9524,1,13
2026-05-18,P059,420,367,53,0.8738,5,10
2026-05-19,P059,420,372,48,0.8857,3,10
2026-05-20,P059,420,380,40,0.9048,3,50
2026-05-21,P059,420,383,37,0.9119,5,28
2026-05-22,P059,420,384,36,0.9143,6,31
2026-05-23,P059,420,377,43,0.8976,2,30
2026-05-24,P059,420,374,46,0.8905,5,25
2026-05-25,P059,420,371,49,0.8833,5,9
2026-05-26,P059,420,383,37,0.9119,3,49
2026-05-27,P059,420,360,60,0.8571,8,14
2026-05-28,P059,420,406,14,0.9667,0,60
2026-05-29,P059,420,402,18,0.9571,1,33
2026-05-30,P059,420,400,20,0.9524,4,64
2026-05-31,P059,420,410,10,0.9762,0,65
2026-06-01,P059,420,397,23,0.9452,4,18
2026-06-02,P059,420,405,15,0.9643,0,24
2026-06-03,P059,420,404,16,0.9619,0,49
2026-06-04,P059,420,412,8,0.981,0,23
2026-06-05,P059,420,411,9,0.9786,0,65
2026-06-06,P059,420,412,8,0.981,1,33
2026-06-07,P059,420,412,8,0.981,0,32
2026-06-08,P059,420,406,14,0.9667,0,50
2026-06-09,P059,420,412,8,0.981,2,13
2026-06-10,P059,420,412,8,0.981,0,1
2026-06-11,P059,420,412,8,0.981,5,5
2026-06-12,P059,420,404,16,0.9619,4,33
2026-06-13,P059,420,401,19,0.9548,0,19
2026-06-14,P059,420,398,22,0.9476,3,56
2026-06-15,P059,420,394,26,0.9381,3,47
2026-06-16,P059,420,389,31,0.9262,5,16
2026-06-17,P059,420,392,28,0.9333,6,53
2026-06-18,P059,420,384,36,0.9143,1,14
2026-06-19,P059,420,381,39,0.9071,3,45
2026-06-20,P059,420,387,33,0.9214,4,12
2026-06-21,P059,420,386,34,0.919,3,16
2026-06-22,P059,420,393,27,0.9357,2,38
2026-06-23,P059,420,386,34,0.919,5,6
2026-06-24,P059,420,381,39,0.9071,7,9
2026-06-25,P059,420,386,34,0.919,4,65
2026-06-26,P059,420,385,35,0.9167,6,10
2026-06-27,P059,420,402,18,0.9571,3,60
2026-06-28,P059,420,407,13,0.969,0,42
2026-06-29,P059,420,408,12,0.9714,1,26
2026-06-30,P059,420,412,8,0.981,1,60
2026-07-01,P059,420,412,8,0.981,0,65
2026-07-02,P059,420,406,14,0.9667,1,61
2026-07-03,P059,420,406,14,0.9667,3,1
2026-07-04,P059,420,412,8,0.981,0,31
2026-07-05,P059,420,409,11,0.9738,1,54
2026-07-06,P059,420,412,8,0.981,1,17
2026-07-07,P059,420,412,8,0.981,1,65
2026-07-08,P059,420,412,8,0.981,0,22
2026-07-09,P059,420,407,13,0.969,2,31
2026-07-10,P059,420,412,8,0.981,2,35
2026-07-11,P059,420,412,8,0.981,0,62
2026-07-12,P059,420,412,8,0.981,1,63
2026-07-13,P059,420,408,12,0.9714,0,52
2026-07-14,P059,420,403,17,0.9595,2,2
2026-07-15,P059,420,405,15,0.9643,4,30
2026-07-16,P059,420,412,8,0.981,0,34
2026-07-17,P059,420,394,26,0.9381,0,53
2026-07-18,P059,420,410,10,0.9762,0,6
2026-07-19,P059,420,393,27,0.9357,3,1
2026-07-20,P059,420,394,26,0.9381,1,32
2026-07-21,P059,420,396,24,0.9429,4,9
2026-07-22,P059,420,394,26,0.9381,3,24
2026-07-23,P059,420,398,22,0.9476,3,10
2026-07-24,P059,420,400,20,0.9524,0,2
2026-07-25,P059,420,404,16,0.9619,0,14
2026-07-26,P059,420,412,8,0.981,0,53
2026-07-27,P059,420,410,10,0.9762,0,39
2026-07-28,P059,420,412,8,0.981,0,27
2026-07-29,P059,420,412,8,0.981,0,58
2026-07-30,P059,420,409,11,0.9738,1,63
2026-07-31,P059,420,412,8,0.981,1,19
2026-08-01,P059,420,412,8,0.981,0,19
2026-08-02,P059,420,412,8,0.981,3,9
2026-08-03,P059,420,412,8,0.981,0,59
2026-08-04,P059,420,412,8,0.981,0,39
2026-08-05,P059,420,412,8,0.981,2,21
2026-08-06,P059,420,412,8,0.981,3,14
2026-08-07,P059,420,412,8,0.981,0,56
2026-08-08,P059,420,412,8,0.981,3,41
2026-08-09,P059,420,412,8,0.981,1,59
2026-08-10,P059,420,412,8,0.981,2,60
2026-08-11,P059,420,412,8,0.981,2,54
2026-08-12,P059,420,412,8,0.981,0,3
2026-08-13,P059,420,401,19,0.9548,3,37
2026-08-14,P059,420,404,16,0.9619,0,44
2026-08-15,P059,420,412,8,0.981,1,32
2026-08-16,P059,420,412,8,0.981,0,50
2026-08-17,P059,420,404,16,0.9619,5,35
2026-08-18,P059,420,410,10,0.9762,0,2
2026-08-19,P059,420,409,11,0.9738,0,21
2026-08-20,P059,420,408,12,0.9714,1,38
2026-08-21,P059,420,404,16,0.9619,3,54
2026-08-22,P059,420,402,18,0.9571,0,28
2026-08-23,P059,420,404,16,0.9619,0,21
2026-08-24,P059,420,412,8,0.981,0,50
2026-08-25,P059,420,410,10,0.9762,2,21
2026-08-26,P059,420,412,8,0.981,0,15
2026-08-27,P059,420,412,8,0.981,0,15
2026-04-30,P060,308,224,84,0.7273,11,2
2026-05-01,P060,308,218,90,0.7078,16,42
2026-05-02,P060,308,235,73,0.763,8,32
2026-05-03,P060,308,229,79,0.7435,7,1
2026-05-04,P060,308,236,72,0.7662,12,9
2026-05-05,P060,308,225,83,0.7305,7,54
2026-05-06,P060,308,238,70,0.7727,8,22
2026-05-07,P060,308,238,70,0.7727,6,56
2026-05-08,P060,308,232,76,0.7532,7,3
2026-05-09,P060,308,242,66,0.7857,8,9
2026-05-10,P060,308,240,68,0.7792,6,27
2026-05-11,P060,308,228,80,0.7403,11,3
2026-05-12,P060,308,234,74,0.7597,7,27
2026-05-13,P060,308,237,71,0.7695,9,0
2026-05-14,P060,308,235,73,0.763,10,62
2026-05-15,P060,308,230,78,0.7468,4,63
2026-05-16,P060,308,230,78,0.7468,10,50
2026-05-17,P060,308,233,75,0.7565,4,38
2026-05-18,P060,308,234,74,0.7597,10,37
2026-05-19,P060,308,236,72,0.7662,9,63
2026-05-20,P060,308,213,95,0.6916,13,11
2026-05-21,P060,308,215,93,0.6981,12,65
2026-05-22,P060,308,215,93,0.6981,9,61
2026-05-23,P060,308,220,88,0.7143,9,10
2026-05-24,P060,308,227,81,0.737,9,35
2026-05-25,P060,308,226,82,0.7338,8,22
2026-05-26,P060,308,222,86,0.7208,11,0
2026-05-27,P060,308,229,79,0.7435,7,51
2026-05-28,P060,308,236,72,0.7662,9,14
2026-05-29,P060,308,233,75,0.7565,10,1
2026-05-30,P060,308,237,71,0.7695,8,13
2026-05-31,P060,308,244,64,0.7922,9,26
2026-06-01,P060,308,237,71,0.7695,6,65
2026-06-02,P060,308,244,64,0.7922,5,10
2026-06-03,P060,308,237,71,0.7695,8,24
2026-06-04,P060,308,235,73,0.763,7,16
2026-06-05,P060,308,258,50,0.8377,7,38
2026-06-06,P060,308,247,61,0.8019,7,62
2026-06-07,P060,308,247,61,0.8019,7,64
2026-06-08,P060,308,249,59,0.8084,9,30
2026-06-09,P060,308,250,58,0.8117,5,41
2026-06-10,P060,308,243,65,0.789,7,57
2026-06-11,P060,308,252,56,0.8182,5,60
2026-06-12,P060,308,246,62,0.7987,7,53
2026-06-13,P060,308,237,71,0.7695,8,48
2026-06-14,P060,308,238,70,0.7727,8,19
2026-06-15,P060,308,237,71,0.7695,8,65
2026-06-16,P060,308,234,74,0.7597,12,41
2026-06-17,P060,308,227,81,0.737,11,24
2026-06-18,P060,308,225,83,0.7305,10,15
2026-06-19,P060,308,230,78,0.7468,9,38
2026-06-20,P060,308,224,84,0.7273,10,57
2026-06-21,P060,308,226,82,0.7338,10,8
2026-06-22,P060,308,232,76,0.7532,11,6
2026-06-23,P060,308,224,84,0.7273,8,16
2026-06-24,P060,308,237,71,0.7695,8,24
2026-06-25,P060,308,236,72,0.7662,5,16
2026-06-26,P060,308,225,83,0.7305,11,47
2026-06-27,P060,308,233,75,0.7565,10,58
2026-06-28,P060,308,226,82,0.7338,8,6
2026-06-29,P060,308,237,71,0.7695,6,9
2026-06-30,P060,308,251,57,0.8149,8,28
2026-07-01,P060,308,244,64,0.7922,10,25
2026-07-02,P060,308,247,61,0.8019,6,48
2026-07-03,P060,308,267,41,0.8669,4,23
2026-07-04,P060,308,253,55,0.8214,5,4
2026-07-05,P060,308,260,48,0.8442,7,41
2026-07-06,P060,308,250,58,0.8117,7,59
2026-07-07,P060,308,241,67,0.7825,7,14
2026-07-08,P060,308,250,58,0.8117,9,35
2026-07-09,P060,308,248,60,0.8052,6,9
2026-07-10,P060,308,250,58,0.8117,9,33
2026-07-11,P060,308,242,66,0.7857,8,29
2026-07-12,P060,308,247,61,0.8019,6,13
2026-07-13,P060,308,238,70,0.7727,7,60
2026-07-14,P060,308,248,60,0.8052,5,33
2026-07-15,P060,308,240,68,0.7792,5,49
2026-07-16,P060,308,244,64,0.7922,9,60
2026-07-17,P060,308,243,65,0.789,7,47
2026-07-18,P060,308,234,74,0.7597,8,55
2026-07-19,P060,308,240,68,0.7792,8,25
2026-07-20,P060,308,233,75,0.7565,6,36
2026-07-21,P060,308,230,78,0.7468,7,31
2026-07-22,P060,308,231,77,0.75,11,64
2026-07-23,P060,308,236,72,0.7662,9,56
2026-07-24,P060,308,245,63,0.7955,7,38
2026-07-25,P060,308,237,71,0.7695,5,27
2026-07-26,P060,308,242,66,0.7857,8,48
2026-07-27,P060,308,230,78,0.7468,12,47
2026-07-28,P060,308,254,54,0.8247,7,19
2026-07-29,P060,308,253,55,0.8214,10,64
2026-07-30,P060,308,251,57,0.8149,3,12
2026-07-31,P060,308,251,57,0.8149,7,32
2026-08-01,P060,308,252,56,0.8182,4,57
2026-08-02,P060,308,253,55,0.8214,4,38
2026-08-03,P060,308,258,50,0.8377,2,49
2026-08-04,P060,308,260,48,0.8442,7,28
2026-08-05,P060,308,259,49,0.8409,6,15
2026-08-06,P060,308,264,44,0.8571,3,39
2026-08-07,P060,308,260,48,0.8442,4,35
2026-08-08,P060,308,255,53,0.8279,6,61
2026-08-09,P060,308,260,48,0.8442,7,51
2026-08-10,P060,308,250,58,0.8117,5,3
2026-08-11,P060,308,261,47,0.8474,5,10
2026-08-12,P060,308,244,64,0.7922,6,65
2026-08-13,P060,308,254,54,0.8247,5,41
2026-08-14,P060,308,249,59,0.8084,5,22
2026-08-15,P060,308,248,60,0.8052,7,44
2026-08-16,P060,308,242,66,0.7857,7,57
2026-08-17,P060,308,248,60,0.8052,7,34
2026-08-18,P060,308,245,63,0.7955,10,40
2026-08-19,P060,308,249,59,0.8084,6,42
2026-08-20,P060,308,235,73,0.763,6,50
2026-08-21,P060,308,247,61,0.8019,7,16
2026-08-22,P060,308,239,69,0.776,12,1
2026-08-23,P060,308,244,64,0.7922,7,59
2026-08-24,P060,308,242,66,0.7857,5,29
2026-08-25,P060,308,242,66,0.7857,9,40
2026-08-26,P060,308,247,61,0.8019,5,60
2026-08-27,P060,308,244,64,0.7922,8,39
2026-04-30,P061,225,169,56,0.7511,10,16
2026-05-01,P061,225,169,56,0.7511,4,16
2026-05-02,P061,225,169,56,0.7511,6,41
2026-05-03,P061,225,171,54,0.76,5,57
2026-05-04,P061,225,173,52,0.7689,8,11
2026-05-05,P061,225,184,41,0.8178,7,25
2026-05-06,P061,225,183,42,0.8133,3,42
2026-05-07,P061,225,180,45,0.8,4,48
2026-05-08,P061,225,173,52,0.7689,10,59
2026-05-09,P061,225,179,46,0.7956,5,62
2026-05-10,P061,225,173,52,0.7689,8,36
2026-05-11,P061,225,172,53,0.7644,8,24
2026-05-12,P061,225,168,57,0.7467,4,32
2026-05-13,P061,225,167,58,0.7422,6,46
2026-05-14,P061,225,171,54,0.76,9,33
2026-05-15,P061,225,167,58,0.7422,6,63
2026-05-16,P061,225,167,58,0.7422,6,63
2026-05-17,P061,225,167,58,0.7422,6,40
2026-05-18,P061,225,165,60,0.7333,7,36
2026-05-19,P061,225,165,60,0.7333,5,62
2026-05-20,P061,225,161,64,0.7156,6,24
2026-05-21,P061,225,154,71,0.6844,5,1
2026-05-22,P061,225,170,55,0.7556,8,32
2026-05-23,P061,225,166,59,0.7378,10,52
2026-05-24,P061,225,168,57,0.7467,9,43
2026-05-25,P061,225,157,68,0.6978,9,56
2026-05-26,P061,225,161,64,0.7156,6,53
2026-05-27,P061,225,166,59,0.7378,8,61
2026-05-28,P061,225,164,61,0.7289,7,46
2026-05-29,P061,225,170,55,0.7556,4,38
2026-05-30,P061,225,167,58,0.7422,8,60
2026-05-31,P061,225,165,60,0.7333,5,13
2026-06-01,P061,225,175,50,0.7778,1,27
2026-06-02,P061,225,184,41,0.8178,8,43
2026-06-03,P061,225,173,52,0.7689,7,24
2026-06-04,P061,225,181,44,0.8044,7,12
2026-06-05,P061,225,172,53,0.7644,8,15
2026-06-06,P061,225,182,43,0.8089,7,47
2026-06-07,P061,225,180,45,0.8,8,34
2026-06-08,P061,225,179,46,0.7956,0,33
2026-06-09,P061,225,180,45,0.8,5,56
2026-06-10,P061,225,182,43,0.8089,4,23
2026-06-11,P061,225,176,49,0.7822,6,39
2026-06-12,P061,225,181,44,0.8044,6,44
2026-06-13,P061,225,175,50,0.7778,6,54
2026-06-14,P061,225,171,54,0.76,6,21
2026-06-15,P061,225,175,50,0.7778,6,12
2026-06-16,P061,225,168,57,0.7467,7,5
2026-06-17,P061,225,165,60,0.7333,6,48
2026-06-18,P061,225,162,63,0.72,6,20
2026-06-19,P061,225,168,57,0.7467,4,29
2026-06-20,P061,225,177,48,0.7867,5,30
2026-06-21,P061,225,167,58,0.7422,8,33
2026-06-22,P061,225,169,56,0.7511,7,19
2026-06-23,P061,225,176,49,0.7822,3,8
2026-06-24,P061,225,167,58,0.7422,7,61
2026-06-25,P061,225,168,57,0.7467,8,48
2026-06-26,P061,225,176,49,0.7822,8,3
2026-06-27,P061,225,178,47,0.7911,6,31
2026-06-28,P061,225,170,55,0.7556,6,23
2026-06-29,P061,225,175,50,0.7778,8,56
2026-06-30,P061,225,177,48,0.7867,6,39
2026-07-01,P061,225,174,51,0.7733,2,10
2026-07-02,P061,225,178,47,0.7911,6,24
2026-07-03,P061,225,183,42,0.8133,8,28
2026-07-04,P061,225,185,40,0.8222,6,31
2026-07-05,P061,225,186,39,0.8267,3,11
2026-07-06,P061,225,183,42,0.8133,3,35
2026-07-07,P061,225,184,41,0.8178,5,10
2026-07-08,P061,225,184,41,0.8178,3,27
2026-07-09,P061,225,175,50,0.7778,8,46
2026-07-10,P061,225,182,43,0.8089,7,48
2026-07-11,P061,225,185,40,0.8222,5,50
2026-07-12,P061,225,186,39,0.8267,2,24
2026-07-13,P061,225,184,41,0.8178,4,53
2026-07-14,P061,225,173,52,0.7689,7,64
2026-07-15,P061,225,174,51,0.7733,7,30
2026-07-16,P061,225,180,45,0.8,4,54
2026-07-17,P061,225,170,55,0.7556,9,56
2026-07-18,P061,225,181,44,0.8044,7,17
2026-07-19,P061,225,173,52,0.7689,6,17
2026-07-20,P061,225,172,53,0.7644,5,4
2026-07-21,P061,225,168,57,0.7467,6,13
2026-07-22,P061,225,174,51,0.7733,5,3
2026-07-23,P061,225,170,55,0.7556,3,27
2026-07-24,P061,225,169,56,0.7511,6,30
2026-07-25,P061,225,180,45,0.8,5,53
2026-07-26,P061,225,177,48,0.7867,7,0
2026-07-27,P061,225,175,50,0.7778,4,36
2026-07-28,P061,225,174,51,0.7733,9,25
2026-07-29,P061,225,181,44,0.8044,5,20
2026-07-30,P061,225,186,39,0.8267,6,12
2026-07-31,P061,225,190,35,0.8444,0,0
2026-08-01,P061,225,186,39,0.8267,7,0
2026-08-02,P061,225,194,31,0.8622,2,50
2026-08-03,P061,225,187,38,0.8311,4,8
2026-08-04,P061,225,192,33,0.8533,6,26
2026-08-05,P061,225,186,39,0.8267,2,59
2026-08-06,P061,225,195,30,0.8667,6,36
2026-08-07,P061,225,188,37,0.8356,6,14
2026-08-08,P061,225,193,32,0.8578,7,27
2026-08-09,P061,225,189,36,0.84,4,18
2026-08-10,P061,225,192,33,0.8533,0,0
2026-08-11,P061,225,188,37,0.8356,6,54
2026-08-12,P061,225,187,38,0.8311,3,49
2026-08-13,P061,225,185,40,0.8222,8,51
2026-08-14,P061,225,188,37,0.8356,8,15
2026-08-15,P061,225,183,42,0.8133,7,31
2026-08-16,P061,225,175,50,0.7778,5,3
2026-08-17,P061,225,181,44,0.8044,3,11
2026-08-18,P061,225,175,50,0.7778,5,9
2026-08-19,P061,225,179,46,0.7956,5,0
2026-08-20,P061,225,174,51,0.7733,3,22
2026-08-21,P061,225,169,56,0.7511,5,35
2026-08-22,P061,225,181,44,0.8044,6,56
2026-08-23,P061,225,175,50,0.7778,9,64
2026-08-24,P061,225,184,41,0.8178,9,46
2026-08-25,P061,225,184,41,0.8178,4,9
2026-08-26,P061,225,180,45,0.8,4,33
2026-08-27,P061,225,188,37,0.8356,4,3
2026-04-30,P062,133,109,24,0.8195,1,62
2026-05-01,P062,133,108,25,0.812,0,60
2026-05-02,P062,133,110,23,0.8271,0,2
2026-05-03,P062,133,109,24,0.8195,4,34
2026-05-04,P062,133,112,21,0.8421,0,29
2026-05-05,P062,133,111,22,0.8346,4,11
2026-05-06,P062,133,113,20,0.8496,2,45
2026-05-07,P062,133,111,22,0.8346,1,35
2026-05-08,P062,133,112,21,0.8421,4,14
2026-05-09,P062,133,114,19,0.8571,8,28
2026-05-10,P062,133,111,22,0.8346,4,15
2026-05-11,P062,133,110,23,0.8271,0,36
2026-05-12,P062,133,113,20,0.8496,2,58
2026-05-13,P062,133,113,20,0.8496,0,7
2026-05-14,P062,133,108,25,0.812,5,56
2026-05-15,P062,133,108,25,0.812,1,21
2026-05-16,P062,133,110,23,0.8271,2,52
2026-05-17,P062,133,107,26,0.8045,0,37
2026-05-18,P062,133,105,28,0.7895,3,40
2026-05-19,P062,133,110,23,0.8271,2,21
2026-05-20,P062,133,106,27,0.797,0,21
2026-05-21,P062,133,108,25,0.812,4,58
2026-05-22,P062,133,104,29,0.782,1,64
2026-05-23,P062,133,104,29,0.782,6,65
2026-05-24,P062,133,102,31,0.7669,1,19
2026-05-25,P062,133,104,29,0.782,4,32
2026-05-26,P062,133,107,26,0.8045,1,21
2026-05-27,P062,133,110,23,0.8271,0,13
2026-05-28,P062,133,110,23,0.8271,2,37
2026-05-29,P062,133,106,27,0.797,0,58
2026-05-30,P062,133,111,22,0.8346,2,5
2026-05-31,P062,133,112,21,0.8421,3,58
2026-06-01,P062,133,110,23,0.8271,4,56
2026-06-02,P062,133,108,25,0.812,3,45
2026-06-03,P062,133,116,17,0.8722,0,57
2026-06-04,P062,133,117,16,0.8797,2,63
2026-06-05,P062,133,116,17,0.8722,3,23
2026-06-06,P062,133,114,19,0.8571,1,44
2026-06-07,P062,133,116,17,0.8722,2,15
2026-06-08,P062,133,113,20,0.8496,4,15
2026-06-09,P062,133,117,16,0.8797,0,44
2026-06-10,P062,133,115,18,0.8647,0,3
2026-06-11,P062,133,116,17,0.8722,2,39
2026-06-12,P062,133,112,21,0.8421,3,5
2026-06-13,P062,133,112,21,0.8421,7,11
2026-06-14,P062,133,110,23,0.8271,2,59
2026-06-15,P062,133,113,20,0.8496,4,52
2026-06-16,P062,133,111,22,0.8346,0,32
2026-06-17,P062,133,104,29,0.782,2,12
2026-06-18,P062,133,110,23,0.8271,3,48
2026-06-19,P062,133,108,25,0.812,3,42
2026-06-20,P062,133,109,24,0.8195,4,39
2026-06-21,P062,133,106,27,0.797,1,49
2026-06-22,P062,133,105,28,0.7895,3,31
2026-06-23,P062,133,107,26,0.8045,6,11
2026-06-24,P062,133,107,26,0.8045,0,51
2026-06-25,P062,133,102,31,0.7669,0,12
2026-06-26,P062,133,104,29,0.782,0,62
2026-06-27,P062,133,113,20,0.8496,4,17
2026-06-28,P062,133,114,19,0.8571,1,51
2026-06-29,P062,133,110,23,0.8271,0,20
2026-06-30,P062,133,110,23,0.8271,8,55
2026-07-01,P062,133,116,17,0.8722,0,31
2026-07-02,P062,133,113,20,0.8496,7,13
2026-07-03,P062,133,118,15,0.8872,0,42
2026-07-04,P062,133,119,14,0.8947,0,57
2026-07-05,P062,133,119,14,0.8947,1,45
2026-07-06,P062,133,114,19,0.8571,0,5
2026-07-07,P062,133,115,18,0.8647,0,44
2026-07-08,P062,133,117,16,0.8797,3,17
2026-07-09,P062,133,117,16,0.8797,4,44
2026-07-10,P062,133,117,16,0.8797,1,62
2026-07-11,P062,133,116,17,0.8722,0,20
2026-07-12,P062,133,114,19,0.8571,5,58
2026-07-13,P062,133,114,19,0.8571,3,55
2026-07-14,P062,133,115,18,0.8647,5,54
2026-07-15,P062,133,114,19,0.8571,0,20
2026-07-16,P062,133,116,17,0.8722,2,5
2026-07-17,P062,133,108,25,0.812,1,8
2026-07-18,P062,133,114,19,0.8571,2,64
2026-07-19,P062,133,115,18,0.8647,4,19
2026-07-20,P062,133,111,22,0.8346,3,8
2026-07-21,P062,133,114,19,0.8571,5,3
2026-07-22,P062,133,111,22,0.8346,0,49
2026-07-23,P062,133,112,21,0.8421,7,52
2026-07-24,P062,133,110,23,0.8271,2,34
2026-07-25,P062,133,113,20,0.8496,3,59
2026-07-26,P062,133,114,19,0.8571,0,23
2026-07-27,P062,133,109,24,0.8195,0,12
2026-07-28,P062,133,116,17,0.8722,5,58
2026-07-29,P062,133,117,16,0.8797,0,1
2026-07-30,P062,133,116,17,0.8722,0,32
2026-07-31,P062,133,115,18,0.8647,1,46
2026-08-01,P062,133,119,14,0.8947,2,23
2026-08-02,P062,133,119,14,0.8947,2,27
2026-08-03,P062,133,122,11,0.9173,1,57
2026-08-04,P062,133,121,12,0.9098,0,31
2026-08-05,P062,133,121,12,0.9098,3,14
2026-08-06,P062,133,120,13,0.9023,0,44
2026-08-07,P062,133,124,9,0.9323,0,17
2026-08-08,P062,133,121,12,0.9098,1,20
2026-08-09,P062,133,122,11,0.9173,0,46
2026-08-10,P062,133,118,15,0.8872,5,1
2026-08-11,P062,133,117,16,0.8797,5,27
2026-08-12,P062,133,119,14,0.8947,1,23
2026-08-13,P062,133,119,14,0.8947,2,18
2026-08-14,P062,133,116,17,0.8722,0,21
2026-08-15,P062,133,117,16,0.8797,0,47
2026-08-16,P062,133,115,18,0.8647,1,40
2026-08-17,P062,133,114,19,0.8571,2,56
2026-08-18,P062,133,112,21,0.8421,1,61
2026-08-19,P062,133,110,23,0.8271,1,8
2026-08-20,P062,133,108,25,0.812,1,53
2026-08-21,P062,133,113,20,0.8496,3,27
2026-08-22,P062,133,115,18,0.8647,4,34
2026-08-23,P062,133,113,20,0.8496,2,40
2026-08-24,P062,133,112,21,0.8421,3,46
2026-08-25,P062,133,112,21,0.8421,4,30
2026-08-26,P062,133,116,17,0.8722,3,51
2026-08-27,P062,133,117,16,0.8797,2,27
2026-04-30,P063,175,140,35,0.8,1,19
2026-05-01,P063,175,141,34,0.8057,4,63
2026-05-02,P063,175,137,38,0.7829,7,25
2026-05-03,P063,175,140,35,0.8,8,31
2026-05-04,P063,175,146,29,0.8343,1,35
2026-05-05,P063,175,146,29,0.8343,1,22
2026-05-06,P063,175,142,33,0.8114,3,26
2026-05-07,P063,175,144,31,0.8229,4,25
2026-05-08,P063,175,141,34,0.8057,5,25
2026-05-09,P063,175,150,25,0.8571,0,36
2026-05-10,P063,175,148,27,0.8457,3,7
2026-05-11,P063,175,144,31,0.8229,5,20
2026-05-12,P063,175,142,33,0.8114,1,50
2026-05-13,P063,175,138,37,0.7886,5,45
2026-05-14,P063,175,142,33,0.8114,2,24
2026-05-15,P063,175,140,35,0.8,8,26
2026-05-16,P063,175,136,39,0.7771,0,15
2026-05-17,P063,175,137,38,0.7829,3,14
2026-05-18,P063,175,134,41,0.7657,3,59
2026-05-19,P063,175,135,40,0.7714,4,28
2026-05-20,P063,175,142,33,0.8114,1,50
2026-05-21,P063,175,139,36,0.7943,3,12
2026-05-22,P063,175,135,40,0.7714,4,59
2026-05-23,P063,175,135,40,0.7714,6,29
2026-05-24,P063,175,133,42,0.76,3,24
2026-05-25,P063,175,136,39,0.7771,3,12
2026-05-26,P063,175,145,30,0.8286,5,45
2026-05-27,P063,175,142,33,0.8114,5,4
2026-05-28,P063,175,140,35,0.8,0,53
2026-05-29,P063,175,138,37,0.7886,4,31
2026-05-30,P063,175,140,35,0.8,10,43
2026-05-31,P063,175,147,28,0.84,4,10
2026-06-01,P063,175,140,35,0.8,2,36
2026-06-02,P063,175,143,32,0.8171,2,62
2026-06-03,P063,175,145,30,0.8286,4,63
2026-06-04,P063,175,151,24,0.8629,3,22
2026-06-05,P063,175,151,24,0.8629,2,5
2026-06-06,P063,175,147,28,0.84,0,53
2026-06-07,P063,175,147,28,0.84,4,43
2026-06-08,P063,175,150,25,0.8571,2,34
2026-06-09,P063,175,152,23,0.8686,0,12
2026-06-10,P063,175,149,26,0.8514,4,46
2026-06-11,P063,175,145,30,0.8286,3,37
2026-06-12,P063,175,142,33,0.8114,6,61
2026-06-13,P063,175,139,36,0.7943,3,50
2026-06-14,P063,175,144,31,0.8229,6,26
2026-06-15,P063,175,147,28,0.84,5,62
2026-06-16,P063,175,140,35,0.8,6,6
2026-06-17,P063,175,139,36,0.7943,1,58
2026-06-18,P063,175,137,38,0.7829,4,61
2026-06-19,P063,175,145,30,0.8286,3,34
2026-06-20,P063,175,137,38,0.7829,2,5
2026-06-21,P063,175,140,35,0.8,0,28
2026-06-22,P063,175,139,36,0.7943,3,23
2026-06-23,P063,175,140,35,0.8,3,36
2026-06-24,P063,175,136,39,0.7771,4,32
2026-06-25,P063,175,141,34,0.8057,1,58
2026-06-26,P063,175,148,27,0.8457,0,41
2026-06-27,P063,175,145,30,0.8286,3,64
2026-06-28,P063,175,143,32,0.8171,3,47
2026-06-29,P063,175,147,28,0.84,6,58
2026-06-30,P063,175,147,28,0.84,6,37
2026-07-01,P063,175,145,30,0.8286,5,16
2026-07-02,P063,175,152,23,0.8686,1,62
2026-07-03,P063,175,156,19,0.8914,5,14
2026-07-04,P063,175,144,31,0.8229,6,30
2026-07-05,P063,175,144,31,0.8229,6,3
2026-07-06,P063,175,146,29,0.8343,4,45
2026-07-07,P063,175,153,22,0.8743,2,48
2026-07-08,P063,175,153,22,0.8743,1,8
2026-07-09,P063,175,150,25,0.8571,2,58
2026-07-10,P063,175,150,25,0.8571,2,64
2026-07-11,P063,175,156,19,0.8914,4,7
2026-07-12,P063,175,149,26,0.8514,4,13
2026-07-13,P063,175,151,24,0.8629,1,25
2026-07-14,P063,175,149,26,0.8514,4,42
2026-07-15,P063,175,142,33,0.8114,2,20
2026-07-16,P063,175,148,27,0.8457,5,15
2026-07-17,P063,175,142,33,0.8114,5,51
2026-07-18,P063,175,147,28,0.84,3,62
2026-07-19,P063,175,144,31,0.8229,2,15
2026-07-20,P063,175,148,27,0.8457,6,65
2026-07-21,P063,175,137,38,0.7829,6,41
2026-07-22,P063,175,136,39,0.7771,4,55
2026-07-23,P063,175,138,37,0.7886,1,13
2026-07-24,P063,175,143,32,0.8171,2,56
2026-07-25,P063,175,147,28,0.84,0,38
2026-07-26,P063,175,141,34,0.8057,4,27
2026-07-27,P063,175,144,31,0.8229,3,39
2026-07-28,P063,175,149,26,0.8514,0,21
2026-07-29,P063,175,151,24,0.8629,5,2
2026-07-30,P063,175,152,23,0.8686,3,27
2026-07-31,P063,175,154,21,0.88,3,6
2026-08-01,P063,175,150,25,0.8571,1,41
2026-08-02,P063,175,157,18,0.8971,1,46
2026-08-03,P063,175,154,21,0.88,5,5
2026-08-04,P063,175,154,21,0.88,3,42
2026-08-05,P063,175,155,20,0.8857,4,21
2026-08-06,P063,175,158,17,0.9029,5,45
2026-08-07,P063,175,156,19,0.8914,4,15
2026-08-08,P063,175,154,21,0.88,0,41
2026-08-09,P063,175,158,17,0.9029,3,46
2026-08-10,P063,175,155,20,0.8857,2,64
2026-08-11,P063,175,157,18,0.8971,5,10
2026-08-12,P063,175,159,16,0.9086,1,4
2026-08-13,P063,175,150,25,0.8571,2,43
2026-08-14,P063,175,147,28,0.84,3,48
2026-08-15,P063,175,151,24,0.8629,0,28
2026-08-16,P063,175,154,21,0.88,3,42
2026-08-17,P063,175,141,34,0.8057,4,33
2026-08-18,P063,175,148,27,0.8457,3,36
2026-08-19,P063,175,138,37,0.7886,3,16
2026-08-20,P063,175,141,34,0.8057,3,59
2026-08-21,P063,175,147,28,0.84,3,30
2026-08-22,P063,175,146,29,0.8343,4,16
2026-08-23,P063,175,143,32,0.8171,5,47
2026-08-24,P063,175,151,24,0.8629,2,33
2026-08-25,P063,175,149,26,0.8514,1,49
2026-08-26,P063,175,148,27,0.8457,1,2
2026-08-27,P063,175,148,27,0.8457,1,62
2026-04-30,P064,195,142,53,0.7282,7,6
2026-05-01,P064,195,141,54,0.7231,9,21
2026-05-02,P064,195,148,47,0.759,3,20
2026-05-03,P064,195,153,42,0.7846,9,21
2026-05-04,P064,195,147,48,0.7538,10,57
2026-05-05,P064,195,146,49,0.7487,6,36
2026-05-06,P064,195,146,49,0.7487,4,35
2026-05-07,P064,195,160,35,0.8205,3,24
2026-05-08,P064,195,149,46,0.7641,4,61
2026-05-09,P064,195,155,40,0.7949,4,48
2026-05-10,P064,195,146,49,0.7487,7,55
2026-05-11,P064,195,147,48,0.7538,2,39
2026-05-12,P064,195,146,49,0.7487,6,23
2026-05-13,P064,195,143,52,0.7333,6,48
2026-05-14,P064,195,141,54,0.7231,9,48
2026-05-15,P064,195,146,49,0.7487,8,30
2026-05-16,P064,195,140,55,0.7179,6,57
2026-05-17,P064,195,141,54,0.7231,7,9
2026-05-18,P064,195,140,55,0.7179,7,30
2026-05-19,P064,195,145,50,0.7436,6,17
2026-05-20,P064,195,134,61,0.6872,6,6
2026-05-21,P064,195,143,52,0.7333,8,4
2026-05-22,P064,195,140,55,0.7179,11,54
2026-05-23,P064,195,140,55,0.7179,8,38
2026-05-24,P064,195,143,52,0.7333,4,44
2026-05-25,P064,195,143,52,0.7333,8,62
2026-05-26,P064,195,141,54,0.7231,5,58
2026-05-27,P064,195,142,53,0.7282,7,56
2026-05-28,P064,195,147,48,0.7538,4,34
2026-05-29,P064,195,143,52,0.7333,6,54
2026-05-30,P064,195,143,52,0.7333,7,17
2026-05-31,P064,195,145,50,0.7436,6,65
2026-06-01,P064,195,152,43,0.7795,4,35
2026-06-02,P064,195,156,39,0.8,6,38
2026-06-03,P064,195,157,38,0.8051,5,65
2026-06-04,P064,195,150,45,0.7692,5,1
2026-06-05,P064,195,155,40,0.7949,8,54
2026-06-06,P064,195,151,44,0.7744,4,34
2026-06-07,P064,195,145,50,0.7436,7,21
2026-06-08,P064,195,156,39,0.8,1,21
2026-06-09,P064,195,153,42,0.7846,3,12
2026-06-10,P064,195,160,35,0.8205,2,8
2026-06-11,P064,195,155,40,0.7949,4,47
2026-06-12,P064,195,151,44,0.7744,8,34
2026-06-13,P064,195,153,42,0.7846,4,44
2026-06-14,P064,195,145,50,0.7436,9,42
2026-06-15,P064,195,152,43,0.7795,6,51
2026-06-16,P064,195,147,48,0.7538,4,64
2026-06-17,P064,195,144,51,0.7385,2,28
2026-06-18,P064,195,138,57,0.7077,3,38
2026-06-19,P064,195,141,54,0.7231,5,23
2026-06-20,P064,195,142,53,0.7282,4,16
2026-06-21,P064,195,145,50,0.7436,6,12
2026-06-22,P064,195,141,54,0.7231,7,28
2026-06-23,P064,195,143,52,0.7333,2,65
2026-06-24,P064,195,141,54,0.7231,1,54
2026-06-25,P064,195,139,56,0.7128,5,16
2026-06-26,P064,195,144,51,0.7385,8,57
2026-06-27,P064,195,149,46,0.7641,2,21
2026-06-28,P064,195,156,39,0.8,0,39
2026-06-29,P064,195,150,45,0.7692,4,53
2026-06-30,P064,195,150,45,0.7692,3,32
2026-07-01,P064,195,151,44,0.7744,4,58
2026-07-02,P064,195,151,44,0.7744,6,8
2026-07-03,P064,195,158,37,0.8103,5,26
2026-07-04,P064,195,153,42,0.7846,1,0
2026-07-05,P064,195,161,34,0.8256,2,8
2026-07-06,P064,195,157,38,0.8051,6,40
2026-07-07,P064,195,159,36,0.8154,4,13
2026-07-08,P064,195,162,33,0.8308,6,56
2026-07-09,P064,195,159,36,0.8154,4,0
2026-07-10,P064,195,154,41,0.7897,3,50
2026-07-11,P064,195,157,38,0.8051,2,12
2026-07-12,P064,195,155,40,0.7949,4,42
2026-07-13,P064,195,155,40,0.7949,1,0
2026-07-14,P064,195,151,44,0.7744,6,39
2026-07-15,P064,195,154,41,0.7897,1,45
2026-07-16,P064,195,154,41,0.7897,2,9
2026-07-17,P064,195,149,46,0.7641,3,59
2026-07-18,P064,195,145,50,0.7436,7,62
2026-07-19,P064,195,151,44,0.7744,8,60
2026-07-20,P064,195,149,46,0.7641,4,33
2026-07-21,P064,195,151,44,0.7744,3,8
2026-07-22,P064,195,150,45,0.7692,9,42
2026-07-23,P064,195,153,42,0.7846,4,42
2026-07-24,P064,195,147,48,0.7538,5,61
2026-07-25,P064,195,148,47,0.759,6,33
2026-07-26,P064,195,146,49,0.7487,7,65
2026-07-27,P064,195,151,44,0.7744,4,58
2026-07-28,P064,195,151,44,0.7744,5,30
2026-07-29,P064,195,155,40,0.7949,4,20
2026-07-30,P064,195,158,37,0.8103,6,22
2026-07-31,P064,195,161,34,0.8256,5,58
2026-08-01,P064,195,159,36,0.8154,10,65
2026-08-02,P064,195,157,38,0.8051,8,35
2026-08-03,P064,195,160,35,0.8205,5,51
2026-08-04,P064,195,165,30,0.8462,10,60
2026-08-05,P064,195,163,32,0.8359,1,22
2026-08-06,P064,195,167,28,0.8564,2,5
2026-08-07,P064,195,159,36,0.8154,3,19
2026-08-08,P064,195,160,35,0.8205,4,42
2026-08-09,P064,195,158,37,0.8103,3,17
2026-08-10,P064,195,163,32,0.8359,3,29
2026-08-11,P064,195,153,42,0.7846,5,1
2026-08-12,P064,195,158,37,0.8103,4,35
2026-08-13,P064,195,161,34,0.8256,3,11
2026-08-14,P064,195,154,41,0.7897,5,28
2026-08-15,P064,195,155,40,0.7949,4,19
2026-08-16,P064,195,153,42,0.7846,5,58
2026-08-17,P064,195,159,36,0.8154,1,2
2026-08-18,P064,195,155,40,0.7949,6,18
2026-08-19,P064,195,144,51,0.7385,7,43
2026-08-20,P064,195,150,45,0.7692,7,62
2026-08-21,P064,195,152,43,0.7795,4,56
2026-08-22,P064,195,150,45,0.7692,8,33
2026-08-23,P064,195,147,48,0.7538,5,40
2026-08-24,P064,195,157,38,0.8051,1,8
2026-08-25,P064,195,153,42,0.7846,4,7
2026-08-26,P064,195,157,38,0.8051,2,0
2026-08-27,P064,195,156,39,0.8,0,45
2026-04-30,P065,331,179,152,0.5408,18,27
2026-05-01,P065,331,196,135,0.5921,13,19
2026-05-02,P065,331,195,136,0.5891,14,57
2026-05-03,P065,331,197,134,0.5952,19,9
2026-05-04,P065,331,195,136,0.5891,13,41
2026-05-05,P065,331,198,133,0.5982,19,15
2026-05-06,P065,331,191,140,0.577,18,41
2026-05-07,P065,331,204,127,0.6163,16,22
2026-05-08,P065,331,204,127,0.6163,18,26
2026-05-09,P065,331,206,125,0.6224,16,15
2026-05-10,P065,331,197,134,0.5952,13,7
2026-05-11,P065,331,206,125,0.6224,19,23
2026-05-12,P065,331,207,124,0.6254,10,28
2026-05-13,P065,331,196,135,0.5921,16,8
2026-05-14,P065,331,184,147,0.5559,18,50
2026-05-15,P065,331,202,129,0.6103,14,36
2026-05-16,P065,331,179,152,0.5408,14,57
2026-05-17,P065,331,180,151,0.5438,17,32
2026-05-18,P065,331,188,143,0.568,14,4
2026-05-19,P065,331,186,145,0.5619,17,26
2026-05-20,P065,331,187,144,0.565,17,5
2026-05-21,P065,331,178,153,0.5378,19,0
2026-05-22,P065,331,198,133,0.5982,13,52
2026-05-23,P065,331,184,147,0.5559,19,4
2026-05-24,P065,331,176,155,0.5317,19,37
2026-05-25,P065,331,183,148,0.5529,15,60
2026-05-26,P065,331,194,137,0.5861,18,39
2026-05-27,P065,331,186,145,0.5619,15,9
2026-05-28,P065,331,192,139,0.5801,15,17
2026-05-29,P065,331,192,139,0.5801,16,45
2026-05-30,P065,331,193,138,0.5831,15,49
2026-05-31,P065,331,198,133,0.5982,17,47
2026-06-01,P065,331,204,127,0.6163,12,25
2026-06-02,P065,331,196,135,0.5921,14,57
2026-06-03,P065,331,199,132,0.6012,15,35
2026-06-04,P065,331,205,126,0.6193,12,20
2026-06-05,P065,331,206,125,0.6224,14,46
2026-06-06,P065,331,214,117,0.6465,12,28
2026-06-07,P065,331,206,125,0.6224,14,17
2026-06-08,P065,331,203,128,0.6133,15,61
2026-06-09,P065,331,204,127,0.6163,15,18
2026-06-10,P065,331,208,123,0.6284,15,1
2026-06-11,P065,331,203,128,0.6133,17,64
2026-06-12,P065,331,199,132,0.6012,18,17
2026-06-13,P065,331,200,131,0.6042,15,15
2026-06-14,P065,331,197,134,0.5952,14,55
2026-06-15,P065,331,185,146,0.5589,17,41
2026-06-16,P065,331,194,137,0.5861,13,38
2026-06-17,P065,331,190,141,0.574,15,13
2026-06-18,P065,331,190,141,0.574,17,24
2026-06-19,P065,331,187,144,0.565,15,64
2026-06-20,P065,331,184,147,0.5559,19,16
2026-06-21,P065,331,186,145,0.5619,18,41
2026-06-22,P065,331,187,144,0.565,16,51
2026-06-23,P065,331,180,151,0.5438,15,10
2026-06-24,P065,331,187,144,0.565,17,21
2026-06-25,P065,331,187,144,0.565,17,44
2026-06-26,P065,331,198,133,0.5982,12,45
2026-06-27,P065,331,191,140,0.577,20,53
2026-06-28,P065,331,199,132,0.6012,17,7
2026-06-29,P065,331,209,122,0.6314,16,8
2026-06-30,P065,331,200,131,0.6042,17,24
2026-07-01,P065,331,205,126,0.6193,15,40
2026-07-02,P065,331,224,107,0.6767,8,40
2026-07-03,P065,331,217,114,0.6556,13,6
2026-07-04,P065,331,206,125,0.6224,15,6
2026-07-05,P065,331,218,113,0.6586,8,7
2026-07-06,P065,331,218,113,0.6586,16,2
2026-07-07,P065,331,212,119,0.6405,14,24
2026-07-08,P065,331,210,121,0.6344,16,36
2026-07-09,P065,331,210,121,0.6344,12,30
2026-07-10,P065,331,221,110,0.6677,10,10
2026-07-11,P065,331,219,112,0.6616,15,39
2026-07-12,P065,331,210,121,0.6344,15,58
2026-07-13,P065,331,204,127,0.6163,18,58
2026-07-14,P065,331,211,120,0.6375,10,9
2026-07-15,P065,331,200,131,0.6042,14,12
2026-07-16,P065,331,203,128,0.6133,16,58
2026-07-17,P065,331,202,129,0.6103,12,12
2026-07-18,P065,331,190,141,0.574,16,65
2026-07-19,P065,331,208,123,0.6284,14,25
2026-07-20,P065,331,195,136,0.5891,12,33
2026-07-21,P065,331,195,136,0.5891,13,8
2026-07-22,P065,331,190,141,0.574,17,45
2026-07-23,P065,331,176,155,0.5317,19,58
2026-07-24,P065,331,193,138,0.5831,16,4
2026-07-25,P065,331,197,134,0.5952,15,56
2026-07-26,P065,331,214,117,0.6465,14,1
2026-07-27,P065,331,204,127,0.6163,13,12
2026-07-28,P065,331,215,116,0.6495,15,20
2026-07-29,P065,331,208,123,0.6284,15,40
2026-07-30,P065,331,206,125,0.6224,17,13
2026-07-31,P065,331,219,112,0.6616,11,40
2026-08-01,P065,331,216,115,0.6526,12,39
2026-08-02,P065,331,224,107,0.6767,11,13
2026-08-03,P065,331,211,120,0.6375,14,58
2026-08-04,P065,331,213,118,0.6435,15,9
2026-08-05,P065,331,224,107,0.6767,12,37
2026-08-06,P065,331,219,112,0.6616,16,36
2026-08-07,P065,331,218,113,0.6586,12,33
2026-08-08,P065,331,217,114,0.6556,17,4
2026-08-09,P065,331,215,116,0.6495,12,63
2026-08-10,P065,331,216,115,0.6526,12,62
2026-08-11,P065,331,211,120,0.6375,13,8
2026-08-12,P065,331,210,121,0.6344,14,24
2026-08-13,P065,331,221,110,0.6677,16,5
2026-08-14,P065,331,212,119,0.6405,14,50
2026-08-15,P065,331,205,126,0.6193,15,65
2026-08-16,P065,331,202,129,0.6103,17,22
2026-08-17,P065,331,202,129,0.6103,15,19
2026-08-18,P065,331,204,127,0.6163,13,36
2026-08-19,P065,331,195,136,0.5891,18,28
2026-08-20,P065,331,198,133,0.5982,17,28
2026-08-21,P065,331,210,121,0.6344,14,2
2026-08-22,P065,331,199,132,0.6012,16,55
2026-08-23,P065,331,210,121,0.6344,17,44
2026-08-24,P065,331,203,128,0.6133,14,62
2026-08-25,P065,331,202,129,0.6103,15,49
2026-08-26,P065,331,212,119,0.6405,15,63
2026-08-27,P065,331,212,119,0.6405,11,49
2026-04-30,P066,341,229,112,0.6716,16,34
2026-05-01,P066,341,220,121,0.6452,14,39
2026-05-02,P066,341,236,105,0.6921,15,14
2026-05-03,P066,341,238,103,0.6979,10,19
2026-05-04,P066,341,240,101,0.7038,16,18
2026-05-05,P066,341,239,102,0.7009,12,22
2026-05-06,P066,341,229,112,0.6716,12,12
2026-05-07,P066,341,234,107,0.6862,11,64
2026-05-08,P066,341,246,95,0.7214,10,53
2026-05-09,P066,341,242,99,0.7097,12,14
2026-05-10,P066,341,239,102,0.7009,10,58
2026-05-11,P066,341,245,96,0.7185,11,39
2026-05-12,P066,341,238,103,0.6979,13,5
2026-05-13,P066,341,234,107,0.6862,10,55
2026-05-14,P066,341,232,109,0.6804,13,20
2026-05-15,P066,341,228,113,0.6686,16,29
2026-05-16,P066,341,238,103,0.6979,10,30
2026-05-17,P066,341,225,116,0.6598,13,20
2026-05-18,P066,341,222,119,0.651,14,5
2026-05-19,P066,341,224,117,0.6569,11,29
2026-05-20,P066,341,221,120,0.6481,13,18
2026-05-21,P066,341,224,117,0.6569,16,37
2026-05-22,P066,341,210,131,0.6158,15,3
2026-05-23,P066,341,216,125,0.6334,12,62
2026-05-24,P066,341,228,113,0.6686,10,65
2026-05-25,P066,341,226,115,0.6628,15,14
2026-05-26,P066,341,211,130,0.6188,16,4
2026-05-27,P066,341,232,109,0.6804,10,5
2026-05-28,P066,341,227,114,0.6657,13,35
2026-05-29,P066,341,232,109,0.6804,12,10
2026-05-30,P066,341,230,111,0.6745,11,63
2026-05-31,P066,341,231,110,0.6774,13,12
2026-06-01,P066,341,246,95,0.7214,14,62
2026-06-02,P066,341,246,95,0.7214,12,33
2026-06-03,P066,341,236,105,0.6921,12,56
2026-06-04,P066,341,252,89,0.739,11,10
2026-06-05,P066,341,254,87,0.7449,9,17
2026-06-06,P066,341,250,91,0.7331,7,39
2026-06-07,P066,341,244,97,0.7155,10,51
2026-06-08,P066,341,244,97,0.7155,11,10
2026-06-09,P066,341,255,86,0.7478,12,63
2026-06-10,P066,341,244,97,0.7155,15,51
2026-06-11,P066,341,243,98,0.7126,13,31
2026-06-12,P066,341,241,100,0.7067,12,44
2026-06-13,P066,341,238,103,0.6979,10,57
2026-06-14,P066,341,246,95,0.7214,8,53
2026-06-15,P066,341,235,106,0.6891,10,24
2026-06-16,P066,341,236,105,0.6921,10,46
2026-06-17,P066,341,231,110,0.6774,11,48
2026-06-18,P066,341,226,115,0.6628,10,27
2026-06-19,P066,341,225,116,0.6598,16,21
2026-06-20,P066,341,227,114,0.6657,12,16
2026-06-21,P066,341,249,92,0.7302,11,52
2026-06-22,P066,341,219,122,0.6422,20,55
2026-06-23,P066,341,232,109,0.6804,12,35
2026-06-24,P066,341,230,111,0.6745,10,29
2026-06-25,P066,341,222,119,0.651,7,49
2026-06-26,P066,341,240,101,0.7038,7,4
2026-06-27,P066,341,240,101,0.7038,13,13
2026-06-28,P066,341,246,95,0.7214,14,48
2026-06-29,P066,341,242,99,0.7097,11,7
2026-06-30,P066,341,254,87,0.7449,13,53
2026-07-01,P066,341,266,75,0.7801,6,12
2026-07-02,P066,341,255,86,0.7478,11,38
2026-07-03,P066,341,255,86,0.7478,10,23
2026-07-04,P066,341,251,90,0.7361,10,49
2026-07-05,P066,341,247,94,0.7243,12,22
2026-07-06,P066,341,253,88,0.7419,6,23
2026-07-07,P066,341,260,81,0.7625,9,14
2026-07-08,P066,341,254,87,0.7449,11,35
2026-07-09,P066,341,263,78,0.7713,10,4
2026-07-10,P066,341,252,89,0.739,11,1
2026-07-11,P066,341,263,78,0.7713,10,45
2026-07-12,P066,341,251,90,0.7361,12,22
2026-07-13,P066,341,249,92,0.7302,9,48
2026-07-14,P066,341,247,94,0.7243,9,28
2026-07-15,P066,341,247,94,0.7243,10,4
2026-07-16,P066,341,247,94,0.7243,11,60
2026-07-17,P066,341,233,108,0.6833,13,65
2026-07-18,P066,341,232,109,0.6804,14,34
2026-07-19,P066,341,234,107,0.6862,14,26
2026-07-20,P066,341,232,109,0.6804,14,37
2026-07-21,P066,341,234,107,0.6862,14,55
2026-07-22,P066,341,251,90,0.7361,9,47
2026-07-23,P066,341,236,105,0.6921,12,13
2026-07-24,P066,341,241,100,0.7067,13,37
2026-07-25,P066,341,231,110,0.6774,18,12
2026-07-26,P066,341,239,102,0.7009,13,1
2026-07-27,P066,341,232,109,0.6804,15,41
2026-07-28,P066,341,243,98,0.7126,9,57
2026-07-29,P066,341,248,93,0.7273,7,30
2026-07-30,P066,341,247,94,0.7243,11,35
2026-07-31,P066,341,256,85,0.7507,10,35
2026-08-01,P066,341,260,81,0.7625,9,46
2026-08-02,P066,341,261,80,0.7654,9,62
2026-08-03,P066,341,264,77,0.7742,9,51
2026-08-04,P066,341,260,81,0.7625,9,59
2026-08-05,P066,341,265,76,0.7771,10,25
2026-08-06,P066,341,255,86,0.7478,10,40
2026-08-07,P066,341,258,83,0.7566,8,43
2026-08-08,P066,341,263,78,0.7713,10,46
2026-08-09,P066,341,260,81,0.7625,9,38
2026-08-10,P066,341,251,90,0.7361,12,22
2026-08-11,P066,341,259,82,0.7595,10,60
2026-08-12,P066,341,249,92,0.7302,10,55
2026-08-13,P066,341,250,91,0.7331,11,19
2026-08-14,P066,341,250,91,0.7331,10,15
2026-08-15,P066,341,240,101,0.7038,13,15
2026-08-16,P066,341,254,87,0.7449,8,64
2026-08-17,P066,341,241,100,0.7067,10,1
2026-08-18,P066,341,244,97,0.7155,9,4
2026-08-19,P066,341,240,101,0.7038,12,5
2026-08-20,P066,341,244,97,0.7155,16,41
2026-08-21,P066,341,255,86,0.7478,11,7
2026-08-22,P066,341,246,95,0.7214,11,13
2026-08-23,P066,341,238,103,0.6979,14,28
2026-08-24,P066,341,248,93,0.7273,13,59
2026-08-25,P066,341,237,104,0.695,9,28
2026-08-26,P066,341,248,93,0.7273,6,10
2026-08-27,P066,341,254,87,0.7449,8,18
2026-04-30,P067,173,145,28,0.8382,2,10
2026-05-01,P067,173,150,23,0.8671,2,55
2026-05-02,P067,173,151,22,0.8728,2,47
2026-05-03,P067,173,152,21,0.8786,3,30
2026-05-04,P067,173,153,20,0.8844,0,51
2026-05-05,P067,173,148,25,0.8555,3,56
2026-05-06,P067,173,150,23,0.8671,2,16
2026-05-07,P067,173,153,20,0.8844,0,50
2026-05-08,P067,173,155,18,0.896,3,61
2026-05-09,P067,173,151,22,0.8728,0,19
2026-05-10,P067,173,153,20,0.8844,4,12
2026-05-11,P067,173,155,18,0.896,5,55
2026-05-12,P067,173,151,22,0.8728,0,27
2026-05-13,P067,173,151,22,0.8728,4,4
2026-05-14,P067,173,149,24,0.8613,2,36
2026-05-15,P067,173,150,23,0.8671,2,12
2026-05-16,P067,173,147,26,0.8497,0,59
2026-05-17,P067,173,148,25,0.8555,4,44
2026-05-18,P067,173,148,25,0.8555,0,30
2026-05-19,P067,173,142,31,0.8208,3,50
2026-05-20,P067,173,146,27,0.8439,0,32
2026-05-21,P067,173,144,29,0.8324,1,19
2026-05-22,P067,173,141,32,0.815,4,62
2026-05-23,P067,173,143,30,0.8266,4,22
2026-05-24,P067,173,147,26,0.8497,5,38
2026-05-25,P067,173,139,34,0.8035,4,3
2026-05-26,P067,173,144,29,0.8324,2,15
2026-05-27,P067,173,145,28,0.8382,3,59
2026-05-28,P067,173,146,27,0.8439,3,28
2026-05-29,P067,173,152,21,0.8786,3,37
2026-05-30,P067,173,149,24,0.8613,5,63
2026-05-31,P067,173,152,21,0.8786,5,26
2026-06-01,P067,173,153,20,0.8844,3,15
2026-06-02,P067,173,152,21,0.8786,0,30
2026-06-03,P067,173,157,16,0.9075,1,62
2026-06-04,P067,173,158,15,0.9133,3,38
2026-06-05,P067,173,156,17,0.9017,0,46
2026-06-06,P067,173,156,17,0.9017,7,47
2026-06-07,P067,173,158,15,0.9133,0,64
2026-06-08,P067,173,155,18,0.896,0,20
2026-06-09,P067,173,158,15,0.9133,2,2
2026-06-10,P067,173,153,20,0.8844,5,17
2026-06-11,P067,173,155,18,0.896,1,45
2026-06-12,P067,173,159,14,0.9191,1,41
2026-06-13,P067,173,154,19,0.8902,0,17
2026-06-14,P067,173,154,19,0.8902,1,28
2026-06-15,P067,173,151,22,0.8728,1,40
2026-06-16,P067,173,158,15,0.9133,1,38
2026-06-17,P067,173,144,29,0.8324,6,46
2026-06-18,P067,173,154,19,0.8902,2,61
2026-06-19,P067,173,149,24,0.8613,2,15
2026-06-20,P067,173,150,23,0.8671,3,4
2026-06-21,P067,173,152,21,0.8786,1,18
2026-06-22,P067,173,149,24,0.8613,3,60
2026-06-23,P067,173,154,19,0.8902,0,7
2026-06-24,P067,173,150,23,0.8671,3,24
2026-06-25,P067,173,153,20,0.8844,1,17
2026-06-26,P067,173,147,26,0.8497,0,14
2026-06-27,P067,173,158,15,0.9133,3,30
2026-06-28,P067,173,158,15,0.9133,1,61
2026-06-29,P067,173,154,19,0.8902,2,28
2026-06-30,P067,173,158,15,0.9133,1,60
2026-07-01,P067,173,160,13,0.9249,0,59
2026-07-02,P067,173,161,12,0.9306,0,20
2026-07-03,P067,173,159,14,0.9191,0,17
2026-07-04,P067,173,160,13,0.9249,4,54
2026-07-05,P067,173,164,9,0.948,1,43
2026-07-06,P067,173,167,6,0.9653,2,27
2026-07-07,P067,173,159,14,0.9191,0,55
2026-07-08,P067,173,165,8,0.9538,0,21
2026-07-09,P067,173,163,10,0.9422,0,38
2026-07-10,P067,173,168,5,0.9711,0,65
2026-07-11,P067,173,160,13,0.9249,0,55
2026-07-12,P067,173,161,12,0.9306,0,57
2026-07-13,P067,173,157,16,0.9075,0,8
2026-07-14,P067,173,158,15,0.9133,2,32
2026-07-15,P067,173,159,14,0.9191,2,6
2026-07-16,P067,173,155,18,0.896,0,23
2026-07-17,P067,173,152,21,0.8786,3,35
2026-07-18,P067,173,153,20,0.8844,2,43
2026-07-19,P067,173,153,20,0.8844,3,15
2026-07-20,P067,173,151,22,0.8728,3,16
2026-07-21,P067,173,156,17,0.9017,8,51
2026-07-22,P067,173,154,19,0.8902,1,7
2026-07-23,P067,173,152,21,0.8786,3,9
2026-07-24,P067,173,151,22,0.8728,1,39
2026-07-25,P067,173,156,17,0.9017,0,47
2026-07-26,P067,173,154,19,0.8902,2,63
2026-07-27,P067,173,148,25,0.8555,6,20
2026-07-28,P067,173,162,11,0.9364,2,44
2026-07-29,P067,173,158,15,0.9133,0,27
2026-07-30,P067,173,163,10,0.9422,0,40
2026-07-31,P067,173,158,15,0.9133,3,10
2026-08-01,P067,173,165,8,0.9538,4,39
2026-08-02,P067,173,168,5,0.9711,0,47
2026-08-03,P067,173,163,10,0.9422,0,36
2026-08-04,P067,173,164,9,0.948,0,10
2026-08-05,P067,173,170,3,0.9827,0,17
2026-08-06,P067,173,164,9,0.948,0,62
2026-08-07,P067,173,165,8,0.9538,1,63
2026-08-08,P067,173,160,13,0.9249,1,32
2026-08-09,P067,173,163,10,0.9422,0,53
2026-08-10,P067,173,164,9,0.948,0,27
2026-08-11,P067,173,161,12,0.9306,1,35
2026-08-12,P067,173,158,15,0.9133,2,40
2026-08-13,P067,173,164,9,0.948,1,35
2026-08-14,P067,173,160,13,0.9249,0,12
2026-08-15,P067,173,163,10,0.9422,0,39
2026-08-16,P067,173,159,14,0.9191,0,40
2026-08-17,P067,173,158,15,0.9133,0,1
2026-08-18,P067,173,155,18,0.896,1,50
2026-08-19,P067,173,156,17,0.9017,3,38
2026-08-20,P067,173,157,16,0.9075,0,45
2026-08-21,P067,173,156,17,0.9017,0,47
2026-08-22,P067,173,157,16,0.9075,0,24
2026-08-23,P067,173,151,22,0.8728,1,43
2026-08-24,P067,173,161,12,0.9306,0,32
2026-08-25,P067,173,159,14,0.9191,1,65
2026-08-26,P067,173,159,14,0.9191,0,6
2026-08-27,P067,173,168,5,0.9711,0,29
2026-04-30,P068,278,222,56,0.7986,9,9
2026-05-01,P068,278,228,50,0.8201,2,29
2026-05-02,P068,278,231,47,0.8309,3,24
2026-05-03,P068,278,234,44,0.8417,6,23
2026-05-04,P068,278,237,41,0.8525,4,59
2026-05-05,P068,278,249,29,0.8957,4,39
2026-05-06,P068,278,235,43,0.8453,5,40
2026-05-07,P068,278,238,40,0.8561,5,25
2026-05-08,P068,278,237,41,0.8525,4,59
2026-05-09,P068,278,238,40,0.8561,3,56
2026-05-10,P068,278,231,47,0.8309,7,23
2026-05-11,P068,278,239,39,0.8597,3,49
2026-05-12,P068,278,236,42,0.8489,6,11
2026-05-13,P068,278,233,45,0.8381,1,45
2026-05-14,P068,278,233,45,0.8381,5,35
2026-05-15,P068,278,229,49,0.8237,4,16
2026-05-16,P068,278,227,51,0.8165,6,24
2026-05-17,P068,278,229,49,0.8237,3,2
2026-05-18,P068,278,230,48,0.8273,4,45
2026-05-19,P068,278,220,58,0.7914,7,12
2026-05-20,P068,278,226,52,0.8129,4,30
2026-05-21,P068,278,215,63,0.7734,5,60
2026-05-22,P068,278,221,57,0.795,4,46
2026-05-23,P068,278,213,65,0.7662,9,2
2026-05-24,P068,278,223,55,0.8022,5,15
2026-05-25,P068,278,215,63,0.7734,7,0
2026-05-26,P068,278,217,61,0.7806,5,51
2026-05-27,P068,278,230,48,0.8273,3,1
2026-05-28,P068,278,233,45,0.8381,5,33
2026-05-29,P068,278,240,38,0.8633,0,10
2026-05-30,P068,278,233,45,0.8381,7,39
2026-05-31,P068,278,235,43,0.8453,3,32
2026-06-01,P068,278,241,37,0.8669,1,65
2026-06-02,P068,278,246,32,0.8849,3,34
2026-06-03,P068,278,244,34,0.8777,4,36
2026-06-04,P068,278,247,31,0.8885,5,48
2026-06-05,P068,278,249,29,0.8957,2,7
2026-06-06,P068,278,240,38,0.8633,7,4
2026-06-07,P068,278,245,33,0.8813,3,28
2026-06-08,P068,278,246,32,0.8849,5,2
2026-06-09,P068,278,241,37,0.8669,5,34
2026-06-10,P068,278,238,40,0.8561,4,34
2026-06-11,P068,278,243,35,0.8741,4,58
2026-06-12,P068,278,240,38,0.8633,7,57
2026-06-13,P068,278,236,42,0.8489,4,56
2026-06-14,P068,278,229,49,0.8237,4,11
2026-06-15,P068,278,224,54,0.8058,6,42
2026-06-16,P068,278,240,38,0.8633,3,58
2026-06-17,P068,278,229,49,0.8237,5,25
2026-06-18,P068,278,222,56,0.7986,3,15
2026-06-19,P068,278,230,48,0.8273,4,61
2026-06-20,P068,278,232,46,0.8345,8,8
2026-06-21,P068,278,229,49,0.8237,6,34
2026-06-22,P068,278,226,52,0.8129,9,8
2026-06-23,P068,278,223,55,0.8022,9,30
2026-06-24,P068,278,236,42,0.8489,7,18
2026-06-25,P068,278,233,45,0.8381,5,35
2026-06-26,P068,278,237,41,0.8525,3,64
2026-06-27,P068,278,230,48,0.8273,7,59
2026-06-28,P068,278,242,36,0.8705,5,0
2026-06-29,P068,278,234,44,0.8417,4,22
2026-06-30,P068,278,242,36,0.8705,6,43
2026-07-01,P068,278,245,33,0.8813,4,41
2026-07-02,P068,278,249,29,0.8957,2,4
2026-07-03,P068,278,249,29,0.8957,2,62
2026-07-04,P068,278,242,36,0.8705,4,29
2026-07-05,P068,278,251,27,0.9029,3,43
2026-07-06,P068,278,254,24,0.9137,3,12
2026-07-07,P068,278,248,30,0.8921,6,14
2026-07-08,P068,278,245,33,0.8813,1,30
2026-07-09,P068,278,246,32,0.8849,5,16
2026-07-10,P068,278,241,37,0.8669,3,18
2026-07-11,P068,278,252,26,0.9065,0,49
2026-07-12,P068,278,245,33,0.8813,6,13
2026-07-13,P068,278,243,35,0.8741,5,24
2026-07-14,P068,278,241,37,0.8669,2,33
2026-07-15,P068,278,240,38,0.8633,2,57
2026-07-16,P068,278,230,48,0.8273,7,53
2026-07-17,P068,278,238,40,0.8561,3,16
2026-07-18,P068,278,230,48,0.8273,7,21
2026-07-19,P068,278,233,45,0.8381,7,57
2026-07-20,P068,278,242,36,0.8705,3,48
2026-07-21,P068,278,242,36,0.8705,5,36
2026-07-22,P068,278,236,42,0.8489,7,53
2026-07-23,P068,278,243,35,0.8741,5,39
2026-07-24,P068,278,231,47,0.8309,5,11
2026-07-25,P068,278,233,45,0.8381,3,8
2026-07-26,P068,278,234,44,0.8417,8,18
2026-07-27,P068,278,240,38,0.8633,7,48
2026-07-28,P068,278,243,35,0.8741,6,57
2026-07-29,P068,278,241,37,0.8669,6,62
2026-07-30,P068,278,248,30,0.8921,4,36
2026-07-31,P068,278,248,30,0.8921,2,10
2026-08-01,P068,278,244,34,0.8777,6,9
2026-08-02,P068,278,243,35,0.8741,5,50
2026-08-03,P068,278,267,11,0.9604,0,17
2026-08-04,P068,278,258,20,0.9281,3,38
2026-08-05,P068,278,257,21,0.9245,1,11
2026-08-06,P068,278,249,29,0.8957,2,49
2026-08-07,P068,278,257,21,0.9245,1,39
2026-08-08,P068,278,251,27,0.9029,0,13
2026-08-09,P068,278,253,25,0.9101,1,13
2026-08-10,P068,278,255,23,0.9173,0,47
2026-08-11,P068,278,257,21,0.9245,3,38
2026-08-12,P068,278,247,31,0.8885,5,27
2026-08-13,P068,278,254,24,0.9137,0,60
2026-08-14,P068,278,257,21,0.9245,3,20
2026-08-15,P068,278,241,37,0.8669,4,18
2026-08-16,P068,278,241,37,0.8669,1,10
2026-08-17,P068,278,244,34,0.8777,2,64
2026-08-18,P068,278,245,33,0.8813,4,55
2026-08-19,P068,278,244,34,0.8777,8,8
2026-08-20,P068,278,235,43,0.8453,5,53
2026-08-21,P068,278,246,32,0.8849,1,21
2026-08-22,P068,278,234,44,0.8417,10,6
2026-08-23,P068,278,239,39,0.8597,5,44
2026-08-24,P068,278,246,32,0.8849,1,23
2026-08-25,P068,278,235,43,0.8453,5,26
2026-08-26,P068,278,242,36,0.8705,3,6
2026-08-27,P068,278,248,30,0.8921,3,24
2026-04-30,P069,199,173,26,0.8693,2,46
2026-05-01,P069,199,173,26,0.8693,0,34
2026-05-02,P069,199,182,17,0.9146,1,29
2026-05-03,P069,199,175,24,0.8794,1,49
2026-05-04,P069,199,187,12,0.9397,2,17
2026-05-05,P069,199,185,14,0.9296,6,24
2026-05-06,P069,199,180,19,0.9045,0,46
2026-05-07,P069,199,181,18,0.9095,3,4
2026-05-08,P069,199,186,13,0.9347,4,21
2026-05-09,P069,199,193,6,0.9698,0,4
2026-05-10,P069,199,182,17,0.9146,3,61
2026-05-11,P069,199,180,19,0.9045,2,32
2026-05-12,P069,199,184,15,0.9246,1,38
2026-05-13,P069,199,176,23,0.8844,3,10
2026-05-14,P069,199,179,20,0.8995,4,29
2026-05-15,P069,199,171,28,0.8593,3,43
2026-05-16,P069,199,179,20,0.8995,3,1
2026-05-17,P069,199,176,23,0.8844,3,39
2026-05-18,P069,199,175,24,0.8794,7,49
2026-05-19,P069,199,172,27,0.8643,4,46
2026-05-20,P069,199,174,25,0.8744,4,51
2026-05-21,P069,199,167,32,0.8392,4,26
2026-05-22,P069,199,176,23,0.8844,0,22
2026-05-23,P069,199,171,28,0.8593,3,51
2026-05-24,P069,199,166,33,0.8342,2,13
2026-05-25,P069,199,172,27,0.8643,1,1
2026-05-26,P069,199,174,25,0.8744,1,5
2026-05-27,P069,199,168,31,0.8442,2,45
2026-05-28,P069,199,176,23,0.8844,0,59
2026-05-29,P069,199,186,13,0.9347,0,45
2026-05-30,P069,199,174,25,0.8744,5,64
2026-05-31,P069,199,181,18,0.9095,0,26
2026-06-01,P069,199,182,17,0.9146,0,8
2026-06-02,P069,199,185,14,0.9296,3,47
2026-06-03,P069,199,186,13,0.9347,0,53
2026-06-04,P069,199,184,15,0.9246,0,60
2026-06-05,P069,199,190,9,0.9548,0,48
2026-06-06,P069,199,186,13,0.9347,2,7
2026-06-07,P069,199,183,16,0.9196,0,15
2026-06-08,P069,199,178,21,0.8945,1,1
2026-06-09,P069,199,188,11,0.9447,3,55
2026-06-10,P069,199,187,12,0.9397,0,49
2026-06-11,P069,199,187,12,0.9397,1,0
2026-06-12,P069,199,181,18,0.9095,3,52
2026-06-13,P069,199,180,19,0.9045,0,37
2026-06-14,P069,199,184,15,0.9246,5,60
2026-06-15,P069,199,179,20,0.8995,1,43
2026-06-16,P069,199,184,15,0.9246,2,38
2026-06-17,P069,199,171,28,0.8593,4,24
2026-06-18,P069,199,184,15,0.9246,2,61
2026-06-19,P069,199,174,25,0.8744,0,48
2026-06-20,P069,199,167,32,0.8392,5,27
2026-06-21,P069,199,179,20,0.8995,4,23
2026-06-22,P069,199,172,27,0.8643,0,6
2026-06-23,P069,199,182,17,0.9146,1,9
2026-06-24,P069,199,182,17,0.9146,1,49
2026-06-25,P069,199,178,21,0.8945,3,55
2026-06-26,P069,199,174,25,0.8744,1,42
2026-06-27,P069,199,179,20,0.8995,0,63
2026-06-28,P069,199,184,15,0.9246,0,40
2026-06-29,P069,199,186,13,0.9347,1,46
2026-06-30,P069,199,185,14,0.9296,2,60
2026-07-01,P069,199,192,7,0.9648,0,17
2026-07-02,P069,199,188,11,0.9447,0,41
2026-07-03,P069,199,187,12,0.9397,2,46
2026-07-04,P069,199,188,11,0.9447,1,7
2026-07-05,P069,199,188,11,0.9447,0,53
2026-07-06,P069,199,189,10,0.9497,5,45
2026-07-07,P069,199,195,4,0.9799,1,40
2026-07-08,P069,199,195,4,0.9799,0,64
2026-07-09,P069,199,191,8,0.9598,1,14
2026-07-10,P069,199,191,8,0.9598,2,4
2026-07-11,P069,199,186,13,0.9347,1,30
2026-07-12,P069,199,187,12,0.9397,2,26
2026-07-13,P069,199,188,11,0.9447,2,1
2026-07-14,P069,199,189,10,0.9497,0,54
2026-07-15,P069,199,182,17,0.9146,1,44
2026-07-16,P069,199,185,14,0.9296,1,46
2026-07-17,P069,199,176,23,0.8844,2,12
2026-07-18,P069,199,180,19,0.9045,2,23
2026-07-19,P069,199,176,23,0.8844,3,2
2026-07-20,P069,199,178,21,0.8945,0,51
2026-07-21,P069,199,178,21,0.8945,4,44
2026-07-22,P069,199,176,23,0.8844,1,47
2026-07-23,P069,199,177,22,0.8894,5,60
2026-07-24,P069,199,178,21,0.8945,0,17
2026-07-25,P069,199,180,19,0.9045,1,5
2026-07-26,P069,199,181,18,0.9095,4,63
2026-07-27,P069,199,183,16,0.9196,4,45
2026-07-28,P069,199,188,11,0.9447,0,12
2026-07-29,P069,199,185,14,0.9296,0,33
2026-07-30,P069,199,187,12,0.9397,4,9
2026-07-31,P069,199,188,11,0.9447,1,47
2026-08-01,P069,199,191,8,0.9598,0,57
2026-08-02,P069,199,188,11,0.9447,2,33
2026-08-03,P069,199,195,4,0.9799,4,50
2026-08-04,P069,199,195,4,0.9799,1,20
2026-08-05,P069,199,195,4,0.9799,0,40
2026-08-06,P069,199,195,4,0.9799,0,20
2026-08-07,P069,199,195,4,0.9799,0,15
2026-08-08,P069,199,190,9,0.9548,0,35
2026-08-09,P069,199,195,4,0.9799,1,10
2026-08-10,P069,199,190,9,0.9548,3,12
2026-08-11,P069,199,187,12,0.9397,1,5
2026-08-12,P069,199,189,10,0.9497,3,65
2026-08-13,P069,199,193,6,0.9698,1,2
2026-08-14,P069,199,187,12,0.9397,0,18
2026-08-15,P069,199,187,12,0.9397,1,28
2026-08-16,P069,199,185,14,0.9296,2,22
2026-08-17,P069,199,184,15,0.9246,2,18
2026-08-18,P069,199,182,17,0.9146,0,34
2026-08-19,P069,199,182,17,0.9146,0,27
2026-08-20,P069,199,186,13,0.9347,6,4
2026-08-21,P069,199,185,14,0.9296,2,57
2026-08-22,P069,199,184,15,0.9246,5,15
2026-08-23,P069,199,180,19,0.9045,2,34
2026-08-24,P069,199,187,12,0.9397,4,56
2026-08-25,P069,199,182,17,0.9146,4,62
2026-08-26,P069,199,186,13,0.9347,0,43
2026-08-27,P069,199,187,12,0.9397,3,28
2026-04-30,P070,369,246,123,0.6667,13,19
2026-05-01,P070,369,243,126,0.6585,13,27
2026-05-02,P070,369,272,97,0.7371,11,34
2026-05-03,P070,369,264,105,0.7154,13,41
2026-05-04,P070,369,253,116,0.6856,12,24
2026-05-05,P070,369,271,98,0.7344,11,7
2026-05-06,P070,369,258,111,0.6992,10,34
2026-05-07,P070,369,276,93,0.748,8,53
2026-05-08,P070,369,264,105,0.7154,12,61
2026-05-09,P070,369,265,104,0.7182,15,10
2026-05-10,P070,369,263,106,0.7127,15,57
2026-05-11,P070,369,262,107,0.71,12,61
2026-05-12,P070,369,266,103,0.7209,13,25
2026-05-13,P070,369,268,101,0.7263,8,1
2026-05-14,P070,369,265,104,0.7182,12,43
2026-05-15,P070,369,262,107,0.71,11,43
2026-05-16,P070,369,251,118,0.6802,12,19
2026-05-17,P070,369,248,121,0.6721,11,33
2026-05-18,P070,369,260,109,0.7046,11,16
2026-05-19,P070,369,244,125,0.6612,16,40
2026-05-20,P070,369,244,125,0.6612,12,15
2026-05-21,P070,369,249,120,0.6748,12,23
2026-05-22,P070,369,236,133,0.6396,14,36
2026-05-23,P070,369,251,118,0.6802,14,14
2026-05-24,P070,369,253,116,0.6856,15,17
2026-05-25,P070,369,248,121,0.6721,15,15
2026-05-26,P070,369,248,121,0.6721,12,51
2026-05-27,P070,369,257,112,0.6965,9,2
2026-05-28,P070,369,263,106,0.7127,10,41
2026-05-29,P070,369,262,107,0.71,15,41
2026-05-30,P070,369,259,110,0.7019,12,43
2026-05-31,P070,369,256,113,0.6938,18,34
2026-06-01,P070,369,269,100,0.729,11,17
2026-06-02,P070,369,270,99,0.7317,13,41
2026-06-03,P070,369,272,97,0.7371,13,23
2026-06-04,P070,369,267,102,0.7236,13,15
2026-06-05,P070,369,278,91,0.7534,12,32
2026-06-06,P070,369,276,93,0.748,10,55
2026-06-07,P070,369,279,90,0.7561,11,21
2026-06-08,P070,369,278,91,0.7534,6,14
2026-06-09,P070,369,273,96,0.7398,11,4
2026-06-10,P070,369,269,100,0.729,14,58
2026-06-11,P070,369,270,99,0.7317,12,29
2026-06-12,P070,369,260,109,0.7046,14,48
2026-06-13,P070,369,262,107,0.71,10,16
2026-06-14,P070,369,268,101,0.7263,12,53
2026-06-15,P070,369,259,110,0.7019,18,54
2026-06-16,P070,369,262,107,0.71,11,12
2026-06-17,P070,369,252,117,0.6829,11,30
2026-06-18,P070,369,261,108,0.7073,16,8
2026-06-19,P070,369,260,109,0.7046,12,35
2026-06-20,P070,369,256,113,0.6938,12,32
2026-06-21,P070,369,255,114,0.6911,16,21
2026-06-22,P070,369,273,96,0.7398,10,48
2026-06-23,P070,369,260,109,0.7046,11,22
2026-06-24,P070,369,258,111,0.6992,12,64
2026-06-25,P070,369,247,122,0.6694,12,2
2026-06-26,P070,369,264,105,0.7154,12,56
2026-06-27,P070,369,249,120,0.6748,16,51
2026-06-28,P070,369,263,106,0.7127,14,25
2026-06-29,P070,369,269,100,0.729,14,13
2026-06-30,P070,369,270,99,0.7317,12,40
2026-07-01,P070,369,273,96,0.7398,14,6
2026-07-02,P070,369,280,89,0.7588,8,36
2026-07-03,P070,369,273,96,0.7398,14,11
2026-07-04,P070,369,284,85,0.7696,12,38
2026-07-05,P070,369,283,86,0.7669,7,6
2026-07-06,P070,369,272,97,0.7371,12,7
2026-07-07,P070,369,288,81,0.7805,10,32
2026-07-08,P070,369,287,82,0.7778,11,59
2026-07-09,P070,369,285,84,0.7724,11,59
2026-07-10,P070,369,282,87,0.7642,10,61
2026-07-11,P070,369,289,80,0.7832,10,38
2026-07-12,P070,369,280,89,0.7588,10,36
2026-07-13,P070,369,279,90,0.7561,9,41
2026-07-14,P070,369,271,98,0.7344,10,52
2026-07-15,P070,369,270,99,0.7317,12,60
2026-07-16,P070,369,267,102,0.7236,14,63
2026-07-17,P070,369,263,106,0.7127,13,21
2026-07-18,P070,369,286,83,0.7751,10,31
2026-07-19,P070,369,259,110,0.7019,17,65
2026-07-20,P070,369,256,113,0.6938,12,9
2026-07-21,P070,369,261,108,0.7073,11,61
2026-07-22,P070,369,273,96,0.7398,11,19
2026-07-23,P070,369,262,107,0.71,14,28
2026-07-24,P070,369,257,112,0.6965,15,33
2026-07-25,P070,369,269,100,0.729,11,58
2026-07-26,P070,369,258,111,0.6992,14,60
2026-07-27,P070,369,266,103,0.7209,17,60
2026-07-28,P070,369,261,108,0.7073,11,12
2026-07-29,P070,369,274,95,0.7425,13,49
2026-07-30,P070,369,280,89,0.7588,11,9
2026-07-31,P070,369,283,86,0.7669,10,13
2026-08-01,P070,369,296,73,0.8022,12,55
2026-08-02,P070,369,279,90,0.7561,9,61
2026-08-03,P070,369,281,88,0.7615,9,37
2026-08-04,P070,369,295,74,0.7995,8,19
2026-08-05,P070,369,285,84,0.7724,11,5
2026-08-06,P070,369,302,67,0.8184,8,49
2026-08-07,P070,369,290,79,0.7859,9,25
2026-08-08,P070,369,294,75,0.7967,4,34
2026-08-09,P070,369,288,81,0.7805,13,17
2026-08-10,P070,369,285,84,0.7724,8,34
2026-08-11,P070,369,288,81,0.7805,11,26
2026-08-12,P070,369,286,83,0.7751,9,55
2026-08-13,P070,369,280,89,0.7588,9,38
2026-08-14,P070,369,286,83,0.7751,8,27
2026-08-15,P070,369,267,102,0.7236,14,59
2026-08-16,P070,369,262,107,0.71,11,52
2026-08-17,P070,369,270,99,0.7317,12,30
2026-08-18,P070,369,261,108,0.7073,12,43
2026-08-19,P070,369,271,98,0.7344,12,25
2026-08-20,P070,369,275,94,0.7453,9,52
2026-08-21,P070,369,276,93,0.748,12,13
2026-08-22,P070,369,261,108,0.7073,14,51
2026-08-23,P070,369,266,103,0.7209,12,33
2026-08-24,P070,369,259,110,0.7019,9,47
2026-08-25,P070,369,271,98,0.7344,14,18
2026-08-26,P070,369,277,92,0.7507,11,2
2026-08-27,P070,369,275,94,0.7453,8,14
2026-04-30,P071,209,140,69,0.6699,8,5
2026-05-01,P071,209,131,78,0.6268,3,61
2026-05-02,P071,209,140,69,0.6699,15,47
2026-05-03,P071,209,136,73,0.6507,8,64
2026-05-04,P071,209,146,63,0.6986,7,23
2026-05-05,P071,209,140,69,0.6699,9,5
2026-05-06,P071,209,143,66,0.6842,6,0
2026-05-07,P071,209,143,66,0.6842,8,62
2026-05-08,P071,209,141,68,0.6746,7,15
2026-05-09,P071,209,139,70,0.6651,7,21
2026-05-10,P071,209,142,67,0.6794,6,45
2026-05-11,P071,209,144,65,0.689,7,4
2026-05-12,P071,209,144,65,0.689,6,3
2026-05-13,P071,209,137,72,0.6555,10,62
2026-05-14,P071,209,131,78,0.6268,9,39
2026-05-15,P071,209,133,76,0.6364,5,11
2026-05-16,P071,209,127,82,0.6077,11,24
2026-05-17,P071,209,128,81,0.6124,8,6
2026-05-18,P071,209,131,78,0.6268,9,9
2026-05-19,P071,209,130,79,0.622,7,19
2026-05-20,P071,209,126,83,0.6029,7,48
2026-05-21,P071,209,118,91,0.5646,10,65
2026-05-22,P071,209,135,74,0.6459,12,45
2026-05-23,P071,209,130,79,0.622,7,35
2026-05-24,P071,209,133,76,0.6364,10,51
2026-05-25,P071,209,127,82,0.6077,12,60
2026-05-26,P071,209,123,86,0.5885,9,32
2026-05-27,P071,209,135,74,0.6459,8,59
2026-05-28,P071,209,138,71,0.6603,6,10
2026-05-29,P071,209,136,73,0.6507,6,33
2026-05-30,P071,209,139,70,0.6651,8,12
2026-05-31,P071,209,132,77,0.6316,9,6
2026-06-01,P071,209,136,73,0.6507,8,45
2026-06-02,P071,209,143,66,0.6842,7,39
2026-06-03,P071,209,149,60,0.7129,9,24
2026-06-04,P071,209,138,71,0.6603,9,16
2026-06-05,P071,209,144,65,0.689,6,57
2026-06-06,P071,209,145,64,0.6938,11,18
2026-06-07,P071,209,142,67,0.6794,7,16
2026-06-08,P071,209,144,65,0.689,8,61
2026-06-09,P071,209,141,68,0.6746,9,59
2026-06-10,P071,209,142,67,0.6794,6,56
2026-06-11,P071,209,137,72,0.6555,8,57
2026-06-12,P071,209,139,70,0.6651,8,53
2026-06-13,P071,209,141,68,0.6746,7,53
2026-06-14,P071,209,143,66,0.6842,10,3
2026-06-15,P071,209,137,72,0.6555,8,9
2026-06-16,P071,209,132,77,0.6316,11,16
2026-06-17,P071,209,127,82,0.6077,11,58
2026-06-18,P071,209,129,80,0.6172,9,42
2026-06-19,P071,209,135,74,0.6459,8,8
2026-06-20,P071,209,127,82,0.6077,8,42
2026-06-21,P071,209,131,78,0.6268,6,57
2026-06-22,P071,209,135,74,0.6459,9,22
2026-06-23,P071,209,131,78,0.6268,9,40
2026-06-24,P071,209,133,76,0.6364,8,20
2026-06-25,P071,209,137,72,0.6555,6,4
2026-06-26,P071,209,136,73,0.6507,9,49
2026-06-27,P071,209,134,75,0.6411,8,22
2026-06-28,P071,209,139,70,0.6651,8,10
2026-06-29,P071,209,135,74,0.6459,9,6
2026-06-30,P071,209,146,63,0.6986,7,32
2026-07-01,P071,209,140,69,0.6699,8,60
2026-07-02,P071,209,145,64,0.6938,4,51
2026-07-03,P071,209,152,57,0.7273,6,52
2026-07-04,P071,209,145,64,0.6938,5,22
2026-07-05,P071,209,149,60,0.7129,5,44
2026-07-06,P071,209,154,55,0.7368,4,16
2026-07-07,P071,209,145,64,0.6938,4,54
2026-07-08,P071,209,145,64,0.6938,9,54
2026-07-09,P071,209,149,60,0.7129,4,42
2026-07-10,P071,209,150,59,0.7177,7,16
2026-07-11,P071,209,146,63,0.6986,7,58
2026-07-12,P071,209,147,62,0.7033,4,13
2026-07-13,P071,209,142,67,0.6794,12,39
2026-07-14,P071,209,143,66,0.6842,5,22
2026-07-15,P071,209,140,69,0.6699,11,13
2026-07-16,P071,209,139,70,0.6651,9,45
2026-07-17,P071,209,145,64,0.6938,6,28
2026-07-18,P071,209,140,69,0.6699,10,49
2026-07-19,P071,209,140,69,0.6699,10,5
2026-07-20,P071,209,144,65,0.689,5,15
2026-07-21,P071,209,135,74,0.6459,7,45
2026-07-22,P071,209,134,75,0.6411,10,11
2026-07-23,P071,209,141,68,0.6746,6,51
2026-07-24,P071,209,140,69,0.6699,9,18
2026-07-25,P071,209,136,73,0.6507,5,26
2026-07-26,P071,209,143,66,0.6842,7,20
2026-07-27,P071,209,140,69,0.6699,5,7
2026-07-28,P071,209,144,65,0.689,10,41
2026-07-29,P071,209,144,65,0.689,6,8
2026-07-30,P071,209,148,61,0.7081,5,59
2026-07-31,P071,209,143,66,0.6842,8,42
2026-08-01,P071,209,149,60,0.7129,7,15
2026-08-02,P071,209,147,62,0.7033,6,16
2026-08-03,P071,209,150,59,0.7177,11,22
2026-08-04,P071,209,151,58,0.7225,10,0
2026-08-05,P071,209,154,55,0.7368,6,61
2026-08-06,P071,209,153,56,0.7321,3,39
2026-08-07,P071,209,159,50,0.7608,6,60
2026-08-08,P071,209,157,52,0.7512,6,8
2026-08-09,P071,209,153,56,0.7321,5,56
2026-08-10,P071,209,145,64,0.6938,10,57
2026-08-11,P071,209,146,63,0.6986,7,62
2026-08-12,P071,209,149,60,0.7129,7,19
2026-08-13,P071,209,150,59,0.7177,7,11
2026-08-14,P071,209,148,61,0.7081,6,26
2026-08-15,P071,209,142,67,0.6794,8,37
2026-08-16,P071,209,140,69,0.6699,8,52
2026-08-17,P071,209,139,70,0.6651,7,60
2026-08-18,P071,209,140,69,0.6699,8,48
2026-08-19,P071,209,150,59,0.7177,8,50
2026-08-20,P071,209,143,66,0.6842,8,46
2026-08-21,P071,209,139,70,0.6651,6,29
2026-08-22,P071,209,145,64,0.6938,8,27
2026-08-23,P071,209,142,67,0.6794,9,38
2026-08-24,P071,209,154,55,0.7368,7,22
2026-08-25,P071,209,146,63,0.6986,3,59
2026-08-26,P071,209,140,69,0.6699,5,36
2026-08-27,P071,209,154,55,0.7368,5,47
2026-04-30,P072,333,240,93,0.7207,12,8
2026-05-01,P072,333,239,94,0.7177,10,21
2026-05-02,P072,333,243,90,0.7297,11,50
2026-05-03,P072,333,247,86,0.7417,9,57
2026-05-04,P072,333,254,79,0.7628,10,38
2026-05-05,P072,333,257,76,0.7718,8,3
2026-05-06,P072,333,249,84,0.7477,8,60
2026-05-07,P072,333,248,85,0.7447,8,14
2026-05-08,P072,333,243,90,0.7297,13,15
2026-05-09,P072,333,255,78,0.7658,11,15
2026-05-10,P072,333,247,86,0.7417,10,13
2026-05-11,P072,333,257,76,0.7718,10,16
2026-05-12,P072,333,243,90,0.7297,14,9
2026-05-13,P072,333,241,92,0.7237,11,28
2026-05-14,P072,333,253,80,0.7598,11,61
2026-05-15,P072,333,238,95,0.7147,11,54
2026-05-16,P072,333,246,87,0.7387,11,22
2026-05-17,P072,333,233,100,0.6997,12,44
2026-05-18,P072,333,238,95,0.7147,10,11
2026-05-19,P072,333,241,92,0.7237,8,42
2026-05-20,P072,333,232,101,0.6967,11,9
2026-05-21,P072,333,231,102,0.6937,11,6
2026-05-22,P072,333,223,110,0.6697,12,53
2026-05-23,P072,333,234,99,0.7027,12,12
2026-05-24,P072,333,219,114,0.6577,18,62
2026-05-25,P072,333,229,104,0.6877,14,53
2026-05-26,P072,333,238,95,0.7147,10,19
2026-05-27,P072,333,236,97,0.7087,9,64
2026-05-28,P072,333,235,98,0.7057,11,32
2026-05-29,P072,333,237,96,0.7117,10,9
2026-05-30,P072,333,248,85,0.7447,11,38
2026-05-31,P072,333,251,82,0.7538,9,3
2026-06-01,P072,333,243,90,0.7297,10,58
2026-06-02,P072,333,252,81,0.7568,7,16
2026-06-03,P072,333,249,84,0.7477,8,51
2026-06-04,P072,333,250,83,0.7508,12,15
2026-06-05,P072,333,262,71,0.7868,13,13
2026-06-06,P072,333,258,75,0.7748,6,3
2026-06-07,P072,333,250,83,0.7508,7,54
2026-06-08,P072,333,260,73,0.7808,9,28
2026-06-09,P072,333,265,68,0.7958,7,28
2026-06-10,P072,333,259,74,0.7778,8,16
2026-06-11,P072,333,250,83,0.7508,9,60
2026-06-12,P072,333,248,85,0.7447,7,51
2026-06-13,P072,333,253,80,0.7598,7,26
2026-06-14,P072,333,248,85,0.7447,10,44
2026-06-15,P072,333,245,88,0.7357,11,4
2026-06-16,P072,333,248,85,0.7447,7,56
2026-06-17,P072,333,234,99,0.7027,10,38
2026-06-18,P072,333,233,100,0.6997,13,32
2026-06-19,P072,333,242,91,0.7267,11,61
2026-06-20,P072,333,239,94,0.7177,9,22
2026-06-21,P072,333,229,104,0.6877,13,9
2026-06-22,P072,333,243,90,0.7297,7,31
2026-06-23,P072,333,242,91,0.7267,10,53
2026-06-24,P072,333,246,87,0.7387,12,7
2026-06-25,P072,333,235,98,0.7057,14,4
2026-06-26,P072,333,248,85,0.7447,9,18
2026-06-27,P072,333,245,88,0.7357,12,49
2026-06-28,P072,333,258,75,0.7748,8,11
2026-06-29,P072,333,251,82,0.7538,5,55
2026-06-30,P072,333,250,83,0.7508,10,43
2026-07-01,P072,333,258,75,0.7748,13,26
2026-07-02,P072,333,254,79,0.7628,5,28
2026-07-03,P072,333,258,75,0.7748,8,43
2026-07-04,P072,333,267,66,0.8018,9,21
2026-07-05,P072,333,268,65,0.8048,7,46
2026-07-06,P072,333,257,76,0.7718,9,59
2026-07-07,P072,333,262,71,0.7868,10,41
2026-07-08,P072,333,262,71,0.7868,4,40
2026-07-09,P072,333,259,74,0.7778,11,5
2026-07-10,P072,333,254,79,0.7628,10,40
2026-07-11,P072,333,247,86,0.7417,12,63
2026-07-12,P072,333,261,72,0.7838,8,5
2026-07-13,P072,333,267,66,0.8018,3,43
2026-07-14,P072,333,253,80,0.7598,6,16
2026-07-15,P072,333,248,85,0.7447,9,26
2026-07-16,P072,333,257,76,0.7718,11,11
2026-07-17,P072,333,247,86,0.7417,9,17
2026-07-18,P072,333,244,89,0.7327,12,45
2026-07-19,P072,333,241,92,0.7237,11,30
2026-07-20,P072,333,235,98,0.7057,12,59
2026-07-21,P072,333,247,86,0.7417,9,13
2026-07-22,P072,333,248,85,0.7447,7,62
2026-07-23,P072,333,239,94,0.7177,11,28
2026-07-24,P072,333,254,79,0.7628,10,29
2026-07-25,P072,333,240,93,0.7207,11,28
2026-07-26,P072,333,231,102,0.6937,10,35
2026-07-27,P072,333,242,91,0.7267,10,33
2026-07-28,P072,333,246,87,0.7387,9,61
2026-07-29,P072,333,250,83,0.7508,11,15
2026-07-30,P072,333,271,62,0.8138,6,49
2026-07-31,P072,333,252,81,0.7568,11,51
2026-08-01,P072,333,262,71,0.7868,5,19
2026-08-02,P072,333,260,73,0.7808,7,60
2026-08-03,P072,333,276,57,0.8288,4,12
2026-08-04,P072,333,270,63,0.8108,11,12
2026-08-05,P072,333,275,58,0.8258,9,30
2026-08-06,P072,333,279,54,0.8378,4,50
2026-08-07,P072,333,279,54,0.8378,9,11
2026-08-08,P072,333,266,67,0.7988,8,60
2026-08-09,P072,333,263,70,0.7898,7,32
2026-08-10,P072,333,268,65,0.8048,8,19
2026-08-11,P072,333,265,68,0.7958,9,22
2026-08-12,P072,333,268,65,0.8048,8,27
2026-08-13,P072,333,267,66,0.8018,7,22
2026-08-14,P072,333,264,69,0.7928,8,20
2026-08-15,P072,333,259,74,0.7778,9,57
2026-08-16,P072,333,252,81,0.7568,10,12
2026-08-17,P072,333,252,81,0.7568,9,13
2026-08-18,P072,333,251,82,0.7538,9,22
2026-08-19,P072,333,241,92,0.7237,13,59
2026-08-20,P072,333,248,85,0.7447,9,3
2026-08-21,P072,333,245,88,0.7357,6,46
2026-08-22,P072,333,254,79,0.7628,12,58
2026-08-23,P072,333,248,85,0.7447,9,27
2026-08-24,P072,333,265,68,0.7958,11,27
2026-08-25,P072,333,252,81,0.7568,12,20
2026-08-26,P072,333,264,69,0.7928,6,13
2026-08-27,P072,333,246,87,0.7387,10,26
2026-04-30,P073,233,194,39,0.8326,2,38
2026-05-01,P073,233,195,38,0.8369,3,57
2026-05-02,P073,233,202,31,0.867,3,38
2026-05-03,P073,233,196,37,0.8412,4,27
2026-05-04,P073,233,201,32,0.8627,1,55
2026-05-05,P073,233,207,26,0.8884,0,42
2026-05-06,P073,233,204,29,0.8755,3,53
2026-05-07,P073,233,204,29,0.8755,0,44
2026-05-08,P073,233,205,28,0.8798,1,45
2026-05-09,P073,233,198,35,0.8498,4,7
2026-05-10,P073,233,203,30,0.8712,4,11
2026-05-11,P073,233,206,27,0.8841,3,21
2026-05-12,P073,233,196,37,0.8412,3,5
2026-05-13,P073,233,203,30,0.8712,2,32
2026-05-14,P073,233,197,36,0.8455,6,10
2026-05-15,P073,233,200,33,0.8584,6,33
2026-05-16,P073,233,197,36,0.8455,6,41
2026-05-17,P073,233,186,47,0.7983,2,33
2026-05-18,P073,233,196,37,0.8412,3,6
2026-05-19,P073,233,188,45,0.8069,1,48
2026-05-20,P073,233,187,46,0.8026,5,58
2026-05-21,P073,233,190,43,0.8155,6,36
2026-05-22,P073,233,183,50,0.7854,4,1
2026-05-23,P073,233,196,37,0.8412,7,9
2026-05-24,P073,233,191,42,0.8197,5,7
2026-05-25,P073,233,188,45,0.8069,2,4
2026-05-26,P073,233,191,42,0.8197,8,48
2026-05-27,P073,233,193,40,0.8283,1,18
2026-05-28,P073,233,198,35,0.8498,6,33
2026-05-29,P073,233,201,32,0.8627,1,13
2026-05-30,P073,233,195,38,0.8369,3,56
2026-05-31,P073,233,201,32,0.8627,4,11
2026-06-01,P073,233,203,30,0.8712,4,55
2026-06-02,P073,233,203,30,0.8712,0,10
2026-06-03,P073,233,205,28,0.8798,0,10
2026-06-04,P073,233,203,30,0.8712,6,51
2026-06-05,P073,233,202,31,0.867,5,43
2026-06-06,P073,233,211,22,0.9056,2,28
2026-06-07,P073,233,200,33,0.8584,4,19
2026-06-08,P073,233,204,29,0.8755,0,26
2026-06-09,P073,233,218,15,0.9356,2,35
2026-06-10,P073,233,204,29,0.8755,6,2
2026-06-11,P073,233,208,25,0.8927,2,45
2026-06-12,P073,233,202,31,0.867,3,21
2026-06-13,P073,233,197,36,0.8455,2,39
2026-06-14,P073,233,194,39,0.8326,8,43
2026-06-15,P073,233,197,36,0.8455,4,64
2026-06-16,P073,233,198,35,0.8498,4,61
2026-06-17,P073,233,193,40,0.8283,12,16
2026-06-18,P073,233,196,37,0.8412,2,59
2026-06-19,P073,233,194,39,0.8326,3,24
2026-06-20,P073,233,200,33,0.8584,5,13
2026-06-21,P073,233,199,34,0.8541,1,3
2026-06-22,P073,233,188,45,0.8069,5,6
2026-06-23,P073,233,198,35,0.8498,1,38
2026-06-24,P073,233,198,35,0.8498,1,27
2026-06-25,P073,233,201,32,0.8627,4,31
2026-06-26,P073,233,202,31,0.867,4,8
2026-06-27,P073,233,204,29,0.8755,5,0
2026-06-28,P073,233,202,31,0.867,4,19
2026-06-29,P073,233,211,22,0.9056,4,58
2026-06-30,P073,233,204,29,0.8755,1,55
2026-07-01,P073,233,206,27,0.8841,0,3
2026-07-02,P073,233,211,22,0.9056,5,51
2026-07-03,P073,233,211,22,0.9056,1,11
2026-07-04,P073,233,211,22,0.9056,5,57
2026-07-05,P073,233,203,30,0.8712,4,41
2026-07-06,P073,233,214,19,0.9185,4,10
2026-07-07,P073,233,217,16,0.9313,0,37
2026-07-08,P073,233,221,12,0.9485,0,9
2026-07-09,P073,233,215,18,0.9227,1,59
2026-07-10,P073,233,207,26,0.8884,5,10
2026-07-11,P073,233,212,21,0.9099,1,25
2026-07-12,P073,233,211,22,0.9056,5,10
2026-07-13,P073,233,200,33,0.8584,3,34
2026-07-14,P073,233,202,31,0.867,3,16
2026-07-15,P073,233,202,31,0.867,4,7
2026-07-16,P073,233,206,27,0.8841,2,9
2026-07-17,P073,233,201,32,0.8627,0,17
2026-07-18,P073,233,198,35,0.8498,6,36
2026-07-19,P073,233,197,36,0.8455,0,27
2026-07-20,P073,233,196,37,0.8412,4,14
2026-07-21,P073,233,204,29,0.8755,3,15
2026-07-22,P073,233,199,34,0.8541,2,57
2026-07-23,P073,233,206,27,0.8841,2,38
2026-07-24,P073,233,196,37,0.8412,5,19
2026-07-25,P073,233,196,37,0.8412,1,41
2026-07-26,P073,233,209,24,0.897,0,24
2026-07-27,P073,233,206,27,0.8841,3,1
2026-07-28,P073,233,209,24,0.897,3,7
2026-07-29,P073,233,214,19,0.9185,1,11
2026-07-30,P073,233,204,29,0.8755,3,2
2026-07-31,P073,233,211,22,0.9056,6,13
2026-08-01,P073,233,228,5,0.9785,2,45
2026-08-02,P073,233,213,20,0.9142,3,61
2026-08-03,P073,233,221,12,0.9485,0,42
2026-08-04,P073,233,215,18,0.9227,3,12
2026-08-05,P073,233,209,24,0.897,3,3
2026-08-06,P073,233,228,5,0.9785,0,31
2026-08-07,P073,233,217,16,0.9313,5,13
2026-08-08,P073,233,219,14,0.9399,3,61
2026-08-09,P073,233,212,21,0.9099,1,2
2026-08-10,P073,233,218,15,0.9356,0,22
2026-08-11,P073,233,221,12,0.9485,0,35
2026-08-12,P073,233,225,8,0.9657,0,56
2026-08-13,P073,233,220,13,0.9442,0,23
2026-08-14,P073,233,209,24,0.897,5,38
2026-08-15,P073,233,210,23,0.9013,2,55
2026-08-16,P073,233,212,21,0.9099,3,40
2026-08-17,P073,233,208,25,0.8927,3,57
2026-08-18,P073,233,209,24,0.897,5,37
2026-08-19,P073,233,206,27,0.8841,3,24
2026-08-20,P073,233,208,25,0.8927,2,53
2026-08-21,P073,233,201,32,0.8627,5,35
2026-08-22,P073,233,213,20,0.9142,4,47
2026-08-23,P073,233,206,27,0.8841,4,44
2026-08-24,P073,233,210,23,0.9013,0,18
2026-08-25,P073,233,205,28,0.8798,2,41
2026-08-26,P073,233,212,21,0.9099,2,10
2026-08-27,P073,233,211,22,0.9056,2,27
2026-04-30,P074,208,172,36,0.8269,2,5
2026-05-01,P074,208,172,36,0.8269,3,43
2026-05-02,P074,208,178,30,0.8558,3,62
2026-05-03,P074,208,175,33,0.8413,6,13
2026-05-04,P074,208,175,33,0.8413,2,36
2026-05-05,P074,208,171,37,0.8221,5,43
2026-05-06,P074,208,180,28,0.8654,4,48
2026-05-07,P074,208,178,30,0.8558,6,15
2026-05-08,P074,208,177,31,0.851,3,11
2026-05-09,P074,208,175,33,0.8413,4,2
2026-05-10,P074,208,183,25,0.8798,1,50
2026-05-11,P074,208,180,28,0.8654,3,23
2026-05-12,P074,208,171,37,0.8221,6,26
2026-05-13,P074,208,173,35,0.8317,3,31
2026-05-14,P074,208,174,34,0.8365,3,39
2026-05-15,P074,208,173,35,0.8317,5,2
2026-05-16,P074,208,168,40,0.8077,0,63
2026-05-17,P074,208,169,39,0.8125,2,41
2026-05-18,P074,208,166,42,0.7981,7,7
2026-05-19,P074,208,172,36,0.8269,6,2
2026-05-20,P074,208,171,37,0.8221,2,30
2026-05-21,P074,208,166,42,0.7981,8,60
2026-05-22,P074,208,166,42,0.7981,4,47
2026-05-23,P074,208,167,41,0.8029,4,28
2026-05-24,P074,208,164,44,0.7885,2,37
2026-05-25,P074,208,167,41,0.8029,6,49
2026-05-26,P074,208,167,41,0.8029,3,56
2026-05-27,P074,208,170,38,0.8173,3,57
2026-05-28,P074,208,174,34,0.8365,2,44
2026-05-29,P074,208,176,32,0.8462,2,13
2026-05-30,P074,208,173,35,0.8317,8,3
2026-05-31,P074,208,179,29,0.8606,6,49
2026-06-01,P074,208,172,36,0.8269,0,44
2026-06-02,P074,208,182,26,0.875,3,9
2026-06-03,P074,208,179,29,0.8606,6,18
2026-06-04,P074,208,182,26,0.875,0,17
2026-06-05,P074,208,186,22,0.8942,4,23
2026-06-06,P074,208,181,27,0.8702,7,35
2026-06-07,P074,208,182,26,0.875,2,61
2026-06-08,P074,208,181,27,0.8702,5,14
2026-06-09,P074,208,184,24,0.8846,2,60
2026-06-10,P074,208,180,28,0.8654,4,56
2026-06-11,P074,208,181,27,0.8702,4,54
2026-06-12,P074,208,183,25,0.8798,1,3
2026-06-13,P074,208,177,31,0.851,3,27
2026-06-14,P074,208,178,30,0.8558,1,36
2026-06-15,P074,208,180,28,0.8654,0,45
2026-06-16,P074,208,168,40,0.8077,5,31
2026-06-17,P074,208,170,38,0.8173,3,49
2026-06-18,P074,208,174,34,0.8365,2,32
2026-06-19,P074,208,169,39,0.8125,2,40
2026-06-20,P074,208,166,42,0.7981,9,9
2026-06-21,P074,208,180,28,0.8654,0,61
2026-06-22,P074,208,175,33,0.8413,1,11
2026-06-23,P074,208,171,37,0.8221,6,26
2026-06-24,P074,208,171,37,0.8221,7,15
2026-06-25,P074,208,174,34,0.8365,8,40
2026-06-26,P074,208,173,35,0.8317,8,34
2026-06-27,P074,208,174,34,0.8365,0,4
2026-06-28,P074,208,171,37,0.8221,6,19
2026-06-29,P074,208,178,30,0.8558,1,51
2026-06-30,P074,208,173,35,0.8317,2,64
2026-07-01,P074,208,185,23,0.8894,2,62
2026-07-02,P074,208,181,27,0.8702,5,25
2026-07-03,P074,208,181,27,0.8702,4,48
2026-07-04,P074,208,183,25,0.8798,4,27
2026-07-05,P074,208,182,26,0.875,5,3
2026-07-06,P074,208,187,21,0.899,1,4
2026-07-07,P074,208,190,18,0.9135,3,34
2026-07-08,P074,208,180,28,0.8654,5,0
2026-07-09,P074,208,187,21,0.899,3,33
2026-07-10,P074,208,184,24,0.8846,5,1
2026-07-11,P074,208,178,30,0.8558,1,25
2026-07-12,P074,208,181,27,0.8702,1,30
2026-07-13,P074,208,179,29,0.8606,4,8
2026-07-14,P074,208,181,27,0.8702,5,37
2026-07-15,P074,208,181,27,0.8702,4,38
2026-07-16,P074,208,178,30,0.8558,2,14
2026-07-17,P074,208,178,30,0.8558,4,14
2026-07-18,P074,208,174,34,0.8365,3,22
2026-07-19,P074,208,172,36,0.8269,3,6
2026-07-20,P074,208,176,32,0.8462,0,2
2026-07-21,P074,208,180,28,0.8654,4,39
2026-07-22,P074,208,178,30,0.8558,0,47
2026-07-23,P074,208,176,32,0.8462,4,61
2026-07-24,P074,208,175,33,0.8413,3,43
2026-07-25,P074,208,174,34,0.8365,4,42
2026-07-26,P074,208,173,35,0.8317,8,37
2026-07-27,P074,208,170,38,0.8173,5,39
2026-07-28,P074,208,178,30,0.8558,4,11
2026-07-29,P074,208,179,29,0.8606,2,15
2026-07-30,P074,208,182,26,0.875,0,6
2026-07-31,P074,208,194,14,0.9327,3,8
2026-08-01,P074,208,178,30,0.8558,3,8
2026-08-02,P074,208,186,22,0.8942,2,48
2026-08-03,P074,208,187,21,0.899,1,21
2026-08-04,P074,208,188,20,0.9038,2,47
2026-08-05,P074,208,188,20,0.9038,4,64
2026-08-06,P074,208,192,16,0.9231,3,63
2026-08-07,P074,208,194,14,0.9327,2,40
2026-08-08,P074,208,185,23,0.8894,1,20
2026-08-09,P074,208,191,17,0.9183,2,48
2026-08-10,P074,208,189,19,0.9087,3,11
2026-08-11,P074,208,190,18,0.9135,3,7
2026-08-12,P074,208,193,15,0.9279,2,48
2026-08-13,P074,208,184,24,0.8846,0,31
2026-08-14,P074,208,181,27,0.8702,4,65
2026-08-15,P074,208,188,20,0.9038,5,27
2026-08-16,P074,208,185,23,0.8894,3,25
2026-08-17,P074,208,182,26,0.875,3,30
2026-08-18,P074,208,178,30,0.8558,7,6
2026-08-19,P074,208,171,37,0.8221,7,52
2026-08-20,P074,208,174,34,0.8365,3,9
2026-08-21,P074,208,181,27,0.8702,2,1
2026-08-22,P074,208,187,21,0.899,3,60
2026-08-23,P074,208,180,28,0.8654,1,3
2026-08-24,P074,208,174,34,0.8365,4,58
2026-08-25,P074,208,181,27,0.8702,5,36
2026-08-26,P074,208,184,24,0.8846,1,31
2026-08-27,P074,208,189,19,0.9087,3,40
2026-04-30,P075,275,170,105,0.6182,12,33
2026-05-01,P075,275,181,94,0.6582,12,54
2026-05-02,P075,275,178,97,0.6473,10,26
2026-05-03,P075,275,193,82,0.7018,11,35
2026-05-04,P075,275,193,82,0.7018,8,2
2026-05-05,P075,275,193,82,0.7018,11,14
2026-05-06,P075,275,184,91,0.6691,13,17
2026-05-07,P075,275,190,85,0.6909,11,13
2026-05-08,P075,275,187,88,0.68,9,7
2026-05-09,P075,275,193,82,0.7018,8,9
2026-05-10,P075,275,183,92,0.6655,10,43
2026-05-11,P075,275,188,87,0.6836,9,46
2026-05-12,P075,275,185,90,0.6727,7,37
2026-05-13,P075,275,181,94,0.6582,15,56
2026-05-14,P075,275,183,92,0.6655,11,49
2026-05-15,P075,275,171,104,0.6218,10,59
2026-05-16,P075,275,188,87,0.6836,6,30
2026-05-17,P075,275,177,98,0.6436,11,7
2026-05-18,P075,275,169,106,0.6145,12,50
2026-05-19,P075,275,184,91,0.6691,10,45
2026-05-20,P075,275,171,104,0.6218,10,62
2026-05-21,P075,275,171,104,0.6218,11,43
2026-05-22,P075,275,172,103,0.6255,10,63
2026-05-23,P075,275,183,92,0.6655,14,35
2026-05-24,P075,275,181,94,0.6582,12,14
2026-05-25,P075,275,165,110,0.6,15,40
2026-05-26,P075,275,183,92,0.6655,10,8
2026-05-27,P075,275,179,96,0.6509,13,42
2026-05-28,P075,275,179,96,0.6509,10,46
2026-05-29,P075,275,189,86,0.6873,9,34
2026-05-30,P075,275,183,92,0.6655,12,41
2026-05-31,P075,275,187,88,0.68,11,52
2026-06-01,P075,275,185,90,0.6727,9,60
2026-06-02,P075,275,191,84,0.6945,11,49
2026-06-03,P075,275,192,83,0.6982,8,13
2026-06-04,P075,275,191,84,0.6945,9,23
2026-06-05,P075,275,186,89,0.6764,11,21
2026-06-06,P075,275,195,80,0.7091,7,18
2026-06-07,P075,275,204,71,0.7418,7,49
2026-06-08,P075,275,200,75,0.7273,8,59
2026-06-09,P075,275,192,83,0.6982,12,24
2026-06-10,P075,275,194,81,0.7055,6,50
2026-06-11,P075,275,189,86,0.6873,11,17
2026-06-12,P075,275,183,92,0.6655,15,23
2026-06-13,P075,275,190,85,0.6909,9,19
2026-06-14,P075,275,194,81,0.7055,11,28
2026-06-15,P075,275,190,85,0.6909,11,16
2026-06-16,P075,275,181,94,0.6582,9,32
2026-06-17,P075,275,185,90,0.6727,7,16
2026-06-18,P075,275,179,96,0.6509,12,62
2026-06-19,P075,275,180,95,0.6545,11,28
2026-06-20,P075,275,181,94,0.6582,13,23
2026-06-21,P075,275,181,94,0.6582,12,53
2026-06-22,P075,275,178,97,0.6473,7,31
2026-06-23,P075,275,178,97,0.6473,14,50
2026-06-24,P075,275,186,89,0.6764,10,59
2026-06-25,P075,275,184,91,0.6691,12,44
2026-06-26,P075,275,187,88,0.68,10,0
2026-06-27,P075,275,190,85,0.6909,7,47
2026-06-28,P075,275,194,81,0.7055,14,39
2026-06-29,P075,275,188,87,0.6836,9,26
2026-06-30,P075,275,191,84,0.6945,16,5
2026-07-01,P075,275,201,74,0.7309,7,34
2026-07-02,P075,275,193,82,0.7018,14,55
2026-07-03,P075,275,193,82,0.7018,9,49
2026-07-04,P075,275,197,78,0.7164,6,27
2026-07-05,P075,275,202,73,0.7345,9,2
2026-07-06,P075,275,206,69,0.7491,9,3
2026-07-07,P075,275,206,69,0.7491,9,57
2026-07-08,P075,275,201,74,0.7309,6,8
2026-07-09,P075,275,202,73,0.7345,7,8
2026-07-10,P075,275,194,81,0.7055,11,55
2026-07-11,P075,275,199,76,0.7236,7,33
2026-07-12,P075,275,195,80,0.7091,8,57
2026-07-13,P075,275,194,81,0.7055,9,5
2026-07-14,P075,275,196,79,0.7127,9,33
2026-07-15,P075,275,189,86,0.6873,10,64
2026-07-16,P075,275,187,88,0.68,8,15
2026-07-17,P075,275,188,87,0.6836,13,45
2026-07-18,P075,275,190,85,0.6909,8,25
2026-07-19,P075,275,188,87,0.6836,6,16
2026-07-20,P075,275,188,87,0.6836,12,36
2026-07-21,P075,275,189,86,0.6873,9,56
2026-07-22,P075,275,182,93,0.6618,15,40
2026-07-23,P075,275,185,90,0.6727,8,30
2026-07-24,P075,275,187,88,0.68,8,40
2026-07-25,P075,275,180,95,0.6545,9,51
2026-07-26,P075,275,193,82,0.7018,8,3
2026-07-27,P075,275,196,79,0.7127,14,9
2026-07-28,P075,275,197,78,0.7164,8,20
2026-07-29,P075,275,190,85,0.6909,12,65
2026-07-30,P075,275,195,80,0.7091,10,50
2026-07-31,P075,275,198,77,0.72,5,31
2026-08-01,P075,275,205,70,0.7455,5,64
2026-08-02,P075,275,206,69,0.7491,10,54
2026-08-03,P075,275,210,65,0.7636,9,19
2026-08-04,P075,275,212,63,0.7709,7,24
2026-08-05,P075,275,197,78,0.7164,10,60
2026-08-06,P075,275,208,67,0.7564,8,40
2026-08-07,P075,275,207,68,0.7527,8,29
2026-08-08,P075,275,208,67,0.7564,11,43
2026-08-09,P075,275,208,67,0.7564,9,1
2026-08-10,P075,275,196,79,0.7127,9,37
2026-08-11,P075,275,206,69,0.7491,8,42
2026-08-12,P075,275,200,75,0.7273,9,22
2026-08-13,P075,275,196,79,0.7127,8,51
2026-08-14,P075,275,205,70,0.7455,5,62
2026-08-15,P075,275,199,76,0.7236,10,34
2026-08-16,P075,275,195,80,0.7091,9,23
2026-08-17,P075,275,194,81,0.7055,10,42
2026-08-18,P075,275,202,73,0.7345,12,28
2026-08-19,P075,275,181,94,0.6582,9,34
2026-08-20,P075,275,180,95,0.6545,13,63
2026-08-21,P075,275,197,78,0.7164,12,31
2026-08-22,P075,275,189,86,0.6873,10,36
2026-08-23,P075,275,195,80,0.7091,9,27
2026-08-24,P075,275,190,85,0.6909,9,42
2026-08-25,P075,275,201,74,0.7309,8,32
2026-08-26,P075,275,187,88,0.68,11,5
2026-08-27,P075,275,213,62,0.7745,4,9
2026-04-30,P076,316,257,59,0.8133,5,54
2026-05-01,P076,316,243,73,0.769,9,44
2026-05-02,P076,316,260,56,0.8228,8,38
2026-05-03,P076,316,267,49,0.8449,4,47
2026-05-04,P076,316,265,51,0.8386,7,35
2026-05-05,P076,316,270,46,0.8544,4,10
2026-05-06,P076,316,266,50,0.8418,5,11
2026-05-07,P076,316,269,47,0.8513,5,5
2026-05-08,P076,316,266,50,0.8418,2,64
2026-05-09,P076,316,271,45,0.8576,4,28
2026-05-10,P076,316,264,52,0.8354,5,33
2026-05-11,P076,316,267,49,0.8449,8,25
2026-05-12,P076,316,261,55,0.8259,4,34
2026-05-13,P076,316,273,43,0.8639,6,57
2026-05-14,P076,316,255,61,0.807,6,5
2026-05-15,P076,316,268,48,0.8481,4,51
2026-05-16,P076,316,258,58,0.8165,10,21
2026-05-17,P076,316,259,57,0.8196,8,58
2026-05-18,P076,316,251,65,0.7943,7,46
2026-05-19,P076,316,263,53,0.8323,7,45
2026-05-20,P076,316,251,65,0.7943,8,0
2026-05-21,P076,316,265,51,0.8386,6,9
2026-05-22,P076,316,248,68,0.7848,6,26
2026-05-23,P076,316,245,71,0.7753,9,42
2026-05-24,P076,316,249,67,0.788,6,10
2026-05-25,P076,316,244,72,0.7722,5,51
2026-05-26,P076,316,257,59,0.8133,4,45
2026-05-27,P076,316,260,56,0.8228,6,11
2026-05-28,P076,316,255,61,0.807,6,0
2026-05-29,P076,316,268,48,0.8481,2,44
2026-05-30,P076,316,273,43,0.8639,8,32
2026-05-31,P076,316,259,57,0.8196,7,61
2026-06-01,P076,316,268,48,0.8481,5,58
2026-06-02,P076,316,261,55,0.8259,5,20
2026-06-03,P076,316,260,56,0.8228,7,56
2026-06-04,P076,316,273,43,0.8639,4,43
2026-06-05,P076,316,275,41,0.8703,2,4
2026-06-06,P076,316,275,41,0.8703,7,19
2026-06-07,P076,316,275,41,0.8703,4,38
2026-06-08,P076,316,275,41,0.8703,5,3
2026-06-09,P076,316,280,36,0.8861,4,50
2026-06-10,P076,316,275,41,0.8703,5,41
2026-06-11,P076,316,265,51,0.8386,1,17
2026-06-12,P076,316,280,36,0.8861,4,52
2026-06-13,P076,316,261,55,0.8259,5,53
2026-06-14,P076,316,269,47,0.8513,5,27
2026-06-15,P076,316,272,44,0.8608,6,20
2026-06-16,P076,316,254,62,0.8038,8,41
2026-06-17,P076,316,258,58,0.8165,8,34
2026-06-18,P076,316,257,59,0.8133,3,28
2026-06-19,P076,316,264,52,0.8354,3,1
2026-06-20,P076,316,260,56,0.8228,5,48
2026-06-21,P076,316,260,56,0.8228,5,7
2026-06-22,P076,316,251,65,0.7943,9,12
2026-06-23,P076,316,253,63,0.8006,6,30
2026-06-24,P076,316,259,57,0.8196,4,59
2026-06-25,P076,316,255,61,0.807,8,23
2026-06-26,P076,316,256,60,0.8101,8,48
2026-06-27,P076,316,252,64,0.7975,9,31
2026-06-28,P076,316,267,49,0.8449,5,42
2026-06-29,P076,316,274,42,0.8671,2,25
2026-06-30,P076,316,266,50,0.8418,4,0
2026-07-01,P076,316,274,42,0.8671,6,31
2026-07-02,P076,316,270,46,0.8544,7,13
2026-07-03,P076,316,277,39,0.8766,0,57
2026-07-04,P076,316,272,44,0.8608,4,64
2026-07-05,P076,316,276,40,0.8734,7,62
2026-07-06,P076,316,278,38,0.8797,5,63
2026-07-07,P076,316,282,34,0.8924,3,35
2026-07-08,P076,316,278,38,0.8797,1,21
2026-07-09,P076,316,278,38,0.8797,5,7
2026-07-10,P076,316,277,39,0.8766,7,32
2026-07-11,P076,316,276,40,0.8734,6,57
2026-07-12,P076,316,276,40,0.8734,4,4
2026-07-13,P076,316,276,40,0.8734,4,26
2026-07-14,P076,316,272,44,0.8608,1,61
2026-07-15,P076,316,267,49,0.8449,5,55
2026-07-16,P076,316,268,48,0.8481,3,57
2026-07-17,P076,316,263,53,0.8323,8,4
2026-07-18,P076,316,256,60,0.8101,5,37
2026-07-19,P076,316,272,44,0.8608,6,11
2026-07-20,P076,316,257,59,0.8133,4,38
2026-07-21,P076,316,263,53,0.8323,5,20
2026-07-22,P076,316,271,45,0.8576,5,9
2026-07-23,P076,316,273,43,0.8639,6,49
2026-07-24,P076,316,263,53,0.8323,11,52
2026-07-25,P076,316,274,42,0.8671,5,12
2026-07-26,P076,316,271,45,0.8576,6,64
2026-07-27,P076,316,268,48,0.8481,7,56
2026-07-28,P076,316,273,43,0.8639,6,12
2026-07-29,P076,316,273,43,0.8639,5,28
2026-07-30,P076,316,281,35,0.8892,2,49
2026-07-31,P076,316,271,45,0.8576,3,41
2026-08-01,P076,316,273,43,0.8639,4,1
2026-08-02,P076,316,287,29,0.9082,0,43
2026-08-03,P076,316,276,40,0.8734,6,1
2026-08-04,P076,316,293,23,0.9272,5,40
2026-08-05,P076,316,290,26,0.9177,3,63
2026-08-06,P076,316,292,24,0.9241,5,7
2026-08-07,P076,316,286,30,0.9051,5,8
2026-08-08,P076,316,288,28,0.9114,0,38
2026-08-09,P076,316,277,39,0.8766,4,35
2026-08-10,P076,316,281,35,0.8892,4,45
2026-08-11,P076,316,283,33,0.8956,1,50
2026-08-12,P076,316,285,31,0.9019,2,1
2026-08-13,P076,316,273,43,0.8639,4,60
2026-08-14,P076,316,272,44,0.8608,3,59
2026-08-15,P076,316,285,31,0.9019,3,54
2026-08-16,P076,316,266,50,0.8418,3,38
2026-08-17,P076,316,268,48,0.8481,5,2
2026-08-18,P076,316,266,50,0.8418,3,0
2026-08-19,P076,316,261,55,0.8259,4,7
2026-08-20,P076,316,269,47,0.8513,6,36
2026-08-21,P076,316,265,51,0.8386,9,30
2026-08-22,P076,316,264,52,0.8354,10,1
2026-08-23,P076,316,272,44,0.8608,4,2
2026-08-24,P076,316,268,48,0.8481,7,20
2026-08-25,P076,316,270,46,0.8544,4,14
2026-08-26,P076,316,279,37,0.8829,1,14
2026-08-27,P076,316,276,40,0.8734,2,30
2026-04-30,P077,344,241,103,0.7006,10,12
2026-05-01,P077,344,260,84,0.7558,8,24
2026-05-02,P077,344,239,105,0.6948,14,48
2026-05-03,P077,344,249,95,0.7238,14,16
2026-05-04,P077,344,244,100,0.7093,13,53
2026-05-05,P077,344,250,94,0.7267,11,40
2026-05-06,P077,344,261,83,0.7587,11,16
2026-05-07,P077,344,259,85,0.7529,11,3
2026-05-08,P077,344,259,85,0.7529,7,27
2026-05-09,P077,344,269,75,0.782,9,17
2026-05-10,P077,344,253,91,0.7355,7,5
2026-05-11,P077,344,262,82,0.7616,12,2
2026-05-12,P077,344,260,84,0.7558,8,15
2026-05-13,P077,344,251,93,0.7297,10,8
2026-05-14,P077,344,251,93,0.7297,10,55
2026-05-15,P077,344,248,96,0.7209,15,60
2026-05-16,P077,344,249,95,0.7238,9,2
2026-05-17,P077,344,238,106,0.6919,12,11
2026-05-18,P077,344,237,107,0.689,14,44
2026-05-19,P077,344,236,108,0.686,15,59
2026-05-20,P077,344,235,109,0.6831,11,33
2026-05-21,P077,344,231,113,0.6715,10,28
2026-05-22,P077,344,245,99,0.7122,9,2
2026-05-23,P077,344,238,106,0.6919,9,39
2026-05-24,P077,344,239,105,0.6948,11,44
2026-05-25,P077,344,230,114,0.6686,14,25
2026-05-26,P077,344,232,112,0.6744,12,59
2026-05-27,P077,344,234,110,0.6802,13,5
2026-05-28,P077,344,249,95,0.7238,10,63
2026-05-29,P077,344,245,99,0.7122,7,42
2026-05-30,P077,344,252,92,0.7326,11,26
2026-05-31,P077,344,250,94,0.7267,11,25
2026-06-01,P077,344,256,88,0.7442,10,37
2026-06-02,P077,344,259,85,0.7529,9,7
2026-06-03,P077,344,258,86,0.75,13,26
2026-06-04,P077,344,267,77,0.7762,7,12
2026-06-05,P077,344,267,77,0.7762,11,56
2026-06-06,P077,344,267,77,0.7762,10,28
2026-06-07,P077,344,275,69,0.7994,8,1
2026-06-08,P077,344,262,82,0.7616,13,35
2026-06-09,P077,344,278,66,0.8081,7,18
2026-06-10,P077,344,250,94,0.7267,13,50
2026-06-11,P077,344,263,81,0.7645,11,4
2026-06-12,P077,344,262,82,0.7616,7,24
2026-06-13,P077,344,267,77,0.7762,8,31
2026-06-14,P077,344,255,89,0.7413,12,49
2026-06-15,P077,344,239,105,0.6948,10,19
2026-06-16,P077,344,252,92,0.7326,11,58
2026-06-17,P077,344,254,90,0.7384,12,14
2026-06-18,P077,344,245,99,0.7122,13,51
2026-06-19,P077,344,253,91,0.7355,11,57
2026-06-20,P077,344,248,96,0.7209,14,50
2026-06-21,P077,344,238,106,0.6919,11,3
2026-06-22,P077,344,248,96,0.7209,11,55
2026-06-23,P077,344,236,108,0.686,11,0
2026-06-24,P077,344,255,89,0.7413,10,45
2026-06-25,P077,344,235,109,0.6831,11,8
2026-06-26,P077,344,243,101,0.7064,13,25
2026-06-27,P077,344,250,94,0.7267,9,23
2026-06-28,P077,344,266,78,0.7733,9,29
2026-06-29,P077,344,277,67,0.8052,8,3
2026-06-30,P077,344,265,79,0.7703,7,9
2026-07-01,P077,344,268,76,0.7791,8,19
2026-07-02,P077,344,258,86,0.75,9,12
2026-07-03,P077,344,264,80,0.7674,12,55
2026-07-04,P077,344,261,83,0.7587,11,13
2026-07-05,P077,344,275,69,0.7994,9,2
2026-07-06,P077,344,277,67,0.8052,11,11
2026-07-07,P077,344,276,68,0.8023,9,58
2026-07-08,P077,344,277,67,0.8052,10,48
2026-07-09,P077,344,278,66,0.8081,6,11
2026-07-10,P077,344,279,65,0.811,6,61
2026-07-11,P077,344,258,86,0.75,10,0
2026-07-12,P077,344,268,76,0.7791,9,31
2026-07-13,P077,344,256,88,0.7442,11,3
2026-07-14,P077,344,255,89,0.7413,10,21
2026-07-15,P077,344,254,90,0.7384,9,5
2026-07-16,P077,344,262,82,0.7616,12,34
2026-07-17,P077,344,257,87,0.7471,9,20
2026-07-18,P077,344,255,89,0.7413,9,39
2026-07-19,P077,344,254,90,0.7384,10,20
2026-07-20,P077,344,242,102,0.7035,11,8
2026-07-21,P077,344,258,86,0.75,7,54
2026-07-22,P077,344,249,95,0.7238,10,23
2026-07-23,P077,344,255,89,0.7413,10,62
2026-07-24,P077,344,253,91,0.7355,9,0
2026-07-25,P077,344,265,79,0.7703,10,15
2026-07-26,P077,344,271,73,0.7878,6,49
2026-07-27,P077,344,260,84,0.7558,11,64
2026-07-28,P077,344,273,71,0.7936,10,55
2026-07-29,P077,344,275,69,0.7994,9,12
2026-07-30,P077,344,268,76,0.7791,10,27
2026-07-31,P077,344,270,74,0.7849,11,36
2026-08-01,P077,344,276,68,0.8023,7,22
2026-08-02,P077,344,275,69,0.7994,7,58
2026-08-03,P077,344,288,56,0.8372,7,56
2026-08-04,P077,344,284,60,0.8256,8,61
2026-08-05,P077,344,275,69,0.7994,11,8
2026-08-06,P077,344,284,60,0.8256,6,16
2026-08-07,P077,344,288,56,0.8372,4,63
2026-08-08,P077,344,275,69,0.7994,6,63
2026-08-09,P077,344,274,70,0.7965,7,26
2026-08-10,P077,344,277,67,0.8052,9,18
2026-08-11,P077,344,277,67,0.8052,6,10
2026-08-12,P077,344,260,84,0.7558,8,64
2026-08-13,P077,344,270,74,0.7849,11,4
2026-08-14,P077,344,273,71,0.7936,5,32
2026-08-15,P077,344,272,72,0.7907,5,44
2026-08-16,P077,344,265,79,0.7703,8,65
2026-08-17,P077,344,257,87,0.7471,14,25
2026-08-18,P077,344,255,89,0.7413,10,4
2026-08-19,P077,344,262,82,0.7616,11,30
2026-08-20,P077,344,257,87,0.7471,10,20
2026-08-21,P077,344,262,82,0.7616,8,26
2026-08-22,P077,344,258,86,0.75,7,10
2026-08-23,P077,344,253,91,0.7355,10,50
2026-08-24,P077,344,264,80,0.7674,7,42
2026-08-25,P077,344,271,73,0.7878,9,59
2026-08-26,P077,344,270,74,0.7849,4,65
2026-08-27,P077,344,280,64,0.814,9,24
2026-04-30,P078,249,149,100,0.5984,14,56
2026-05-01,P078,249,167,82,0.6707,7,51
2026-05-02,P078,249,168,81,0.6747,11,17
2026-05-03,P078,249,162,87,0.6506,6,65
2026-05-04,P078,249,173,76,0.6948,9,10
2026-05-05,P078,249,162,87,0.6506,11,9
2026-05-06,P078,249,172,77,0.6908,13,59
2026-05-07,P078,249,171,78,0.6867,9,21
2026-05-08,P078,249,171,78,0.6867,10,58
2026-05-09,P078,249,166,83,0.6667,11,49
2026-05-10,P078,249,164,85,0.6586,8,40
2026-05-11,P078,249,178,71,0.7149,9,57
2026-05-12,P078,249,164,85,0.6586,8,54
2026-05-13,P078,249,172,77,0.6908,5,7
2026-05-14,P078,249,161,88,0.6466,10,5
2026-05-15,P078,249,158,91,0.6345,10,27
2026-05-16,P078,249,166,83,0.6667,10,35
2026-05-17,P078,249,157,92,0.6305,9,8
2026-05-18,P078,249,155,94,0.6225,10,23
2026-05-19,P078,249,156,93,0.6265,9,34
2026-05-20,P078,249,152,97,0.6104,9,44
2026-05-21,P078,249,152,97,0.6104,12,0
2026-05-22,P078,249,154,95,0.6185,9,11
2026-05-23,P078,249,160,89,0.6426,10,17
2026-05-24,P078,249,151,98,0.6064,13,61
2026-05-25,P078,249,150,99,0.6024,10,61
2026-05-26,P078,249,161,88,0.6466,12,2
2026-05-27,P078,249,159,90,0.6386,6,10
2026-05-28,P078,249,158,91,0.6345,10,57
2026-05-29,P078,249,166,83,0.6667,6,7
2026-05-30,P078,249,165,84,0.6627,11,49
2026-05-31,P078,249,163,86,0.6546,9,42
2026-06-01,P078,249,163,86,0.6546,10,46
2026-06-02,P078,249,176,73,0.7068,7,29
2026-06-03,P078,249,172,77,0.6908,6,27
2026-06-04,P078,249,181,68,0.7269,9,60
2026-06-05,P078,249,181,68,0.7269,9,43
2026-06-06,P078,249,179,70,0.7189,9,21
2026-06-07,P078,249,180,69,0.7229,7,44
2026-06-08,P078,249,175,74,0.7028,11,37
2026-06-09,P078,249,167,82,0.6707,10,33
2026-06-10,P078,249,172,77,0.6908,5,1
2026-06-11,P078,249,178,71,0.7149,7,4
2026-06-12,P078,249,172,77,0.6908,10,57
2026-06-13,P078,249,170,79,0.6827,7,7
2026-06-14,P078,249,165,84,0.6627,7,57
2026-06-15,P078,249,172,77,0.6908,6,51
2026-06-16,P078,249,167,82,0.6707,8,55
2026-06-17,P078,249,169,80,0.6787,8,25
2026-06-18,P078,249,161,88,0.6466,10,7
2026-06-19,P078,249,164,85,0.6586,7,16
2026-06-20,P078,249,156,93,0.6265,11,11
2026-06-21,P078,249,161,88,0.6466,9,41
2026-06-22,P078,249,166,83,0.6667,9,60
2026-06-23,P078,249,165,84,0.6627,8,4
2026-06-24,P078,249,160,89,0.6426,10,7
2026-06-25,P078,249,169,80,0.6787,10,57
2026-06-26,P078,249,168,81,0.6747,10,51
2026-06-27,P078,249,167,82,0.6707,6,23
2026-06-28,P078,249,168,81,0.6747,7,20
2026-06-29,P078,249,169,80,0.6787,12,17
2026-06-30,P078,249,173,76,0.6948,5,12
2026-07-01,P078,249,178,71,0.7149,7,42
2026-07-02,P078,249,180,69,0.7229,6,17
2026-07-03,P078,249,176,73,0.7068,5,2
2026-07-04,P078,249,175,74,0.7028,5,8
2026-07-05,P078,249,176,73,0.7068,10,35
2026-07-06,P078,249,178,71,0.7149,7,1
2026-07-07,P078,249,178,71,0.7149,6,26
2026-07-08,P078,249,188,61,0.755,4,20
2026-07-09,P078,249,173,76,0.6948,8,36
2026-07-10,P078,249,184,65,0.739,10,27
2026-07-11,P078,249,170,79,0.6827,11,53
2026-07-12,P078,249,178,71,0.7149,9,26
2026-07-13,P078,249,173,76,0.6948,4,6
2026-07-14,P078,249,180,69,0.7229,7,25
2026-07-15,P078,249,173,76,0.6948,12,40
2026-07-16,P078,249,171,78,0.6867,6,27
2026-07-17,P078,249,167,82,0.6707,8,55
2026-07-18,P078,249,163,86,0.6546,12,50
2026-07-19,P078,249,167,82,0.6707,12,58
2026-07-20,P078,249,168,81,0.6747,10,21
2026-07-21,P078,249,165,84,0.6627,8,45
2026-07-22,P078,249,167,82,0.6707,8,35
2026-07-23,P078,249,170,79,0.6827,10,61
2026-07-24,P078,249,166,83,0.6667,7,50
2026-07-25,P078,249,167,82,0.6707,11,16
2026-07-26,P078,249,164,85,0.6586,9,31
2026-07-27,P078,249,170,79,0.6827,9,19
2026-07-28,P078,249,161,88,0.6466,15,36
2026-07-29,P078,249,177,72,0.7108,10,41
2026-07-30,P078,249,175,74,0.7028,9,45
2026-07-31,P078,249,186,63,0.747,5,45
2026-08-01,P078,249,178,71,0.7149,9,41
2026-08-02,P078,249,179,70,0.7189,7,53
2026-08-03,P078,249,179,70,0.7189,7,18
2026-08-04,P078,249,191,58,0.7671,6,37
2026-08-05,P078,249,185,64,0.743,6,12
2026-08-06,P078,249,190,59,0.7631,9,65
2026-08-07,P078,249,179,70,0.7189,8,9
2026-08-08,P078,249,181,68,0.7269,6,22
2026-08-09,P078,249,183,66,0.7349,9,40
2026-08-10,P078,249,184,65,0.739,9,10
2026-08-11,P078,249,184,65,0.739,9,59
2026-08-12,P078,249,179,70,0.7189,6,6
2026-08-13,P078,249,172,77,0.6908,9,9
2026-08-14,P078,249,174,75,0.6988,6,51
2026-08-15,P078,249,176,73,0.7068,4,25
2026-08-16,P078,249,176,73,0.7068,5,18
2026-08-17,P078,249,177,72,0.7108,7,1
2026-08-18,P078,249,171,78,0.6867,9,62
2026-08-19,P078,249,167,82,0.6707,11,41
2026-08-20,P078,249,172,77,0.6908,9,7
2026-08-21,P078,249,171,78,0.6867,6,56
2026-08-22,P078,249,165,84,0.6627,6,45
2026-08-23,P078,249,177,72,0.7108,7,41
2026-08-24,P078,249,177,72,0.7108,8,26
2026-08-25,P078,249,171,78,0.6867,10,17
2026-08-26,P078,249,183,66,0.7349,13,16
2026-08-27,P078,249,171,78,0.6867,10,65
2026-04-30,P079,185,134,51,0.7243,5,11
2026-05-01,P079,185,133,52,0.7189,6,24
2026-05-02,P079,185,133,52,0.7189,1,48
2026-05-03,P079,185,133,52,0.7189,7,50
2026-05-04,P079,185,132,53,0.7135,3,57
2026-05-05,P079,185,137,48,0.7405,1,41
2026-05-06,P079,185,140,45,0.7568,6,65
2026-05-07,P079,185,142,43,0.7676,5,46
2026-05-08,P079,185,140,45,0.7568,1,58
2026-05-09,P079,185,139,46,0.7514,6,41
2026-05-10,P079,185,141,44,0.7622,2,35
2026-05-11,P079,185,138,47,0.7459,7,46
2026-05-12,P079,185,132,53,0.7135,5,4
2026-05-13,P079,185,138,47,0.7459,6,2
2026-05-14,P079,185,140,45,0.7568,2,58
2026-05-15,P079,185,131,54,0.7081,5,17
2026-05-16,P079,185,127,58,0.6865,7,1
2026-05-17,P079,185,128,57,0.6919,6,58
2026-05-18,P079,185,127,58,0.6865,5,51
2026-05-19,P079,185,133,52,0.7189,6,20
2026-05-20,P079,185,130,55,0.7027,7,35
2026-05-21,P079,185,131,54,0.7081,6,42
2026-05-22,P079,185,126,59,0.6811,8,9
2026-05-23,P079,185,126,59,0.6811,7,31
2026-05-24,P079,185,130,55,0.7027,8,39
2026-05-25,P079,185,127,58,0.6865,8,33
2026-05-26,P079,185,127,58,0.6865,9,40
2026-05-27,P079,185,129,56,0.6973,5,40
2026-05-28,P079,185,129,56,0.6973,8,21
2026-05-29,P079,185,130,55,0.7027,7,47
2026-05-30,P079,185,131,54,0.7081,5,6
2026-05-31,P079,185,132,53,0.7135,4,47
2026-06-01,P079,185,136,49,0.7351,4,37
2026-06-02,P079,185,137,48,0.7405,4,0
2026-06-03,P079,185,145,40,0.7838,4,20
2026-06-04,P079,185,145,40,0.7838,6,27
2026-06-05,P079,185,138,47,0.7459,3,37
2026-06-06,P079,185,140,45,0.7568,4,51
2026-06-07,P079,185,140,45,0.7568,7,41
2026-06-08,P079,185,143,42,0.773,4,13
2026-06-09,P079,185,144,41,0.7784,5,0
2026-06-10,P079,185,138,47,0.7459,5,62
2026-06-11,P079,185,134,51,0.7243,8,18
2026-06-12,P079,185,139,46,0.7514,4,60
2026-06-13,P079,185,137,48,0.7405,8,59
2026-06-14,P079,185,136,49,0.7351,9,64
2026-06-15,P079,185,134,51,0.7243,5,12
2026-06-16,P079,185,134,51,0.7243,7,51
2026-06-17,P079,185,140,45,0.7568,2,47
2026-06-18,P079,185,133,52,0.7189,5,9
2026-06-19,P079,185,127,58,0.6865,10,44
2026-06-20,P079,185,138,47,0.7459,5,28
2026-06-21,P079,185,133,52,0.7189,6,18
2026-06-22,P079,185,130,55,0.7027,3,31
2026-06-23,P079,185,132,53,0.7135,6,61
2026-06-24,P079,185,138,47,0.7459,4,57
2026-06-25,P079,185,131,54,0.7081,2,30
2026-06-26,P079,185,133,52,0.7189,3,55
2026-06-27,P079,185,138,47,0.7459,5,25
2026-06-28,P079,185,133,52,0.7189,5,55
2026-06-29,P079,185,141,44,0.7622,2,53
2026-06-30,P079,185,143,42,0.773,6,60
2026-07-01,P079,185,142,43,0.7676,5,31
2026-07-02,P079,185,141,44,0.7622,6,59
2026-07-03,P079,185,152,33,0.8216,5,47
2026-07-04,P079,185,143,42,0.773,5,63
2026-07-05,P079,185,148,37,0.8,4,50
2026-07-06,P079,185,157,28,0.8486,0,3
2026-07-07,P079,185,151,34,0.8162,0,56
2026-07-08,P079,185,148,37,0.8,3,63
2026-07-09,P079,185,144,41,0.7784,4,64
2026-07-10,P079,185,142,43,0.7676,5,55
2026-07-11,P079,185,140,45,0.7568,2,47
2026-07-12,P079,185,143,42,0.773,7,32
2026-07-13,P079,185,145,40,0.7838,5,32
2026-07-14,P079,185,137,48,0.7405,5,25
2026-07-15,P079,185,134,51,0.7243,4,53
2026-07-16,P079,185,141,44,0.7622,5,39
2026-07-17,P079,185,140,45,0.7568,5,47
2026-07-18,P079,185,138,47,0.7459,7,51
2026-07-19,P079,185,137,48,0.7405,6,56
2026-07-20,P079,185,131,54,0.7081,5,6
2026-07-21,P079,185,135,50,0.7297,6,51
2026-07-22,P079,185,133,52,0.7189,7,31
2026-07-23,P079,185,132,53,0.7135,5,27
2026-07-24,P079,185,135,50,0.7297,7,52
2026-07-25,P079,185,140,45,0.7568,6,38
2026-07-26,P079,185,141,44,0.7622,8,48
2026-07-27,P079,185,139,46,0.7514,5,36
2026-07-28,P079,185,134,51,0.7243,3,59
2026-07-29,P079,185,143,42,0.773,3,15
2026-07-30,P079,185,143,42,0.773,3,12
2026-07-31,P079,185,147,38,0.7946,5,63
2026-08-01,P079,185,144,41,0.7784,4,25
2026-08-02,P079,185,149,36,0.8054,4,17
2026-08-03,P079,185,149,36,0.8054,5,23
2026-08-04,P079,185,152,33,0.8216,5,55
2026-08-05,P079,185,146,39,0.7892,3,11
2026-08-06,P079,185,146,39,0.7892,4,6
2026-08-07,P079,185,149,36,0.8054,6,57
2026-08-08,P079,185,143,42,0.773,3,12
2026-08-09,P079,185,149,36,0.8054,2,55
2026-08-10,P079,185,144,41,0.7784,1,52
2026-08-11,P079,185,147,38,0.7946,3,59
2026-08-12,P079,185,144,41,0.7784,4,35
2026-08-13,P079,185,138,47,0.7459,5,1
2026-08-14,P079,185,141,44,0.7622,6,53
2026-08-15,P079,185,144,41,0.7784,6,57
2026-08-16,P079,185,145,40,0.7838,5,4
2026-08-17,P079,185,138,47,0.7459,4,37
2026-08-18,P079,185,138,47,0.7459,3,36
2026-08-19,P079,185,141,44,0.7622,6,4
2026-08-20,P079,185,136,49,0.7351,6,51
2026-08-21,P079,185,131,54,0.7081,7,2
2026-08-22,P079,185,138,47,0.7459,5,1
2026-08-23,P079,185,141,44,0.7622,0,39
2026-08-24,P079,185,142,43,0.7676,6,42
2026-08-25,P079,185,144,41,0.7784,7,11
2026-08-26,P079,185,144,41,0.7784,9,27
2026-08-27,P079,185,142,43,0.7676,5,32
2026-04-30,P080,190,152,38,0.8,5,64
2026-05-01,P080,190,153,37,0.8053,1,34
2026-05-02,P080,190,151,39,0.7947,3,7
2026-05-03,P080,190,154,36,0.8105,6,31
2026-05-04,P080,190,156,34,0.8211,1,57
2026-05-05,P080,190,161,29,0.8474,0,44
2026-05-06,P080,190,156,34,0.8211,2,30
2026-05-07,P080,190,154,36,0.8105,1,35
2026-05-08,P080,190,153,37,0.8053,4,12
2026-05-09,P080,190,163,27,0.8579,3,28
2026-05-10,P080,190,156,34,0.8211,2,57
2026-05-11,P080,190,157,33,0.8263,3,54
2026-05-12,P080,190,152,38,0.8,2,54
2026-05-13,P080,190,159,31,0.8368,6,18
2026-05-14,P080,190,155,35,0.8158,5,20
2026-05-15,P080,190,155,35,0.8158,2,23
2026-05-16,P080,190,154,36,0.8105,3,28
2026-05-17,P080,190,146,44,0.7684,6,37
2026-05-18,P080,190,150,40,0.7895,6,0
2026-05-19,P080,190,151,39,0.7947,4,39
2026-05-20,P080,190,145,45,0.7632,4,23
2026-05-21,P080,190,145,45,0.7632,6,24
2026-05-22,P080,190,146,44,0.7684,4,37
2026-05-23,P080,190,148,42,0.7789,4,41
2026-05-24,P080,190,145,45,0.7632,4,22
2026-05-25,P080,190,148,42,0.7789,4,39
2026-05-26,P080,190,150,40,0.7895,6,48
2026-05-27,P080,190,148,42,0.7789,3,58
2026-05-28,P080,190,155,35,0.8158,4,25
2026-05-29,P080,190,155,35,0.8158,6,12
2026-05-30,P080,190,148,42,0.7789,7,29
2026-05-31,P080,190,156,34,0.8211,5,9
2026-06-01,P080,190,153,37,0.8053,2,54
2026-06-02,P080,190,154,36,0.8105,2,46
2026-06-03,P080,190,158,32,0.8316,3,15
2026-06-04,P080,190,165,25,0.8684,1,29
2026-06-05,P080,190,163,27,0.8579,0,12
2026-06-06,P080,190,166,24,0.8737,1,57
2026-06-07,P080,190,155,35,0.8158,7,44
2026-06-08,P080,190,161,29,0.8474,6,55
2026-06-09,P080,190,167,23,0.8789,3,49
2026-06-10,P080,190,165,25,0.8684,3,13
2026-06-11,P080,190,158,32,0.8316,1,3
2026-06-12,P080,190,156,34,0.8211,6,15
2026-06-13,P080,190,160,30,0.8421,5,45
2026-06-14,P080,190,158,32,0.8316,4,41
2026-06-15,P080,190,157,33,0.8263,2,65
2026-06-16,P080,190,149,41,0.7842,2,3
2026-06-17,P080,190,155,35,0.8158,1,55
2026-06-18,P080,190,157,33,0.8263,4,10
2026-06-19,P080,190,146,44,0.7684,3,3
2026-06-20,P080,190,146,44,0.7684,6,53
2026-06-21,P080,190,150,40,0.7895,5,9
2026-06-22,P080,190,152,38,0.8,3,1
2026-06-23,P080,190,147,43,0.7737,8,18
2026-06-24,P080,190,152,38,0.8,5,27
2026-06-25,P080,190,151,39,0.7947,3,42
2026-06-26,P080,190,148,42,0.7789,1,0
2026-06-27,P080,190,146,44,0.7684,4,9
2026-06-28,P080,190,156,34,0.8211,3,64
2026-06-29,P080,190,159,31,0.8368,2,23
2026-06-30,P080,190,156,34,0.8211,6,37
2026-07-01,P080,190,161,29,0.8474,2,44
2026-07-02,P080,190,158,32,0.8316,2,54
2026-07-03,P080,190,162,28,0.8526,0,35
2026-07-04,P080,190,162,28,0.8526,0,24
2026-07-05,P080,190,169,21,0.8895,0,57
2026-07-06,P080,190,170,20,0.8947,0,23
2026-07-07,P080,190,162,28,0.8526,5,39
2026-07-08,P080,190,158,32,0.8316,6,10
2026-07-09,P080,190,165,25,0.8684,2,2
2026-07-10,P080,190,166,24,0.8737,2,56
2026-07-11,P080,190,169,21,0.8895,2,30
2026-07-12,P080,190,161,29,0.8474,1,32
2026-07-13,P080,190,162,28,0.8526,4,53
2026-07-14,P080,190,158,32,0.8316,4,13
2026-07-15,P080,190,154,36,0.8105,5,46
2026-07-16,P080,190,163,27,0.8579,4,48
2026-07-17,P080,190,149,41,0.7842,5,28
2026-07-18,P080,190,155,35,0.8158,2,15
2026-07-19,P080,190,157,33,0.8263,2,38
2026-07-20,P080,190,155,35,0.8158,2,9
2026-07-21,P080,190,159,31,0.8368,7,52
2026-07-22,P080,190,155,35,0.8158,2,2
2026-07-23,P080,190,152,38,0.8,0,31
2026-07-24,P080,190,156,34,0.8211,3,26
2026-07-25,P080,190,151,39,0.7947,4,45
2026-07-26,P080,190,161,29,0.8474,6,3
2026-07-27,P080,190,156,34,0.8211,9,50
2026-07-28,P080,190,158,32,0.8316,5,32
2026-07-29,P080,190,156,34,0.8211,6,8
2026-07-30,P080,190,160,30,0.8421,5,20
2026-07-31,P080,190,163,27,0.8579,6,63
2026-08-01,P080,190,164,26,0.8632,1,31
2026-08-02,P080,190,163,27,0.8579,3,46
2026-08-03,P080,190,165,25,0.8684,0,57
2026-08-04,P080,190,165,25,0.8684,2,10
2026-08-05,P080,190,167,23,0.8789,5,50
2026-08-06,P080,190,176,14,0.9263,0,63
2026-08-07,P080,190,164,26,0.8632,5,14
2026-08-08,P080,190,173,17,0.9105,2,16
2026-08-09,P080,190,173,17,0.9105,4,42
2026-08-10,P080,190,163,27,0.8579,4,18
2026-08-11,P080,190,166,24,0.8737,3,34
2026-08-12,P080,190,167,23,0.8789,0,4
2026-08-13,P080,190,164,26,0.8632,2,21
2026-08-14,P080,190,161,29,0.8474,0,53
2026-08-15,P080,190,163,27,0.8579,3,51
2026-08-16,P080,190,157,33,0.8263,4,10
2026-08-17,P080,190,159,31,0.8368,4,3
2026-08-18,P080,190,156,34,0.8211,5,5
2026-08-19,P080,190,159,31,0.8368,2,6
2026-08-20,P080,190,152,38,0.8,5,60
2026-08-21,P080,190,162,28,0.8526,6,53
2026-08-22,P080,190,159,31,0.8368,3,59
2026-08-23,P080,190,153,37,0.8053,4,26
2026-08-24,P080,190,155,35,0.8158,1,2
2026-08-25,P080,190,162,28,0.8526,3,52
2026-08-26,P080,190,159,31,0.8368,5,28
2026-08-27,P080,190,167,23,0.8789,4,26
2026-04-30,P081,344,217,127,0.6308,14,36
2026-05-01,P081,344,224,120,0.6512,16,7
2026-05-02,P081,344,219,125,0.6366,12,9
2026-05-03,P081,344,226,118,0.657,15,17
2026-05-04,P081,344,230,114,0.6686,13,63
2026-05-05,P081,344,227,117,0.6599,11,23
2026-05-06,P081,344,243,101,0.7064,9,13
2026-05-07,P081,344,252,92,0.7326,11,48
2026-05-08,P081,344,246,98,0.7151,13,26
2026-05-09,P081,344,232,112,0.6744,15,60
2026-05-10,P081,344,236,108,0.686,12,28
2026-05-11,P081,344,235,109,0.6831,11,2
2026-05-12,P081,344,239,105,0.6948,11,25
2026-05-13,P081,344,228,116,0.6628,15,27
2026-05-14,P081,344,218,126,0.6337,14,14
2026-05-15,P081,344,232,112,0.6744,12,48
2026-05-16,P081,344,223,121,0.6483,14,55
2026-05-17,P081,344,217,127,0.6308,16,21
2026-05-18,P081,344,225,119,0.6541,10,7
2026-05-19,P081,344,223,121,0.6483,13,36
2026-05-20,P081,344,224,120,0.6512,11,39
2026-05-21,P081,344,220,124,0.6395,17,7
2026-05-22,P081,344,212,132,0.6163,19,50
2026-05-23,P081,344,225,119,0.6541,18,38
2026-05-24,P081,344,219,125,0.6366,13,17
2026-05-25,P081,344,216,128,0.6279,13,1
2026-05-26,P081,344,211,133,0.6134,15,21
2026-05-27,P081,344,229,115,0.6657,13,27
2026-05-28,P081,344,229,115,0.6657,13,8
2026-05-29,P081,344,226,118,0.657,16,49
2026-05-30,P081,344,235,109,0.6831,14,1
2026-05-31,P081,344,227,117,0.6599,15,48
2026-06-01,P081,344,238,106,0.6919,12,8
2026-06-02,P081,344,224,120,0.6512,14,48
2026-06-03,P081,344,235,109,0.6831,12,45
2026-06-04,P081,344,243,101,0.7064,13,14
2026-06-05,P081,344,234,110,0.6802,11,47
2026-06-06,P081,344,239,105,0.6948,14,46
2026-06-07,P081,344,242,102,0.7035,9,19
2026-06-08,P081,344,246,98,0.7151,11,12
2026-06-09,P081,344,241,103,0.7006,12,58
2026-06-10,P081,344,258,86,0.75,8,58
2026-06-11,P081,344,233,111,0.6773,13,45
2026-06-12,P081,344,246,98,0.7151,7,57
2026-06-13,P081,344,234,110,0.6802,15,47
2026-06-14,P081,344,244,100,0.7093,10,63
2026-06-15,P081,344,231,113,0.6715,15,65
2026-06-16,P081,344,222,122,0.6453,13,0
2026-06-17,P081,344,230,114,0.6686,12,44
2026-06-18,P081,344,223,121,0.6483,15,43
2026-06-19,P081,344,226,118,0.657,15,34
2026-06-20,P081,344,218,126,0.6337,14,13
2026-06-21,P081,344,226,118,0.657,15,35
2026-06-22,P081,344,228,116,0.6628,13,33
2026-06-23,P081,344,223,121,0.6483,14,62
2026-06-24,P081,344,227,117,0.6599,13,47
2026-06-25,P081,344,229,115,0.6657,12,64
2026-06-26,P081,344,222,122,0.6453,13,45
2026-06-27,P081,344,226,118,0.657,15,59
2026-06-28,P081,344,233,111,0.6773,14,64
2026-06-29,P081,344,231,113,0.6715,13,17
2026-06-30,P081,344,254,90,0.7384,10,15
2026-07-01,P081,344,252,92,0.7326,13,48
2026-07-02,P081,344,245,99,0.7122,13,0
2026-07-03,P081,344,248,96,0.7209,10,23
2026-07-04,P081,344,255,89,0.7413,8,29
2026-07-05,P081,344,260,84,0.7558,14,13
2026-07-06,P081,344,248,96,0.7209,10,62
2026-07-07,P081,344,255,89,0.7413,9,49
2026-07-08,P081,344,254,90,0.7384,11,51
2026-07-09,P081,344,244,100,0.7093,15,48
2026-07-10,P081,344,240,104,0.6977,16,35
2026-07-11,P081,344,255,89,0.7413,10,10
2026-07-12,P081,344,242,102,0.7035,11,31
2026-07-13,P081,344,248,96,0.7209,11,58
2026-07-14,P081,344,242,102,0.7035,12,14
2026-07-15,P081,344,252,92,0.7326,10,14
2026-07-16,P081,344,231,113,0.6715,14,6
2026-07-17,P081,344,245,99,0.7122,8,42
2026-07-18,P081,344,249,95,0.7238,8,42
2026-07-19,P081,344,227,117,0.6599,15,6
2026-07-20,P081,344,225,119,0.6541,17,33
2026-07-21,P081,344,224,120,0.6512,14,65
2026-07-22,P081,344,233,111,0.6773,15,47
2026-07-23,P081,344,230,114,0.6686,11,27
2026-07-24,P081,344,228,116,0.6628,14,27
2026-07-25,P081,344,234,110,0.6802,12,54
2026-07-26,P081,344,236,108,0.686,15,16
2026-07-27,P081,344,236,108,0.686,9,2
2026-07-28,P081,344,242,102,0.7035,8,5
2026-07-29,P081,344,240,104,0.6977,11,58
2026-07-30,P081,344,250,94,0.7267,11,41
2026-07-31,P081,344,255,89,0.7413,6,19
2026-08-01,P081,344,249,95,0.7238,12,15
2026-08-02,P081,344,259,85,0.7529,12,15
2026-08-03,P081,344,256,88,0.7442,11,60
2026-08-04,P081,344,256,88,0.7442,11,6
2026-08-05,P081,344,261,83,0.7587,9,54
2026-08-06,P081,344,262,82,0.7616,10,9
2026-08-07,P081,344,250,94,0.7267,11,12
2026-08-08,P081,344,252,92,0.7326,10,51
2026-08-09,P081,344,262,82,0.7616,9,7
2026-08-10,P081,344,245,99,0.7122,9,1
2026-08-11,P081,344,253,91,0.7355,12,2
2026-08-12,P081,344,246,98,0.7151,12,28
2026-08-13,P081,344,255,89,0.7413,11,62
2026-08-14,P081,344,238,106,0.6919,15,53
2026-08-15,P081,344,237,107,0.689,12,30
2026-08-16,P081,344,234,110,0.6802,13,10
2026-08-17,P081,344,237,107,0.689,13,18
2026-08-18,P081,344,240,104,0.6977,11,33
2026-08-19,P081,344,247,97,0.718,11,60
2026-08-20,P081,344,239,105,0.6948,13,29
2026-08-21,P081,344,234,110,0.6802,14,27
2026-08-22,P081,344,240,104,0.6977,14,7
2026-08-23,P081,344,256,88,0.7442,12,31
2026-08-24,P081,344,240,104,0.6977,13,29
2026-08-25,P081,344,245,99,0.7122,13,48
2026-08-26,P081,344,258,86,0.75,8,2
2026-08-27,P081,344,247,97,0.718,8,35
2026-04-30,P082,315,200,115,0.6349,11,12
2026-05-01,P082,315,210,105,0.6667,10,1
2026-05-02,P082,315,204,111,0.6476,12,18
2026-05-03,P082,315,207,108,0.6571,14,21
2026-05-04,P082,315,214,101,0.6794,13,29
2026-05-05,P082,315,214,101,0.6794,11,29
2026-05-06,P082,315,220,95,0.6984,6,42
2026-05-07,P082,315,222,93,0.7048,11,49
2026-05-08,P082,315,220,95,0.6984,12,7
2026-05-09,P082,315,209,106,0.6635,11,17
2026-05-10,P082,315,207,108,0.6571,10,43
2026-05-11,P082,315,198,117,0.6286,15,41
2026-05-12,P082,315,210,105,0.6667,12,32
2026-05-13,P082,315,214,101,0.6794,12,13
2026-05-14,P082,315,206,109,0.654,11,41
2026-05-15,P082,315,205,110,0.6508,12,55
2026-05-16,P082,315,203,112,0.6444,10,5
2026-05-17,P082,315,191,124,0.6063,14,15
2026-05-18,P082,315,205,110,0.6508,11,16
2026-05-19,P082,315,194,121,0.6159,14,11
2026-05-20,P082,315,185,130,0.5873,15,28
2026-05-21,P082,315,193,122,0.6127,9,59
2026-05-22,P082,315,194,121,0.6159,15,19
2026-05-23,P082,315,188,127,0.5968,15,10
2026-05-24,P082,315,205,110,0.6508,10,3
2026-05-25,P082,315,196,119,0.6222,12,15
2026-05-26,P082,315,195,120,0.619,15,4
2026-05-27,P082,315,207,108,0.6571,14,44
2026-05-28,P082,315,203,112,0.6444,11,63
2026-05-29,P082,315,206,109,0.654,15,46
2026-05-30,P082,315,222,93,0.7048,11,20
2026-05-31,P082,315,212,103,0.673,11,31
2026-06-01,P082,315,211,104,0.6698,13,38
2026-06-02,P082,315,219,96,0.6952,16,9
2026-06-03,P082,315,215,100,0.6825,9,1
2026-06-04,P082,315,215,100,0.6825,9,15
2026-06-05,P082,315,218,97,0.6921,14,63
2026-06-06,P082,315,226,89,0.7175,9,28
2026-06-07,P082,315,222,93,0.7048,9,54
2026-06-08,P082,315,226,89,0.7175,10,34
2026-06-09,P082,315,221,94,0.7016,10,64
2026-06-10,P082,315,227,88,0.7206,8,19
2026-06-11,P082,315,222,93,0.7048,12,45
2026-06-12,P082,315,218,97,0.6921,11,34
2026-06-13,P082,315,217,98,0.6889,11,63
2026-06-14,P082,315,223,92,0.7079,9,21
2026-06-15,P082,315,209,106,0.6635,14,9
2026-06-16,P082,315,212,103,0.673,10,52
2026-06-17,P082,315,213,102,0.6762,12,5
2026-06-18,P082,315,207,108,0.6571,14,7
2026-06-19,P082,315,210,105,0.6667,11,62
2026-06-20,P082,315,203,112,0.6444,11,46
2026-06-21,P082,315,206,109,0.654,14,7
2026-06-22,P082,315,201,114,0.6381,13,59
2026-06-23,P082,315,199,116,0.6317,15,60
2026-06-24,P082,315,203,112,0.6444,18,27
2026-06-25,P082,315,210,105,0.6667,9,54
2026-06-26,P082,315,213,102,0.6762,11,56
2026-06-27,P082,315,201,114,0.6381,14,15
2026-06-28,P082,315,221,94,0.7016,10,44
2026-06-29,P082,315,213,102,0.6762,16,11
2026-06-30,P082,315,221,94,0.7016,10,51
2026-07-01,P082,315,229,86,0.727,9,13
2026-07-02,P082,315,223,92,0.7079,10,49
2026-07-03,P082,315,229,86,0.727,9,56
2026-07-04,P082,315,228,87,0.7238,12,43
2026-07-05,P082,315,235,80,0.746,9,9
2026-07-06,P082,315,230,85,0.7302,7,31
2026-07-07,P082,315,224,91,0.7111,10,64
2026-07-08,P082,315,237,78,0.7524,8,37
2026-07-09,P082,315,234,81,0.7429,7,65
2026-07-10,P082,315,226,89,0.7175,11,27
2026-07-11,P082,315,239,76,0.7587,10,31
2026-07-12,P082,315,223,92,0.7079,13,0
2026-07-13,P082,315,225,90,0.7143,10,0
2026-07-14,P082,315,215,100,0.6825,11,23
2026-07-15,P082,315,220,95,0.6984,9,55
2026-07-16,P082,315,219,96,0.6952,9,48
2026-07-17,P082,315,215,100,0.6825,9,62
2026-07-18,P082,315,211,104,0.6698,15,9
2026-07-19,P082,315,215,100,0.6825,9,19
2026-07-20,P082,315,205,110,0.6508,13,0
2026-07-21,P082,315,209,106,0.6635,13,55
2026-07-22,P082,315,208,107,0.6603,12,14
2026-07-23,P082,315,221,94,0.7016,9,37
2026-07-24,P082,315,217,98,0.6889,13,7
2026-07-25,P082,315,211,104,0.6698,14,36
2026-07-26,P082,315,207,108,0.6571,12,20
2026-07-27,P082,315,221,94,0.7016,13,22
2026-07-28,P082,315,203,112,0.6444,11,63
2026-07-29,P082,315,228,87,0.7238,12,49
2026-07-30,P082,315,224,91,0.7111,8,17
2026-07-31,P082,315,239,76,0.7587,9,22
2026-08-01,P082,315,221,94,0.7016,7,35
2026-08-02,P082,315,244,71,0.7746,14,24
2026-08-03,P082,315,250,65,0.7937,6,55
2026-08-04,P082,315,249,66,0.7905,8,14
2026-08-05,P082,315,228,87,0.7238,12,10
2026-08-06,P082,315,229,86,0.727,9,18
2026-08-07,P082,315,238,77,0.7556,10,3
2026-08-08,P082,315,240,75,0.7619,9,18
2026-08-09,P082,315,223,92,0.7079,9,6
2026-08-10,P082,315,235,80,0.746,8,47
2026-08-11,P082,315,230,85,0.7302,7,59
2026-08-12,P082,315,223,92,0.7079,9,41
2026-08-13,P082,315,219,96,0.6952,9,43
2026-08-14,P082,315,222,93,0.7048,12,32
2026-08-15,P082,315,224,91,0.7111,10,51
2026-08-16,P082,315,213,102,0.6762,11,13
2026-08-17,P082,315,222,93,0.7048,9,41
2026-08-18,P082,315,226,89,0.7175,12,11
2026-08-19,P082,315,216,99,0.6857,13,16
2026-08-20,P082,315,216,99,0.6857,11,34
2026-08-21,P082,315,209,106,0.6635,10,48
2026-08-22,P082,315,216,99,0.6857,13,53
2026-08-23,P082,315,216,99,0.6857,9,55
2026-08-24,P082,315,221,94,0.7016,13,44
2026-08-25,P082,315,231,84,0.7333,7,61
2026-08-26,P082,315,231,84,0.7333,9,53
2026-08-27,P082,315,229,86,0.727,10,22
2026-04-30,P083,350,322,28,0.92,4,63
2026-05-01,P083,350,337,13,0.9629,2,46
2026-05-02,P083,350,341,9,0.9743,0,17
2026-05-03,P083,350,341,9,0.9743,1,43
2026-05-04,P083,350,336,14,0.96,0,14
2026-05-05,P083,350,343,7,0.98,0,51
2026-05-06,P083,350,339,11,0.9686,0,54
2026-05-07,P083,350,342,8,0.9771,0,20
2026-05-08,P083,350,343,7,0.98,1,65
2026-05-09,P083,350,343,7,0.98,1,50
2026-05-10,P083,350,339,11,0.9686,4,38
2026-05-11,P083,350,338,12,0.9657,0,46
2026-05-12,P083,350,338,12,0.9657,2,13
2026-05-13,P083,350,343,7,0.98,0,16
2026-05-14,P083,350,317,33,0.9057,3,49
2026-05-15,P083,350,332,18,0.9486,0,65
2026-05-16,P083,350,324,26,0.9257,1,46
2026-05-17,P083,350,323,27,0.9229,5,34
2026-05-18,P083,350,325,25,0.9286,0,13
2026-05-19,P083,350,321,29,0.9171,3,18
2026-05-20,P083,350,322,28,0.92,0,56
2026-05-21,P083,350,323,27,0.9229,4,30
2026-05-22,P083,350,313,37,0.8943,6,51
2026-05-23,P083,350,312,38,0.8914,3,35
2026-05-24,P083,350,329,21,0.94,0,24
2026-05-25,P083,350,314,36,0.8971,8,56
2026-05-26,P083,350,318,32,0.9086,2,17
2026-05-27,P083,350,326,24,0.9314,3,28
2026-05-28,P083,350,334,16,0.9543,2,2
2026-05-29,P083,350,342,8,0.9771,0,16
2026-05-30,P083,350,343,7,0.98,0,52
2026-05-31,P083,350,343,7,0.98,0,53
2026-06-01,P083,350,332,18,0.9486,2,0
2026-06-02,P083,350,340,10,0.9714,0,4
2026-06-03,P083,350,342,8,0.9771,2,43
2026-06-04,P083,350,343,7,0.98,0,23
2026-06-05,P083,350,343,7,0.98,0,62
2026-06-06,P083,350,343,7,0.98,2,32
2026-06-07,P083,350,343,7,0.98,4,64
2026-06-08,P083,350,343,7,0.98,0,41
2026-06-09,P083,350,343,7,0.98,0,5
2026-06-10,P083,350,343,7,0.98,2,2
2026-06-11,P083,350,342,8,0.9771,0,16
2026-06-12,P083,350,343,7,0.98,2,23
2026-06-13,P083,350,343,7,0.98,0,49
2026-06-14,P083,350,343,7,0.98,0,59
2026-06-15,P083,350,342,8,0.9771,1,10
2026-06-16,P083,350,341,9,0.9743,0,12
2026-06-17,P083,350,323,27,0.9229,3,2
2026-06-18,P083,350,336,14,0.96,2,44
2026-06-19,P083,350,326,24,0.9314,7,53
2026-06-20,P083,350,328,22,0.9371,8,46
2026-06-21,P083,350,319,31,0.9114,3,32
2026-06-22,P083,350,329,21,0.94,0,29
2026-06-23,P083,350,328,22,0.9371,4,60
2026-06-24,P083,350,328,22,0.9371,4,52
2026-06-25,P083,350,330,20,0.9429,3,38
2026-06-26,P083,350,337,13,0.9629,0,38
2026-06-27,P083,350,337,13,0.9629,0,61
2026-06-28,P083,350,343,7,0.98,0,46
2026-06-29,P083,350,343,7,0.98,0,60
2026-06-30,P083,350,343,7,0.98,2,31
2026-07-01,P083,350,343,7,0.98,1,22
2026-07-02,P083,350,343,7,0.98,2,31
2026-07-03,P083,350,343,7,0.98,0,21
2026-07-04,P083,350,343,7,0.98,2,19
2026-07-05,P083,350,343,7,0.98,0,17
2026-07-06,P083,350,343,7,0.98,0,9
2026-07-07,P083,350,343,7,0.98,0,38
2026-07-08,P083,350,343,7,0.98,0,4
2026-07-09,P083,350,343,7,0.98,1,3
2026-07-10,P083,350,343,7,0.98,0,55
2026-07-11,P083,350,343,7,0.98,0,32
2026-07-12,P083,350,343,7,0.98,0,17
2026-07-13,P083,350,343,7,0.98,0,49
2026-07-14,P083,350,343,7,0.98,0,11
2026-07-15,P083,350,343,7,0.98,0,3
2026-07-16,P083,350,342,8,0.9771,3,48
2026-07-17,P083,350,342,8,0.9771,0,50
2026-07-18,P083,350,333,17,0.9514,0,10
2026-07-19,P083,350,343,7,0.98,2,44
2026-07-20,P083,350,343,7,0.98,4,61
2026-07-21,P083,350,343,7,0.98,2,57
2026-07-22,P083,350,337,13,0.9629,1,1
2026-07-23,P083,350,333,17,0.9514,3,57
2026-07-24,P083,350,341,9,0.9743,2,28
2026-07-25,P083,350,343,7,0.98,0,26
2026-07-26,P083,350,340,10,0.9714,1,3
2026-07-27,P083,350,343,7,0.98,1,35
2026-07-28,P083,350,343,7,0.98,1,4
2026-07-29,P083,350,343,7,0.98,0,46
2026-07-30,P083,350,343,7,0.98,2,17
2026-07-31,P083,350,343,7,0.98,0,20
2026-08-01,P083,350,343,7,0.98,1,54
2026-08-02,P083,350,343,7,0.98,0,44
2026-08-03,P083,350,343,7,0.98,0,39
2026-08-04,P083,350,343,7,0.98,0,21
2026-08-05,P083,350,343,7,0.98,1,41
2026-08-06,P083,350,343,7,0.98,0,40
2026-08-07,P083,350,343,7,0.98,0,19
2026-08-08,P083,350,343,7,0.98,0,5
2026-08-09,P083,350,343,7,0.98,0,32
2026-08-10,P083,350,343,7,0.98,0,60
2026-08-11,P083,350,343,7,0.98,0,38
2026-08-12,P083,350,343,7,0.98,1,10
2026-08-13,P083,350,343,7,0.98,0,52
2026-08-14,P083,350,343,7,0.98,2,39
2026-08-15,P083,350,343,7,0.98,0,65
2026-08-16,P083,350,343,7,0.98,5,25
2026-08-17,P083,350,343,7,0.98,1,33
2026-08-18,P083,350,343,7,0.98,0,15
2026-08-19,P083,350,343,7,0.98,0,7
2026-08-20,P083,350,339,11,0.9686,0,43
2026-08-21,P083,350,343,7,0.98,0,45
2026-08-22,P083,350,343,7,0.98,0,28
2026-08-23,P083,350,343,7,0.98,4,2
2026-08-24,P083,350,343,7,0.98,1,7
2026-08-25,P083,350,340,10,0.9714,0,58
2026-08-26,P083,350,343,7,0.98,0,47
2026-08-27,P083,350,343,7,0.98,0,12
2026-04-30,P084,283,167,116,0.5901,13,26
2026-05-01,P084,283,164,119,0.5795,12,63
2026-05-02,P084,283,159,124,0.5618,13,31
2026-05-03,P084,283,167,116,0.5901,14,55
2026-05-04,P084,283,165,118,0.583,16,23
2026-05-05,P084,283,169,114,0.5972,16,23
2026-05-06,P084,283,172,111,0.6078,14,14
2026-05-07,P084,283,174,109,0.6148,12,21
2026-05-08,P084,283,161,122,0.5689,14,24
2026-05-09,P084,283,173,110,0.6113,11,6
2026-05-10,P084,283,177,106,0.6254,13,14
2026-05-11,P084,283,176,107,0.6219,14,42
2026-05-12,P084,283,166,117,0.5866,11,47
2026-05-13,P084,283,167,116,0.5901,13,63
2026-05-14,P084,283,167,116,0.5901,13,25
2026-05-15,P084,283,168,115,0.5936,12,4
2026-05-16,P084,283,164,119,0.5795,14,13
2026-05-17,P084,283,173,110,0.6113,12,31
2026-05-18,P084,283,162,121,0.5724,14,3
2026-05-19,P084,283,158,125,0.5583,16,45
2026-05-20,P084,283,169,114,0.5972,18,33
2026-05-21,P084,283,156,127,0.5512,16,1
2026-05-22,P084,283,154,129,0.5442,13,41
2026-05-23,P084,283,153,130,0.5406,12,32
2026-05-24,P084,283,159,124,0.5618,13,29
2026-05-25,P084,283,163,120,0.576,12,10
2026-05-26,P084,283,157,126,0.5548,16,65
2026-05-27,P084,283,165,118,0.583,12,50
2026-05-28,P084,283,161,122,0.5689,16,64
2026-05-29,P084,283,161,122,0.5689,15,35
2026-05-30,P084,283,169,114,0.5972,10,0
2026-05-31,P084,283,168,115,0.5936,13,27
2026-06-01,P084,283,180,103,0.636,10,65
2026-06-02,P084,283,172,111,0.6078,13,36
2026-06-03,P084,283,184,99,0.6502,13,52
2026-06-04,P084,283,178,105,0.629,11,12
2026-06-05,P084,283,186,97,0.6572,10,44
2026-06-06,P084,283,180,103,0.636,12,7
2026-06-07,P084,283,174,109,0.6148,8,41
2026-06-08,P084,283,175,108,0.6184,14,34
2026-06-09,P084,283,175,108,0.6184,12,49
2026-06-10,P084,283,189,94,0.6678,10,1
2026-06-11,P084,283,175,108,0.6184,12,1
2026-06-12,P084,283,173,110,0.6113,11,63
2026-06-13,P084,283,168,115,0.5936,13,39
2026-06-14,P084,283,175,108,0.6184,12,4
2026-06-15,P084,283,160,123,0.5654,15,37
2026-06-16,P084,283,177,106,0.6254,12,8
2026-06-17,P084,283,167,116,0.5901,9,0
2026-06-18,P084,283,157,126,0.5548,12,20
2026-06-19,P084,283,167,116,0.5901,11,57
2026-06-20,P084,283,168,115,0.5936,13,49
2026-06-21,P084,283,158,125,0.5583,12,38
2026-06-22,P084,283,165,118,0.583,16,17
2026-06-23,P084,283,157,126,0.5548,16,1
2026-06-24,P084,283,165,118,0.583,15,6
2026-06-25,P084,283,161,122,0.5689,12,16
2026-06-26,P084,283,167,116,0.5901,19,62
2026-06-27,P084,283,170,113,0.6007,14,55
2026-06-28,P084,283,177,106,0.6254,13,14
2026-06-29,P084,283,182,101,0.6431,9,50
2026-06-30,P084,283,178,105,0.629,16,43
2026-07-01,P084,283,182,101,0.6431,13,31
2026-07-02,P084,283,184,99,0.6502,12,34
2026-07-03,P084,283,187,96,0.6608,8,6
2026-07-04,P084,283,190,93,0.6714,8,19
2026-07-05,P084,283,187,96,0.6608,11,29
2026-07-06,P084,283,198,85,0.6996,6,9
2026-07-07,P084,283,192,91,0.6784,8,5
2026-07-08,P084,283,182,101,0.6431,10,19
2026-07-09,P084,283,182,101,0.6431,10,21
2026-07-10,P084,283,190,93,0.6714,11,36
2026-07-11,P084,283,180,103,0.636,9,64
2026-07-12,P084,283,182,101,0.6431,12,35
2026-07-13,P084,283,179,104,0.6325,10,43
2026-07-14,P084,283,165,118,0.583,16,7
2026-07-15,P084,283,177,106,0.6254,11,19
2026-07-16,P084,283,181,102,0.6396,14,13
2026-07-17,P084,283,175,108,0.6184,14,34
2026-07-18,P084,283,179,104,0.6325,9,65
2026-07-19,P084,283,171,112,0.6042,16,49
2026-07-20,P084,283,168,115,0.5936,15,14
2026-07-21,P084,283,169,114,0.5972,15,7
2026-07-22,P084,283,166,117,0.5866,15,36
2026-07-23,P084,283,165,118,0.583,11,62
2026-07-24,P084,283,166,117,0.5866,15,37
2026-07-25,P084,283,168,115,0.5936,7,30
2026-07-26,P084,283,176,107,0.6219,13,33
2026-07-27,P084,283,171,112,0.6042,12,59
2026-07-28,P084,283,180,103,0.636,13,26
2026-07-29,P084,283,180,103,0.636,13,2
2026-07-30,P084,283,192,91,0.6784,12,10
2026-07-31,P084,283,189,94,0.6678,11,65
2026-08-01,P084,283,191,92,0.6749,11,10
2026-08-02,P084,283,185,98,0.6537,12,38
2026-08-03,P084,283,186,97,0.6572,11,47
2026-08-04,P084,283,194,89,0.6855,9,37
2026-08-05,P084,283,197,86,0.6961,9,40
2026-08-06,P084,283,188,95,0.6643,11,49
2026-08-07,P084,283,193,90,0.682,7,65
2026-08-08,P084,283,194,89,0.6855,12,3
2026-08-09,P084,283,192,91,0.6784,10,20
2026-08-10,P084,283,183,100,0.6466,12,17
2026-08-11,P084,283,191,92,0.6749,10,10
2026-08-12,P084,283,184,99,0.6502,13,26
2026-08-13,P084,283,185,98,0.6537,9,50
2026-08-14,P084,283,182,101,0.6431,12,60
2026-08-15,P084,283,180,103,0.636,11,22
2026-08-16,P084,283,178,105,0.629,12,51
2026-08-17,P084,283,180,103,0.636,12,45
2026-08-18,P084,283,179,104,0.6325,13,31
2026-08-19,P084,283,171,112,0.6042,12,41
2026-08-20,P084,283,173,110,0.6113,14,7
2026-08-21,P084,283,180,103,0.636,10,8
2026-08-22,P084,283,175,108,0.6184,8,50
2026-08-23,P084,283,176,107,0.6219,13,58
2026-08-24,P084,283,175,108,0.6184,13,17
2026-08-25,P084,283,176,107,0.6219,11,8
2026-08-26,P084,283,188,95,0.6643,16,55
2026-08-27,P084,283,190,93,0.6714,15,2
2026-04-30,P085,196,108,88,0.551,9,4
2026-05-01,P085,196,112,84,0.5714,8,46
2026-05-02,P085,196,108,88,0.551,10,36
2026-05-03,P085,196,113,83,0.5765,10,42
2026-05-04,P085,196,121,75,0.6173,11,50
2026-05-05,P085,196,118,78,0.602,12,1
2026-05-06,P085,196,119,77,0.6071,12,55
2026-05-07,P085,196,115,81,0.5867,10,36
2026-05-08,P085,196,120,76,0.6122,9,54
2026-05-09,P085,196,118,78,0.602,6,49
2026-05-10,P085,196,124,72,0.6327,7,25
2026-05-11,P085,196,120,76,0.6122,10,15
2026-05-12,P085,196,117,79,0.5969,8,59
2026-05-13,P085,196,111,85,0.5663,9,3
2026-05-14,P085,196,113,83,0.5765,11,9
2026-05-15,P085,196,109,87,0.5561,13,43
2026-05-16,P085,196,108,88,0.551,8,34
2026-05-17,P085,196,105,91,0.5357,11,60
2026-05-18,P085,196,105,91,0.5357,11,24
2026-05-19,P085,196,102,94,0.5204,10,37
2026-05-20,P085,196,108,88,0.551,13,8
2026-05-21,P085,196,110,86,0.5612,10,27
2026-05-22,P085,196,109,87,0.5561,8,5
2026-05-23,P085,196,105,91,0.5357,11,64
2026-05-24,P085,196,107,89,0.5459,8,48
2026-05-25,P085,196,108,88,0.551,10,61
2026-05-26,P085,196,108,88,0.551,10,6
2026-05-27,P085,196,113,83,0.5765,10,26
2026-05-28,P085,196,117,79,0.5969,5,54
2026-05-29,P085,196,114,82,0.5816,8,51
2026-05-30,P085,196,118,78,0.602,11,32
2026-05-31,P085,196,112,84,0.5714,10,14
2026-06-01,P085,196,115,81,0.5867,6,30
2026-06-02,P085,196,116,80,0.5918,11,46
2026-06-03,P085,196,123,73,0.6276,7,6
2026-06-04,P085,196,117,79,0.5969,9,38
2026-06-05,P085,196,118,78,0.602,7,17
2026-06-06,P085,196,121,75,0.6173,10,37
2026-06-07,P085,196,121,75,0.6173,9,1
2026-06-08,P085,196,118,78,0.602,8,34
2026-06-09,P085,196,116,80,0.5918,5,34
2026-06-10,P085,196,123,73,0.6276,7,18
2026-06-11,P085,196,123,73,0.6276,8,64
2026-06-12,P085,196,120,76,0.6122,4,12
2026-06-13,P085,196,115,81,0.5867,11,18
2026-06-14,P085,196,119,77,0.6071,9,30
2026-06-15,P085,196,113,83,0.5765,8,18
2026-06-16,P085,196,115,81,0.5867,11,0
2026-06-17,P085,196,112,84,0.5714,9,45
2026-06-18,P085,196,109,87,0.5561,9,54
2026-06-19,P085,196,108,88,0.551,11,57
2026-06-20,P085,196,112,84,0.5714,9,51
2026-06-21,P085,196,114,82,0.5816,13,22
2026-06-22,P085,196,114,82,0.5816,12,5
2026-06-23,P085,196,108,88,0.551,13,21
2026-06-24,P085,196,116,80,0.5918,12,13
2026-06-25,P085,196,111,85,0.5663,7,25
2026-06-26,P085,196,115,81,0.5867,10,30
2026-06-27,P085,196,115,81,0.5867,8,24
2026-06-28,P085,196,114,82,0.5816,7,37
2026-06-29,P085,196,117,79,0.5969,9,11
2026-06-30,P085,196,122,74,0.6224,8,64
2026-07-01,P085,196,120,76,0.6122,11,26
2026-07-02,P085,196,126,70,0.6429,8,55
2026-07-03,P085,196,126,70,0.6429,9,33
2026-07-04,P085,196,121,75,0.6173,9,26
2026-07-05,P085,196,128,68,0.6531,6,43
2026-07-06,P085,196,127,69,0.648,8,5
2026-07-07,P085,196,126,70,0.6429,8,36
2026-07-08,P085,196,124,72,0.6327,7,6
2026-07-09,P085,196,119,77,0.6071,7,31
2026-07-10,P085,196,120,76,0.6122,4,29
2026-07-11,P085,196,125,71,0.6378,8,28
2026-07-12,P085,196,123,73,0.6276,9,52
2026-07-13,P085,196,120,76,0.6122,9,42
2026-07-14,P085,196,117,79,0.5969,10,48
2026-07-15,P085,196,121,75,0.6173,6,7
2026-07-16,P085,196,120,76,0.6122,8,10
2026-07-17,P085,196,107,89,0.5459,10,22
2026-07-18,P085,196,113,83,0.5765,10,8
2026-07-19,P085,196,119,77,0.6071,11,19
2026-07-20,P085,196,116,80,0.5918,6,28
2026-07-21,P085,196,113,83,0.5765,8,57
2026-07-22,P085,196,107,89,0.5459,13,45
2026-07-23,P085,196,111,85,0.5663,10,4
2026-07-24,P085,196,112,84,0.5714,5,40
2026-07-25,P085,196,114,82,0.5816,4,58
2026-07-26,P085,196,114,82,0.5816,9,5
2026-07-27,P085,196,120,76,0.6122,9,34
2026-07-28,P085,196,121,75,0.6173,12,35
2026-07-29,P085,196,120,76,0.6122,11,59
2026-07-30,P085,196,121,75,0.6173,9,60
2026-07-31,P085,196,121,75,0.6173,7,56
2026-08-01,P085,196,126,70,0.6429,7,62
2026-08-02,P085,196,131,65,0.6684,6,23
2026-08-03,P085,196,133,63,0.6786,8,17
2026-08-04,P085,196,128,68,0.6531,9,12
2026-08-05,P085,196,127,69,0.648,6,24
2026-08-06,P085,196,127,69,0.648,7,29
2026-08-07,P085,196,137,59,0.699,2,50
2026-08-08,P085,196,133,63,0.6786,9,26
2026-08-09,P085,196,130,66,0.6633,7,2
2026-08-10,P085,196,128,68,0.6531,12,42
2026-08-11,P085,196,123,73,0.6276,7,54
2026-08-12,P085,196,124,72,0.6327,9,6
2026-08-13,P085,196,130,66,0.6633,7,31
2026-08-14,P085,196,124,72,0.6327,8,56
2026-08-15,P085,196,122,74,0.6224,6,52
2026-08-16,P085,196,122,74,0.6224,7,41
2026-08-17,P085,196,117,79,0.5969,8,4
2026-08-18,P085,196,123,73,0.6276,9,54
2026-08-19,P085,196,113,83,0.5765,5,60
2026-08-20,P085,196,121,75,0.6173,7,7
2026-08-21,P085,196,117,79,0.5969,10,48
2026-08-22,P085,196,119,77,0.6071,9,14
2026-08-23,P085,196,119,77,0.6071,8,16
2026-08-24,P085,196,115,81,0.5867,11,42
2026-08-25,P085,196,118,78,0.602,5,9
2026-08-26,P085,196,125,71,0.6378,7,36
2026-08-27,P085,196,119,77,0.6071,10,56
2026-04-30,P086,193,147,46,0.7617,4,7
2026-05-01,P086,193,147,46,0.7617,4,22
2026-05-02,P086,193,145,48,0.7513,11,36
2026-05-03,P086,193,147,46,0.7617,5,34
2026-05-04,P086,193,148,45,0.7668,4,33
2026-05-05,P086,193,151,42,0.7824,5,47
2026-05-06,P086,193,158,35,0.8187,2,62
2026-05-07,P086,193,153,40,0.7927,3,27
2026-05-08,P086,193,157,36,0.8135,2,31
2026-05-09,P086,193,146,47,0.7565,6,56
2026-05-10,P086,193,154,39,0.7979,3,42
2026-05-11,P086,193,152,41,0.7876,2,48
2026-05-12,P086,193,150,43,0.7772,7,16
2026-05-13,P086,193,151,42,0.7824,5,13
2026-05-14,P086,193,142,51,0.7358,9,31
2026-05-15,P086,193,146,47,0.7565,7,3
2026-05-16,P086,193,146,47,0.7565,5,6
2026-05-17,P086,193,143,50,0.7409,5,38
2026-05-18,P086,193,141,52,0.7306,7,15
2026-05-19,P086,193,141,52,0.7306,7,43
2026-05-20,P086,193,137,56,0.7098,8,21
2026-05-21,P086,193,138,55,0.715,4,51
2026-05-22,P086,193,137,56,0.7098,8,58
2026-05-23,P086,193,144,49,0.7461,8,35
2026-05-24,P086,193,145,48,0.7513,4,12
2026-05-25,P086,193,145,48,0.7513,6,47
2026-05-26,P086,193,143,50,0.7409,6,45
2026-05-27,P086,193,147,46,0.7617,6,65
2026-05-28,P086,193,141,52,0.7306,5,61
2026-05-29,P086,193,150,43,0.7772,3,35
2026-05-30,P086,193,151,42,0.7824,3,37
2026-05-31,P086,193,147,46,0.7617,5,30
2026-06-01,P086,193,147,46,0.7617,5,65
2026-06-02,P086,193,154,39,0.7979,4,52
2026-06-03,P086,193,155,38,0.8031,3,39
2026-06-04,P086,193,154,39,0.7979,7,10
2026-06-05,P086,193,151,42,0.7824,8,56
2026-06-06,P086,193,162,31,0.8394,6,23
2026-06-07,P086,193,160,33,0.829,1,27
2026-06-08,P086,193,154,39,0.7979,4,26
2026-06-09,P086,193,152,41,0.7876,4,7
2026-06-10,P086,193,152,41,0.7876,6,61
2026-06-11,P086,193,158,35,0.8187,1,44
2026-06-12,P086,193,151,42,0.7824,3,49
2026-06-13,P086,193,149,44,0.772,2,36
2026-06-14,P086,193,147,46,0.7617,5,50
2026-06-15,P086,193,142,51,0.7358,5,46
2026-06-16,P086,193,149,44,0.772,7,39
2026-06-17,P086,193,142,51,0.7358,4,9
2026-06-18,P086,193,151,42,0.7824,3,25
2026-06-19,P086,193,148,45,0.7668,3,54
2026-06-20,P086,193,151,42,0.7824,2,7
2026-06-21,P086,193,148,45,0.7668,6,7
2026-06-22,P086,193,150,43,0.7772,0,12
2026-06-23,P086,193,142,51,0.7358,8,12
2026-06-24,P086,193,152,41,0.7876,6,29
2026-06-25,P086,193,152,41,0.7876,6,1
2026-06-26,P086,193,142,51,0.7358,2,27
2026-06-27,P086,193,157,36,0.8135,1,0
2026-06-28,P086,193,155,38,0.8031,4,10
2026-06-29,P086,193,151,42,0.7824,4,8
2026-06-30,P086,193,152,41,0.7876,5,21
2026-07-01,P086,193,151,42,0.7824,3,54
2026-07-02,P086,193,152,41,0.7876,8,31
2026-07-03,P086,193,157,36,0.8135,5,61
2026-07-04,P086,193,157,36,0.8135,5,10
2026-07-05,P086,193,164,29,0.8497,3,30
2026-07-06,P086,193,156,37,0.8083,3,9
2026-07-07,P086,193,158,35,0.8187,4,54
2026-07-08,P086,193,157,36,0.8135,1,2
2026-07-09,P086,193,163,30,0.8446,2,34
2026-07-10,P086,193,152,41,0.7876,5,37
2026-07-11,P086,193,156,37,0.8083,2,63
2026-07-12,P086,193,156,37,0.8083,0,18
2026-07-13,P086,193,150,43,0.7772,6,58
2026-07-14,P086,193,152,41,0.7876,7,30
2026-07-15,P086,193,153,40,0.7927,6,40
2026-07-16,P086,193,146,47,0.7565,2,26
2026-07-17,P086,193,153,40,0.7927,8,9
2026-07-18,P086,193,144,49,0.7461,4,64
2026-07-19,P086,193,152,41,0.7876,1,26
2026-07-20,P086,193,148,45,0.7668,3,33
2026-07-21,P086,193,149,44,0.772,4,3
2026-07-22,P086,193,147,46,0.7617,4,32
2026-07-23,P086,193,155,38,0.8031,3,3
2026-07-24,P086,193,152,41,0.7876,3,4
2026-07-25,P086,193,150,43,0.7772,3,22
2026-07-26,P086,193,150,43,0.7772,3,15
2026-07-27,P086,193,150,43,0.7772,2,33
2026-07-28,P086,193,156,37,0.8083,6,33
2026-07-29,P086,193,155,38,0.8031,2,40
2026-07-30,P086,193,151,42,0.7824,8,13
2026-07-31,P086,193,161,32,0.8342,5,21
2026-08-01,P086,193,166,27,0.8601,4,30
2026-08-02,P086,193,162,31,0.8394,4,44
2026-08-03,P086,193,164,29,0.8497,5,1
2026-08-04,P086,193,162,31,0.8394,3,4
2026-08-05,P086,193,169,24,0.8756,1,22
2026-08-06,P086,193,157,36,0.8135,3,33
2026-08-07,P086,193,164,29,0.8497,5,39
2026-08-08,P086,193,161,32,0.8342,5,60
2026-08-09,P086,193,166,27,0.8601,2,4
2026-08-10,P086,193,162,31,0.8394,1,24
2026-08-11,P086,193,156,37,0.8083,1,6
2026-08-12,P086,193,160,33,0.829,4,9
2026-08-13,P086,193,158,35,0.8187,4,53
2026-08-14,P086,193,155,38,0.8031,5,48
2026-08-15,P086,193,155,38,0.8031,3,56
2026-08-16,P086,193,152,41,0.7876,6,19
2026-08-17,P086,193,149,44,0.772,4,17
2026-08-18,P086,193,152,41,0.7876,6,31
2026-08-19,P086,193,155,38,0.8031,5,57
2026-08-20,P086,193,145,48,0.7513,5,47
2026-08-21,P086,193,156,37,0.8083,5,29
2026-08-22,P086,193,152,41,0.7876,3,61
2026-08-23,P086,193,158,35,0.8187,3,29
2026-08-24,P086,193,150,43,0.7772,6,27
2026-08-25,P086,193,156,37,0.8083,4,60
2026-08-26,P086,193,157,36,0.8135,6,14
2026-08-27,P086,193,155,38,0.8031,3,5
2026-04-30,P087,318,180,138,0.566,17,2
2026-05-01,P087,318,179,139,0.5629,14,37
2026-05-02,P087,318,191,127,0.6006,11,61
2026-05-03,P087,318,181,137,0.5692,15,48
2026-05-04,P087,318,188,130,0.5912,15,47
2026-05-05,P087,318,187,131,0.5881,16,65
2026-05-06,P087,318,191,127,0.6006,11,26
2026-05-07,P087,318,193,125,0.6069,15,63
2026-05-08,P087,318,194,124,0.6101,15,56
2026-05-09,P087,318,200,118,0.6289,18,24
2026-05-10,P087,318,196,122,0.6164,15,10
2026-05-11,P087,318,202,116,0.6352,14,65
2026-05-12,P087,318,199,119,0.6258,13,13
2026-05-13,P087,318,185,133,0.5818,13,39
2026-05-14,P087,318,185,133,0.5818,22,49
2026-05-15,P087,318,189,129,0.5943,12,18
2026-05-16,P087,318,190,128,0.5975,15,40
2026-05-17,P087,318,176,142,0.5535,16,63
2026-05-18,P087,318,178,140,0.5597,20,65
2026-05-19,P087,318,177,141,0.5566,16,4
2026-05-20,P087,318,185,133,0.5818,14,59
2026-05-21,P087,318,184,134,0.5786,16,9
2026-05-22,P087,318,168,150,0.5283,15,58
2026-05-23,P087,318,168,150,0.5283,20,35
2026-05-24,P087,318,184,134,0.5786,15,19
2026-05-25,P087,318,185,133,0.5818,14,51
2026-05-26,P087,318,176,142,0.5535,16,35
2026-05-27,P087,318,189,129,0.5943,17,34
2026-05-28,P087,318,180,138,0.566,16,50
2026-05-29,P087,318,190,128,0.5975,12,60
2026-05-30,P087,318,186,132,0.5849,20,5
2026-05-31,P087,318,188,130,0.5912,16,3
2026-06-01,P087,318,185,133,0.5818,15,27
2026-06-02,P087,318,199,119,0.6258,16,40
2026-06-03,P087,318,203,115,0.6384,15,16
2026-06-04,P087,318,193,125,0.6069,16,56
2026-06-05,P087,318,194,124,0.6101,14,47
2026-06-06,P087,318,198,120,0.6226,13,34
2026-06-07,P087,318,192,126,0.6038,15,48
2026-06-08,P087,318,201,117,0.6321,12,42
2026-06-09,P087,318,198,120,0.6226,13,20
2026-06-10,P087,318,197,121,0.6195,11,0
2026-06-11,P087,318,195,123,0.6132,13,39
2026-06-12,P087,318,197,121,0.6195,13,2
2026-06-13,P087,318,199,119,0.6258,15,11
2026-06-14,P087,318,184,134,0.5786,14,23
2026-06-15,P087,318,186,132,0.5849,15,8
2026-06-16,P087,318,179,139,0.5629,11,47
2026-06-17,P087,318,189,129,0.5943,14,0
2026-06-18,P087,318,176,142,0.5535,15,25
2026-06-19,P087,318,183,135,0.5755,15,32
2026-06-20,P087,318,170,148,0.5346,21,10
2026-06-21,P087,318,176,142,0.5535,15,56
2026-06-22,P087,318,185,133,0.5818,16,61
2026-06-23,P087,318,191,127,0.6006,12,57
2026-06-24,P087,318,181,137,0.5692,16,36
2026-06-25,P087,318,198,120,0.6226,15,48
2026-06-26,P087,318,177,141,0.5566,18,25
2026-06-27,P087,318,184,134,0.5786,11,9
2026-06-28,P087,318,188,130,0.5912,14,19
2026-06-29,P087,318,189,129,0.5943,17,16
2026-06-30,P087,318,192,126,0.6038,15,16
2026-07-01,P087,318,204,114,0.6415,14,8
2026-07-02,P087,318,209,109,0.6572,15,55
2026-07-03,P087,318,200,118,0.6289,14,49
2026-07-04,P087,318,204,114,0.6415,16,47
2026-07-05,P087,318,204,114,0.6415,15,32
2026-07-06,P087,318,200,118,0.6289,10,43
2026-07-07,P087,318,208,110,0.6541,5,55
2026-07-08,P087,318,206,112,0.6478,10,64
2026-07-09,P087,318,208,110,0.6541,11,50
2026-07-10,P087,318,196,122,0.6164,12,10
2026-07-11,P087,318,198,120,0.6226,18,53
2026-07-12,P087,318,200,118,0.6289,14,25
2026-07-13,P087,318,192,126,0.6038,18,38
2026-07-14,P087,318,196,122,0.6164,13,49
2026-07-15,P087,318,190,128,0.5975,18,0
2026-07-16,P087,318,186,132,0.5849,15,11
2026-07-17,P087,318,206,112,0.6478,13,25
2026-07-18,P087,318,175,143,0.5503,14,0
2026-07-19,P087,318,175,143,0.5503,13,5
2026-07-20,P087,318,189,129,0.5943,16,51
2026-07-21,P087,318,181,137,0.5692,13,60
2026-07-22,P087,318,187,131,0.5881,16,12
2026-07-23,P087,318,193,125,0.6069,17,41
2026-07-24,P087,318,186,132,0.5849,15,56
2026-07-25,P087,318,192,126,0.6038,15,4
2026-07-26,P087,318,192,126,0.6038,16,58
2026-07-27,P087,318,196,122,0.6164,14,46
2026-07-28,P087,318,197,121,0.6195,13,49
2026-07-29,P087,318,198,120,0.6226,13,50
2026-07-30,P087,318,203,115,0.6384,13,60
2026-07-31,P087,318,195,123,0.6132,17,14
2026-08-01,P087,318,204,114,0.6415,14,4
2026-08-02,P087,318,206,112,0.6478,14,38
2026-08-03,P087,318,205,113,0.6447,15,8
2026-08-04,P087,318,215,103,0.6761,9,4
2026-08-05,P087,318,209,109,0.6572,14,55
2026-08-06,P087,318,205,113,0.6447,11,33
2026-08-07,P087,318,210,108,0.6604,12,58
2026-08-08,P087,318,213,105,0.6698,12,1
2026-08-09,P087,318,217,101,0.6824,12,25
2026-08-10,P087,318,207,111,0.6509,16,23
2026-08-11,P087,318,203,115,0.6384,13,24
2026-08-12,P087,318,209,109,0.6572,10,43
2026-08-13,P087,318,204,114,0.6415,13,42
2026-08-14,P087,318,200,118,0.6289,12,34
2026-08-15,P087,318,191,127,0.6006,15,28
2026-08-16,P087,318,197,121,0.6195,12,42
2026-08-17,P087,318,191,127,0.6006,17,5
2026-08-18,P087,318,204,114,0.6415,16,31
2026-08-19,P087,318,195,123,0.6132,11,50
2026-08-20,P087,318,201,117,0.6321,11,57
2026-08-21,P087,318,187,131,0.5881,16,22
2026-08-22,P087,318,203,115,0.6384,15,43
2026-08-23,P087,318,204,114,0.6415,13,54
2026-08-24,P087,318,198,120,0.6226,12,33
2026-08-25,P087,318,209,109,0.6572,13,8
2026-08-26,P087,318,194,124,0.6101,14,52
2026-08-27,P087,318,209,109,0.6572,12,21
2026-04-30,P088,357,258,99,0.7227,15,3
2026-05-01,P088,357,256,101,0.7171,12,3
2026-05-02,P088,357,267,90,0.7479,15,5
2026-05-03,P088,357,256,101,0.7171,10,46
2026-05-04,P088,357,267,90,0.7479,15,44
2026-05-05,P088,357,261,96,0.7311,11,46
2026-05-06,P088,357,273,84,0.7647,9,9
2026-05-07,P088,357,280,77,0.7843,9,28
2026-05-08,P088,357,274,83,0.7675,13,41
2026-05-09,P088,357,272,85,0.7619,9,11
2026-05-10,P088,357,267,90,0.7479,11,37
2026-05-11,P088,357,269,88,0.7535,13,6
2026-05-12,P088,357,274,83,0.7675,9,27
2026-05-13,P088,357,256,101,0.7171,13,46
2026-05-14,P088,357,254,103,0.7115,13,9
2026-05-15,P088,357,262,95,0.7339,11,22
2026-05-16,P088,357,265,92,0.7423,10,27
2026-05-17,P088,357,248,109,0.6947,15,56
2026-05-18,P088,357,268,89,0.7507,13,16
2026-05-19,P088,357,252,105,0.7059,14,31
2026-05-20,P088,357,252,105,0.7059,12,37
2026-05-21,P088,357,239,118,0.6695,11,17
2026-05-22,P088,357,262,95,0.7339,11,31
2026-05-23,P088,357,243,114,0.6807,12,22
2026-05-24,P088,357,236,121,0.6611,11,23
2026-05-25,P088,357,253,104,0.7087,13,47
2026-05-26,P088,357,253,104,0.7087,12,3
2026-05-27,P088,357,257,100,0.7199,10,47
2026-05-28,P088,357,263,94,0.7367,11,12
2026-05-29,P088,357,255,102,0.7143,12,65
2026-05-30,P088,357,264,93,0.7395,8,58
2026-05-31,P088,357,269,88,0.7535,13,42
2026-06-01,P088,357,271,86,0.7591,11,12
2026-06-02,P088,357,265,92,0.7423,13,59
2026-06-03,P088,357,274,83,0.7675,10,25
2026-06-04,P088,357,273,84,0.7647,7,46
2026-06-05,P088,357,281,76,0.7871,7,62
2026-06-06,P088,357,281,76,0.7871,9,43
2026-06-07,P088,357,282,75,0.7899,10,47
2026-06-08,P088,357,270,87,0.7563,10,54
2026-06-09,P088,357,283,74,0.7927,8,15
2026-06-10,P088,357,277,80,0.7759,10,23
2026-06-11,P088,357,274,83,0.7675,8,40
2026-06-12,P088,357,250,107,0.7003,12,41
2026-06-13,P088,357,270,87,0.7563,13,31
2026-06-14,P088,357,268,89,0.7507,10,34
2026-06-15,P088,357,266,91,0.7451,14,52
2026-06-16,P088,357,267,90,0.7479,7,10
2026-06-17,P088,357,250,107,0.7003,10,11
2026-06-18,P088,357,257,100,0.7199,14,19
2026-06-19,P088,357,263,94,0.7367,11,12
2026-06-20,P088,357,262,95,0.7339,13,42
2026-06-21,P088,357,267,90,0.7479,8,46
2026-06-22,P088,357,261,96,0.7311,13,8
2026-06-23,P088,357,248,109,0.6947,12,49
2026-06-24,P088,357,258,99,0.7227,13,21
2026-06-25,P088,357,268,89,0.7507,11,8
2026-06-26,P088,357,262,95,0.7339,13,14
2026-06-27,P088,357,269,88,0.7535,11,55
2026-06-28,P088,357,267,90,0.7479,12,32
2026-06-29,P088,357,275,82,0.7703,12,30
2026-06-30,P088,357,278,79,0.7787,9,48
2026-07-01,P088,357,274,83,0.7675,8,34
2026-07-02,P088,357,277,80,0.7759,7,2
2026-07-03,P088,357,275,82,0.7703,9,53
2026-07-04,P088,357,292,65,0.8179,6,44
2026-07-05,P088,357,296,61,0.8291,6,37
2026-07-06,P088,357,283,74,0.7927,7,28
2026-07-07,P088,357,297,60,0.8319,6,53
2026-07-08,P088,357,286,71,0.8011,4,6
2026-07-09,P088,357,275,82,0.7703,10,42
2026-07-10,P088,357,277,80,0.7759,6,10
2026-07-11,P088,357,285,72,0.7983,7,11
2026-07-12,P088,357,284,73,0.7955,7,19
2026-07-13,P088,357,270,87,0.7563,10,17
2026-07-14,P088,357,264,93,0.7395,13,18
2026-07-15,P088,357,280,77,0.7843,12,47
2026-07-16,P088,357,266,91,0.7451,10,45
2026-07-17,P088,357,265,92,0.7423,10,11
2026-07-18,P088,357,261,96,0.7311,14,61
2026-07-19,P088,357,269,88,0.7535,10,22
2026-07-20,P088,357,264,93,0.7395,12,59
2026-07-21,P088,357,272,85,0.7619,10,61
2026-07-22,P088,357,267,90,0.7479,12,31
2026-07-23,P088,357,275,82,0.7703,7,47
2026-07-24,P088,357,266,91,0.7451,8,11
2026-07-25,P088,357,274,83,0.7675,11,65
2026-07-26,P088,357,270,87,0.7563,11,24
2026-07-27,P088,357,282,75,0.7899,11,31
2026-07-28,P088,357,275,82,0.7703,10,11
2026-07-29,P088,357,272,85,0.7619,12,60
2026-07-30,P088,357,279,78,0.7815,11,15
2026-07-31,P088,357,289,68,0.8095,8,52
2026-08-01,P088,357,290,67,0.8123,5,53
2026-08-02,P088,357,286,71,0.8011,10,16
2026-08-03,P088,357,290,67,0.8123,8,42
2026-08-04,P088,357,293,64,0.8207,7,27
2026-08-05,P088,357,302,55,0.8459,5,16
2026-08-06,P088,357,284,73,0.7955,7,16
2026-08-07,P088,357,286,71,0.8011,7,15
2026-08-08,P088,357,305,52,0.8543,6,44
2026-08-09,P088,357,295,62,0.8263,6,55
2026-08-10,P088,357,285,72,0.7983,6,57
2026-08-11,P088,357,263,94,0.7367,12,37
2026-08-12,P088,357,285,72,0.7983,11,2
2026-08-13,P088,357,292,65,0.8179,7,22
2026-08-14,P088,357,287,70,0.8039,7,2
2026-08-15,P088,357,283,74,0.7927,10,4
2026-08-16,P088,357,275,82,0.7703,6,24
2026-08-17,P088,357,274,83,0.7675,8,37
2026-08-18,P088,357,276,81,0.7731,11,37
2026-08-19,P088,357,282,75,0.7899,8,1
2026-08-20,P088,357,272,85,0.7619,6,5
2026-08-21,P088,357,270,87,0.7563,7,2
2026-08-22,P088,357,280,77,0.7843,10,16
2026-08-23,P088,357,279,78,0.7815,9,33
2026-08-24,P088,357,294,63,0.8235,7,6
2026-08-25,P088,357,276,81,0.7731,8,20
2026-08-26,P088,357,284,73,0.7955,15,48
2026-08-27,P088,357,297,60,0.8319,6,24
2026-04-30,P089,217,182,35,0.8387,3,38
2026-05-01,P089,217,170,47,0.7834,7,1
2026-05-02,P089,217,165,52,0.7604,6,43
2026-05-03,P089,217,173,44,0.7972,7,12
2026-05-04,P089,217,173,44,0.7972,6,9
2026-05-05,P089,217,176,41,0.8111,2,53
2026-05-06,P089,217,178,39,0.8203,6,21
2026-05-07,P089,217,173,44,0.7972,3,10
2026-05-08,P089,217,173,44,0.7972,8,60
2026-05-09,P089,217,179,38,0.8249,4,31
2026-05-10,P089,217,173,44,0.7972,1,41
2026-05-11,P089,217,184,33,0.8479,0,23
2026-05-12,P089,217,175,42,0.8065,5,26
2026-05-13,P089,217,168,49,0.7742,6,41
2026-05-14,P089,217,169,48,0.7788,5,16
2026-05-15,P089,217,173,44,0.7972,6,6
2026-05-16,P089,217,164,53,0.7558,7,21
2026-05-17,P089,217,163,54,0.7512,2,3
2026-05-18,P089,217,166,51,0.765,5,31
2026-05-19,P089,217,170,47,0.7834,3,50
2026-05-20,P089,217,160,57,0.7373,6,31
2026-05-21,P089,217,165,52,0.7604,5,55
2026-05-22,P089,217,158,59,0.7281,7,8
2026-05-23,P089,217,162,55,0.7465,5,23
2026-05-24,P089,217,160,57,0.7373,8,13
2026-05-25,P089,217,172,45,0.7926,6,62
2026-05-26,P089,217,161,56,0.7419,6,61
2026-05-27,P089,217,169,48,0.7788,4,43
2026-05-28,P089,217,170,47,0.7834,7,57
2026-05-29,P089,217,177,40,0.8157,2,65
2026-05-30,P089,217,172,45,0.7926,5,7
2026-05-31,P089,217,179,38,0.8249,6,51
2026-06-01,P089,217,175,42,0.8065,4,26
2026-06-02,P089,217,173,44,0.7972,6,26
2026-06-03,P089,217,175,42,0.8065,7,36
2026-06-04,P089,217,184,33,0.8479,5,61
2026-06-05,P089,217,186,31,0.8571,1,48
2026-06-06,P089,217,185,32,0.8525,0,19
2026-06-07,P089,217,180,37,0.8295,0,0
2026-06-08,P089,217,179,38,0.8249,5,61
2026-06-09,P089,217,179,38,0.8249,0,32
2026-06-10,P089,217,179,38,0.8249,1,22
2026-06-11,P089,217,172,45,0.7926,7,56
2026-06-12,P089,217,179,38,0.8249,1,40
2026-06-13,P089,217,175,42,0.8065,5,34
2026-06-14,P089,217,171,46,0.788,6,58
2026-06-15,P089,217,171,46,0.788,4,51
2026-06-16,P089,217,169,48,0.7788,8,46
2026-06-17,P089,217,170,47,0.7834,6,3
2026-06-18,P089,217,167,50,0.7696,7,39
2026-06-19,P089,217,170,47,0.7834,5,41
2026-06-20,P089,217,168,49,0.7742,4,29
2026-06-21,P089,217,173,44,0.7972,3,2
2026-06-22,P089,217,168,49,0.7742,3,15
2026-06-23,P089,217,168,49,0.7742,3,27
2026-06-24,P089,217,171,46,0.788,5,28
2026-06-25,P089,217,174,43,0.8018,2,65
2026-06-26,P089,217,172,45,0.7926,3,53
2026-06-27,P089,217,169,48,0.7788,6,43
2026-06-28,P089,217,176,41,0.8111,3,22
2026-06-29,P089,217,169,48,0.7788,7,60
2026-06-30,P089,217,174,43,0.8018,5,41
2026-07-01,P089,217,180,37,0.8295,5,53
2026-07-02,P089,217,179,38,0.8249,4,23
2026-07-03,P089,217,185,32,0.8525,4,14
2026-07-04,P089,217,182,35,0.8387,3,45
2026-07-05,P089,217,180,37,0.8295,7,16
2026-07-06,P089,217,181,36,0.8341,4,40
2026-07-07,P089,217,185,32,0.8525,4,13
2026-07-08,P089,217,179,38,0.8249,4,26
2026-07-09,P089,217,185,32,0.8525,4,27
2026-07-10,P089,217,170,47,0.7834,5,14
2026-07-11,P089,217,183,34,0.8433,8,28
2026-07-12,P089,217,189,28,0.871,4,65
2026-07-13,P089,217,183,34,0.8433,3,0
2026-07-14,P089,217,178,39,0.8203,3,19
2026-07-15,P089,217,184,33,0.8479,5,21
2026-07-16,P089,217,179,38,0.8249,2,64
2026-07-17,P089,217,173,44,0.7972,2,8
2026-07-18,P089,217,170,47,0.7834,5,29
2026-07-19,P089,217,172,45,0.7926,3,63
2026-07-20,P089,217,169,48,0.7788,6,50
2026-07-21,P089,217,171,46,0.788,7,50
2026-07-22,P089,217,179,38,0.8249,4,2
2026-07-23,P089,217,174,43,0.8018,4,11
2026-07-24,P089,217,180,37,0.8295,2,45
2026-07-25,P089,217,175,42,0.8065,3,63
2026-07-26,P089,217,178,39,0.8203,5,35
2026-07-27,P089,217,178,39,0.8203,2,5
2026-07-28,P089,217,179,38,0.8249,2,44
2026-07-29,P089,217,180,37,0.8295,3,35
2026-07-30,P089,217,184,33,0.8479,6,47
2026-07-31,P089,217,180,37,0.8295,0,46
2026-08-01,P089,217,183,34,0.8433,6,9
2026-08-02,P089,217,189,28,0.871,0,35
2026-08-03,P089,217,190,27,0.8756,3,34
2026-08-04,P089,217,191,26,0.8802,6,16
2026-08-05,P089,217,190,27,0.8756,0,60
2026-08-06,P089,217,190,27,0.8756,0,3
2026-08-07,P089,217,186,31,0.8571,2,17
2026-08-08,P089,217,195,22,0.8986,0,27
2026-08-09,P089,217,191,26,0.8802,4,63
2026-08-10,P089,217,190,27,0.8756,0,2
2026-08-11,P089,217,189,28,0.871,2,56
2026-08-12,P089,217,185,32,0.8525,4,10
2026-08-13,P089,217,183,34,0.8433,3,28
2026-08-14,P089,217,178,39,0.8203,3,34
2026-08-15,P089,217,186,31,0.8571,0,41
2026-08-16,P089,217,178,39,0.8203,2,48
2026-08-17,P089,217,177,40,0.8157,6,5
2026-08-18,P089,217,188,29,0.8664,2,56
2026-08-19,P089,217,183,34,0.8433,4,13
2026-08-20,P089,217,175,42,0.8065,3,43
2026-08-21,P089,217,178,39,0.8203,2,36
2026-08-22,P089,217,176,41,0.8111,6,45
2026-08-23,P089,217,174,43,0.8018,2,60
2026-08-24,P089,217,181,36,0.8341,3,46
2026-08-25,P089,217,178,39,0.8203,6,10
2026-08-26,P089,217,176,41,0.8111,0,12
2026-08-27,P089,217,181,36,0.8341,7,0
2026-04-30,P090,162,148,14,0.9136,0,60
2026-05-01,P090,162,151,11,0.9321,1,9
2026-05-02,P090,162,155,7,0.9568,0,4
2026-05-03,P090,162,152,10,0.9383,3,53
2026-05-04,P090,162,156,6,0.963,3,58
2026-05-05,P090,162,157,5,0.9691,6,17
2026-05-06,P090,162,157,5,0.9691,0,44
2026-05-07,P090,162,159,3,0.9815,2,58
2026-05-08,P090,162,156,6,0.963,0,35
2026-05-09,P090,162,159,3,0.9815,1,21
2026-05-10,P090,162,159,3,0.9815,0,56
2026-05-11,P090,162,159,3,0.9815,0,61
2026-05-12,P090,162,154,8,0.9506,0,65
2026-05-13,P090,162,154,8,0.9506,3,20
2026-05-14,P090,162,154,8,0.9506,4,50
2026-05-15,P090,162,151,11,0.9321,0,7
2026-05-16,P090,162,159,3,0.9815,1,30
2026-05-17,P090,162,152,10,0.9383,0,56
2026-05-18,P090,162,151,11,0.9321,3,1
2026-05-19,P090,162,145,17,0.8951,0,38
2026-05-20,P090,162,151,11,0.9321,4,36
2026-05-21,P090,162,149,13,0.9198,0,29
2026-05-22,P090,162,153,9,0.9444,2,38
2026-05-23,P090,162,151,11,0.9321,5,3
2026-05-24,P090,162,149,13,0.9198,1,5
2026-05-25,P090,162,145,17,0.8951,0,12
2026-05-26,P090,162,151,11,0.9321,0,54
2026-05-27,P090,162,152,10,0.9383,0,25
2026-05-28,P090,162,152,10,0.9383,2,34
2026-05-29,P090,162,157,5,0.9691,0,64
2026-05-30,P090,162,158,4,0.9753,5,12
2026-05-31,P090,162,159,3,0.9815,2,11
2026-06-01,P090,162,156,6,0.963,0,52
2026-06-02,P090,162,159,3,0.9815,0,20
2026-06-03,P090,162,159,3,0.9815,1,35
2026-06-04,P090,162,159,3,0.9815,1,25
2026-06-05,P090,162,159,3,0.9815,1,40
2026-06-06,P090,162,159,3,0.9815,0,36
2026-06-07,P090,162,159,3,0.9815,0,63
2026-06-08,P090,162,159,3,0.9815,0,13
2026-06-09,P090,162,159,3,0.9815,1,58
2026-06-10,P090,162,159,3,0.9815,0,23
2026-06-11,P090,162,157,5,0.9691,4,4
2026-06-12,P090,162,159,3,0.9815,0,30
2026-06-13,P090,162,158,4,0.9753,0,44
2026-06-14,P090,162,153,9,0.9444,0,1
2026-06-15,P090,162,155,7,0.9568,0,18
2026-06-16,P090,162,153,9,0.9444,1,48
2026-06-17,P090,162,151,11,0.9321,1,38
2026-06-18,P090,162,150,12,0.9259,1,33
2026-06-19,P090,162,157,5,0.9691,0,25
2026-06-20,P090,162,151,11,0.9321,1,25
2026-06-21,P090,162,157,5,0.9691,0,17
2026-06-22,P090,162,150,12,0.9259,1,0
2026-06-23,P090,162,151,11,0.9321,0,52
2026-06-24,P090,162,150,12,0.9259,1,12
2026-06-25,P090,162,159,3,0.9815,1,62
2026-06-26,P090,162,154,8,0.9506,2,4
2026-06-27,P090,162,157,5,0.9691,0,43
2026-06-28,P090,162,157,5,0.9691,3,3
2026-06-29,P090,162,154,8,0.9506,1,64
2026-06-30,P090,162,159,3,0.9815,0,28
2026-07-01,P090,162,159,3,0.9815,0,55
2026-07-02,P090,162,159,3,0.9815,1,47
2026-07-03,P090,162,157,5,0.9691,3,46
2026-07-04,P090,162,159,3,0.9815,0,30
2026-07-05,P090,162,159,3,0.9815,4,62
2026-07-06,P090,162,159,3,0.9815,0,59
2026-07-07,P090,162,159,3,0.9815,2,11
2026-07-08,P090,162,159,3,0.9815,1,21
2026-07-09,P090,162,159,3,0.9815,0,56
2026-07-10,P090,162,159,3,0.9815,0,41
2026-07-11,P090,162,159,3,0.9815,2,23
2026-07-12,P090,162,159,3,0.9815,1,14
2026-07-13,P090,162,155,7,0.9568,0,32
2026-07-14,P090,162,159,3,0.9815,3,24
2026-07-15,P090,162,159,3,0.9815,0,1
2026-07-16,P090,162,154,8,0.9506,1,23
2026-07-17,P090,162,158,4,0.9753,0,25
2026-07-18,P090,162,157,5,0.9691,1,58
2026-07-19,P090,162,157,5,0.9691,2,17
2026-07-20,P090,162,157,5,0.9691,0,35
2026-07-21,P090,162,157,5,0.9691,0,58
2026-07-22,P090,162,154,8,0.9506,1,43
2026-07-23,P090,162,158,4,0.9753,0,55
2026-07-24,P090,162,155,7,0.9568,0,43
2026-07-25,P090,162,151,11,0.9321,0,29
2026-07-26,P090,162,159,3,0.9815,1,5
2026-07-27,P090,162,157,5,0.9691,0,38
2026-07-28,P090,162,159,3,0.9815,0,44
2026-07-29,P090,162,159,3,0.9815,3,1
2026-07-30,P090,162,159,3,0.9815,2,17
2026-07-31,P090,162,159,3,0.9815,0,6
2026-08-01,P090,162,159,3,0.9815,0,34
2026-08-02,P090,162,159,3,0.9815,5,27
2026-08-03,P090,162,159,3,0.9815,0,1
2026-08-04,P090,162,159,3,0.9815,0,64
2026-08-05,P090,162,159,3,0.9815,4,56
2026-08-06,P090,162,159,3,0.9815,5,22
2026-08-07,P090,162,159,3,0.9815,2,65
2026-08-08,P090,162,159,3,0.9815,2,62
2026-08-09,P090,162,159,3,0.9815,0,21
2026-08-10,P090,162,159,3,0.9815,7,13
2026-08-11,P090,162,159,3,0.9815,0,20
2026-08-12,P090,162,159,3,0.9815,1,11
2026-08-13,P090,162,159,3,0.9815,0,37
2026-08-14,P090,162,159,3,0.9815,1,12
2026-08-15,P090,162,159,3,0.9815,3,59
2026-08-16,P090,162,159,3,0.9815,2,21
2026-08-17,P090,162,159,3,0.9815,2,17
2026-08-18,P090,162,159,3,0.9815,0,59
2026-08-19,P090,162,159,3,0.9815,2,35
2026-08-20,P090,162,159,3,0.9815,0,48
2026-08-21,P090,162,156,6,0.963,0,10
2026-08-22,P090,162,159,3,0.9815,2,23
2026-08-23,P090,162,158,4,0.9753,1,55
2026-08-24,P090,162,159,3,0.9815,0,47
2026-08-25,P090,162,159,3,0.9815,0,28
2026-08-26,P090,162,159,3,0.9815,0,24
2026-08-27,P090,162,159,3,0.9815,0,3
2026-04-30,P091,342,298,44,0.8713,4,17
2026-05-01,P091,342,307,35,0.8977,7,14
2026-05-02,P091,342,306,36,0.8947,5,49
2026-05-03,P091,342,306,36,0.8947,2,10
2026-05-04,P091,342,312,30,0.9123,4,28
2026-05-05,P091,342,312,30,0.9123,3,63
2026-05-06,P091,342,310,32,0.9064,7,53
2026-05-07,P091,342,314,28,0.9181,5,60
2026-05-08,P091,342,307,35,0.8977,5,4
2026-05-09,P091,342,313,29,0.9152,4,24
2026-05-10,P091,342,311,31,0.9094,2,62
2026-05-11,P091,342,314,28,0.9181,6,65
2026-05-12,P091,342,304,38,0.8889,3,22
2026-05-13,P091,342,305,37,0.8918,1,14
2026-05-14,P091,342,306,36,0.8947,5,57
2026-05-15,P091,342,297,45,0.8684,1,10
2026-05-16,P091,342,301,41,0.8801,6,55
2026-05-17,P091,342,296,46,0.8655,7,54
2026-05-18,P091,342,285,57,0.8333,8,0
2026-05-19,P091,342,293,49,0.8567,8,15
2026-05-20,P091,342,288,54,0.8421,3,11
2026-05-21,P091,342,287,55,0.8392,7,7
2026-05-22,P091,342,291,51,0.8509,6,12
2026-05-23,P091,342,298,44,0.8713,3,0
2026-05-24,P091,342,293,49,0.8567,6,18
2026-05-25,P091,342,305,37,0.8918,3,49
2026-05-26,P091,342,287,55,0.8392,2,19
2026-05-27,P091,342,300,42,0.8772,7,50
2026-05-28,P091,342,296,46,0.8655,5,44
2026-05-29,P091,342,298,44,0.8713,6,42
2026-05-30,P091,342,302,40,0.883,3,19
2026-05-31,P091,342,297,45,0.8684,6,14
2026-06-01,P091,342,304,38,0.8889,7,53
2026-06-02,P091,342,313,29,0.9152,8,51
2026-06-03,P091,342,311,31,0.9094,4,49
2026-06-04,P091,342,325,17,0.9503,0,13
2026-06-05,P091,342,312,30,0.9123,4,17
2026-06-06,P091,342,323,19,0.9444,1,21
2026-06-07,P091,342,318,24,0.9298,5,55
2026-06-08,P091,342,318,24,0.9298,0,29
2026-06-09,P091,342,308,34,0.9006,6,38
2026-06-10,P091,342,318,24,0.9298,2,40
2026-06-11,P091,342,300,42,0.8772,0,40
2026-06-12,P091,342,311,31,0.9094,5,27
2026-06-13,P091,342,311,31,0.9094,2,13
2026-06-14,P091,342,303,39,0.886,9,58
2026-06-15,P091,342,300,42,0.8772,6,3
2026-06-16,P091,342,308,34,0.9006,7,16
2026-06-17,P091,342,300,42,0.8772,4,41
2026-06-18,P091,342,298,44,0.8713,5,7
2026-06-19,P091,342,294,48,0.8596,4,59
2026-06-20,P091,342,303,39,0.886,4,51
2026-06-21,P091,342,300,42,0.8772,5,14
2026-06-22,P091,342,305,37,0.8918,5,13
2026-06-23,P091,342,296,46,0.8655,7,19
2026-06-24,P091,342,307,35,0.8977,3,30
2026-06-25,P091,342,301,41,0.8801,7,37
2026-06-26,P091,342,308,34,0.9006,2,15
2026-06-27,P091,342,305,37,0.8918,4,35
2026-06-28,P091,342,308,34,0.9006,4,41
2026-06-29,P091,342,311,31,0.9094,4,23
2026-06-30,P091,342,308,34,0.9006,1,40
2026-07-01,P091,342,325,17,0.9503,2,48
2026-07-02,P091,342,317,25,0.9269,5,47
2026-07-03,P091,342,308,34,0.9006,5,47
2026-07-04,P091,342,316,26,0.924,5,32
2026-07-05,P091,342,327,15,0.9561,0,56
2026-07-06,P091,342,327,15,0.9561,4,25
2026-07-07,P091,342,320,22,0.9357,1,31
2026-07-08,P091,342,324,18,0.9474,2,4
2026-07-09,P091,342,333,9,0.9737,0,15
2026-07-10,P091,342,324,18,0.9474,4,48
2026-07-11,P091,342,329,13,0.962,5,20
2026-07-12,P091,342,317,25,0.9269,5,7
2026-07-13,P091,342,316,26,0.924,0,2
2026-07-14,P091,342,325,17,0.9503,0,34
2026-07-15,P091,342,322,20,0.9415,2,64
2026-07-16,P091,342,315,27,0.9211,3,1
2026-07-17,P091,342,313,29,0.9152,4,38
2026-07-18,P091,342,306,36,0.8947,6,60
2026-07-19,P091,342,319,23,0.9327,0,38
2026-07-20,P091,342,300,42,0.8772,2,56
2026-07-21,P091,342,305,37,0.8918,5,5
2026-07-22,P091,342,314,28,0.9181,4,64
2026-07-23,P091,342,302,40,0.883,6,2
2026-07-24,P091,342,306,36,0.8947,2,25
2026-07-25,P091,342,323,19,0.9444,2,16
2026-07-26,P091,342,303,39,0.886,4,6
2026-07-27,P091,342,318,24,0.9298,3,35
2026-07-28,P091,342,319,23,0.9327,0,23
2026-07-29,P091,342,322,20,0.9415,5,20
2026-07-30,P091,342,319,23,0.9327,0,42
2026-07-31,P091,342,328,14,0.9591,2,19
2026-08-01,P091,342,311,31,0.9094,0,62
2026-08-02,P091,342,322,20,0.9415,1,16
2026-08-03,P091,342,327,15,0.9561,1,50
2026-08-04,P091,342,331,11,0.9678,4,38
2026-08-05,P091,342,335,7,0.9795,1,17
2026-08-06,P091,342,326,16,0.9532,0,27
2026-08-07,P091,342,329,13,0.962,1,4
2026-08-08,P091,342,324,18,0.9474,0,36
2026-08-09,P091,342,325,17,0.9503,0,2
2026-08-10,P091,342,335,7,0.9795,0,16
2026-08-11,P091,342,316,26,0.924,3,19
2026-08-12,P091,342,322,20,0.9415,4,40
2026-08-13,P091,342,323,19,0.9444,3,34
2026-08-14,P091,342,323,19,0.9444,3,59
2026-08-15,P091,342,322,20,0.9415,0,0
2026-08-16,P091,342,318,24,0.9298,1,9
2026-08-17,P091,342,312,30,0.9123,1,48
2026-08-18,P091,342,309,33,0.9035,4,28
2026-08-19,P091,342,319,23,0.9327,0,33
2026-08-20,P091,342,312,30,0.9123,2,14
2026-08-21,P091,342,311,31,0.9094,4,28
2026-08-22,P091,342,311,31,0.9094,2,17
2026-08-23,P091,342,311,31,0.9094,3,44
2026-08-24,P091,342,320,22,0.9357,5,18
2026-08-25,P091,342,319,23,0.9327,3,58
2026-08-26,P091,342,325,17,0.9503,0,18
2026-08-27,P091,342,319,23,0.9327,3,4
2026-04-30,P092,410,317,93,0.7732,11,59
2026-05-01,P092,410,323,87,0.7878,9,10
2026-05-02,P092,410,307,103,0.7488,15,28
2026-05-03,P092,410,317,93,0.7732,7,44
2026-05-04,P092,410,323,87,0.7878,9,53
2026-05-05,P092,410,314,96,0.7659,13,40
2026-05-06,P092,410,324,86,0.7902,9,42
2026-05-07,P092,410,313,97,0.7634,9,24
2026-05-08,P092,410,326,84,0.7951,13,27
2026-05-09,P092,410,321,89,0.7829,10,32
2026-05-10,P092,410,327,83,0.7976,11,9
2026-05-11,P092,410,317,93,0.7732,13,10
2026-05-12,P092,410,310,100,0.7561,11,33
2026-05-13,P092,410,323,87,0.7878,10,58
2026-05-14,P092,410,316,94,0.7707,13,55
2026-05-15,P092,410,313,97,0.7634,15,7
2026-05-16,P092,410,311,99,0.7585,9,29
2026-05-17,P092,410,303,107,0.739,13,32
2026-05-18,P092,410,302,108,0.7366,13,10
2026-05-19,P092,410,306,104,0.7463,16,55
2026-05-20,P092,410,296,114,0.722,15,9
2026-05-21,P092,410,291,119,0.7098,13,50
2026-05-22,P092,410,296,114,0.722,10,36
2026-05-23,P092,410,294,116,0.7171,13,25
2026-05-24,P092,410,286,124,0.6976,12,17
2026-05-25,P092,410,304,106,0.7415,13,4
2026-05-26,P092,410,301,109,0.7341,14,31
2026-05-27,P092,410,312,98,0.761,10,51
2026-05-28,P092,410,309,101,0.7537,12,0
2026-05-29,P092,410,307,103,0.7488,12,7
2026-05-30,P092,410,305,105,0.7439,10,61
2026-05-31,P092,410,310,100,0.7561,13,33
2026-06-01,P092,410,312,98,0.761,12,64
2026-06-02,P092,410,315,95,0.7683,12,44
2026-06-03,P092,410,337,73,0.822,6,29
2026-06-04,P092,410,327,83,0.7976,9,4
2026-06-05,P092,410,321,89,0.7829,11,26
2026-06-06,P092,410,339,71,0.8268,5,38
2026-06-07,P092,410,326,84,0.7951,9,23
2026-06-08,P092,410,328,82,0.8,12,61
2026-06-09,P092,410,329,81,0.8024,10,37
2026-06-10,P092,410,333,77,0.8122,10,11
2026-06-11,P092,410,317,93,0.7732,11,41
2026-06-12,P092,410,318,92,0.7756,9,44
2026-06-13,P092,410,329,81,0.8024,13,32
2026-06-14,P092,410,329,81,0.8024,11,65
2026-06-15,P092,410,322,88,0.7854,9,34
2026-06-16,P092,410,314,96,0.7659,13,16
2026-06-17,P092,410,319,91,0.778,12,56
2026-06-18,P092,410,315,95,0.7683,10,6
2026-06-19,P092,410,300,110,0.7317,14,37
2026-06-20,P092,410,309,101,0.7537,14,37
2026-06-21,P092,410,317,93,0.7732,13,50
2026-06-22,P092,410,312,98,0.761,13,5
2026-06-23,P092,410,292,118,0.7122,14,51
2026-06-24,P092,410,306,104,0.7463,11,1
2026-06-25,P092,410,300,110,0.7317,15,32
2026-06-26,P092,410,319,91,0.778,13,44
2026-06-27,P092,410,309,101,0.7537,13,12
2026-06-28,P092,410,330,80,0.8049,5,26
2026-06-29,P092,410,334,76,0.8146,7,31
2026-06-30,P092,410,316,94,0.7707,11,6
2026-07-01,P092,410,334,76,0.8146,12,21
2026-07-02,P092,410,322,88,0.7854,10,32
2026-07-03,P092,410,326,84,0.7951,9,32
2026-07-04,P092,410,325,85,0.7927,9,15
2026-07-05,P092,410,334,76,0.8146,6,2
2026-07-06,P092,410,333,77,0.8122,8,8
2026-07-07,P092,410,346,64,0.8439,7,5
2026-07-08,P092,410,343,67,0.8366,7,24
2026-07-09,P092,410,332,78,0.8098,11,33
2026-07-10,P092,410,342,68,0.8341,9,16
2026-07-11,P092,410,337,73,0.822,11,40
2026-07-12,P092,410,322,88,0.7854,9,49
2026-07-13,P092,410,321,89,0.7829,7,33
2026-07-14,P092,410,325,85,0.7927,9,28
2026-07-15,P092,410,328,82,0.8,8,5
2026-07-16,P092,410,320,90,0.7805,8,60
2026-07-17,P092,410,329,81,0.8024,8,3
2026-07-18,P092,410,317,93,0.7732,14,27
2026-07-19,P092,410,318,92,0.7756,7,16
2026-07-20,P092,410,315,95,0.7683,11,25
2026-07-21,P092,410,310,100,0.7561,7,1
2026-07-22,P092,410,330,80,0.8049,10,14
2026-07-23,P092,410,317,93,0.7732,10,37
2026-07-24,P092,410,314,96,0.7659,10,60
2026-07-25,P092,410,339,71,0.8268,8,29
2026-07-26,P092,410,323,87,0.7878,12,0
2026-07-27,P092,410,322,88,0.7854,13,24
2026-07-28,P092,410,333,77,0.8122,14,18
2026-07-29,P092,410,334,76,0.8146,7,65
2026-07-30,P092,410,335,75,0.8171,10,51
2026-07-31,P092,410,343,67,0.8366,6,13
2026-08-01,P092,410,340,70,0.8293,4,65
2026-08-02,P092,410,342,68,0.8341,8,1
2026-08-03,P092,410,347,63,0.8463,7,46
2026-08-04,P092,410,366,44,0.8927,4,23
2026-08-05,P092,410,355,55,0.8659,10,31
2026-08-06,P092,410,346,64,0.8439,4,10
2026-08-07,P092,410,335,75,0.8171,11,16
2026-08-08,P092,410,338,72,0.8244,9,48
2026-08-09,P092,410,341,69,0.8317,8,27
2026-08-10,P092,410,352,58,0.8585,5,13
2026-08-11,P092,410,340,70,0.8293,6,20
2026-08-12,P092,410,329,81,0.8024,11,28
2026-08-13,P092,410,348,62,0.8488,6,51
2026-08-14,P092,410,332,78,0.8098,10,11
2026-08-15,P092,410,347,63,0.8463,8,35
2026-08-16,P092,410,329,81,0.8024,9,20
2026-08-17,P092,410,327,83,0.7976,9,57
2026-08-18,P092,410,310,100,0.7561,13,5
2026-08-19,P092,410,332,78,0.8098,6,47
2026-08-20,P092,410,326,84,0.7951,11,59
2026-08-21,P092,410,330,80,0.8049,10,65
2026-08-22,P092,410,324,86,0.7902,9,53
2026-08-23,P092,410,341,69,0.8317,8,27
2026-08-24,P092,410,330,80,0.8049,12,11
2026-08-25,P092,410,331,79,0.8073,9,49
2026-08-26,P092,410,333,77,0.8122,8,44
2026-08-27,P092,410,333,77,0.8122,11,38
2026-04-30,P093,385,340,45,0.8831,4,1
2026-05-01,P093,385,332,53,0.8623,5,1
2026-05-02,P093,385,346,39,0.8987,1,39
2026-05-03,P093,385,344,41,0.8935,6,26
2026-05-04,P093,385,358,27,0.9299,4,16
2026-05-05,P093,385,353,32,0.9169,4,47
2026-05-06,P093,385,340,45,0.8831,6,57
2026-05-07,P093,385,352,33,0.9143,3,8
2026-05-08,P093,385,339,46,0.8805,5,52
2026-05-09,P093,385,348,37,0.9039,6,53
2026-05-10,P093,385,347,38,0.9013,4,63
2026-05-11,P093,385,338,47,0.8779,4,19
2026-05-12,P093,385,341,44,0.8857,6,43
2026-05-13,P093,385,353,32,0.9169,0,14
2026-05-14,P093,385,330,55,0.8571,8,33
2026-05-15,P093,385,340,45,0.8831,5,38
2026-05-16,P093,385,332,53,0.8623,7,36
2026-05-17,P093,385,338,47,0.8779,4,41
2026-05-18,P093,385,323,62,0.839,4,65
2026-05-19,P093,385,328,57,0.8519,8,57
2026-05-20,P093,385,326,59,0.8468,7,5
2026-05-21,P093,385,331,54,0.8597,5,60
2026-05-22,P093,385,326,59,0.8468,7,33
2026-05-23,P093,385,325,60,0.8442,7,10
2026-05-24,P093,385,330,55,0.8571,8,29
2026-05-25,P093,385,327,58,0.8494,5,5
2026-05-26,P093,385,336,49,0.8727,3,50
2026-05-27,P093,385,328,57,0.8519,9,0
2026-05-28,P093,385,356,29,0.9247,2,13
2026-05-29,P093,385,332,53,0.8623,5,29
2026-05-30,P093,385,336,49,0.8727,7,61
2026-05-31,P093,385,339,46,0.8805,8,43
2026-06-01,P093,385,352,33,0.9143,1,52
2026-06-02,P093,385,344,41,0.8935,3,43
2026-06-03,P093,385,359,26,0.9325,3,36
2026-06-04,P093,385,358,27,0.9299,1,55
2026-06-05,P093,385,361,24,0.9377,2,41
2026-06-06,P093,385,358,27,0.9299,3,1
2026-06-07,P093,385,352,33,0.9143,6,35
2026-06-08,P093,385,367,18,0.9532,4,42
2026-06-09,P093,385,350,35,0.9091,7,64
2026-06-10,P093,385,344,41,0.8935,3,63
2026-06-11,P093,385,352,33,0.9143,1,39
2026-06-12,P093,385,348,37,0.9039,4,44
2026-06-13,P093,385,351,34,0.9117,5,54
2026-06-14,P093,385,351,34,0.9117,6,50
2026-06-15,P093,385,343,42,0.8909,6,18
2026-06-16,P093,385,343,42,0.8909,6,8
2026-06-17,P093,385,345,40,0.8961,2,11
2026-06-18,P093,385,339,46,0.8805,4,16
2026-06-19,P093,385,337,48,0.8753,6,1
2026-06-20,P093,385,330,55,0.8571,7,11
2026-06-21,P093,385,325,60,0.8442,4,22
2026-06-22,P093,385,318,67,0.826,8,63
2026-06-23,P093,385,334,51,0.8675,6,59
2026-06-24,P093,385,341,44,0.8857,5,51
2026-06-25,P093,385,344,41,0.8935,3,43
2026-06-26,P093,385,344,41,0.8935,5,65
2026-06-27,P093,385,339,46,0.8805,8,21
2026-06-28,P093,385,345,40,0.8961,8,6
2026-06-29,P093,385,360,25,0.9351,7,21
2026-06-30,P093,385,350,35,0.9091,2,16
2026-07-01,P093,385,352,33,0.9143,2,38
2026-07-02,P093,385,356,29,0.9247,4,62
2026-07-03,P093,385,354,31,0.9195,1,16
2026-07-04,P093,385,375,10,0.974,3,46
2026-07-05,P093,385,356,29,0.9247,6,32
2026-07-06,P093,385,366,19,0.9506,0,10
2026-07-07,P093,385,362,23,0.9403,5,28
2026-07-08,P093,385,369,16,0.9584,2,5
2026-07-09,P093,385,366,19,0.9506,2,2
2026-07-10,P093,385,367,18,0.9532,0,22
2026-07-11,P093,385,356,29,0.9247,0,61
2026-07-12,P093,385,364,21,0.9455,1,15
2026-07-13,P093,385,358,27,0.9299,2,12
2026-07-14,P093,385,356,29,0.9247,2,60
2026-07-15,P093,385,363,22,0.9429,2,37
2026-07-16,P093,385,346,39,0.8987,6,12
2026-07-17,P093,385,351,34,0.9117,2,34
2026-07-18,P093,385,350,35,0.9091,4,62
2026-07-19,P093,385,354,31,0.9195,5,36
2026-07-20,P093,385,332,53,0.8623,9,15
2026-07-21,P093,385,339,46,0.8805,4,17
2026-07-22,P093,385,334,51,0.8675,6,23
2026-07-23,P093,385,350,35,0.9091,1,29
2026-07-24,P093,385,346,39,0.8987,8,9
2026-07-25,P093,385,345,40,0.8961,6,40
2026-07-26,P093,385,349,36,0.9065,6,44
2026-07-27,P093,385,354,31,0.9195,0,1
2026-07-28,P093,385,364,21,0.9455,1,30
2026-07-29,P093,385,355,30,0.9221,0,59
2026-07-30,P093,385,348,37,0.9039,5,61
2026-07-31,P093,385,375,10,0.974,1,44
2026-08-01,P093,385,377,8,0.9792,0,39
2026-08-02,P093,385,364,21,0.9455,0,47
2026-08-03,P093,385,377,8,0.9792,0,3
2026-08-04,P093,385,374,11,0.9714,3,60
2026-08-05,P093,385,370,15,0.961,1,43
2026-08-06,P093,385,361,24,0.9377,3,63
2026-08-07,P093,385,373,12,0.9688,6,30
2026-08-08,P093,385,360,25,0.9351,0,2
2026-08-09,P093,385,377,8,0.9792,0,12
2026-08-10,P093,385,373,12,0.9688,0,63
2026-08-11,P093,385,362,23,0.9403,2,42
2026-08-12,P093,385,377,8,0.9792,1,6
2026-08-13,P093,385,353,32,0.9169,2,12
2026-08-14,P093,385,356,29,0.9247,2,30
2026-08-15,P093,385,364,21,0.9455,1,8
2026-08-16,P093,385,342,43,0.8883,6,19
2026-08-17,P093,385,358,27,0.9299,6,59
2026-08-18,P093,385,350,35,0.9091,2,54
2026-08-19,P093,385,343,42,0.8909,9,44
2026-08-20,P093,385,365,20,0.9481,4,33
2026-08-21,P093,385,355,30,0.9221,4,10
2026-08-22,P093,385,346,39,0.8987,3,5
2026-08-23,P093,385,341,44,0.8857,2,17
2026-08-24,P093,385,362,23,0.9403,2,29
2026-08-25,P093,385,359,26,0.9325,2,52
2026-08-26,P093,385,360,25,0.9351,3,61
2026-08-27,P093,385,374,11,0.9714,2,40
2026-04-30,P094,164,139,25,0.8476,3,16
2026-05-01,P094,164,138,26,0.8415,2,40
2026-05-02,P094,164,136,28,0.8293,0,57
2026-05-03,P094,164,141,23,0.8598,2,6
2026-05-04,P094,164,136,28,0.8293,1,64
2026-05-05,P094,164,146,18,0.8902,3,6
2026-05-06,P094,164,146,18,0.8902,0,42
2026-05-07,P094,164,140,24,0.8537,4,27
2026-05-08,P094,164,139,25,0.8476,3,42
2026-05-09,P094,164,150,14,0.9146,0,63
2026-05-10,P094,164,140,24,0.8537,3,0
2026-05-11,P094,164,143,21,0.872,0,18
2026-05-12,P094,164,142,22,0.8659,0,47
2026-05-13,P094,164,141,23,0.8598,0,45
2026-05-14,P094,164,138,26,0.8415,3,19
2026-05-15,P094,164,141,23,0.8598,1,32
2026-05-16,P094,164,139,25,0.8476,4,38
2026-05-17,P094,164,133,31,0.811,2,19
2026-05-18,P094,164,135,29,0.8232,6,17
2026-05-19,P094,164,132,32,0.8049,2,54
2026-05-20,P094,164,143,21,0.872,0,7
2026-05-21,P094,164,132,32,0.8049,5,45
2026-05-22,P094,164,129,35,0.7866,2,63
2026-05-23,P094,164,135,29,0.8232,2,43
2026-05-24,P094,164,134,30,0.8171,1,24
2026-05-25,P094,164,143,21,0.872,4,20
2026-05-26,P094,164,135,29,0.8232,1,8
2026-05-27,P094,164,129,35,0.7866,3,40
2026-05-28,P094,164,142,22,0.8659,0,34
2026-05-29,P094,164,136,28,0.8293,6,12
2026-05-30,P094,164,138,26,0.8415,0,0
2026-05-31,P094,164,141,23,0.8598,6,59
2026-06-01,P094,164,143,21,0.872,1,34
2026-06-02,P094,164,145,19,0.8841,2,29
2026-06-03,P094,164,146,18,0.8902,2,56
2026-06-04,P094,164,141,23,0.8598,2,21
2026-06-05,P094,164,143,21,0.872,0,2
2026-06-06,P094,164,148,16,0.9024,6,52
2026-06-07,P094,164,142,22,0.8659,4,8
2026-06-08,P094,164,141,23,0.8598,1,28
2026-06-09,P094,164,145,19,0.8841,1,19
2026-06-10,P094,164,150,14,0.9146,1,10
2026-06-11,P094,164,144,20,0.878,2,19
2026-06-12,P094,164,141,23,0.8598,1,24
2026-06-13,P094,164,144,20,0.878,3,35
2026-06-14,P094,164,140,24,0.8537,3,52
2026-06-15,P094,164,142,22,0.8659,5,44
2026-06-16,P094,164,137,27,0.8354,0,39
2026-06-17,P094,164,140,24,0.8537,0,29
2026-06-18,P094,164,145,19,0.8841,4,60
2026-06-19,P094,164,131,33,0.7988,4,63
2026-06-20,P094,164,133,31,0.811,1,35
2026-06-21,P094,164,134,30,0.8171,4,48
2026-06-22,P094,164,137,27,0.8354,0,62
2026-06-23,P094,164,138,26,0.8415,4,14
2026-06-24,P094,164,136,28,0.8293,6,37
2026-06-25,P094,164,140,24,0.8537,0,50
2026-06-26,P094,164,135,29,0.8232,3,36
2026-06-27,P094,164,140,24,0.8537,3,35
2026-06-28,P094,164,144,20,0.878,2,12
2026-06-29,P094,164,145,19,0.8841,1,23
2026-06-30,P094,164,141,23,0.8598,3,10
2026-07-01,P094,164,147,17,0.8963,2,46
2026-07-02,P094,164,145,19,0.8841,7,0
2026-07-03,P094,164,150,14,0.9146,0,38
2026-07-04,P094,164,149,15,0.9085,1,41
2026-07-05,P094,164,147,17,0.8963,3,21
2026-07-06,P094,164,146,18,0.8902,0,49
2026-07-07,P094,164,149,15,0.9085,2,0
2026-07-08,P094,164,148,16,0.9024,0,37
2026-07-09,P094,164,151,13,0.9207,0,47
2026-07-10,P094,164,145,19,0.8841,0,19
2026-07-11,P094,164,153,11,0.9329,2,37
2026-07-12,P094,164,145,19,0.8841,3,8
2026-07-13,P094,164,141,23,0.8598,3,6
2026-07-14,P094,164,145,19,0.8841,1,9
2026-07-15,P094,164,145,19,0.8841,3,4
2026-07-16,P094,164,142,22,0.8659,2,21
2026-07-17,P094,164,142,22,0.8659,0,51
2026-07-18,P094,164,143,21,0.872,5,47
2026-07-19,P094,164,145,19,0.8841,0,42
2026-07-20,P094,164,139,25,0.8476,2,8
2026-07-21,P094,164,146,18,0.8902,3,46
2026-07-22,P094,164,145,19,0.8841,5,11
2026-07-23,P094,164,142,22,0.8659,0,2
2026-07-24,P094,164,139,25,0.8476,6,57
2026-07-25,P094,164,142,22,0.8659,5,48
2026-07-26,P094,164,143,21,0.872,3,44
2026-07-27,P094,164,148,16,0.9024,2,53
2026-07-28,P094,164,147,17,0.8963,1,57
2026-07-29,P094,164,144,20,0.878,4,14
2026-07-30,P094,164,146,18,0.8902,2,59
2026-07-31,P094,164,154,10,0.939,0,2
2026-08-01,P094,164,150,14,0.9146,1,31
2026-08-02,P094,164,153,11,0.9329,2,17
2026-08-03,P094,164,151,13,0.9207,2,8
2026-08-04,P094,164,154,10,0.939,0,13
2026-08-05,P094,164,157,7,0.9573,1,51
2026-08-06,P094,164,153,11,0.9329,0,36
2026-08-07,P094,164,155,9,0.9451,0,46
2026-08-08,P094,164,151,13,0.9207,0,56
2026-08-09,P094,164,146,18,0.8902,0,58
2026-08-10,P094,164,151,13,0.9207,0,49
2026-08-11,P094,164,149,15,0.9085,5,4
2026-08-12,P094,164,147,17,0.8963,0,62
2026-08-13,P094,164,150,14,0.9146,3,22
2026-08-14,P094,164,148,16,0.9024,1,28
2026-08-15,P094,164,148,16,0.9024,2,47
2026-08-16,P094,164,144,20,0.878,4,13
2026-08-17,P094,164,143,21,0.872,1,9
2026-08-18,P094,164,144,20,0.878,2,24
2026-08-19,P094,164,145,19,0.8841,1,48
2026-08-20,P094,164,144,20,0.878,5,57
2026-08-21,P094,164,137,27,0.8354,2,25
2026-08-22,P094,164,146,18,0.8902,0,52
2026-08-23,P094,164,147,17,0.8963,4,0
2026-08-24,P094,164,142,22,0.8659,0,52
2026-08-25,P094,164,150,14,0.9146,3,46
2026-08-26,P094,164,148,16,0.9024,1,62
2026-08-27,P094,164,147,17,0.8963,0,57
2026-04-30,P095,133,109,24,0.8195,3,33
2026-05-01,P095,133,112,21,0.8421,0,58
2026-05-02,P095,133,111,22,0.8346,0,2
2026-05-03,P095,133,107,26,0.8045,3,15
2026-05-04,P095,133,113,20,0.8496,2,42
2026-05-05,P095,133,115,18,0.8647,6,56
2026-05-06,P095,133,112,21,0.8421,0,52
2026-05-07,P095,133,116,17,0.8722,0,7
2026-05-08,P095,133,114,19,0.8571,3,53
2026-05-09,P095,133,116,17,0.8722,2,49
2026-05-10,P095,133,115,18,0.8647,0,40
2026-05-11,P095,133,114,19,0.8571,2,0
2026-05-12,P095,133,112,21,0.8421,2,52
2026-05-13,P095,133,116,17,0.8722,0,49
2026-05-14,P095,133,114,19,0.8571,3,55
2026-05-15,P095,133,113,20,0.8496,3,1
2026-05-16,P095,133,111,22,0.8346,4,38
2026-05-17,P095,133,105,28,0.7895,5,14
2026-05-18,P095,133,109,24,0.8195,6,38
2026-05-19,P095,133,109,24,0.8195,2,0
2026-05-20,P095,133,104,29,0.782,6,12
2026-05-21,P095,133,108,25,0.812,4,15
2026-05-22,P095,133,104,29,0.782,1,28
2026-05-23,P095,133,108,25,0.812,3,15
2026-05-24,P095,133,107,26,0.8045,1,45
2026-05-25,P095,133,107,26,0.8045,5,13
2026-05-26,P095,133,107,26,0.8045,4,26
2026-05-27,P095,133,105,28,0.7895,2,40
2026-05-28,P095,133,109,24,0.8195,3,31
2026-05-29,P095,133,110,23,0.8271,2,11
2026-05-30,P095,133,115,18,0.8647,3,43
2026-05-31,P095,133,111,22,0.8346,2,27
2026-06-01,P095,133,116,17,0.8722,7,50
2026-06-02,P095,133,117,16,0.8797,1,27
2026-06-03,P095,133,115,18,0.8647,2,45
2026-06-04,P095,133,113,20,0.8496,0,45
2026-06-05,P095,133,115,18,0.8647,4,28
2026-06-06,P095,133,121,12,0.9098,2,27
2026-06-07,P095,133,116,17,0.8722,4,59
2026-06-08,P095,133,112,21,0.8421,1,24
2026-06-09,P095,133,116,17,0.8722,1,45
2026-06-10,P095,133,116,17,0.8722,0,10
2026-06-11,P095,133,118,15,0.8872,3,18
2026-06-12,P095,133,112,21,0.8421,2,62
2026-06-13,P095,133,115,18,0.8647,3,20
2026-06-14,P095,133,113,20,0.8496,1,47
2026-06-15,P095,133,114,19,0.8571,4,32
2026-06-16,P095,133,115,18,0.8647,4,36
2026-06-17,P095,133,114,19,0.8571,2,20
2026-06-18,P095,133,112,21,0.8421,0,40
2026-06-19,P095,133,113,20,0.8496,0,10
2026-06-20,P095,133,107,26,0.8045,1,57
2026-06-21,P095,133,113,20,0.8496,0,24
2026-06-22,P095,133,111,22,0.8346,0,45
2026-06-23,P095,133,109,24,0.8195,3,65
2026-06-24,P095,133,110,23,0.8271,0,35
2026-06-25,P095,133,111,22,0.8346,2,46
2026-06-26,P095,133,111,22,0.8346,0,28
2026-06-27,P095,133,112,21,0.8421,0,57
2026-06-28,P095,133,116,17,0.8722,0,5
2026-06-29,P095,133,112,21,0.8421,0,3
2026-06-30,P095,133,118,15,0.8872,0,18
2026-07-01,P095,133,117,16,0.8797,3,11
2026-07-02,P095,133,118,15,0.8872,2,25
2026-07-03,P095,133,116,17,0.8722,0,29
2026-07-04,P095,133,117,16,0.8797,0,4
2026-07-05,P095,133,122,11,0.9173,0,26
2026-07-06,P095,133,123,10,0.9248,0,0
2026-07-07,P095,133,121,12,0.9098,0,16
2026-07-08,P095,133,121,12,0.9098,0,36
2026-07-09,P095,133,117,16,0.8797,3,8
2026-07-10,P095,133,120,13,0.9023,1,11
2026-07-11,P095,133,119,14,0.8947,3,50
2026-07-12,P095,133,116,17,0.8722,4,21
2026-07-13,P095,133,116,17,0.8722,0,50
2026-07-14,P095,133,120,13,0.9023,0,34
2026-07-15,P095,133,113,20,0.8496,2,12
2026-07-16,P095,133,113,20,0.8496,3,61
2026-07-17,P095,133,115,18,0.8647,1,10
2026-07-18,P095,133,114,19,0.8571,2,47
2026-07-19,P095,133,108,25,0.812,1,47
2026-07-20,P095,133,113,20,0.8496,0,37
2026-07-21,P095,133,110,23,0.8271,4,18
2026-07-22,P095,133,111,22,0.8346,2,42
2026-07-23,P095,133,112,21,0.8421,2,15
2026-07-24,P095,133,107,26,0.8045,1,44
2026-07-25,P095,133,115,18,0.8647,1,10
2026-07-26,P095,133,111,22,0.8346,0,45
2026-07-27,P095,133,115,18,0.8647,2,19
2026-07-28,P095,133,116,17,0.8722,1,0
2026-07-29,P095,133,115,18,0.8647,1,27
2026-07-30,P095,133,118,15,0.8872,3,49
2026-07-31,P095,133,117,16,0.8797,0,5
2026-08-01,P095,133,120,13,0.9023,2,1
2026-08-02,P095,133,120,13,0.9023,1,50
2026-08-03,P095,133,124,9,0.9323,1,48
2026-08-04,P095,133,122,11,0.9173,2,20
2026-08-05,P095,133,122,11,0.9173,2,6
2026-08-06,P095,133,127,6,0.9549,1,43
2026-08-07,P095,133,123,10,0.9248,0,53
2026-08-08,P095,133,119,14,0.8947,0,56
2026-08-09,P095,133,118,15,0.8872,5,38
2026-08-10,P095,133,123,10,0.9248,1,30
2026-08-11,P095,133,123,10,0.9248,0,37
2026-08-12,P095,133,119,14,0.8947,0,22
2026-08-13,P095,133,115,18,0.8647,0,51
2026-08-14,P095,133,120,13,0.9023,4,14
2026-08-15,P095,133,115,18,0.8647,1,5
2026-08-16,P095,133,117,16,0.8797,0,13
2026-08-17,P095,133,114,19,0.8571,0,6
2026-08-18,P095,133,118,15,0.8872,0,13
2026-08-19,P095,133,115,18,0.8647,2,39
2026-08-20,P095,133,112,21,0.8421,3,48
2026-08-21,P095,133,116,17,0.8722,1,38
2026-08-22,P095,133,112,21,0.8421,1,3
2026-08-23,P095,133,118,15,0.8872,0,19
2026-08-24,P095,133,118,15,0.8872,2,27
2026-08-25,P095,133,116,17,0.8722,2,6
2026-08-26,P095,133,120,13,0.9023,4,10
2026-08-27,P095,133,116,17,0.8722,0,0
2026-04-30,P096,350,293,57,0.8371,5,51
2026-05-01,P096,350,299,51,0.8543,6,41
2026-05-02,P096,350,297,53,0.8486,6,59
2026-05-03,P096,350,309,41,0.8829,6,32
2026-05-04,P096,350,317,33,0.9057,3,3
2026-05-05,P096,350,318,32,0.9086,0,36
2026-05-06,P096,350,314,36,0.8971,3,43
2026-05-07,P096,350,331,19,0.9457,1,9
2026-05-08,P096,350,319,31,0.9114,0,29
2026-05-09,P096,350,310,40,0.8857,5,48
2026-05-10,P096,350,306,44,0.8743,8,38
2026-05-11,P096,350,309,41,0.8829,5,7
2026-05-12,P096,350,304,46,0.8686,5,12
2026-05-13,P096,350,306,44,0.8743,7,20
2026-05-14,P096,350,316,34,0.9029,6,18
2026-05-15,P096,350,301,49,0.86,4,19
2026-05-16,P096,350,299,51,0.8543,8,50
2026-05-17,P096,350,302,48,0.8629,5,19
2026-05-18,P096,350,294,56,0.84,7,12
2026-05-19,P096,350,297,53,0.8486,7,23
2026-05-20,P096,350,294,56,0.84,7,51
2026-05-21,P096,350,310,40,0.8857,4,13
2026-05-22,P096,350,296,54,0.8457,6,36
2026-05-23,P096,350,293,57,0.8371,7,59
2026-05-24,P096,350,287,63,0.82,6,23
2026-05-25,P096,350,291,59,0.8314,7,42
2026-05-26,P096,350,304,46,0.8686,4,6
2026-05-27,P096,350,290,60,0.8286,9,33
2026-05-28,P096,350,304,46,0.8686,8,17
2026-05-29,P096,350,295,55,0.8429,6,20
2026-05-30,P096,350,312,38,0.8914,5,55
2026-05-31,P096,350,310,40,0.8857,5,24
2026-06-01,P096,350,313,37,0.8943,1,63
2026-06-02,P096,350,320,30,0.9143,1,49
2026-06-03,P096,350,317,33,0.9057,5,43
2026-06-04,P096,350,310,40,0.8857,5,1
2026-06-05,P096,350,314,36,0.8971,5,29
2026-06-06,P096,350,320,30,0.9143,0,7
2026-06-07,P096,350,319,31,0.9114,3,33
2026-06-08,P096,350,319,31,0.9114,2,44
2026-06-09,P096,350,323,27,0.9229,1,42
2026-06-10,P096,350,321,29,0.9171,3,63
2026-06-11,P096,350,316,34,0.9029,3,7
2026-06-12,P096,350,314,36,0.8971,4,22
2026-06-13,P096,350,311,39,0.8886,2,30
2026-06-14,P096,350,307,43,0.8771,5,62
2026-06-15,P096,350,310,40,0.8857,2,37
2026-06-16,P096,350,309,41,0.8829,5,21
2026-06-17,P096,350,301,49,0.86,8,55
2026-06-18,P096,350,295,55,0.8429,4,48
2026-06-19,P096,350,312,38,0.8914,0,11
2026-06-20,P096,350,294,56,0.84,9,5
2026-06-21,P096,350,300,50,0.8571,5,32
2026-06-22,P096,350,300,50,0.8571,8,8
2026-06-23,P096,350,288,62,0.8229,9,10
2026-06-24,P096,350,304,46,0.8686,6,43
2026-06-25,P096,350,306,44,0.8743,6,43
2026-06-26,P096,350,308,42,0.88,5,23
2026-06-27,P096,350,307,43,0.8771,5,29
2026-06-28,P096,350,321,29,0.9171,3,46
2026-06-29,P096,350,315,35,0.9,5,6
2026-06-30,P096,350,316,34,0.9029,4,8
2026-07-01,P096,350,316,34,0.9029,5,26
2026-07-02,P096,350,326,24,0.9314,0,61
2026-07-03,P096,350,331,19,0.9457,3,20
2026-07-04,P096,350,324,26,0.9257,0,18
2026-07-05,P096,350,336,14,0.96,2,28
2026-07-06,P096,350,334,16,0.9543,1,30
2026-07-07,P096,350,332,18,0.9486,0,51
2026-07-08,P096,350,331,19,0.9457,5,41
2026-07-09,P096,350,340,10,0.9714,3,12
2026-07-10,P096,350,328,22,0.9371,3,28
2026-07-11,P096,350,316,34,0.9029,3,40
2026-07-12,P096,350,322,28,0.92,3,60
2026-07-13,P096,350,321,29,0.9171,0,23
2026-07-14,P096,350,329,21,0.94,0,12
2026-07-15,P096,350,317,33,0.9057,4,21
2026-07-16,P096,350,311,39,0.8886,6,43
2026-07-17,P096,350,310,40,0.8857,0,5
2026-07-18,P096,350,311,39,0.8886,4,54
2026-07-19,P096,350,313,37,0.8943,4,9
2026-07-20,P096,350,318,32,0.9086,6,35
2026-07-21,P096,350,305,45,0.8714,4,12
2026-07-22,P096,350,314,36,0.8971,5,27
2026-07-23,P096,350,314,36,0.8971,6,11
2026-07-24,P096,350,307,43,0.8771,2,64
2026-07-25,P096,350,314,36,0.8971,5,49
2026-07-26,P096,350,315,35,0.9,4,5
2026-07-27,P096,350,323,27,0.9229,3,43
2026-07-28,P096,350,325,25,0.9286,3,65
2026-07-29,P096,350,319,31,0.9114,4,33
2026-07-30,P096,350,332,18,0.9486,2,20
2026-07-31,P096,350,312,38,0.8914,5,48
2026-08-01,P096,350,327,23,0.9343,0,3
2026-08-02,P096,350,325,25,0.9286,2,50
2026-08-03,P096,350,337,13,0.9629,5,14
2026-08-04,P096,350,330,20,0.9429,1,25
2026-08-05,P096,350,332,18,0.9486,1,37
2026-08-06,P096,350,336,14,0.96,0,23
2026-08-07,P096,350,340,10,0.9714,0,20
2026-08-08,P096,350,333,17,0.9514,0,12
2026-08-09,P096,350,335,15,0.9571,0,42
2026-08-10,P096,350,337,13,0.9629,0,35
2026-08-11,P096,350,339,11,0.9686,1,43
2026-08-12,P096,350,334,16,0.9543,0,59
2026-08-13,P096,350,321,29,0.9171,4,8
2026-08-14,P096,350,331,19,0.9457,0,4
2026-08-15,P096,350,315,35,0.9,5,43
2026-08-16,P096,350,314,36,0.8971,6,49
2026-08-17,P096,350,312,38,0.8914,3,53
2026-08-18,P096,350,311,39,0.8886,7,7
2026-08-19,P096,350,308,42,0.88,6,54
2026-08-20,P096,350,323,27,0.9229,3,24
2026-08-21,P096,350,305,45,0.8714,4,57
2026-08-22,P096,350,319,31,0.9114,3,51
2026-08-23,P096,350,311,39,0.8886,5,51
2026-08-24,P096,350,326,24,0.9314,4,4
2026-08-25,P096,350,317,33,0.9057,3,40
2026-08-26,P096,350,324,26,0.9257,5,64
2026-08-27,P096,350,321,29,0.9171,7,50
2026-04-30,P097,160,118,42,0.7375,6,21
2026-05-01,P097,160,118,42,0.7375,3,13
2026-05-02,P097,160,115,45,0.7188,2,58
2026-05-03,P097,160,118,42,0.7375,3,14
2026-05-04,P097,160,119,41,0.7438,1,65
2026-05-05,P097,160,118,42,0.7375,4,23
2026-05-06,P097,160,121,39,0.7562,3,7
2026-05-07,P097,160,122,38,0.7625,6,9
2026-05-08,P097,160,122,38,0.7625,6,32
2026-05-09,P097,160,119,41,0.7438,2,11
2026-05-10,P097,160,119,41,0.7438,3,49
2026-05-11,P097,160,116,44,0.725,4,59
2026-05-12,P097,160,117,43,0.7312,6,54
2026-05-13,P097,160,117,43,0.7312,4,61
2026-05-14,P097,160,117,43,0.7312,3,59
2026-05-15,P097,160,116,44,0.725,3,39
2026-05-16,P097,160,113,47,0.7063,5,41
2026-05-17,P097,160,113,47,0.7063,5,19
2026-05-18,P097,160,110,50,0.6875,3,51
2026-05-19,P097,160,104,56,0.65,5,34
2026-05-20,P097,160,110,50,0.6875,3,12
2026-05-21,P097,160,111,49,0.6937,10,19
2026-05-22,P097,160,108,52,0.675,2,58
2026-05-23,P097,160,111,49,0.6937,6,11
2026-05-24,P097,160,118,42,0.7375,4,27
2026-05-25,P097,160,111,49,0.6937,4,51
2026-05-26,P097,160,117,43,0.7312,3,55
2026-05-27,P097,160,116,44,0.725,4,34
2026-05-28,P097,160,113,47,0.7063,4,40
2026-05-29,P097,160,118,42,0.7375,4,34
2026-05-30,P097,160,116,44,0.725,4,9
2026-05-31,P097,160,119,41,0.7438,4,24
2026-06-01,P097,160,120,40,0.75,6,32
2026-06-02,P097,160,121,39,0.7562,4,26
2026-06-03,P097,160,122,38,0.7625,5,60
2026-06-04,P097,160,123,37,0.7688,4,26
2026-06-05,P097,160,120,40,0.75,4,47
2026-06-06,P097,160,122,38,0.7625,6,43
2026-06-07,P097,160,121,39,0.7562,4,4
2026-06-08,P097,160,122,38,0.7625,4,38
2026-06-09,P097,160,126,34,0.7875,0,7
2026-06-10,P097,160,119,41,0.7438,7,14
2026-06-11,P097,160,120,40,0.75,1,36
2026-06-12,P097,160,121,39,0.7562,3,0
2026-06-13,P097,160,119,41,0.7438,2,37
2026-06-14,P097,160,120,40,0.75,8,24
2026-06-15,P097,160,115,45,0.7188,2,30
2026-06-16,P097,160,118,42,0.7375,6,1
2026-06-17,P097,160,119,41,0.7438,4,33
2026-06-18,P097,160,118,42,0.7375,4,45
2026-06-19,P097,160,110,50,0.6875,5,4
2026-06-20,P097,160,115,45,0.7188,4,41
2026-06-21,P097,160,112,48,0.7,5,14
2026-06-22,P097,160,114,46,0.7125,6,38
2026-06-23,P097,160,121,39,0.7562,5,2
2026-06-24,P097,160,113,47,0.7063,4,17
2026-06-25,P097,160,118,42,0.7375,2,58
2026-06-26,P097,160,117,43,0.7312,5,45
2026-06-27,P097,160,118,42,0.7375,4,51
2026-06-28,P097,160,116,44,0.725,3,10
2026-06-29,P097,160,116,44,0.725,4,10
2026-06-30,P097,160,126,34,0.7875,5,50
2026-07-01,P097,160,119,41,0.7438,7,54
2026-07-02,P097,160,122,38,0.7625,3,27
2026-07-03,P097,160,123,37,0.7688,6,48
2026-07-04,P097,160,120,40,0.75,4,8
2026-07-05,P097,160,123,37,0.7688,5,7
2026-07-06,P097,160,129,31,0.8063,4,11
2026-07-07,P097,160,125,35,0.7812,4,38
2026-07-08,P097,160,130,30,0.8125,3,47
2026-07-09,P097,160,125,35,0.7812,4,39
2026-07-10,P097,160,131,29,0.8187,4,28
2026-07-11,P097,160,129,31,0.8063,1,11
2026-07-12,P097,160,122,38,0.7625,4,15
2026-07-13,P097,160,122,38,0.7625,3,39
2026-07-14,P097,160,122,38,0.7625,2,15
2026-07-15,P097,160,121,39,0.7562,5,41
2026-07-16,P097,160,122,38,0.7625,1,15
2026-07-17,P097,160,121,39,0.7562,4,63
2026-07-18,P097,160,116,44,0.725,8,16
2026-07-19,P097,160,117,43,0.7312,8,24
2026-07-20,P097,160,116,44,0.725,4,27
2026-07-21,P097,160,113,47,0.7063,6,61
2026-07-22,P097,160,115,45,0.7188,2,28
2026-07-23,P097,160,119,41,0.7438,4,31
2026-07-24,P097,160,117,43,0.7312,3,10
2026-07-25,P097,160,120,40,0.75,1,5
2026-07-26,P097,160,121,39,0.7562,7,46
2026-07-27,P097,160,122,38,0.7625,6,20
2026-07-28,P097,160,124,36,0.775,2,53
2026-07-29,P097,160,123,37,0.7688,2,41
2026-07-30,P097,160,124,36,0.775,2,9
2026-07-31,P097,160,129,31,0.8063,4,0
2026-08-01,P097,160,126,34,0.7875,0,58
2026-08-02,P097,160,131,29,0.8187,4,53
2026-08-03,P097,160,129,31,0.8063,2,48
2026-08-04,P097,160,127,33,0.7937,5,2
2026-08-05,P097,160,130,30,0.8125,2,15
2026-08-06,P097,160,130,30,0.8125,3,30
2026-08-07,P097,160,126,34,0.7875,4,19
2026-08-08,P097,160,132,28,0.825,1,37
2026-08-09,P097,160,127,33,0.7937,7,51
2026-08-10,P097,160,129,31,0.8063,3,56
2026-08-11,P097,160,130,30,0.8125,0,17
2026-08-12,P097,160,128,32,0.8,5,1
2026-08-13,P097,160,126,34,0.7875,4,19
2026-08-14,P097,160,125,35,0.7812,7,9
2026-08-15,P097,160,126,34,0.7875,3,25
2026-08-16,P097,160,119,41,0.7438,6,20
2026-08-17,P097,160,119,41,0.7438,8,1
2026-08-18,P097,160,118,42,0.7375,6,20
2026-08-19,P097,160,122,38,0.7625,5,11
2026-08-20,P097,160,122,38,0.7625,4,54
2026-08-21,P097,160,118,42,0.7375,5,8
2026-08-22,P097,160,125,35,0.7812,2,59
2026-08-23,P097,160,123,37,0.7688,1,46
2026-08-24,P097,160,123,37,0.7688,5,34
2026-08-25,P097,160,124,36,0.775,2,34
2026-08-26,P097,160,125,35,0.7812,4,18
2026-08-27,P097,160,120,40,0.75,2,55
2026-04-30,P098,408,329,79,0.8064,8,61
2026-05-01,P098,408,338,70,0.8284,7,59
2026-05-02,P098,408,337,71,0.826,8,14
2026-05-03,P098,408,348,60,0.8529,9,62
2026-05-04,P098,408,347,61,0.8505,9,5
2026-05-05,P098,408,337,71,0.826,9,54
2026-05-06,P098,408,356,52,0.8725,8,27
2026-05-07,P098,408,353,55,0.8652,4,55
2026-05-08,P098,408,357,51,0.875,10,50
2026-05-09,P098,408,347,61,0.8505,5,62
2026-05-10,P098,408,353,55,0.8652,6,14
2026-05-11,P098,408,345,63,0.8456,8,38
2026-05-12,P098,408,352,56,0.8627,4,10
2026-05-13,P098,408,340,68,0.8333,8,21
2026-05-14,P098,408,360,48,0.8824,3,36
2026-05-15,P098,408,333,75,0.8162,8,29
2026-05-16,P098,408,335,73,0.8211,9,1
2026-05-17,P098,408,324,84,0.7941,11,12
2026-05-18,P098,408,323,85,0.7917,11,36
2026-05-19,P098,408,325,83,0.7966,11,33
2026-05-20,P098,408,336,72,0.8235,11,2
2026-05-21,P098,408,318,90,0.7794,10,19
2026-05-22,P098,408,316,92,0.7745,8,14
2026-05-23,P098,408,316,92,0.7745,13,51
2026-05-24,P098,408,322,86,0.7892,11,65
2026-05-25,P098,408,318,90,0.7794,10,18
2026-05-26,P098,408,330,78,0.8088,4,52
2026-05-27,P098,408,327,81,0.8015,9,30
2026-05-28,P098,408,326,82,0.799,9,23
2026-05-29,P098,408,340,68,0.8333,7,13
2026-05-30,P098,408,341,67,0.8358,10,44
2026-05-31,P098,408,344,64,0.8431,6,36
2026-06-01,P098,408,348,60,0.8529,8,20
2026-06-02,P098,408,352,56,0.8627,8,16
2026-06-03,P098,408,357,51,0.875,5,51
2026-06-04,P098,408,356,52,0.8725,7,50
2026-06-05,P098,408,355,53,0.8701,7,26
2026-06-06,P098,408,347,61,0.8505,8,43
2026-06-07,P098,408,371,37,0.9093,2,64
2026-06-08,P098,408,349,59,0.8554,6,36
2026-06-09,P098,408,351,57,0.8603,7,61
2026-06-10,P098,408,348,60,0.8529,7,24
2026-06-11,P098,408,365,43,0.8946,8,5
2026-06-12,P098,408,350,58,0.8578,6,0
2026-06-13,P098,408,358,50,0.8775,2,60
2026-06-14,P098,408,340,68,0.8333,9,58
2026-06-15,P098,408,342,66,0.8382,4,55
2026-06-16,P098,408,337,71,0.826,6,15
2026-06-17,P098,408,342,66,0.8382,8,18
2026-06-18,P098,408,325,83,0.7966,5,17
2026-06-19,P098,408,332,76,0.8137,6,50
2026-06-20,P098,408,335,73,0.8211,8,36
2026-06-21,P098,408,319,89,0.7819,10,28
2026-06-22,P098,408,342,66,0.8382,7,63
2026-06-23,P098,408,336,72,0.8235,6,17
2026-06-24,P098,408,328,80,0.8039,7,38
2026-06-25,P098,408,329,79,0.8064,7,21
2026-06-26,P098,408,333,75,0.8162,8,23
2026-06-27,P098,408,342,66,0.8382,8,16
2026-06-28,P098,408,346,62,0.848,9,21
2026-06-29,P098,408,343,65,0.8407,7,46
2026-06-30,P098,408,343,65,0.8407,9,52
2026-07-01,P098,408,355,53,0.8701,10,2
2026-07-02,P098,408,353,55,0.8652,5,29
2026-07-03,P098,408,370,38,0.9069,7,23
2026-07-04,P098,408,360,48,0.8824,7,39
2026-07-05,P098,408,372,36,0.9118,0,51
2026-07-06,P098,408,364,44,0.8922,6,5
2026-07-07,P098,408,377,31,0.924,2,7
2026-07-08,P098,408,366,42,0.8971,6,50
2026-07-09,P098,408,367,41,0.8995,2,31
2026-07-10,P098,408,357,51,0.875,8,35
2026-07-11,P098,408,352,56,0.8627,6,6
2026-07-12,P098,408,359,49,0.8799,3,49
2026-07-13,P098,408,353,55,0.8652,4,1
2026-07-14,P098,408,357,51,0.875,7,25
2026-07-15,P098,408,332,76,0.8137,9,6
2026-07-16,P098,408,344,64,0.8431,5,25
2026-07-17,P098,408,337,71,0.826,10,7
2026-07-18,P098,408,350,58,0.8578,8,12
2026-07-19,P098,408,352,56,0.8627,6,51
2026-07-20,P098,408,353,55,0.8652,7,46
2026-07-21,P098,408,341,67,0.8358,10,22
2026-07-22,P098,408,339,69,0.8309,7,2
2026-07-23,P098,408,333,75,0.8162,8,39
2026-07-24,P098,408,341,67,0.8358,3,8
2026-07-25,P098,408,345,63,0.8456,7,15
2026-07-26,P098,408,336,72,0.8235,8,47
2026-07-27,P098,408,351,57,0.8603,7,49
2026-07-28,P098,408,350,58,0.8578,5,3
2026-07-29,P098,408,354,54,0.8676,6,0
2026-07-30,P098,408,367,41,0.8995,5,49
2026-07-31,P098,408,365,43,0.8946,5,43
2026-08-01,P098,408,355,53,0.8701,3,37
2026-08-02,P098,408,359,49,0.8799,4,53
2026-08-03,P098,408,368,40,0.902,6,23
2026-08-04,P098,408,373,35,0.9142,2,15
2026-08-05,P098,408,367,41,0.8995,6,51
2026-08-06,P098,408,363,45,0.8897,3,29
2026-08-07,P098,408,375,33,0.9191,2,8
2026-08-08,P098,408,374,34,0.9167,4,22
2026-08-09,P098,408,373,35,0.9142,3,11
2026-08-10,P098,408,356,52,0.8725,6,26
2026-08-11,P098,408,373,35,0.9142,4,2
2026-08-12,P098,408,359,49,0.8799,4,34
2026-08-13,P098,408,353,55,0.8652,6,5
2026-08-14,P098,408,349,59,0.8554,6,2
2026-08-15,P098,408,364,44,0.8922,4,12
2026-08-16,P098,408,361,47,0.8848,5,16
2026-08-17,P098,408,351,57,0.8603,3,47
2026-08-18,P098,408,341,67,0.8358,8,62
2026-08-19,P098,408,345,63,0.8456,9,15
2026-08-20,P098,408,345,63,0.8456,10,20
2026-08-21,P098,408,336,72,0.8235,7,51
2026-08-22,P098,408,350,58,0.8578,5,38
2026-08-23,P098,408,364,44,0.8922,3,53
2026-08-24,P098,408,359,49,0.8799,11,46
2026-08-25,P098,408,359,49,0.8799,4,38
2026-08-26,P098,408,360,48,0.8824,7,42
2026-08-27,P098,408,364,44,0.8922,3,30
2026-04-30,P099,157,125,32,0.7962,3,51
2026-05-01,P099,157,122,35,0.7771,3,31
2026-05-02,P099,157,124,33,0.7898,9,57
2026-05-03,P099,157,127,30,0.8089,1,16
2026-05-04,P099,157,128,29,0.8153,6,63
2026-05-05,P099,157,131,26,0.8344,0,65
2026-05-06,P099,157,127,30,0.8089,2,58
2026-05-07,P099,157,123,34,0.7834,1,28
2026-05-08,P099,157,128,29,0.8153,4,24
2026-05-09,P099,157,127,30,0.8089,0,35
2026-05-10,P099,157,130,27,0.828,3,57
2026-05-11,P099,157,129,28,0.8217,2,41
2026-05-12,P099,157,126,31,0.8025,0,26
2026-05-13,P099,157,130,27,0.828,2,62
2026-05-14,P099,157,127,30,0.8089,3,24
2026-05-15,P099,157,124,33,0.7898,5,1
2026-05-16,P099,157,130,27,0.828,0,29
2026-05-17,P099,157,124,33,0.7898,4,4
2026-05-18,P099,157,125,32,0.7962,3,36
2026-05-19,P099,157,123,34,0.7834,1,10
2026-05-20,P099,157,125,32,0.7962,3,24
2026-05-21,P099,157,124,33,0.7898,3,21
2026-05-22,P099,157,115,42,0.7325,8,23
2026-05-23,P099,157,125,32,0.7962,0,19
2026-05-24,P099,157,121,36,0.7707,3,45
2026-05-25,P099,157,121,36,0.7707,4,2
2026-05-26,P099,157,121,36,0.7707,2,29
2026-05-27,P099,157,124,33,0.7898,0,14
2026-05-28,P099,157,125,32,0.7962,4,18
2026-05-29,P099,157,121,36,0.7707,5,42
2026-05-30,P099,157,128,29,0.8153,1,23
2026-05-31,P099,157,125,32,0.7962,6,13
2026-06-01,P099,157,131,26,0.8344,0,42
2026-06-02,P099,157,131,26,0.8344,3,14
2026-06-03,P099,157,127,30,0.8089,1,57
2026-06-04,P099,157,129,28,0.8217,4,34
2026-06-05,P099,157,133,24,0.8471,3,8
2026-06-06,P099,157,135,22,0.8599,2,5
2026-06-07,P099,157,134,23,0.8535,3,21
2026-06-08,P099,157,128,29,0.8153,5,8
2026-06-09,P099,157,133,24,0.8471,6,3
2026-06-10,P099,157,136,21,0.8662,2,29
2026-06-11,P099,157,135,22,0.8599,3,14
2026-06-12,P099,157,129,28,0.8217,7,8
2026-06-13,P099,157,129,28,0.8217,4,46
2026-06-14,P099,157,127,30,0.8089,2,56
2026-06-15,P099,157,129,28,0.8217,2,26
2026-06-16,P099,157,128,29,0.8153,3,48
2026-06-17,P099,157,123,34,0.7834,2,1
2026-06-18,P099,157,129,28,0.8217,4,60
2026-06-19,P099,157,121,36,0.7707,5,63
2026-06-20,P099,157,123,34,0.7834,5,24
2026-06-21,P099,157,127,30,0.8089,3,34
2026-06-22,P099,157,128,29,0.8153,1,0
2026-06-23,P099,157,127,30,0.8089,4,45
2026-06-24,P099,157,122,35,0.7771,0,15
2026-06-25,P099,157,124,33,0.7898,10,10
2026-06-26,P099,157,127,30,0.8089,3,24
2026-06-27,P099,157,127,30,0.8089,4,22
2026-06-28,P099,157,126,31,0.8025,2,36
2026-06-29,P099,157,128,29,0.8153,3,24
2026-06-30,P099,157,134,23,0.8535,6,44
2026-07-01,P099,157,134,23,0.8535,0,49
2026-07-02,P099,157,140,17,0.8917,2,62
2026-07-03,P099,157,133,24,0.8471,2,6
2026-07-04,P099,157,139,18,0.8854,0,34
2026-07-05,P099,157,135,22,0.8599,4,31
2026-07-06,P099,157,133,24,0.8471,3,19
2026-07-07,P099,157,139,18,0.8854,2,64
2026-07-08,P099,157,133,24,0.8471,0,13
2026-07-09,P099,157,136,21,0.8662,4,34
2026-07-10,P099,157,134,23,0.8535,5,29
2026-07-11,P099,157,133,24,0.8471,3,62
2026-07-12,P099,157,136,21,0.8662,4,37
2026-07-13,P099,157,134,23,0.8535,1,30
2026-07-14,P099,157,131,26,0.8344,3,29
2026-07-15,P099,157,132,25,0.8408,3,37
2026-07-16,P099,157,128,29,0.8153,0,7
2026-07-17,P099,157,129,28,0.8217,2,48
2026-07-18,P099,157,130,27,0.828,2,8
2026-07-19,P099,157,127,30,0.8089,4,38
2026-07-20,P099,157,126,31,0.8025,0,35
2026-07-21,P099,157,128,29,0.8153,1,29
2026-07-22,P099,157,128,29,0.8153,4,24
2026-07-23,P099,157,135,22,0.8599,4,59
2026-07-24,P099,157,129,28,0.8217,1,20
2026-07-25,P099,157,131,26,0.8344,4,39
2026-07-26,P099,157,128,29,0.8153,4,11
2026-07-27,P099,157,137,20,0.8726,1,18
2026-07-28,P099,157,128,29,0.8153,2,36
2026-07-29,P099,157,137,20,0.8726,3,18
2026-07-30,P099,157,138,19,0.879,6,38
2026-07-31,P099,157,135,22,0.8599,3,5
2026-08-01,P099,157,134,23,0.8535,2,61
2026-08-02,P099,157,141,16,0.8981,1,17
2026-08-03,P099,157,139,18,0.8854,3,28
2026-08-04,P099,157,141,16,0.8981,0,43
2026-08-05,P099,157,138,19,0.879,1,13
2026-08-06,P099,157,138,19,0.879,1,63
2026-08-07,P099,157,138,19,0.879,0,34
2026-08-08,P099,157,136,21,0.8662,2,44
2026-08-09,P099,157,138,19,0.879,0,52
2026-08-10,P099,157,140,17,0.8917,1,64
2026-08-11,P099,157,137,20,0.8726,1,17
2026-08-12,P099,157,137,20,0.8726,2,3
2026-08-13,P099,157,135,22,0.8599,5,60
2026-08-14,P099,157,138,19,0.879,3,33
2026-08-15,P099,157,133,24,0.8471,3,1
2026-08-16,P099,157,132,25,0.8408,6,26
2026-08-17,P099,157,132,25,0.8408,2,49
2026-08-18,P099,157,131,26,0.8344,1,60
2026-08-19,P099,157,132,25,0.8408,3,59
2026-08-20,P099,157,134,23,0.8535,0,33
2026-08-21,P099,157,129,28,0.8217,5,25
2026-08-22,P099,157,133,24,0.8471,2,30
2026-08-23,P099,157,135,22,0.8599,3,48
2026-08-24,P099,157,133,24,0.8471,2,23
2026-08-25,P099,157,131,26,0.8344,4,51
2026-08-26,P099,157,134,23,0.8535,2,27
2026-08-27,P099,157,137,20,0.8726,5,52
2026-04-30,P100,243,170,73,0.6996,12,28
2026-05-01,P100,243,170,73,0.6996,10,58
2026-05-02,P100,243,176,67,0.7243,9,38
2026-05-03,P100,243,174,69,0.716,5,20
2026-05-04,P100,243,175,68,0.7202,10,1
2026-05-05,P100,243,174,69,0.716,9,30
2026-05-06,P100,243,181,62,0.7449,8,26
2026-05-07,P100,243,181,62,0.7449,10,43
2026-05-08,P100,243,183,60,0.7531,5,65
2026-05-09,P100,243,176,67,0.7243,11,39
2026-05-10,P100,243,181,62,0.7449,5,19
2026-05-11,P100,243,171,72,0.7037,11,51
2026-05-12,P100,243,175,68,0.7202,9,53
2026-05-13,P100,243,185,58,0.7613,9,8
2026-05-14,P100,243,174,69,0.716,8,20
2026-05-15,P100,243,178,65,0.7325,10,47
2026-05-16,P100,243,169,74,0.6955,9,33
2026-05-17,P100,243,177,66,0.7284,7,48
2026-05-18,P100,243,173,70,0.7119,7,40
2026-05-19,P100,243,172,71,0.7078,8,10
2026-05-20,P100,243,164,79,0.6749,9,8
2026-05-21,P100,243,175,68,0.7202,10,30
2026-05-22,P100,243,161,82,0.6626,7,16
2026-05-23,P100,243,169,74,0.6955,5,19
2026-05-24,P100,243,170,73,0.6996,10,33
2026-05-25,P100,243,172,71,0.7078,9,31
2026-05-26,P100,243,167,76,0.6872,7,41
2026-05-27,P100,243,172,71,0.7078,7,25
2026-05-28,P100,243,175,68,0.7202,10,44
2026-05-29,P100,243,182,61,0.749,7,20
2026-05-30,P100,243,171,72,0.7037,10,45
2026-05-31,P100,243,183,60,0.7531,8,48
2026-06-01,P100,243,185,58,0.7613,7,57
2026-06-02,P100,243,184,59,0.7572,6,23
2026-06-03,P100,243,191,52,0.786,6,52
2026-06-04,P100,243,184,59,0.7572,7,29
2026-06-05,P100,243,179,64,0.7366,8,40
2026-06-06,P100,243,184,59,0.7572,8,23
2026-06-07,P100,243,197,46,0.8107,5,29
2026-06-08,P100,243,182,61,0.749,9,42
2026-06-09,P100,243,186,57,0.7654,7,50
2026-06-10,P100,243,184,59,0.7572,8,48
2026-06-11,P100,243,181,62,0.7449,13,23
2026-06-12,P100,243,177,66,0.7284,6,42
2026-06-13,P100,243,187,56,0.7695,5,12
2026-06-14,P100,243,176,67,0.7243,10,53
2026-06-15,P100,243,178,65,0.7325,7,56
2026-06-16,P100,243,182,61,0.749,7,59
2026-06-17,P100,243,187,56,0.7695,7,44
2026-06-18,P100,243,175,68,0.7202,8,59
2026-06-19,P100,243,170,73,0.6996,7,29
2026-06-20,P100,243,169,74,0.6955,7,18
2026-06-21,P100,243,168,75,0.6914,7,62
2026-06-22,P100,243,170,73,0.6996,8,48
2026-06-23,P100,243,174,69,0.716,10,41
2026-06-24,P100,243,175,68,0.7202,8,0
2026-06-25,P100,243,174,69,0.716,9,25
2026-06-26,P100,243,177,66,0.7284,7,59
2026-06-27,P100,243,173,70,0.7119,6,3
2026-06-28,P100,243,183,60,0.7531,9,62
2026-06-29,P100,243,180,63,0.7407,9,52
2026-06-30,P100,243,180,63,0.7407,4,44
2026-07-01,P100,243,188,55,0.7737,7,15
2026-07-02,P100,243,188,55,0.7737,0,15
2026-07-03,P100,243,185,58,0.7613,6,40
2026-07-04,P100,243,192,51,0.7901,5,60
2026-07-05,P100,243,195,48,0.8025,6,4
2026-07-06,P100,243,197,46,0.8107,5,20
2026-07-07,P100,243,188,55,0.7737,5,22
2026-07-08,P100,243,189,54,0.7778,5,14
2026-07-09,P100,243,194,49,0.7984,5,11
2026-07-10,P100,243,189,54,0.7778,5,61
2026-07-11,P100,243,189,54,0.7778,6,14
2026-07-12,P100,243,194,49,0.7984,6,30
2026-07-13,P100,243,189,54,0.7778,4,44
2026-07-14,P100,243,184,59,0.7572,9,5
2026-07-15,P100,243,187,56,0.7695,5,19
2026-07-16,P100,243,191,52,0.786,4,65
2026-07-17,P100,243,181,62,0.7449,7,2
2026-07-18,P100,243,178,65,0.7325,6,57
2026-07-19,P100,243,173,70,0.7119,7,61
2026-07-20,P100,243,174,69,0.716,4,15
2026-07-21,P100,243,186,57,0.7654,7,4
2026-07-22,P100,243,177,66,0.7284,5,6
2026-07-23,P100,243,178,65,0.7325,8,39
2026-07-24,P100,243,181,62,0.7449,4,25
2026-07-25,P100,243,179,64,0.7366,4,43
2026-07-26,P100,243,189,54,0.7778,1,56
2026-07-27,P100,243,189,54,0.7778,8,0
2026-07-28,P100,243,189,54,0.7778,1,55
2026-07-29,P100,243,185,58,0.7613,7,24
2026-07-30,P100,243,185,58,0.7613,7,8
2026-07-31,P100,243,199,44,0.8189,6,44
2026-08-01,P100,243,192,51,0.7901,5,28
2026-08-02,P100,243,205,38,0.8436,5,18
2026-08-03,P100,243,191,52,0.786,6,2
2026-08-04,P100,243,203,40,0.8354,3,51
2026-08-05,P100,243,197,46,0.8107,4,50
2026-08-06,P100,243,201,42,0.8272,5,42
2026-08-07,P100,243,192,51,0.7901,5,16
2026-08-08,P100,243,195,48,0.8025,9,31
2026-08-09,P100,243,199,44,0.8189,4,1
2026-08-10,P100,243,193,50,0.7942,9,63
2026-08-11,P100,243,197,46,0.8107,4,4
2026-08-12,P100,243,188,55,0.7737,8,40
2026-08-13,P100,243,192,51,0.7901,4,5
2026-08-14,P100,243,180,63,0.7407,7,53
2026-08-15,P100,243,189,54,0.7778,4,65
2026-08-16,P100,243,186,57,0.7654,6,0
2026-08-17,P100,243,181,62,0.7449,5,14
2026-08-18,P100,243,189,54,0.7778,10,8
2026-08-19,P100,243,191,52,0.786,3,37
2026-08-20,P100,243,182,61,0.749,7,54
2026-08-21,P100,243,190,53,0.7819,6,0
2026-08-22,P100,243,189,54,0.7778,6,1
2026-08-23,P100,243,181,62,0.7449,11,28
2026-08-24,P100,243,181,62,0.7449,6,58
2026-08-25,P100,243,185,58,0.7613,5,29
2026-08-26,P100,243,194,49,0.7984,3,0
2026-08-27,P100,243,188,55,0.7737,4,56
2026-04-30,P101,277,180,97,0.6498,9,53
2026-05-01,P101,277,181,96,0.6534,11,50
2026-05-02,P101,277,187,90,0.6751,12,32
2026-05-03,P101,277,189,88,0.6823,10,35
2026-05-04,P101,277,185,92,0.6679,10,62
2026-05-05,P101,277,199,78,0.7184,10,62
2026-05-06,P101,277,189,88,0.6823,9,21
2026-05-07,P101,277,193,84,0.6968,9,47
2026-05-08,P101,277,189,88,0.6823,10,12
2026-05-09,P101,277,189,88,0.6823,12,36
2026-05-10,P101,277,201,76,0.7256,6,44
2026-05-11,P101,277,191,86,0.6895,10,4
2026-05-12,P101,277,185,92,0.6679,6,22
2026-05-13,P101,277,189,88,0.6823,13,57
2026-05-14,P101,277,185,92,0.6679,14,25
2026-05-15,P101,277,186,91,0.6715,14,45
2026-05-16,P101,277,184,93,0.6643,12,52
2026-05-17,P101,277,185,92,0.6679,12,46
2026-05-18,P101,277,180,97,0.6498,13,62
2026-05-19,P101,277,174,103,0.6282,14,2
2026-05-20,P101,277,175,102,0.6318,15,26
2026-05-21,P101,277,171,106,0.6173,10,27
2026-05-22,P101,277,171,106,0.6173,10,62
2026-05-23,P101,277,174,103,0.6282,12,27
2026-05-24,P101,277,182,95,0.657,10,19
2026-05-25,P101,277,175,102,0.6318,11,63
2026-05-26,P101,277,188,89,0.6787,9,6
2026-05-27,P101,277,184,93,0.6643,10,18
2026-05-28,P101,277,178,99,0.6426,12,6
2026-05-29,P101,277,187,90,0.6751,13,34
2026-05-30,P101,277,186,91,0.6715,9,35
2026-05-31,P101,277,195,82,0.704,7,5
2026-06-01,P101,277,190,87,0.6859,8,17
2026-06-02,P101,277,188,89,0.6787,12,60
2026-06-03,P101,277,200,77,0.722,9,46
2026-06-04,P101,277,186,91,0.6715,11,46
2026-06-05,P101,277,193,84,0.6968,6,11
2026-06-06,P101,277,189,88,0.6823,8,49
2026-06-07,P101,277,191,86,0.6895,12,63
2026-06-08,P101,277,192,85,0.6931,13,3
2026-06-09,P101,277,204,73,0.7365,7,59
2026-06-10,P101,277,190,87,0.6859,11,0
2026-06-11,P101,277,198,79,0.7148,9,34
2026-06-12,P101,277,192,85,0.6931,9,9
2026-06-13,P101,277,197,80,0.7112,5,6
2026-06-14,P101,277,193,84,0.6968,11,0
2026-06-15,P101,277,188,89,0.6787,13,7
2026-06-16,P101,277,182,95,0.657,10,25
2026-06-17,P101,277,188,89,0.6787,12,17
2026-06-18,P101,277,177,100,0.639,12,53
2026-06-19,P101,277,184,93,0.6643,15,30
2026-06-20,P101,277,187,90,0.6751,11,53
2026-06-21,P101,277,183,94,0.6606,11,43
2026-06-22,P101,277,177,100,0.639,16,23
2026-06-23,P101,277,178,99,0.6426,13,58
2026-06-24,P101,277,182,95,0.657,13,39
2026-06-25,P101,277,189,88,0.6823,10,16
2026-06-26,P101,277,197,80,0.7112,7,65
2026-06-27,P101,277,190,87,0.6859,9,11
2026-06-28,P101,277,194,83,0.7004,10,25
2026-06-29,P101,277,195,82,0.704,8,60
2026-06-30,P101,277,199,78,0.7184,9,43
2026-07-01,P101,277,194,83,0.7004,10,31
2026-07-02,P101,277,201,76,0.7256,8,41
2026-07-03,P101,277,208,69,0.7509,5,6
2026-07-04,P101,277,204,73,0.7365,11,31
2026-07-05,P101,277,203,74,0.7329,5,43
2026-07-06,P101,277,203,74,0.7329,7,61
2026-07-07,P101,277,199,78,0.7184,9,19
2026-07-08,P101,277,215,62,0.7762,7,14
2026-07-09,P101,277,204,73,0.7365,8,8
2026-07-10,P101,277,197,80,0.7112,8,55
2026-07-11,P101,277,190,87,0.6859,9,63
2026-07-12,P101,277,196,81,0.7076,8,34
2026-07-13,P101,277,197,80,0.7112,11,38
2026-07-14,P101,277,193,84,0.6968,10,62
2026-07-15,P101,277,203,74,0.7329,7,0
2026-07-16,P101,277,193,84,0.6968,3,17
2026-07-17,P101,277,192,85,0.6931,12,39
2026-07-18,P101,277,180,97,0.6498,15,19
2026-07-19,P101,277,194,83,0.7004,6,20
2026-07-20,P101,277,179,98,0.6462,16,58
2026-07-21,P101,277,189,88,0.6823,10,65
2026-07-22,P101,277,184,93,0.6643,13,10
2026-07-23,P101,277,191,86,0.6895,9,18
2026-07-24,P101,277,190,87,0.6859,11,6
2026-07-25,P101,277,190,87,0.6859,13,23
2026-07-26,P101,277,194,83,0.7004,6,50
2026-07-27,P101,277,198,79,0.7148,13,25
2026-07-28,P101,277,201,76,0.7256,8,31
2026-07-29,P101,277,201,76,0.7256,8,43
2026-07-30,P101,277,209,68,0.7545,9,8
2026-07-31,P101,277,200,77,0.722,9,30
2026-08-01,P101,277,199,78,0.7184,5,30
2026-08-02,P101,277,200,77,0.722,11,21
2026-08-03,P101,277,215,62,0.7762,12,46
2026-08-04,P101,277,206,71,0.7437,6,31
2026-08-05,P101,277,210,67,0.7581,10,51
2026-08-06,P101,277,207,70,0.7473,8,16
2026-08-07,P101,277,208,69,0.7509,10,55
2026-08-08,P101,277,206,71,0.7437,5,25
2026-08-09,P101,277,206,71,0.7437,6,32
2026-08-10,P101,277,199,78,0.7184,4,52
2026-08-11,P101,277,205,72,0.7401,5,45
2026-08-12,P101,277,206,71,0.7437,7,40
2026-08-13,P101,277,200,77,0.722,9,34
2026-08-14,P101,277,199,78,0.7184,11,9
2026-08-15,P101,277,199,78,0.7184,7,9
2026-08-16,P101,277,193,84,0.6968,8,21
2026-08-17,P101,277,197,80,0.7112,8,11
2026-08-18,P101,277,192,85,0.6931,6,21
2026-08-19,P101,277,199,78,0.7184,7,32
2026-08-20,P101,277,193,84,0.6968,11,0
2026-08-21,P101,277,198,79,0.7148,8,41
2026-08-22,P101,277,196,81,0.7076,6,28
2026-08-23,P101,277,193,84,0.6968,9,53
2026-08-24,P101,277,200,77,0.722,10,50
2026-08-25,P101,277,188,89,0.6787,12,59
2026-08-26,P101,277,202,75,0.7292,8,29
2026-08-27,P101,277,206,71,0.7437,9,22
2026-04-30,P102,307,253,54,0.8241,5,47
2026-05-01,P102,307,250,57,0.8143,1,48
2026-05-02,P102,307,262,45,0.8534,5,11
2026-05-03,P102,307,259,48,0.8436,3,22
2026-05-04,P102,307,259,48,0.8436,8,1
2026-05-05,P102,307,268,39,0.873,6,31
2026-05-06,P102,307,260,47,0.8469,6,42
2026-05-07,P102,307,263,44,0.8567,5,62
2026-05-08,P102,307,259,48,0.8436,4,20
2026-05-09,P102,307,261,46,0.8502,7,16
2026-05-10,P102,307,259,48,0.8436,4,54
2026-05-11,P102,307,262,45,0.8534,6,21
2026-05-12,P102,307,267,40,0.8697,2,41
2026-05-13,P102,307,264,43,0.8599,5,1
2026-05-14,P102,307,261,46,0.8502,7,21
2026-05-15,P102,307,253,54,0.8241,4,58
2026-05-16,P102,307,254,53,0.8274,4,22
2026-05-17,P102,307,261,46,0.8502,3,1
2026-05-18,P102,307,251,56,0.8176,2,58
2026-05-19,P102,307,247,60,0.8046,7,52
2026-05-20,P102,307,241,66,0.785,10,58
2026-05-21,P102,307,253,54,0.8241,4,9
2026-05-22,P102,307,250,57,0.8143,4,25
2026-05-23,P102,307,240,67,0.7818,10,0
2026-05-24,P102,307,258,49,0.8404,5,50
2026-05-25,P102,307,245,62,0.798,1,57
2026-05-26,P102,307,253,54,0.8241,10,55
2026-05-27,P102,307,251,56,0.8176,8,45
2026-05-28,P102,307,241,66,0.785,10,13
2026-05-29,P102,307,252,55,0.8208,1,50
2026-05-30,P102,307,259,48,0.8436,6,43
2026-05-31,P102,307,258,49,0.8404,7,8
2026-06-01,P102,307,267,40,0.8697,4,15
2026-06-02,P102,307,268,39,0.873,4,58
2026-06-03,P102,307,271,36,0.8827,4,24
2026-06-04,P102,307,257,50,0.8371,3,29
2026-06-05,P102,307,270,37,0.8795,4,50
2026-06-06,P102,307,267,40,0.8697,5,15
2026-06-07,P102,307,275,32,0.8958,3,23
2026-06-08,P102,307,270,37,0.8795,6,8
2026-06-09,P102,307,269,38,0.8762,4,13
2026-06-10,P102,307,266,41,0.8664,6,1
2026-06-11,P102,307,263,44,0.8567,5,28
2026-06-12,P102,307,268,39,0.873,4,40
2026-06-13,P102,307,260,47,0.8469,6,23
2026-06-14,P102,307,255,52,0.8306,8,51
2026-06-15,P102,307,259,48,0.8436,4,54
2026-06-16,P102,307,254,53,0.8274,3,34
2026-06-17,P102,307,250,57,0.8143,7,57
2026-06-18,P102,307,247,60,0.8046,7,47
2026-06-19,P102,307,257,50,0.8371,2,55
2026-06-20,P102,307,250,57,0.8143,5,23
2026-06-21,P102,307,253,54,0.8241,3,59
2026-06-22,P102,307,253,54,0.8241,5,24
2026-06-23,P102,307,257,50,0.8371,5,3
2026-06-24,P102,307,256,51,0.8339,8,63
2026-06-25,P102,307,263,44,0.8567,7,49
2026-06-26,P102,307,256,51,0.8339,3,9
2026-06-27,P102,307,256,51,0.8339,5,25
2026-06-28,P102,307,255,52,0.8306,8,5
2026-06-29,P102,307,262,45,0.8534,5,42
2026-06-30,P102,307,261,46,0.8502,8,11
2026-07-01,P102,307,274,33,0.8925,3,12
2026-07-02,P102,307,275,32,0.8958,3,18
2026-07-03,P102,307,273,34,0.8893,3,39
2026-07-04,P102,307,280,27,0.9121,0,5
2026-07-05,P102,307,279,28,0.9088,2,51
2026-07-06,P102,307,276,31,0.899,4,31
2026-07-07,P102,307,273,34,0.8893,2,17
2026-07-08,P102,307,278,29,0.9055,0,50
2026-07-09,P102,307,271,36,0.8827,5,1
2026-07-10,P102,307,279,28,0.9088,0,10
2026-07-11,P102,307,284,23,0.9251,5,43
2026-07-12,P102,307,269,38,0.8762,4,38
2026-07-13,P102,307,270,37,0.8795,2,62
2026-07-14,P102,307,260,47,0.8469,3,13
2026-07-15,P102,307,267,40,0.8697,0,43
2026-07-16,P102,307,267,40,0.8697,4,65
2026-07-17,P102,307,267,40,0.8697,3,64
2026-07-18,P102,307,255,52,0.8306,7,36
2026-07-19,P102,307,259,48,0.8436,3,33
2026-07-20,P102,307,261,46,0.8502,4,43
2026-07-21,P102,307,263,44,0.8567,6,51
2026-07-22,P102,307,271,36,0.8827,2,58
2026-07-23,P102,307,257,50,0.8371,5,12
2026-07-24,P102,307,253,54,0.8241,7,13
2026-07-25,P102,307,262,45,0.8534,4,17
2026-07-26,P102,307,263,44,0.8567,5,13
2026-07-27,P102,307,252,55,0.8208,5,45
2026-07-28,P102,307,266,41,0.8664,5,48
2026-07-29,P102,307,275,32,0.8958,3,56
2026-07-30,P102,307,269,38,0.8762,4,52
2026-07-31,P102,307,284,23,0.9251,2,35
2026-08-01,P102,307,276,31,0.899,3,20
2026-08-02,P102,307,287,20,0.9349,3,23
2026-08-03,P102,307,276,31,0.899,1,21
2026-08-04,P102,307,280,27,0.9121,5,49
2026-08-05,P102,307,279,28,0.9088,0,37
2026-08-06,P102,307,283,24,0.9218,1,11
2026-08-07,P102,307,285,22,0.9283,4,35
2026-08-08,P102,307,282,25,0.9186,4,65
2026-08-09,P102,307,280,27,0.9121,0,14
2026-08-10,P102,307,280,27,0.9121,0,49
2026-08-11,P102,307,280,27,0.9121,5,62
2026-08-12,P102,307,269,38,0.8762,2,10
2026-08-13,P102,307,276,31,0.899,5,38
2026-08-14,P102,307,273,34,0.8893,6,10
2026-08-15,P102,307,277,30,0.9023,3,57
2026-08-16,P102,307,267,40,0.8697,4,65
2026-08-17,P102,307,268,39,0.873,3,5
2026-08-18,P102,307,275,32,0.8958,0,55
2026-08-19,P102,307,269,38,0.8762,3,1
2026-08-20,P102,307,251,56,0.8176,9,15
2026-08-21,P102,307,269,38,0.8762,5,44
2026-08-22,P102,307,272,35,0.886,3,1
2026-08-23,P102,307,267,40,0.8697,2,37
2026-08-24,P102,307,271,36,0.8827,6,16
2026-08-25,P102,307,266,41,0.8664,4,21
2026-08-26,P102,307,276,31,0.899,2,13
2026-08-27,P102,307,265,42,0.8632,2,3
2026-04-30,P103,405,302,103,0.7457,13,63
2026-05-01,P103,405,277,128,0.684,16,6
2026-05-02,P103,405,285,120,0.7037,16,8
2026-05-03,P103,405,290,115,0.716,11,28
2026-05-04,P103,405,300,105,0.7407,13,51
2026-05-05,P103,405,308,97,0.7605,7,13
2026-05-06,P103,405,289,116,0.7136,17,65
2026-05-07,P103,405,284,121,0.7012,15,59
2026-05-08,P103,405,300,105,0.7407,12,65
2026-05-09,P103,405,282,123,0.6963,16,21
2026-05-10,P103,405,310,95,0.7654,13,47
2026-05-11,P103,405,293,112,0.7235,16,12
2026-05-12,P103,405,304,101,0.7506,12,41
2026-05-13,P103,405,294,111,0.7259,13,9
2026-05-14,P103,405,285,120,0.7037,17,37
2026-05-15,P103,405,280,125,0.6914,16,14
2026-05-16,P103,405,284,121,0.7012,17,20
2026-05-17,P103,405,274,131,0.6765,15,21
2026-05-18,P103,405,272,133,0.6716,14,49
2026-05-19,P103,405,276,129,0.6815,14,40
2026-05-20,P103,405,278,127,0.6864,12,58
2026-05-21,P103,405,286,119,0.7062,14,31
2026-05-22,P103,405,276,129,0.6815,14,51
2026-05-23,P103,405,276,129,0.6815,14,61
2026-05-24,P103,405,262,143,0.6469,18,0
2026-05-25,P103,405,270,135,0.6667,15,23
2026-05-26,P103,405,278,127,0.6864,16,0
2026-05-27,P103,405,276,129,0.6815,15,53
2026-05-28,P103,405,283,122,0.6988,13,65
2026-05-29,P103,405,286,119,0.7062,10,23
2026-05-30,P103,405,308,97,0.7605,10,29
2026-05-31,P103,405,292,113,0.721,15,13
2026-06-01,P103,405,294,111,0.7259,11,27
2026-06-02,P103,405,305,100,0.7531,12,15
2026-06-03,P103,405,291,114,0.7185,18,16
2026-06-04,P103,405,302,103,0.7457,11,48
2026-06-05,P103,405,314,91,0.7753,12,63
2026-06-06,P103,405,298,107,0.7358,12,41
2026-06-07,P103,405,315,90,0.7778,15,17
2026-06-08,P103,405,307,98,0.758,14,29
2026-06-09,P103,405,294,111,0.7259,11,27
2026-06-10,P103,405,288,117,0.7111,13,2
2026-06-11,P103,405,306,99,0.7556,10,29
2026-06-12,P103,405,285,120,0.7037,14,24
2026-06-13,P103,405,310,95,0.7654,12,26
2026-06-14,P103,405,297,108,0.7333,11,28
2026-06-15,P103,405,291,114,0.7185,13,10
2026-06-16,P103,405,273,132,0.6741,15,54
2026-06-17,P103,405,282,123,0.6963,14,28
2026-06-18,P103,405,266,139,0.6568,16,30
2026-06-19,P103,405,283,122,0.6988,13,48
2026-06-20,P103,405,271,134,0.6691,14,9
2026-06-21,P103,405,288,117,0.7111,11,57
2026-06-22,P103,405,279,126,0.6889,16,59
2026-06-23,P103,405,276,129,0.6815,16,45
2026-06-24,P103,405,276,129,0.6815,14,19
2026-06-25,P103,405,283,122,0.6988,16,13
2026-06-26,P103,405,289,116,0.7136,11,46
2026-06-27,P103,405,285,120,0.7037,15,57
2026-06-28,P103,405,296,109,0.7309,9,9
2026-06-29,P103,405,301,104,0.7432,16,18
2026-06-30,P103,405,302,103,0.7457,12,28
2026-07-01,P103,405,311,94,0.7679,12,58
2026-07-02,P103,405,309,96,0.763,10,61
2026-07-03,P103,405,308,97,0.7605,11,57
2026-07-04,P103,405,312,93,0.7704,13,54
2026-07-05,P103,405,317,88,0.7827,9,43
2026-07-06,P103,405,307,98,0.758,11,7
2026-07-07,P103,405,331,74,0.8173,12,39
2026-07-08,P103,405,302,103,0.7457,12,53
2026-07-09,P103,405,315,90,0.7778,10,28
2026-07-10,P103,405,308,97,0.7605,11,57
2026-07-11,P103,405,311,94,0.7679,6,21
2026-07-12,P103,405,309,96,0.763,12,59
2026-07-13,P103,405,297,108,0.7333,14,46
2026-07-14,P103,405,304,101,0.7506,10,6
2026-07-15,P103,405,292,113,0.721,14,21
2026-07-16,P103,405,295,110,0.7284,15,34
2026-07-17,P103,405,294,111,0.7259,15,20
2026-07-18,P103,405,293,112,0.7235,9,8
2026-07-19,P103,405,281,124,0.6938,15,29
2026-07-20,P103,405,285,120,0.7037,13,48
2026-07-21,P103,405,279,126,0.6889,16,13
2026-07-22,P103,405,301,104,0.7432,12,58
2026-07-23,P103,405,296,109,0.7309,11,35
2026-07-24,P103,405,291,114,0.7185,14,20
2026-07-25,P103,405,294,111,0.7259,11,0
2026-07-26,P103,405,285,120,0.7037,15,55
2026-07-27,P103,405,300,105,0.7407,11,24
2026-07-28,P103,405,321,84,0.7926,7,27
2026-07-29,P103,405,299,106,0.7383,11,46
2026-07-30,P103,405,296,109,0.7309,13,45
2026-07-31,P103,405,313,92,0.7728,14,40
2026-08-01,P103,405,323,82,0.7975,6,54
2026-08-02,P103,405,317,88,0.7827,10,65
2026-08-03,P103,405,326,79,0.8049,9,34
2026-08-04,P103,405,316,89,0.7802,7,39
2026-08-05,P103,405,324,81,0.8,13,47
2026-08-06,P103,405,323,82,0.7975,7,61
2026-08-07,P103,405,319,86,0.7877,8,36
2026-08-08,P103,405,315,90,0.7778,8,47
2026-08-09,P103,405,321,84,0.7926,10,49
2026-08-10,P103,405,328,77,0.8099,7,60
2026-08-11,P103,405,300,105,0.7407,15,29
2026-08-12,P103,405,309,96,0.763,13,58
2026-08-13,P103,405,311,94,0.7679,13,30
2026-08-14,P103,405,299,106,0.7383,11,50
2026-08-15,P103,405,306,99,0.7556,12,14
2026-08-16,P103,405,292,113,0.721,11,2
2026-08-17,P103,405,299,106,0.7383,11,58
2026-08-18,P103,405,296,109,0.7309,12,17
2026-08-19,P103,405,311,94,0.7679,7,40
2026-08-20,P103,405,286,119,0.7062,14,40
2026-08-21,P103,405,292,113,0.721,15,4
2026-08-22,P103,405,291,114,0.7185,15,14
2026-08-23,P103,405,306,99,0.7556,15,65
2026-08-24,P103,405,298,107,0.7358,8,20
2026-08-25,P103,405,304,101,0.7506,11,62
2026-08-26,P103,405,313,92,0.7728,10,57
2026-08-27,P103,405,315,90,0.7778,8,28
2026-04-30,P104,203,176,27,0.867,3,48
2026-05-01,P104,203,183,20,0.9015,0,13
2026-05-02,P104,203,186,17,0.9163,0,28
2026-05-03,P104,203,179,24,0.8818,2,63
2026-05-04,P104,203,179,24,0.8818,4,41
2026-05-05,P104,203,183,20,0.9015,0,9
2026-05-06,P104,203,191,12,0.9409,1,64
2026-05-07,P104,203,187,16,0.9212,0,33
2026-05-08,P104,203,185,18,0.9113,1,55
2026-05-09,P104,203,182,21,0.8966,3,0
2026-05-10,P104,203,186,17,0.9163,2,53
2026-05-11,P104,203,179,24,0.8818,3,45
2026-05-12,P104,203,188,15,0.9261,2,27
2026-05-13,P104,203,180,23,0.8867,0,0
2026-05-14,P104,203,181,22,0.8916,3,36
2026-05-15,P104,203,186,17,0.9163,2,61
2026-05-16,P104,203,183,20,0.9015,4,23
2026-05-17,P104,203,167,36,0.8227,0,16
2026-05-18,P104,203,172,31,0.8473,1,51
2026-05-19,P104,203,175,28,0.8621,0,61
2026-05-20,P104,203,168,35,0.8276,4,27
2026-05-21,P104,203,174,29,0.8571,0,1
2026-05-22,P104,203,174,29,0.8571,6,59
2026-05-23,P104,203,173,30,0.8522,2,2
2026-05-24,P104,203,179,24,0.8818,3,44
2026-05-25,P104,203,168,35,0.8276,3,25
2026-05-26,P104,203,171,32,0.8424,4,50
2026-05-27,P104,203,176,27,0.867,3,14
2026-05-28,P104,203,180,23,0.8867,1,32
2026-05-29,P104,203,181,22,0.8916,0,29
2026-05-30,P104,203,180,23,0.8867,3,40
2026-05-31,P104,203,183,20,0.9015,2,31
2026-06-01,P104,203,188,15,0.9261,2,5
2026-06-02,P104,203,187,16,0.9212,3,6
2026-06-03,P104,203,187,16,0.9212,3,5
2026-06-04,P104,203,187,16,0.9212,3,60
2026-06-05,P104,203,189,14,0.931,2,46
2026-06-06,P104,203,185,18,0.9113,1,46
2026-06-07,P104,203,189,14,0.931,3,35
2026-06-08,P104,203,191,12,0.9409,0,49
2026-06-09,P104,203,186,17,0.9163,0,50
2026-06-10,P104,203,178,25,0.8768,0,58
2026-06-11,P104,203,189,14,0.931,4,9
2026-06-12,P104,203,184,19,0.9064,2,47
2026-06-13,P104,203,186,17,0.9163,0,17
2026-06-14,P104,203,187,16,0.9212,0,32
2026-06-15,P104,203,180,23,0.8867,3,18
2026-06-16,P104,203,182,21,0.8966,0,0
2026-06-17,P104,203,180,23,0.8867,3,55
2026-06-18,P104,203,185,18,0.9113,6,9
2026-06-19,P104,203,181,22,0.8916,3,52
2026-06-20,P104,203,174,29,0.8571,5,60
2026-06-21,P104,203,172,31,0.8473,4,31
2026-06-22,P104,203,176,27,0.867,5,56
2026-06-23,P104,203,182,21,0.8966,1,60
2026-06-24,P104,203,170,33,0.8374,1,34
2026-06-25,P104,203,184,19,0.9064,0,18
2026-06-26,P104,203,187,16,0.9212,0,52
2026-06-27,P104,203,180,23,0.8867,2,40
2026-06-28,P104,203,187,16,0.9212,2,24
2026-06-29,P104,203,193,10,0.9507,2,17
2026-06-30,P104,203,183,20,0.9015,2,54
2026-07-01,P104,203,190,13,0.936,0,2
2026-07-02,P104,203,193,10,0.9507,0,40
2026-07-03,P104,203,195,8,0.9606,0,10
2026-07-04,P104,203,186,17,0.9163,3,44
2026-07-05,P104,203,190,13,0.936,3,42
2026-07-06,P104,203,199,4,0.9803,1,51
2026-07-07,P104,203,199,4,0.9803,2,48
2026-07-08,P104,203,193,10,0.9507,0,28
2026-07-09,P104,203,199,4,0.9803,0,20
2026-07-10,P104,203,187,16,0.9212,1,15
2026-07-11,P104,203,195,8,0.9606,3,2
2026-07-12,P104,203,196,7,0.9655,2,49
2026-07-13,P104,203,186,17,0.9163,1,63
2026-07-14,P104,203,182,21,0.8966,2,3
2026-07-15,P104,203,186,17,0.9163,0,25
2026-07-16,P104,203,185,18,0.9113,2,17
2026-07-17,P104,203,180,23,0.8867,1,17
2026-07-18,P104,203,186,17,0.9163,1,25
2026-07-19,P104,203,181,22,0.8916,1,60
2026-07-20,P104,203,178,25,0.8768,2,15
2026-07-21,P104,203,184,19,0.9064,4,59
2026-07-22,P104,203,181,22,0.8916,0,58
2026-07-23,P104,203,176,27,0.867,2,13
2026-07-24,P104,203,183,20,0.9015,0,27
2026-07-25,P104,203,192,11,0.9458,1,13
2026-07-26,P104,203,180,23,0.8867,0,54
2026-07-27,P104,203,190,13,0.936,0,59
2026-07-28,P104,203,188,15,0.9261,0,9
2026-07-29,P104,203,189,14,0.931,4,57
2026-07-30,P104,203,190,13,0.936,1,55
2026-07-31,P104,203,197,6,0.9704,0,60
2026-08-01,P104,203,194,9,0.9557,0,64
2026-08-02,P104,203,196,7,0.9655,3,56
2026-08-03,P104,203,195,8,0.9606,2,17
2026-08-04,P104,203,199,4,0.9803,0,65
2026-08-05,P104,203,199,4,0.9803,0,45
2026-08-06,P104,203,197,6,0.9704,0,19
2026-08-07,P104,203,199,4,0.9803,1,43
2026-08-08,P104,203,199,4,0.9803,3,33
2026-08-09,P104,203,198,5,0.9754,0,32
2026-08-10,P104,203,189,14,0.931,2,65
2026-08-11,P104,203,195,8,0.9606,0,14
2026-08-12,P104,203,197,6,0.9704,0,49
2026-08-13,P104,203,196,7,0.9655,0,26
2026-08-14,P104,203,187,16,0.9212,2,24
2026-08-15,P104,203,196,7,0.9655,2,19
2026-08-16,P104,203,187,16,0.9212,3,43
2026-08-17,P104,203,189,14,0.931,2,1
2026-08-18,P104,203,193,10,0.9507,0,45
2026-08-19,P104,203,188,15,0.9261,2,60
2026-08-20,P104,203,183,20,0.9015,0,39
2026-08-21,P104,203,186,17,0.9163,0,24
2026-08-22,P104,203,190,13,0.936,1,10
2026-08-23,P104,203,196,7,0.9655,2,41
2026-08-24,P104,203,189,14,0.931,2,30
2026-08-25,P104,203,195,8,0.9606,0,58
2026-08-26,P104,203,191,12,0.9409,4,13
2026-08-27,P104,203,191,12,0.9409,0,58
2026-04-30,P105,362,326,36,0.9006,2,16
2026-05-01,P105,362,316,46,0.8729,5,11
2026-05-02,P105,362,332,30,0.9171,2,62
2026-05-03,P105,362,341,21,0.942,3,28
2026-05-04,P105,362,323,39,0.8923,3,64
2026-05-05,P105,362,338,24,0.9337,0,51
2026-05-06,P105,362,340,22,0.9392,0,5
2026-05-07,P105,362,330,32,0.9116,5,38
2026-05-08,P105,362,344,18,0.9503,0,46
2026-05-09,P105,362,333,29,0.9199,1,3
2026-05-10,P105,362,343,19,0.9475,0,20
2026-05-11,P105,362,335,27,0.9254,3,54
2026-05-12,P105,362,337,25,0.9309,4,29
2026-05-13,P105,362,317,45,0.8757,5,41
2026-05-14,P105,362,345,17,0.953,2,60
2026-05-15,P105,362,324,38,0.895,5,32
2026-05-16,P105,362,317,45,0.8757,2,50
2026-05-17,P105,362,323,39,0.8923,6,2
2026-05-18,P105,362,313,49,0.8646,6,7
2026-05-19,P105,362,316,46,0.8729,7,54
2026-05-20,P105,362,308,54,0.8508,6,34
2026-05-21,P105,362,327,35,0.9033,0,26
2026-05-22,P105,362,329,33,0.9088,4,31
2026-05-23,P105,362,318,44,0.8785,5,27
2026-05-24,P105,362,324,38,0.895,1,30
2026-05-25,P105,362,311,51,0.8591,6,55
2026-05-26,P105,362,314,48,0.8674,5,15
2026-05-27,P105,362,323,39,0.8923,3,50
2026-05-28,P105,362,319,43,0.8812,4,28
2026-05-29,P105,362,325,37,0.8978,7,14
2026-05-30,P105,362,331,31,0.9144,3,56
2026-05-31,P105,362,327,35,0.9033,0,42
2026-06-01,P105,362,332,30,0.9171,3,20
2026-06-02,P105,362,331,31,0.9144,4,29
2026-06-03,P105,362,334,28,0.9227,1,8
2026-06-04,P105,362,339,23,0.9365,2,57
2026-06-05,P105,362,329,33,0.9088,3,27
2026-06-06,P105,362,339,23,0.9365,3,9
2026-06-07,P105,362,340,22,0.9392,0,58
2026-06-08,P105,362,341,21,0.942,4,3
2026-06-09,P105,362,344,18,0.9503,2,44
2026-06-10,P105,362,341,21,0.942,1,5
2026-06-11,P105,362,341,21,0.942,0,26
2026-06-12,P105,362,333,29,0.9199,5,28
2026-06-13,P105,362,335,27,0.9254,3,64
2026-06-14,P105,362,339,23,0.9365,0,8
2026-06-15,P105,362,320,42,0.884,5,7
2026-06-16,P105,362,329,33,0.9088,0,2
2026-06-17,P105,362,320,42,0.884,3,41
2026-06-18,P105,362,318,44,0.8785,5,37
2026-06-19,P105,362,333,29,0.9199,4,0
2026-06-20,P105,362,323,39,0.8923,6,43
2026-06-21,P105,362,321,41,0.8867,6,7
2026-06-22,P105,362,330,32,0.9116,3,31
2026-06-23,P105,362,317,45,0.8757,7,43
2026-06-24,P105,362,323,39,0.8923,6,40
2026-06-25,P105,362,334,28,0.9227,3,23
2026-06-26,P105,362,322,40,0.8895,4,61
2026-06-27,P105,362,323,39,0.8923,2,36
2026-06-28,P105,362,339,23,0.9365,1,22
2026-06-29,P105,362,334,28,0.9227,3,39
2026-06-30,P105,362,339,23,0.9365,3,52
2026-07-01,P105,362,341,21,0.942,0,62
2026-07-02,P105,362,343,19,0.9475,0,32
2026-07-03,P105,362,346,16,0.9558,3,46
2026-07-04,P105,362,355,7,0.9807,0,50
2026-07-05,P105,362,342,20,0.9448,6,0
2026-07-06,P105,362,345,17,0.953,0,48
2026-07-07,P105,362,340,22,0.9392,0,43
2026-07-08,P105,362,341,21,0.942,0,43
2026-07-09,P105,362,338,24,0.9337,2,29
2026-07-10,P105,362,351,11,0.9696,0,39
2026-07-11,P105,362,353,9,0.9751,0,43
2026-07-12,P105,362,351,11,0.9696,0,29
2026-07-13,P105,362,344,18,0.9503,4,28
2026-07-14,P105,362,340,22,0.9392,3,56
2026-07-15,P105,362,323,39,0.8923,2,54
2026-07-16,P105,362,337,25,0.9309,4,47
2026-07-17,P105,362,339,23,0.9365,1,60
2026-07-18,P105,362,338,24,0.9337,0,50
2026-07-19,P105,362,328,34,0.9061,2,24
2026-07-20,P105,362,315,47,0.8702,4,8
2026-07-21,P105,362,318,44,0.8785,3,14
2026-07-22,P105,362,328,34,0.9061,2,31
2026-07-23,P105,362,331,31,0.9144,3,44
2026-07-24,P105,362,326,36,0.9006,2,12
2026-07-25,P105,362,331,31,0.9144,6,46
2026-07-26,P105,362,329,33,0.9088,1,49
2026-07-27,P105,362,337,25,0.9309,4,53
2026-07-28,P105,362,332,30,0.9171,1,37
2026-07-29,P105,362,337,25,0.9309,3,59
2026-07-30,P105,362,339,23,0.9365,2,29
2026-07-31,P105,362,341,21,0.942,0,64
2026-08-01,P105,362,355,7,0.9807,1,11
2026-08-02,P105,362,350,12,0.9669,3,9
2026-08-03,P105,362,353,9,0.9751,1,51
2026-08-04,P105,362,355,7,0.9807,0,31
2026-08-05,P105,362,353,9,0.9751,4,20
2026-08-06,P105,362,355,7,0.9807,2,23
2026-08-07,P105,362,355,7,0.9807,1,53
2026-08-08,P105,362,355,7,0.9807,0,39
2026-08-09,P105,362,355,7,0.9807,3,42
2026-08-10,P105,362,355,7,0.9807,0,44
2026-08-11,P105,362,352,10,0.9724,5,21
2026-08-12,P105,362,354,8,0.9779,0,26
2026-08-13,P105,362,345,17,0.953,0,50
2026-08-14,P105,362,347,15,0.9586,4,14
2026-08-15,P105,362,354,8,0.9779,1,35
2026-08-16,P105,362,352,10,0.9724,0,24
2026-08-17,P105,362,337,25,0.9309,1,63
2026-08-18,P105,362,333,29,0.9199,5,47
2026-08-19,P105,362,342,20,0.9448,2,49
2026-08-20,P105,362,338,24,0.9337,4,4
2026-08-21,P105,362,332,30,0.9171,1,8
2026-08-22,P105,362,348,14,0.9613,7,19
2026-08-23,P105,362,354,8,0.9779,1,30
2026-08-24,P105,362,345,17,0.953,0,6
2026-08-25,P105,362,355,7,0.9807,3,3
2026-08-26,P105,362,340,22,0.9392,1,8
2026-08-27,P105,362,355,7,0.9807,1,14
2026-04-30,P106,217,147,70,0.6774,7,59
2026-05-01,P106,217,154,63,0.7097,7,64
2026-05-02,P106,217,145,72,0.6682,9,30
2026-05-03,P106,217,157,60,0.7235,3,9
2026-05-04,P106,217,149,68,0.6866,6,42
2026-05-05,P106,217,163,54,0.7512,7,7
2026-05-06,P106,217,163,54,0.7512,6,17
2026-05-07,P106,217,155,62,0.7143,9,52
2026-05-08,P106,217,150,67,0.6912,6,64
2026-05-09,P106,217,163,54,0.7512,3,5
2026-05-10,P106,217,153,64,0.7051,5,32
2026-05-11,P106,217,155,62,0.7143,12,36
2026-05-12,P106,217,155,62,0.7143,6,29
2026-05-13,P106,217,155,62,0.7143,5,3
2026-05-14,P106,217,151,66,0.6959,6,37
2026-05-15,P106,217,153,64,0.7051,11,15
2026-05-16,P106,217,151,66,0.6959,6,22
2026-05-17,P106,217,149,68,0.6866,9,42
2026-05-18,P106,217,148,69,0.682,8,44
2026-05-19,P106,217,146,71,0.6728,7,9
2026-05-20,P106,217,143,74,0.659,8,17
2026-05-21,P106,217,151,66,0.6959,3,65
2026-05-22,P106,217,146,71,0.6728,11,2
2026-05-23,P106,217,146,71,0.6728,12,14
2026-05-24,P106,217,145,72,0.6682,8,49
2026-05-25,P106,217,150,67,0.6912,7,43
2026-05-26,P106,217,149,68,0.6866,9,55
2026-05-27,P106,217,145,72,0.6682,6,18
2026-05-28,P106,217,152,65,0.7005,9,23
2026-05-29,P106,217,155,62,0.7143,6,54
2026-05-30,P106,217,155,62,0.7143,7,58
2026-05-31,P106,217,161,56,0.7419,8,4
2026-06-01,P106,217,151,66,0.6959,7,63
2026-06-02,P106,217,155,62,0.7143,7,55
2026-06-03,P106,217,164,53,0.7558,5,30
2026-06-04,P106,217,161,56,0.7419,6,30
2026-06-05,P106,217,154,63,0.7097,8,26
2026-06-06,P106,217,164,53,0.7558,5,57
2026-06-07,P106,217,165,52,0.7604,5,64
2026-06-08,P106,217,168,49,0.7742,5,52
2026-06-09,P106,217,156,61,0.7189,5,55
2026-06-10,P106,217,155,62,0.7143,5,62
2026-06-11,P106,217,164,53,0.7558,6,36
2026-06-12,P106,217,152,65,0.7005,7,26
2026-06-13,P106,217,155,62,0.7143,6,37
2026-06-14,P106,217,147,70,0.6774,8,31
2026-06-15,P106,217,167,50,0.7696,5,24
2026-06-16,P106,217,160,57,0.7373,5,23
2026-06-17,P106,217,151,66,0.6959,6,22
2026-06-18,P106,217,149,68,0.6866,10,1
2026-06-19,P106,217,150,67,0.6912,6,39
2026-06-20,P106,217,152,65,0.7005,7,14
2026-06-21,P106,217,146,71,0.6728,7,42
2026-06-22,P106,217,145,72,0.6682,10,1
2026-06-23,P106,217,151,66,0.6959,7,37
2026-06-24,P106,217,157,60,0.7235,9,14
2026-06-25,P106,217,154,63,0.7097,13,58
2026-06-26,P106,217,152,65,0.7005,6,45
2026-06-27,P106,217,153,64,0.7051,6,34
2026-06-28,P106,217,161,56,0.7419,6,32
2026-06-29,P106,217,159,58,0.7327,6,12
2026-06-30,P106,217,160,57,0.7373,3,52
2026-07-01,P106,217,164,53,0.7558,6,40
2026-07-02,P106,217,164,53,0.7558,6,64
2026-07-03,P106,217,161,56,0.7419,8,50
2026-07-04,P106,217,168,49,0.7742,9,25
2026-07-05,P106,217,164,53,0.7558,5,11
2026-07-06,P106,217,167,50,0.7696,6,45
2026-07-07,P106,217,164,53,0.7558,8,42
2026-07-08,P106,217,166,51,0.765,4,59
2026-07-09,P106,217,170,47,0.7834,3,32
2026-07-10,P106,217,162,55,0.7465,0,22
2026-07-11,P106,217,169,48,0.7788,6,64
2026-07-12,P106,217,164,53,0.7558,4,38
2026-07-13,P106,217,166,51,0.765,6,38
2026-07-14,P106,217,158,59,0.7281,6,53
2026-07-15,P106,217,165,52,0.7604,4,25
2026-07-16,P106,217,166,51,0.765,4,35
2026-07-17,P106,217,150,67,0.6912,6,48
2026-07-18,P106,217,157,60,0.7235,7,10
2026-07-19,P106,217,160,57,0.7373,7,64
2026-07-20,P106,217,149,68,0.6866,8,37
2026-07-21,P106,217,141,76,0.6498,8,26
2026-07-22,P106,217,157,60,0.7235,6,35
2026-07-23,P106,217,156,61,0.7189,6,40
2026-07-24,P106,217,161,56,0.7419,6,33
2026-07-25,P106,217,159,58,0.7327,4,56
2026-07-26,P106,217,158,59,0.7281,6,54
2026-07-27,P106,217,159,58,0.7327,7,6
2026-07-28,P106,217,159,58,0.7327,5,24
2026-07-29,P106,217,166,51,0.765,9,35
2026-07-30,P106,217,166,51,0.765,10,21
2026-07-31,P106,217,166,51,0.765,4,10
2026-08-01,P106,217,164,53,0.7558,7,25
2026-08-02,P106,217,178,39,0.8203,7,44
2026-08-03,P106,217,175,42,0.8065,3,10
2026-08-04,P106,217,175,42,0.8065,5,30
2026-08-05,P106,217,181,36,0.8341,5,29
2026-08-06,P106,217,172,45,0.7926,6,36
2026-08-07,P106,217,170,47,0.7834,1,33
2026-08-08,P106,217,178,39,0.8203,4,54
2026-08-09,P106,217,175,42,0.8065,3,62
2026-08-10,P106,217,170,47,0.7834,4,14
2026-08-11,P106,217,170,47,0.7834,4,4
2026-08-12,P106,217,164,53,0.7558,5,32
2026-08-13,P106,217,169,48,0.7788,4,45
2026-08-14,P106,217,168,49,0.7742,9,61
2026-08-15,P106,217,166,51,0.765,6,63
2026-08-16,P106,217,162,55,0.7465,8,54
2026-08-17,P106,217,163,54,0.7512,7,26
2026-08-18,P106,217,156,61,0.7189,8,49
2026-08-19,P106,217,159,58,0.7327,7,22
2026-08-20,P106,217,170,47,0.7834,2,50
2026-08-21,P106,217,161,56,0.7419,8,61
2026-08-22,P106,217,160,57,0.7373,5,22
2026-08-23,P106,217,167,50,0.7696,7,47
2026-08-24,P106,217,170,47,0.7834,3,41
2026-08-25,P106,217,169,48,0.7788,8,22
2026-08-26,P106,217,164,53,0.7558,5,33
2026-08-27,P106,217,161,56,0.7419,6,13
2026-04-30,P107,392,308,84,0.7857,7,6
2026-05-01,P107,392,317,75,0.8087,14,31
2026-05-02,P107,392,300,92,0.7653,13,3
2026-05-03,P107,392,319,73,0.8138,8,7
2026-05-04,P107,392,316,76,0.8061,10,50
2026-05-05,P107,392,310,82,0.7908,8,60
2026-05-06,P107,392,329,63,0.8393,9,62
2026-05-07,P107,392,309,83,0.7883,10,41
2026-05-08,P107,392,324,68,0.8265,6,7
2026-05-09,P107,392,324,68,0.8265,8,32
2026-05-10,P107,392,321,71,0.8189,9,31
2026-05-11,P107,392,320,72,0.8163,7,62
2026-05-12,P107,392,323,69,0.824,8,5
2026-05-13,P107,392,313,79,0.7985,8,16
2026-05-14,P107,392,322,70,0.8214,6,44
2026-05-15,P107,392,306,86,0.7806,9,16
2026-05-16,P107,392,312,80,0.7959,7,13
2026-05-17,P107,392,310,82,0.7908,9,23
2026-05-18,P107,392,299,93,0.7628,9,54
2026-05-19,P107,392,309,83,0.7883,8,45
2026-05-20,P107,392,296,96,0.7551,10,6
2026-05-21,P107,392,314,78,0.801,16,13
2026-05-22,P107,392,291,101,0.7423,15,19
2026-05-23,P107,392,297,95,0.7577,14,53
2026-05-24,P107,392,297,95,0.7577,13,36
2026-05-25,P107,392,302,90,0.7704,8,65
2026-05-26,P107,392,309,83,0.7883,9,22
2026-05-27,P107,392,302,90,0.7704,11,9
2026-05-28,P107,392,315,77,0.8036,10,40
2026-05-29,P107,392,309,83,0.7883,12,60
2026-05-30,P107,392,313,79,0.7985,7,44
2026-05-31,P107,392,321,71,0.8189,10,35
2026-06-01,P107,392,308,84,0.7857,10,55
2026-06-02,P107,392,323,69,0.824,10,43
2026-06-03,P107,392,317,75,0.8087,7,50
2026-06-04,P107,392,320,72,0.8163,9,2
2026-06-05,P107,392,325,67,0.8291,7,44
2026-06-06,P107,392,324,68,0.8265,7,47
2026-06-07,P107,392,323,69,0.824,5,15
2026-06-08,P107,392,330,62,0.8418,6,46
2026-06-09,P107,392,325,67,0.8291,8,33
2026-06-10,P107,392,332,60,0.8469,8,43
2026-06-11,P107,392,319,73,0.8138,11,5
2026-06-12,P107,392,325,67,0.8291,7,33
2026-06-13,P107,392,327,65,0.8342,9,30
2026-06-14,P107,392,321,71,0.8189,5,19
2026-06-15,P107,392,321,71,0.8189,6,55
2026-06-16,P107,392,312,80,0.7959,8,2
2026-06-17,P107,392,312,80,0.7959,12,18
2026-06-18,P107,392,315,77,0.8036,9,7
2026-06-19,P107,392,315,77,0.8036,9,27
2026-06-20,P107,392,319,73,0.8138,8,12
2026-06-21,P107,392,302,90,0.7704,10,29
2026-06-22,P107,392,306,86,0.7806,8,5
2026-06-23,P107,392,308,84,0.7857,6,8
2026-06-24,P107,392,308,84,0.7857,11,30
2026-06-25,P107,392,310,82,0.7908,12,57
2026-06-26,P107,392,315,77,0.8036,10,58
2026-06-27,P107,392,325,67,0.8291,9,11
2026-06-28,P107,392,315,77,0.8036,8,13
2026-06-29,P107,392,324,68,0.8265,8,0
2026-06-30,P107,392,310,82,0.7908,8,4
2026-07-01,P107,392,325,67,0.8291,8,33
2026-07-02,P107,392,342,50,0.8724,4,29
2026-07-03,P107,392,332,60,0.8469,7,32
2026-07-04,P107,392,311,81,0.7934,9,41
2026-07-05,P107,392,333,59,0.8495,8,40
2026-07-06,P107,392,325,67,0.8291,11,25
2026-07-07,P107,392,339,53,0.8648,4,12
2026-07-08,P107,392,331,61,0.8444,4,2
2026-07-09,P107,392,341,51,0.8699,9,23
2026-07-10,P107,392,329,63,0.8393,6,1
2026-07-11,P107,392,330,62,0.8418,3,22
2026-07-12,P107,392,334,58,0.852,7,44
2026-07-13,P107,392,335,57,0.8546,4,30
2026-07-14,P107,392,320,72,0.8163,8,37
2026-07-15,P107,392,325,67,0.8291,4,20
2026-07-16,P107,392,322,70,0.8214,7,46
2026-07-17,P107,392,330,62,0.8418,4,51
2026-07-18,P107,392,323,69,0.824,8,43
2026-07-19,P107,392,307,85,0.7832,9,15
2026-07-20,P107,392,314,78,0.801,10,8
2026-07-21,P107,392,308,84,0.7857,10,59
2026-07-22,P107,392,318,74,0.8112,6,29
2026-07-23,P107,392,308,84,0.7857,10,8
2026-07-24,P107,392,321,71,0.8189,7,54
2026-07-25,P107,392,316,76,0.8061,8,20
2026-07-26,P107,392,327,65,0.8342,8,47
2026-07-27,P107,392,326,66,0.8316,5,23
2026-07-28,P107,392,336,56,0.8571,4,46
2026-07-29,P107,392,320,72,0.8163,9,7
2026-07-30,P107,392,338,54,0.8622,2,21
2026-07-31,P107,392,331,61,0.8444,5,24
2026-08-01,P107,392,338,54,0.8622,5,51
2026-08-02,P107,392,343,49,0.875,3,22
2026-08-03,P107,392,336,56,0.8571,9,31
2026-08-04,P107,392,346,46,0.8827,4,3
2026-08-05,P107,392,341,51,0.8699,5,5
2026-08-06,P107,392,365,27,0.9311,4,28
2026-08-07,P107,392,345,47,0.8801,9,61
2026-08-08,P107,392,353,39,0.9005,4,29
2026-08-09,P107,392,350,42,0.8929,7,31
2026-08-10,P107,392,348,44,0.8878,3,23
2026-08-11,P107,392,325,67,0.8291,6,59
2026-08-12,P107,392,330,62,0.8418,10,51
2026-08-13,P107,392,338,54,0.8622,5,38
2026-08-14,P107,392,341,51,0.8699,3,39
2026-08-15,P107,392,331,61,0.8444,4,2
2026-08-16,P107,392,322,70,0.8214,8,8
2026-08-17,P107,392,311,81,0.7934,8,46
2026-08-18,P107,392,321,71,0.8189,9,37
2026-08-19,P107,392,320,72,0.8163,13,32
2026-08-20,P107,392,323,69,0.824,4,34
2026-08-21,P107,392,324,68,0.8265,9,51
2026-08-22,P107,392,324,68,0.8265,7,54
2026-08-23,P107,392,327,65,0.8342,9,65
2026-08-24,P107,392,326,66,0.8316,7,53
2026-08-25,P107,392,340,52,0.8673,4,21
2026-08-26,P107,392,322,70,0.8214,8,33
2026-08-27,P107,392,339,53,0.8648,5,18
2026-04-30,P108,282,187,95,0.6631,13,32
2026-05-01,P108,282,180,102,0.6383,12,60
2026-05-02,P108,282,183,99,0.6489,12,43
2026-05-03,P108,282,183,99,0.6489,11,50
2026-05-04,P108,282,190,92,0.6738,11,35
2026-05-05,P108,282,194,88,0.6879,10,47
2026-05-06,P108,282,194,88,0.6879,8,40
2026-05-07,P108,282,193,89,0.6844,11,42
2026-05-08,P108,282,207,75,0.734,4,65
2026-05-09,P108,282,195,87,0.6915,8,2
2026-05-10,P108,282,198,84,0.7021,11,59
2026-05-11,P108,282,183,99,0.6489,12,21
2026-05-12,P108,282,192,90,0.6809,10,34
2026-05-13,P108,282,186,96,0.6596,11,47
2026-05-14,P108,282,183,99,0.6489,10,1
2026-05-15,P108,282,173,109,0.6135,13,4
2026-05-16,P108,282,178,104,0.6312,13,11
2026-05-17,P108,282,193,89,0.6844,11,43
2026-05-18,P108,282,183,99,0.6489,9,20
2026-05-19,P108,282,175,107,0.6206,14,23
2026-05-20,P108,282,177,105,0.6277,10,4
2026-05-21,P108,282,176,106,0.6241,12,12
2026-05-22,P108,282,175,107,0.6206,15,46
2026-05-23,P108,282,183,99,0.6489,15,16
2026-05-24,P108,282,177,105,0.6277,13,50
2026-05-25,P108,282,178,104,0.6312,14,3
2026-05-26,P108,282,173,109,0.6135,14,59
2026-05-27,P108,282,183,99,0.6489,12,34
2026-05-28,P108,282,185,97,0.656,12,60
2026-05-29,P108,282,181,101,0.6418,12,6
2026-05-30,P108,282,197,85,0.6986,8,15
2026-05-31,P108,282,188,94,0.6667,8,31
2026-06-01,P108,282,188,94,0.6667,11,40
2026-06-02,P108,282,196,86,0.695,10,64
2026-06-03,P108,282,189,93,0.6702,10,60
2026-06-04,P108,282,192,90,0.6809,8,30
2026-06-05,P108,282,196,86,0.695,9,53
2026-06-06,P108,282,198,84,0.7021,10,27
2026-06-07,P108,282,203,79,0.7199,9,15
2026-06-08,P108,282,195,87,0.6915,10,23
2026-06-09,P108,282,190,92,0.6738,11,52
2026-06-10,P108,282,188,94,0.6667,12,55
2026-06-11,P108,282,191,91,0.6773,7,19
2026-06-12,P108,282,191,91,0.6773,11,16
2026-06-13,P108,282,190,92,0.6738,8,6
2026-06-14,P108,282,188,94,0.6667,12,33
2026-06-15,P108,282,188,94,0.6667,9,65
2026-06-16,P108,282,185,97,0.656,10,65
2026-06-17,P108,282,180,102,0.6383,12,51
2026-06-18,P108,282,181,101,0.6418,10,3
2026-06-19,P108,282,186,96,0.6596,9,7
2026-06-20,P108,282,184,98,0.6525,13,15
2026-06-21,P108,282,189,93,0.6702,12,22
2026-06-22,P108,282,178,104,0.6312,12,7
2026-06-23,P108,282,181,101,0.6418,11,37
2026-06-24,P108,282,191,91,0.6773,11,23
2026-06-25,P108,282,186,96,0.6596,11,35
2026-06-26,P108,282,179,103,0.6348,11,34
2026-06-27,P108,282,189,93,0.6702,12,12
2026-06-28,P108,282,192,90,0.6809,11,9
2026-06-29,P108,282,195,87,0.6915,10,40
2026-06-30,P108,282,194,88,0.6879,10,35
2026-07-01,P108,282,204,78,0.7234,7,43
2026-07-02,P108,282,196,86,0.695,8,51
2026-07-03,P108,282,207,75,0.734,7,19
2026-07-04,P108,282,200,82,0.7092,7,49
2026-07-05,P108,282,201,81,0.7128,10,22
2026-07-06,P108,282,205,77,0.727,8,36
2026-07-07,P108,282,191,91,0.6773,9,65
2026-07-08,P108,282,209,73,0.7411,9,9
2026-07-09,P108,282,199,83,0.7057,8,36
2026-07-10,P108,282,202,80,0.7163,8,1
2026-07-11,P108,282,207,75,0.734,9,36
2026-07-12,P108,282,203,79,0.7199,11,58
2026-07-13,P108,282,202,80,0.7163,10,4
2026-07-14,P108,282,197,85,0.6986,10,11
2026-07-15,P108,282,203,79,0.7199,7,60
2026-07-16,P108,282,191,91,0.6773,10,43
2026-07-17,P108,282,193,89,0.6844,9,13
2026-07-18,P108,282,187,95,0.6631,12,61
2026-07-19,P108,282,185,97,0.656,10,8
2026-07-20,P108,282,188,94,0.6667,10,37
2026-07-21,P108,282,191,91,0.6773,12,20
2026-07-22,P108,282,195,87,0.6915,4,10
2026-07-23,P108,282,186,96,0.6596,17,19
2026-07-24,P108,282,186,96,0.6596,9,4
2026-07-25,P108,282,186,96,0.6596,12,18
2026-07-26,P108,282,191,91,0.6773,8,48
2026-07-27,P108,282,194,88,0.6879,8,61
2026-07-28,P108,282,203,79,0.7199,9,37
2026-07-29,P108,282,203,79,0.7199,8,10
2026-07-30,P108,282,199,83,0.7057,10,22
2026-07-31,P108,282,206,76,0.7305,10,18
2026-08-01,P108,282,204,78,0.7234,6,29
2026-08-02,P108,282,214,68,0.7589,8,40
2026-08-03,P108,282,211,71,0.7482,8,54
2026-08-04,P108,282,208,74,0.7376,6,53
2026-08-05,P108,282,213,69,0.7553,9,42
2026-08-06,P108,282,208,74,0.7376,5,38
2026-08-07,P108,282,205,77,0.727,10,16
2026-08-08,P108,282,205,77,0.727,9,15
2026-08-09,P108,282,211,71,0.7482,8,5
2026-08-10,P108,282,209,73,0.7411,12,25
2026-08-11,P108,282,213,69,0.7553,5,24
2026-08-12,P108,282,209,73,0.7411,10,63
2026-08-13,P108,282,200,82,0.7092,12,12
2026-08-14,P108,282,200,82,0.7092,9,23
2026-08-15,P108,282,196,86,0.695,8,30
2026-08-16,P108,282,193,89,0.6844,8,57
2026-08-17,P108,282,194,88,0.6879,10,3
2026-08-18,P108,282,195,87,0.6915,11,40
2026-08-19,P108,282,196,86,0.695,8,5
2026-08-20,P108,282,198,84,0.7021,12,14
2026-08-21,P108,282,189,93,0.6702,5,48
2026-08-22,P108,282,193,89,0.6844,6,4
2026-08-23,P108,282,200,82,0.7092,9,10
2026-08-24,P108,282,192,90,0.6809,10,47
2026-08-25,P108,282,191,91,0.6773,8,12
2026-08-26,P108,282,201,81,0.7128,10,20
2026-08-27,P108,282,207,75,0.734,7,64
2026-04-30,P109,223,184,39,0.8251,2,3
2026-05-01,P109,223,182,41,0.8161,3,13
2026-05-02,P109,223,186,37,0.8341,3,26
2026-05-03,P109,223,189,34,0.8475,3,28
2026-05-04,P109,223,178,45,0.7982,3,54
2026-05-05,P109,223,180,43,0.8072,3,61
2026-05-06,P109,223,192,31,0.861,7,7
2026-05-07,P109,223,194,29,0.87,1,15
2026-05-08,P109,223,192,31,0.861,3,48
2026-05-09,P109,223,187,36,0.8386,4,39
2026-05-10,P109,223,185,38,0.8296,2,23
2026-05-11,P109,223,191,32,0.8565,4,30
2026-05-12,P109,223,188,35,0.843,3,28
2026-05-13,P109,223,192,31,0.861,3,54
2026-05-14,P109,223,181,42,0.8117,4,65
2026-05-15,P109,223,189,34,0.8475,3,27
2026-05-16,P109,223,183,40,0.8206,5,2
2026-05-17,P109,223,179,44,0.8027,4,36
2026-05-18,P109,223,174,49,0.7803,3,14
2026-05-19,P109,223,180,43,0.8072,6,34
2026-05-20,P109,223,177,46,0.7937,6,5
2026-05-21,P109,223,171,52,0.7668,9,22
2026-05-22,P109,223,185,38,0.8296,8,54
2026-05-23,P109,223,179,44,0.8027,7,10
2026-05-24,P109,223,177,46,0.7937,9,54
2026-05-25,P109,223,184,39,0.8251,7,55
2026-05-26,P109,223,173,50,0.7758,3,65
2026-05-27,P109,223,187,36,0.8386,5,40
2026-05-28,P109,223,183,40,0.8206,4,35
2026-05-29,P109,223,177,46,0.7937,3,65
2026-05-30,P109,223,182,41,0.8161,6,44
2026-05-31,P109,223,188,35,0.843,7,41
2026-06-01,P109,223,188,35,0.843,5,18
2026-06-02,P109,223,195,28,0.8744,0,64
2026-06-03,P109,223,195,28,0.8744,3,26
2026-06-04,P109,223,192,31,0.861,8,18
2026-06-05,P109,223,190,33,0.852,2,8
2026-06-06,P109,223,191,32,0.8565,6,48
2026-06-07,P109,223,191,32,0.8565,4,53
2026-06-08,P109,223,192,31,0.861,3,53
2026-06-09,P109,223,196,27,0.8789,3,30
2026-06-10,P109,223,193,30,0.8655,2,16
2026-06-11,P109,223,186,37,0.8341,7,55
2026-06-12,P109,223,190,33,0.852,0,41
2026-06-13,P109,223,187,36,0.8386,5,59
2026-06-14,P109,223,184,39,0.8251,4,2
2026-06-15,P109,223,185,38,0.8296,6,61
2026-06-16,P109,223,190,33,0.852,4,1
2026-06-17,P109,223,183,40,0.8206,5,25
2026-06-18,P109,223,182,41,0.8161,5,8
2026-06-19,P109,223,185,38,0.8296,0,43
2026-06-20,P109,223,176,47,0.7892,4,20
2026-06-21,P109,223,184,39,0.8251,2,23
2026-06-22,P109,223,182,41,0.8161,4,38
2026-06-23,P109,223,178,45,0.7982,6,10
2026-06-24,P109,223,184,39,0.8251,3,23
2026-06-25,P109,223,190,33,0.852,0,7
2026-06-26,P109,223,184,39,0.8251,3,65
2026-06-27,P109,223,185,38,0.8296,3,29
2026-06-28,P109,223,192,31,0.861,5,41
2026-06-29,P109,223,189,34,0.8475,2,21
2026-06-30,P109,223,187,36,0.8386,2,50
2026-07-01,P109,223,196,27,0.8789,4,25
2026-07-02,P109,223,198,25,0.8879,0,54
2026-07-03,P109,223,190,33,0.852,6,10
2026-07-04,P109,223,209,14,0.9372,2,25
2026-07-05,P109,223,199,24,0.8924,1,54
2026-07-06,P109,223,186,37,0.8341,7,17
2026-07-07,P109,223,193,30,0.8655,5,21
2026-07-08,P109,223,207,16,0.9283,0,25
2026-07-09,P109,223,202,21,0.9058,3,1
2026-07-10,P109,223,200,23,0.8969,0,20
2026-07-11,P109,223,199,24,0.8924,0,6
2026-07-12,P109,223,193,30,0.8655,2,49
2026-07-13,P109,223,192,31,0.861,5,23
2026-07-14,P109,223,196,27,0.8789,1,59
2026-07-15,P109,223,190,33,0.852,3,24
2026-07-16,P109,223,189,34,0.8475,4,27
2026-07-17,P109,223,188,35,0.843,1,52
2026-07-18,P109,223,184,39,0.8251,5,18
2026-07-19,P109,223,185,38,0.8296,2,15
2026-07-20,P109,223,188,35,0.843,4,55
2026-07-21,P109,223,182,41,0.8161,3,60
2026-07-22,P109,223,189,34,0.8475,2,47
2026-07-23,P109,223,192,31,0.861,3,3
2026-07-24,P109,223,185,38,0.8296,1,49
2026-07-25,P109,223,189,34,0.8475,3,1
2026-07-26,P109,223,193,30,0.8655,1,55
2026-07-27,P109,223,195,28,0.8744,2,47
2026-07-28,P109,223,197,26,0.8834,1,36
2026-07-29,P109,223,200,23,0.8969,2,23
2026-07-30,P109,223,197,26,0.8834,2,39
2026-07-31,P109,223,193,30,0.8655,2,9
2026-08-01,P109,223,199,24,0.8924,1,29
2026-08-02,P109,223,197,26,0.8834,2,63
2026-08-03,P109,223,204,19,0.9148,1,0
2026-08-04,P109,223,205,18,0.9193,3,29
2026-08-05,P109,223,201,22,0.9013,4,19
2026-08-06,P109,223,201,22,0.9013,3,63
2026-08-07,P109,223,207,16,0.9283,1,51
2026-08-08,P109,223,201,22,0.9013,2,16
2026-08-09,P109,223,203,20,0.9103,2,37
2026-08-10,P109,223,196,27,0.8789,4,5
2026-08-11,P109,223,204,19,0.9148,1,53
2026-08-12,P109,223,199,24,0.8924,7,26
2026-08-13,P109,223,194,29,0.87,5,11
2026-08-14,P109,223,196,27,0.8789,1,25
2026-08-15,P109,223,189,34,0.8475,5,24
2026-08-16,P109,223,197,26,0.8834,4,29
2026-08-17,P109,223,188,35,0.843,7,64
2026-08-18,P109,223,196,27,0.8789,3,19
2026-08-19,P109,223,187,36,0.8386,6,64
2026-08-20,P109,223,190,33,0.852,6,12
2026-08-21,P109,223,194,29,0.87,1,0
2026-08-22,P109,223,195,28,0.8744,4,33
2026-08-23,P109,223,193,30,0.8655,3,14
2026-08-24,P109,223,192,31,0.861,0,61
2026-08-25,P109,223,190,33,0.852,2,32
2026-08-26,P109,223,203,20,0.9103,7,4
2026-08-27,P109,223,193,30,0.8655,0,42
2026-04-30,P110,361,263,98,0.7285,11,10
2026-05-01,P110,361,263,98,0.7285,9,16
2026-05-02,P110,361,269,92,0.7452,8,22
2026-05-03,P110,361,265,96,0.7341,9,17
2026-05-04,P110,361,270,91,0.7479,9,58
2026-05-05,P110,361,276,85,0.7645,8,48
2026-05-06,P110,361,268,93,0.7424,10,9
2026-05-07,P110,361,270,91,0.7479,13,8
2026-05-08,P110,361,284,77,0.7867,12,20
2026-05-09,P110,361,281,80,0.7784,11,39
2026-05-10,P110,361,269,92,0.7452,12,61
2026-05-11,P110,361,267,94,0.7396,13,30
2026-05-12,P110,361,282,79,0.7812,10,61
2026-05-13,P110,361,273,88,0.7562,8,51
2026-05-14,P110,361,270,91,0.7479,10,32
2026-05-15,P110,361,256,105,0.7091,15,15
2026-05-16,P110,361,261,100,0.723,13,53
2026-05-17,P110,361,262,99,0.7258,6,62
2026-05-18,P110,361,260,101,0.7202,13,4
2026-05-19,P110,361,251,110,0.6953,15,14
2026-05-20,P110,361,247,114,0.6842,13,8
2026-05-21,P110,361,258,103,0.7147,11,39
2026-05-22,P110,361,250,111,0.6925,8,65
2026-05-23,P110,361,264,97,0.7313,11,57
2026-05-24,P110,361,250,111,0.6925,16,56
2026-05-25,P110,361,249,112,0.6898,13,18
2026-05-26,P110,361,262,99,0.7258,10,62
2026-05-27,P110,361,259,102,0.7175,13,11
2026-05-28,P110,361,261,100,0.723,9,30
2026-05-29,P110,361,268,93,0.7424,9,16
2026-05-30,P110,361,266,95,0.7368,12,19
2026-05-31,P110,361,273,88,0.7562,13,55
2026-06-01,P110,361,274,87,0.759,12,14
2026-06-02,P110,361,273,88,0.7562,11,46
2026-06-03,P110,361,279,82,0.7729,11,61
2026-06-04,P110,361,273,88,0.7562,12,34
2026-06-05,P110,361,274,87,0.759,12,38
2026-06-06,P110,361,277,84,0.7673,10,57
2026-06-07,P110,361,293,68,0.8116,11,57
2026-06-08,P110,361,282,79,0.7812,11,15
2026-06-09,P110,361,285,76,0.7895,6,9
2026-06-10,P110,361,279,82,0.7729,10,50
2026-06-11,P110,361,276,85,0.7645,8,26
2026-06-12,P110,361,276,85,0.7645,8,16
2026-06-13,P110,361,262,99,0.7258,11,20
2026-06-14,P110,361,275,86,0.7618,10,6
2026-06-15,P110,361,257,104,0.7119,12,58
2026-06-16,P110,361,277,84,0.7673,9,9
2026-06-17,P110,361,261,100,0.723,12,65
2026-06-18,P110,361,263,98,0.7285,12,30
2026-06-19,P110,361,267,94,0.7396,8,20
2026-06-20,P110,361,263,98,0.7285,13,19
2026-06-21,P110,361,261,100,0.723,12,47
2026-06-22,P110,361,262,99,0.7258,11,6
2026-06-23,P110,361,253,108,0.7008,14,57
2026-06-24,P110,361,263,98,0.7285,11,26
2026-06-25,P110,361,263,98,0.7285,10,58
2026-06-26,P110,361,272,89,0.7535,10,32
2026-06-27,P110,361,271,90,0.7507,9,62
2026-06-28,P110,361,268,93,0.7424,9,56
2026-06-29,P110,361,280,81,0.7756,7,18
2026-06-30,P110,361,279,82,0.7729,9,24
2026-07-01,P110,361,276,85,0.7645,10,39
2026-07-02,P110,361,286,75,0.7922,8,63
2026-07-03,P110,361,279,82,0.7729,8,30
2026-07-04,P110,361,288,73,0.7978,9,7
2026-07-05,P110,361,291,70,0.8061,8,53
2026-07-06,P110,361,298,63,0.8255,9,6
2026-07-07,P110,361,285,76,0.7895,10,0
2026-07-08,P110,361,287,74,0.795,8,25
2026-07-09,P110,361,285,76,0.7895,7,17
2026-07-10,P110,361,290,71,0.8033,10,63
2026-07-11,P110,361,291,70,0.8061,10,12
2026-07-12,P110,361,289,72,0.8006,7,18
2026-07-13,P110,361,261,100,0.723,12,33
2026-07-14,P110,361,290,71,0.8033,9,54
2026-07-15,P110,361,280,81,0.7756,11,0
2026-07-16,P110,361,267,94,0.7396,9,31
2026-07-17,P110,361,267,94,0.7396,10,4
2026-07-18,P110,361,273,88,0.7562,13,33
2026-07-19,P110,361,276,85,0.7645,10,15
2026-07-20,P110,361,262,99,0.7258,9,36
2026-07-21,P110,361,268,93,0.7424,10,16
2026-07-22,P110,361,269,92,0.7452,8,43
2026-07-23,P110,361,267,94,0.7396,9,64
2026-07-24,P110,361,272,89,0.7535,9,30
2026-07-25,P110,361,280,81,0.7756,10,58
2026-07-26,P110,361,266,95,0.7368,11,14
2026-07-27,P110,361,282,79,0.7812,8,57
2026-07-28,P110,361,273,88,0.7562,9,30
2026-07-29,P110,361,266,95,0.7368,14,25
2026-07-30,P110,361,270,91,0.7479,11,48
2026-07-31,P110,361,291,70,0.8061,4,44
2026-08-01,P110,361,283,78,0.7839,10,2
2026-08-02,P110,361,296,65,0.8199,10,20
2026-08-03,P110,361,289,72,0.8006,9,40
2026-08-04,P110,361,302,59,0.8366,5,39
2026-08-05,P110,361,296,65,0.8199,8,61
2026-08-06,P110,361,288,73,0.7978,10,4
2026-08-07,P110,361,289,72,0.8006,9,12
2026-08-08,P110,361,298,63,0.8255,7,3
2026-08-09,P110,361,304,57,0.8421,6,64
2026-08-10,P110,361,286,75,0.7922,7,45
2026-08-11,P110,361,294,67,0.8144,11,65
2026-08-12,P110,361,275,86,0.7618,11,23
2026-08-13,P110,361,285,76,0.7895,9,46
2026-08-14,P110,361,296,65,0.8199,9,38
2026-08-15,P110,361,280,81,0.7756,9,21
2026-08-16,P110,361,275,86,0.7618,8,46
2026-08-17,P110,361,278,83,0.7701,13,19
2026-08-18,P110,361,275,86,0.7618,9,44
2026-08-19,P110,361,276,85,0.7645,7,56
2026-08-20,P110,361,283,78,0.7839,7,47
2026-08-21,P110,361,277,84,0.7673,8,0
2026-08-22,P110,361,285,76,0.7895,8,17
2026-08-23,P110,361,270,91,0.7479,7,31
2026-08-24,P110,361,285,76,0.7895,12,34
2026-08-25,P110,361,281,80,0.7784,10,22
2026-08-26,P110,361,285,76,0.7895,7,11
2026-08-27,P110,361,289,72,0.8006,8,0
2026-04-30,P111,393,285,108,0.7252,12,18
2026-05-01,P111,393,301,92,0.7659,9,21
2026-05-02,P111,393,292,101,0.743,14,17
2026-05-03,P111,393,300,93,0.7634,11,31
2026-05-04,P111,393,300,93,0.7634,10,39
2026-05-05,P111,393,309,84,0.7863,8,2
2026-05-06,P111,393,307,86,0.7812,8,58
2026-05-07,P111,393,318,75,0.8092,11,47
2026-05-08,P111,393,311,82,0.7913,9,41
2026-05-09,P111,393,296,97,0.7532,15,9
2026-05-10,P111,393,309,84,0.7863,12,52
2026-05-11,P111,393,312,81,0.7939,7,5
2026-05-12,P111,393,302,91,0.7684,5,33
2026-05-13,P111,393,295,98,0.7506,14,0
2026-05-14,P111,393,304,89,0.7735,12,17
2026-05-15,P111,393,289,104,0.7354,11,0
2026-05-16,P111,393,296,97,0.7532,13,28
2026-05-17,P111,393,296,97,0.7532,6,50
2026-05-18,P111,393,290,103,0.7379,12,1
2026-05-19,P111,393,275,118,0.6997,15,11
2026-05-20,P111,393,288,105,0.7328,10,57
2026-05-21,P111,393,296,97,0.7532,11,4
2026-05-22,P111,393,282,111,0.7176,14,51
2026-05-23,P111,393,283,110,0.7201,17,32
2026-05-24,P111,393,275,118,0.6997,13,44
2026-05-25,P111,393,291,102,0.7405,11,48
2026-05-26,P111,393,290,103,0.7379,11,4
2026-05-27,P111,393,306,87,0.7786,10,11
2026-05-28,P111,393,302,91,0.7684,13,7
2026-05-29,P111,393,308,85,0.7837,11,21
2026-05-30,P111,393,304,89,0.7735,10,50
2026-05-31,P111,393,299,94,0.7608,11,54
2026-06-01,P111,393,311,82,0.7913,8,14
2026-06-02,P111,393,317,76,0.8066,8,61
2026-06-03,P111,393,315,78,0.8015,8,26
2026-06-04,P111,393,309,84,0.7863,6,62
2026-06-05,P111,393,308,85,0.7837,9,40
2026-06-06,P111,393,311,82,0.7913,6,38
2026-06-07,P111,393,312,81,0.7939,9,48
2026-06-08,P111,393,317,76,0.8066,9,20
2026-06-09,P111,393,322,71,0.8193,8,26
2026-06-10,P111,393,320,73,0.8142,10,60
2026-06-11,P111,393,319,74,0.8117,8,47
2026-06-12,P111,393,307,86,0.7812,9,18
2026-06-13,P111,393,301,92,0.7659,14,2
2026-06-14,P111,393,314,79,0.799,9,29
2026-06-15,P111,393,300,93,0.7634,9,8
2026-06-16,P111,393,295,98,0.7506,9,10
2026-06-17,P111,393,296,97,0.7532,13,53
2026-06-18,P111,393,289,104,0.7354,11,27
2026-06-19,P111,393,285,108,0.7252,11,54
2026-06-20,P111,393,303,90,0.771,10,53
2026-06-21,P111,393,291,102,0.7405,11,54
2026-06-22,P111,393,298,95,0.7583,10,57
2026-06-23,P111,393,303,90,0.771,11,36
2026-06-24,P111,393,289,104,0.7354,12,8
2026-06-25,P111,393,313,80,0.7964,11,5
2026-06-26,P111,393,294,99,0.7481,11,23
2026-06-27,P111,393,308,85,0.7837,13,53
2026-06-28,P111,393,296,97,0.7532,14,60
2026-06-29,P111,393,326,67,0.8295,9,16
2026-06-30,P111,393,315,78,0.8015,10,49
2026-07-01,P111,393,319,74,0.8117,9,44
2026-07-02,P111,393,315,78,0.8015,9,24
2026-07-03,P111,393,335,58,0.8524,8,60
2026-07-04,P111,393,313,80,0.7964,9,44
2026-07-05,P111,393,328,65,0.8346,7,34
2026-07-06,P111,393,331,62,0.8422,8,58
2026-07-07,P111,393,325,68,0.827,7,15
2026-07-08,P111,393,342,51,0.8702,6,24
2026-07-09,P111,393,326,67,0.8295,7,55
2026-07-10,P111,393,324,69,0.8244,8,64
2026-07-11,P111,393,323,70,0.8219,5,52
2026-07-12,P111,393,308,85,0.7837,10,59
2026-07-13,P111,393,323,70,0.8219,6,13
2026-07-14,P111,393,304,89,0.7735,11,35
2026-07-15,P111,393,310,83,0.7888,9,62
2026-07-16,P111,393,306,87,0.7786,9,7
2026-07-17,P111,393,310,83,0.7888,10,54
2026-07-18,P111,393,313,80,0.7964,9,61
2026-07-19,P111,393,305,88,0.7761,10,42
2026-07-20,P111,393,300,93,0.7634,12,47
2026-07-21,P111,393,301,92,0.7659,11,37
2026-07-22,P111,393,297,96,0.7557,11,22
2026-07-23,P111,393,294,99,0.7481,14,58
2026-07-24,P111,393,297,96,0.7557,10,31
2026-07-25,P111,393,307,86,0.7812,9,4
2026-07-26,P111,393,311,82,0.7913,6,27
2026-07-27,P111,393,317,76,0.8066,8,57
2026-07-28,P111,393,315,78,0.8015,11,18
2026-07-29,P111,393,316,77,0.8041,8,7
2026-07-30,P111,393,325,68,0.827,6,19
2026-07-31,P111,393,317,76,0.8066,8,29
2026-08-01,P111,393,331,62,0.8422,7,56
2026-08-02,P111,393,324,69,0.8244,7,49
2026-08-03,P111,393,326,67,0.8295,8,17
2026-08-04,P111,393,319,74,0.8117,10,31
2026-08-05,P111,393,332,61,0.8448,8,40
2026-08-06,P111,393,336,57,0.855,4,14
2026-08-07,P111,393,335,58,0.8524,6,22
2026-08-08,P111,393,318,75,0.8092,8,19
2026-08-09,P111,393,338,55,0.8601,5,38
2026-08-10,P111,393,324,69,0.8244,4,56
2026-08-11,P111,393,328,65,0.8346,6,63
2026-08-12,P111,393,318,75,0.8092,9,13
2026-08-13,P111,393,334,59,0.8499,11,63
2026-08-14,P111,393,320,73,0.8142,7,13
2026-08-15,P111,393,317,76,0.8066,8,1
2026-08-16,P111,393,326,67,0.8295,5,63
2026-08-17,P111,393,315,78,0.8015,9,0
2026-08-18,P111,393,309,84,0.7863,8,31
2026-08-19,P111,393,322,71,0.8193,7,49
2026-08-20,P111,393,305,88,0.7761,15,47
2026-08-21,P111,393,318,75,0.8092,7,54
2026-08-22,P111,393,314,79,0.799,11,5
2026-08-23,P111,393,309,84,0.7863,9,7
2026-08-24,P111,393,303,90,0.771,10,11
2026-08-25,P111,393,313,80,0.7964,8,17
2026-08-26,P111,393,322,71,0.8193,9,57
2026-08-27,P111,393,324,69,0.8244,7,18
2026-04-30,P112,265,155,110,0.5849,14,17
2026-05-01,P112,265,145,120,0.5472,13,2
2026-05-02,P112,265,160,105,0.6038,6,13
2026-05-03,P112,265,145,120,0.5472,13,62
2026-05-04,P112,265,161,104,0.6075,16,15
2026-05-05,P112,265,169,96,0.6377,11,32
2026-05-06,P112,265,171,94,0.6453,10,9
2026-05-07,P112,265,162,103,0.6113,8,49
2026-05-08,P112,265,163,102,0.6151,10,30
2026-05-09,P112,265,169,96,0.6377,10,17
2026-05-10,P112,265,161,104,0.6075,15,38
2026-05-11,P112,265,168,97,0.634,7,14
2026-05-12,P112,265,169,96,0.6377,11,34
2026-05-13,P112,265,158,107,0.5962,12,39
2026-05-14,P112,265,160,105,0.6038,11,9
2026-05-15,P112,265,162,103,0.6113,13,6
2026-05-16,P112,265,154,111,0.5811,13,51
2026-05-17,P112,265,153,112,0.5774,15,35
2026-05-18,P112,265,161,104,0.6075,12,10
2026-05-19,P112,265,156,109,0.5887,9,40
2026-05-20,P112,265,156,109,0.5887,9,28
2026-05-21,P112,265,158,107,0.5962,13,58
2026-05-22,P112,265,155,110,0.5849,11,42
2026-05-23,P112,265,147,118,0.5547,16,21
2026-05-24,P112,265,155,110,0.5849,15,53
2026-05-25,P112,265,153,112,0.5774,13,29
2026-05-26,P112,265,147,118,0.5547,15,1
2026-05-27,P112,265,152,113,0.5736,13,8
2026-05-28,P112,265,160,105,0.6038,12,37
2026-05-29,P112,265,159,106,0.6,12,2
2026-05-30,P112,265,166,99,0.6264,11,11
2026-05-31,P112,265,160,105,0.6038,12,52
2026-06-01,P112,265,163,102,0.6151,10,22
2026-06-02,P112,265,169,96,0.6377,13,14
2026-06-03,P112,265,171,94,0.6453,12,4
2026-06-04,P112,265,173,92,0.6528,13,54
2026-06-05,P112,265,173,92,0.6528,10,58
2026-06-06,P112,265,173,92,0.6528,13,22
2026-06-07,P112,265,168,97,0.634,14,12
2026-06-08,P112,265,170,95,0.6415,9,15
2026-06-09,P112,265,172,93,0.6491,12,51
2026-06-10,P112,265,171,94,0.6453,10,1
2026-06-11,P112,265,167,98,0.6302,10,38
2026-06-12,P112,265,170,95,0.6415,15,38
2026-06-13,P112,265,167,98,0.6302,11,64
2026-06-14,P112,265,156,109,0.5887,11,20
2026-06-15,P112,265,164,101,0.6189,9,7
2026-06-16,P112,265,152,113,0.5736,13,35
2026-06-17,P112,265,159,106,0.6,9,18
2026-06-18,P112,265,147,118,0.5547,14,47
2026-06-19,P112,265,160,105,0.6038,10,48
2026-06-20,P112,265,156,109,0.5887,13,0
2026-06-21,P112,265,152,113,0.5736,11,26
2026-06-22,P112,265,158,107,0.5962,12,21
2026-06-23,P112,265,160,105,0.6038,12,45
2026-06-24,P112,265,162,103,0.6113,15,37
2026-06-25,P112,265,152,113,0.5736,15,12
2026-06-26,P112,265,172,93,0.6491,8,47
2026-06-27,P112,265,161,104,0.6075,11,60
2026-06-28,P112,265,166,99,0.6264,9,53
2026-06-29,P112,265,160,105,0.6038,13,41
2026-06-30,P112,265,167,98,0.6302,8,63
2026-07-01,P112,265,167,98,0.6302,14,39
2026-07-02,P112,265,180,85,0.6792,9,54
2026-07-03,P112,265,170,95,0.6415,9,2
2026-07-04,P112,265,170,95,0.6415,13,6
2026-07-05,P112,265,172,93,0.6491,8,19
2026-07-06,P112,265,168,97,0.634,11,63
2026-07-07,P112,265,184,81,0.6943,8,32
2026-07-08,P112,265,182,83,0.6868,11,34
2026-07-09,P112,265,177,88,0.6679,9,64
2026-07-10,P112,265,174,91,0.6566,8,54
2026-07-11,P112,265,174,91,0.6566,10,25
2026-07-12,P112,265,170,95,0.6415,14,36
2026-07-13,P112,265,168,97,0.634,11,41
2026-07-14,P112,265,174,91,0.6566,10,14
2026-07-15,P112,265,166,99,0.6264,14,54
2026-07-16,P112,265,168,97,0.634,14,29
2026-07-17,P112,265,169,96,0.6377,14,14
2026-07-18,P112,265,167,98,0.6302,10,30
2026-07-19,P112,265,166,99,0.6264,13,14
2026-07-20,P112,265,162,103,0.6113,12,3
2026-07-21,P112,265,160,105,0.6038,11,41
2026-07-22,P112,265,160,105,0.6038,9,38
2026-07-23,P112,265,162,103,0.6113,12,3
2026-07-24,P112,265,166,99,0.6264,13,64
2026-07-25,P112,265,165,100,0.6226,13,63
2026-07-26,P112,265,168,97,0.634,7,5
2026-07-27,P112,265,176,89,0.6642,11,37
2026-07-28,P112,265,176,89,0.6642,7,10
2026-07-29,P112,265,177,88,0.6679,13,9
2026-07-30,P112,265,167,98,0.6302,12,57
2026-07-31,P112,265,169,96,0.6377,10,64
2026-08-01,P112,265,178,87,0.6717,12,48
2026-08-02,P112,265,183,82,0.6906,11,32
2026-08-03,P112,265,185,80,0.6981,8,31
2026-08-04,P112,265,174,91,0.6566,11,32
2026-08-05,P112,265,185,80,0.6981,8,52
2026-08-06,P112,265,183,82,0.6906,13,61
2026-08-07,P112,265,177,88,0.6679,11,11
2026-08-08,P112,265,189,76,0.7132,9,48
2026-08-09,P112,265,182,83,0.6868,11,30
2026-08-10,P112,265,178,87,0.6717,16,34
2026-08-11,P112,265,175,90,0.6604,10,61
2026-08-12,P112,265,178,87,0.6717,10,11
2026-08-13,P112,265,168,97,0.634,11,41
2026-08-14,P112,265,171,94,0.6453,11,23
2026-08-15,P112,265,166,99,0.6264,11,23
2026-08-16,P112,265,166,99,0.6264,13,11
2026-08-17,P112,265,171,94,0.6453,12,9
2026-08-18,P112,265,170,95,0.6415,9,55
2026-08-19,P112,265,161,104,0.6075,15,33
2026-08-20,P112,265,164,101,0.6189,9,33
2026-08-21,P112,265,168,97,0.634,12,19
2026-08-22,P112,265,163,102,0.6151,12,46
2026-08-23,P112,265,170,95,0.6415,12,43
2026-08-24,P112,265,172,93,0.6491,10,20
2026-08-25,P112,265,166,99,0.6264,11,19
2026-08-26,P112,265,165,100,0.6226,13,28
2026-08-27,P112,265,165,100,0.6226,11,42
2026-04-30,P113,209,161,48,0.7703,3,16
2026-05-01,P113,209,162,47,0.7751,4,5
2026-05-02,P113,209,159,50,0.7608,4,55
2026-05-03,P113,209,168,41,0.8038,4,6
2026-05-04,P113,209,164,45,0.7847,0,41
2026-05-05,P113,209,172,37,0.823,4,9
2026-05-06,P113,209,171,38,0.8182,3,1
2026-05-07,P113,209,177,32,0.8469,3,26
2026-05-08,P113,209,170,39,0.8134,3,32
2026-05-09,P113,209,170,39,0.8134,6,21
2026-05-10,P113,209,170,39,0.8134,4,15
2026-05-11,P113,209,172,37,0.823,0,38
2026-05-12,P113,209,169,40,0.8086,4,7
2026-05-13,P113,209,165,44,0.7895,3,34
2026-05-14,P113,209,163,46,0.7799,3,56
2026-05-15,P113,209,166,43,0.7943,4,12
2026-05-16,P113,209,172,37,0.823,5,35
2026-05-17,P113,209,158,51,0.756,6,39
2026-05-18,P113,209,163,46,0.7799,4,52
2026-05-19,P113,209,159,50,0.7608,6,55
2026-05-20,P113,209,153,56,0.7321,7,54
2026-05-21,P113,209,167,42,0.799,3,44
2026-05-22,P113,209,159,50,0.7608,7,18
2026-05-23,P113,209,155,54,0.7416,8,14
2026-05-24,P113,209,158,51,0.756,7,55
2026-05-25,P113,209,156,53,0.7464,8,65
2026-05-26,P113,209,159,50,0.7608,6,48
2026-05-27,P113,209,164,45,0.7847,5,9
2026-05-28,P113,209,163,46,0.7799,4,20
2026-05-29,P113,209,160,49,0.7656,5,45
2026-05-30,P113,209,162,47,0.7751,7,59
2026-05-31,P113,209,170,39,0.8134,5,5
2026-06-01,P113,209,164,45,0.7847,3,56
2026-06-02,P113,209,170,39,0.8134,2,45
2026-06-03,P113,209,175,34,0.8373,1,37
2026-06-04,P113,209,166,43,0.7943,2,47
2026-06-05,P113,209,177,32,0.8469,4,19
2026-06-06,P113,209,169,40,0.8086,6,30
2026-06-07,P113,209,176,33,0.8421,1,41
2026-06-08,P113,209,172,37,0.823,5,10
2026-06-09,P113,209,171,38,0.8182,4,59
2026-06-10,P113,209,177,32,0.8469,1,27
2026-06-11,P113,209,173,36,0.8278,8,54
2026-06-12,P113,209,164,45,0.7847,4,44
2026-06-13,P113,209,170,39,0.8134,4,2
2026-06-14,P113,209,162,47,0.7751,6,60
2026-06-15,P113,209,162,47,0.7751,6,26
2026-06-16,P113,209,168,41,0.8038,4,61
2026-06-17,P113,209,163,46,0.7799,3,12
2026-06-18,P113,209,164,45,0.7847,3,36
2026-06-19,P113,209,164,45,0.7847,5,1
2026-06-20,P113,209,158,51,0.756,3,2
2026-06-21,P113,209,168,41,0.8038,5,56
2026-06-22,P113,209,161,48,0.7703,4,1
2026-06-23,P113,209,164,45,0.7847,7,9
2026-06-24,P113,209,160,49,0.7656,2,3
2026-06-25,P113,209,169,40,0.8086,6,5
2026-06-26,P113,209,165,44,0.7895,5,24
2026-06-27,P113,209,171,38,0.8182,8,18
2026-06-28,P113,209,163,46,0.7799,3,27
2026-06-29,P113,209,173,36,0.8278,6,23
2026-06-30,P113,209,184,25,0.8804,1,45
2026-07-01,P113,209,175,34,0.8373,3,27
2026-07-02,P113,209,177,32,0.8469,5,53
2026-07-03,P113,209,174,35,0.8325,4,34
2026-07-04,P113,209,180,29,0.8612,3,3
2026-07-05,P113,209,179,30,0.8565,8,16
2026-07-06,P113,209,177,32,0.8469,2,13
2026-07-07,P113,209,178,31,0.8517,2,13
2026-07-08,P113,209,176,33,0.8421,0,43
2026-07-09,P113,209,181,28,0.866,7,35
2026-07-10,P113,209,181,28,0.866,3,36
2026-07-11,P113,209,178,31,0.8517,4,30
2026-07-12,P113,209,182,27,0.8708,1,8
2026-07-13,P113,209,178,31,0.8517,4,46
2026-07-14,P113,209,175,34,0.8373,4,2
2026-07-15,P113,209,173,36,0.8278,3,6
2026-07-16,P113,209,175,34,0.8373,2,62
2026-07-17,P113,209,170,39,0.8134,6,38
2026-07-18,P113,209,169,40,0.8086,5,14
2026-07-19,P113,209,162,47,0.7751,4,41
2026-07-20,P113,209,172,37,0.823,3,11
2026-07-21,P113,209,161,48,0.7703,3,14
2026-07-22,P113,209,168,41,0.8038,4,4
2026-07-23,P113,209,160,49,0.7656,6,45
2026-07-24,P113,209,167,42,0.799,5,54
2026-07-25,P113,209,175,34,0.8373,5,42
2026-07-26,P113,209,175,34,0.8373,5,24
2026-07-27,P113,209,174,35,0.8325,5,46
2026-07-28,P113,209,168,41,0.8038,6,16
2026-07-29,P113,209,174,35,0.8325,4,28
2026-07-30,P113,209,179,30,0.8565,2,57
2026-07-31,P113,209,183,26,0.8756,2,63
2026-08-01,P113,209,181,28,0.866,5,34
2026-08-02,P113,209,187,22,0.8947,0,41
2026-08-03,P113,209,181,28,0.866,4,53
2026-08-04,P113,209,186,23,0.89,4,24
2026-08-05,P113,209,187,22,0.8947,2,50
2026-08-06,P113,209,175,34,0.8373,3,56
2026-08-07,P113,209,182,27,0.8708,5,62
2026-08-08,P113,209,187,22,0.8947,3,45
2026-08-09,P113,209,180,29,0.8612,7,37
2026-08-10,P113,209,182,27,0.8708,1,31
2026-08-11,P113,209,180,29,0.8612,2,48
2026-08-12,P113,209,180,29,0.8612,2,32
2026-08-13,P113,209,179,30,0.8565,6,12
2026-08-14,P113,209,178,31,0.8517,3,7
2026-08-15,P113,209,169,40,0.8086,5,22
2026-08-16,P113,209,172,37,0.823,4,22
2026-08-17,P113,209,173,36,0.8278,4,51
2026-08-18,P113,209,172,37,0.823,5,1
2026-08-19,P113,209,167,42,0.799,7,62
2026-08-20,P113,209,173,36,0.8278,4,54
2026-08-21,P113,209,169,40,0.8086,3,40
2026-08-22,P113,209,169,40,0.8086,3,22
2026-08-23,P113,209,165,44,0.7895,5,41
2026-08-24,P113,209,175,34,0.8373,3,45
2026-08-25,P113,209,175,34,0.8373,2,49
2026-08-26,P113,209,182,27,0.8708,5,4
2026-08-27,P113,209,181,28,0.866,2,55
2026-04-30,P114,256,159,97,0.6211,10,29
2026-05-01,P114,256,166,90,0.6484,11,3
2026-05-02,P114,256,159,97,0.6211,12,36
2026-05-03,P114,256,166,90,0.6484,11,18
2026-05-04,P114,256,165,91,0.6445,7,29
2026-05-05,P114,256,163,93,0.6367,11,50
2026-05-06,P114,256,170,86,0.6641,10,46
2026-05-07,P114,256,164,92,0.6406,5,10
2026-05-08,P114,256,162,94,0.6328,7,59
2026-05-09,P114,256,169,87,0.6602,10,19
2026-05-10,P114,256,165,91,0.6445,9,33
2026-05-11,P114,256,159,97,0.6211,12,3
2026-05-12,P114,256,163,93,0.6367,12,5
2026-05-13,P114,256,163,93,0.6367,10,49
2026-05-14,P114,256,161,95,0.6289,9,32
2026-05-15,P114,256,157,99,0.6133,10,0
2026-05-16,P114,256,156,100,0.6094,13,48
2026-05-17,P114,256,162,94,0.6328,13,12
2026-05-18,P114,256,150,106,0.5859,15,39
2026-05-19,P114,256,162,94,0.6328,12,54
2026-05-20,P114,256,158,98,0.6172,12,21
2026-05-21,P114,256,156,100,0.6094,12,9
2026-05-22,P114,256,152,104,0.5938,11,15
2026-05-23,P114,256,155,101,0.6055,13,47
2026-05-24,P114,256,154,102,0.6016,10,38
2026-05-25,P114,256,148,108,0.5781,13,8
2026-05-26,P114,256,154,102,0.6016,13,35
2026-05-27,P114,256,155,101,0.6055,13,61
2026-05-28,P114,256,159,97,0.6211,11,40
2026-05-29,P114,256,155,101,0.6055,9,52
2026-05-30,P114,256,155,101,0.6055,14,10
2026-05-31,P114,256,159,97,0.6211,7,47
2026-06-01,P114,256,167,89,0.6523,10,7
2026-06-02,P114,256,166,90,0.6484,9,12
2026-06-03,P114,256,178,78,0.6953,8,57
2026-06-04,P114,256,169,87,0.6602,9,7
2026-06-05,P114,256,180,76,0.7031,8,0
2026-06-06,P114,256,168,88,0.6562,9,23
2026-06-07,P114,256,169,87,0.6602,12,65
2026-06-08,P114,256,174,82,0.6797,7,17
2026-06-09,P114,256,172,84,0.6719,12,56
2026-06-10,P114,256,169,87,0.6602,9,27
2026-06-11,P114,256,169,87,0.6602,9,34
2026-06-12,P114,256,168,88,0.6562,7,33
2026-06-13,P114,256,175,81,0.6836,7,10
2026-06-14,P114,256,169,87,0.6602,8,21
2026-06-15,P114,256,163,93,0.6367,13,40
2026-06-16,P114,256,168,88,0.6562,6,30
2026-06-17,P114,256,174,82,0.6797,9,3
2026-06-18,P114,256,156,100,0.6094,15,4
2026-06-19,P114,256,164,92,0.6406,11,58
2026-06-20,P114,256,155,101,0.6055,11,36
2026-06-21,P114,256,162,94,0.6328,12,55
2026-06-22,P114,256,163,93,0.6367,7,58
2026-06-23,P114,256,153,103,0.5977,15,51
2026-06-24,P114,256,163,93,0.6367,9,29
2026-06-25,P114,256,158,98,0.6172,9,11
2026-06-26,P114,256,159,97,0.6211,12,56
2026-06-27,P114,256,169,87,0.6602,10,53
2026-06-28,P114,256,168,88,0.6562,10,42
2026-06-29,P114,256,170,86,0.6641,11,52
2026-06-30,P114,256,170,86,0.6641,14,65
2026-07-01,P114,256,174,82,0.6797,9,24
2026-07-02,P114,256,180,76,0.7031,11,11
2026-07-03,P114,256,175,81,0.6836,11,39
2026-07-04,P114,256,173,83,0.6758,11,39
2026-07-05,P114,256,183,73,0.7148,9,50
2026-07-06,P114,256,183,73,0.7148,7,4
2026-07-07,P114,256,179,77,0.6992,12,15
2026-07-08,P114,256,181,75,0.707,12,41
2026-07-09,P114,256,168,88,0.6562,8,48
2026-07-10,P114,256,179,77,0.6992,12,52
2026-07-11,P114,256,170,86,0.6641,10,38
2026-07-12,P114,256,171,85,0.668,11,29
2026-07-13,P114,256,175,81,0.6836,12,24
2026-07-14,P114,256,171,85,0.668,11,59
2026-07-15,P114,256,161,95,0.6289,14,29
2026-07-16,P114,256,164,92,0.6406,9,38
2026-07-17,P114,256,170,86,0.6641,13,22
2026-07-18,P114,256,166,90,0.6484,11,9
2026-07-19,P114,256,168,88,0.6562,8,48
2026-07-20,P114,256,170,86,0.6641,7,52
2026-07-21,P114,256,160,96,0.625,9,20
2026-07-22,P114,256,164,92,0.6406,12,39
2026-07-23,P114,256,166,90,0.6484,12,43
2026-07-24,P114,256,168,88,0.6562,10,3
2026-07-25,P114,256,161,95,0.6289,10,22
2026-07-26,P114,256,169,87,0.6602,13,19
2026-07-27,P114,256,178,78,0.6953,8,57
2026-07-28,P114,256,174,82,0.6797,6,10
2026-07-29,P114,256,184,72,0.7188,7,58
2026-07-30,P114,256,177,79,0.6914,5,38
2026-07-31,P114,256,167,89,0.6523,13,13
2026-08-01,P114,256,177,79,0.6914,9,59
2026-08-02,P114,256,172,84,0.6719,9,51
2026-08-03,P114,256,179,77,0.6992,4,34
2026-08-04,P114,256,185,71,0.7227,8,61
2026-08-05,P114,256,184,72,0.7188,7,30
2026-08-06,P114,256,193,63,0.7539,7,34
2026-08-07,P114,256,183,73,0.7148,6,30
2026-08-08,P114,256,186,70,0.7266,7,50
2026-08-09,P114,256,179,77,0.6992,12,38
2026-08-10,P114,256,194,62,0.7578,9,60
2026-08-11,P114,256,176,80,0.6875,7,17
2026-08-12,P114,256,180,76,0.7031,9,21
2026-08-13,P114,256,180,76,0.7031,7,7
2026-08-14,P114,256,173,83,0.6758,9,58
2026-08-15,P114,256,178,78,0.6953,7,30
2026-08-16,P114,256,176,80,0.6875,6,55
2026-08-17,P114,256,166,90,0.6484,12,53
2026-08-18,P114,256,178,78,0.6953,7,35
2026-08-19,P114,256,173,83,0.6758,11,41
2026-08-20,P114,256,169,87,0.6602,11,11
2026-08-21,P114,256,173,83,0.6758,11,28
2026-08-22,P114,256,176,80,0.6875,8,5
2026-08-23,P114,256,169,87,0.6602,13,35
2026-08-24,P114,256,181,75,0.707,8,3
2026-08-25,P114,256,169,87,0.6602,12,3
2026-08-26,P114,256,180,76,0.7031,10,15
2026-08-27,P114,256,185,71,0.7227,10,22
2026-04-30,P115,188,143,45,0.7606,4,17
2026-05-01,P115,188,139,49,0.7394,3,20
2026-05-02,P115,188,145,43,0.7713,3,40
2026-05-03,P115,188,142,46,0.7553,7,21
2026-05-04,P115,188,144,44,0.766,3,53
2026-05-05,P115,188,150,38,0.7979,2,9
2026-05-06,P115,188,150,38,0.7979,6,58
2026-05-07,P115,188,147,41,0.7819,3,52
2026-05-08,P115,188,155,33,0.8245,8,57
2026-05-09,P115,188,142,46,0.7553,5,63
2026-05-10,P115,188,147,41,0.7819,5,23
2026-05-11,P115,188,145,43,0.7713,4,33
2026-05-12,P115,188,147,41,0.7819,1,57
2026-05-13,P115,188,139,49,0.7394,10,4
2026-05-14,P115,188,142,46,0.7553,5,12
2026-05-15,P115,188,143,45,0.7606,4,7
2026-05-16,P115,188,145,43,0.7713,5,48
2026-05-17,P115,188,139,49,0.7394,4,2
2026-05-18,P115,188,140,48,0.7447,5,35
2026-05-19,P115,188,142,46,0.7553,6,17
2026-05-20,P115,188,146,42,0.7766,5,16
2026-05-21,P115,188,140,48,0.7447,2,56
2026-05-22,P115,188,141,47,0.75,3,33
2026-05-23,P115,188,138,50,0.734,7,63
2026-05-24,P115,188,141,47,0.75,1,64
2026-05-25,P115,188,138,50,0.734,9,57
2026-05-26,P115,188,144,44,0.766,1,30
2026-05-27,P115,188,143,45,0.7606,6,63
2026-05-28,P115,188,145,43,0.7713,3,56
2026-05-29,P115,188,143,45,0.7606,5,44
2026-05-30,P115,188,144,44,0.766,3,43
2026-05-31,P115,188,140,48,0.7447,8,51
2026-06-01,P115,188,147,41,0.7819,6,40
2026-06-02,P115,188,150,38,0.7979,4,8
2026-06-03,P115,188,153,35,0.8138,4,37
2026-06-04,P115,188,148,40,0.7872,3,4
2026-06-05,P115,188,151,37,0.8032,2,8
2026-06-06,P115,188,151,37,0.8032,3,2
2026-06-07,P115,188,155,33,0.8245,3,29
2026-06-08,P115,188,151,37,0.8032,4,34
2026-06-09,P115,188,146,42,0.7766,7,16
2026-06-10,P115,188,153,35,0.8138,5,60
2026-06-11,P115,188,154,34,0.8191,4,5
2026-06-12,P115,188,142,46,0.7553,8,59
2026-06-13,P115,188,149,39,0.7926,3,7
2026-06-14,P115,188,151,37,0.8032,5,7
2026-06-15,P115,188,142,46,0.7553,9,47
2026-06-16,P115,188,147,41,0.7819,4,46
2026-06-17,P115,188,137,51,0.7287,8,36
2026-06-18,P115,188,141,47,0.75,7,38
2026-06-19,P115,188,143,45,0.7606,4,62
2026-06-20,P115,188,141,47,0.75,5,46
2026-06-21,P115,188,138,50,0.734,4,41
2026-06-22,P115,188,142,46,0.7553,11,38
2026-06-23,P115,188,140,48,0.7447,1,19
2026-06-24,P115,188,148,40,0.7872,5,30
2026-06-25,P115,188,140,48,0.7447,5,7
2026-06-26,P115,188,145,43,0.7713,5,62
2026-06-27,P115,188,147,41,0.7819,1,34
2026-06-28,P115,188,148,40,0.7872,2,40
2026-06-29,P115,188,152,36,0.8085,6,22
2026-06-30,P115,188,150,38,0.7979,9,3
2026-07-01,P115,188,152,36,0.8085,4,45
2026-07-02,P115,188,154,34,0.8191,3,35
2026-07-03,P115,188,154,34,0.8191,4,34
2026-07-04,P115,188,155,33,0.8245,10,23
2026-07-05,P115,188,152,36,0.8085,9,54
2026-07-06,P115,188,159,29,0.8457,1,61
2026-07-07,P115,188,149,39,0.7926,4,6
2026-07-08,P115,188,158,30,0.8404,6,48
2026-07-09,P115,188,159,29,0.8457,5,27
2026-07-10,P115,188,154,34,0.8191,5,15
2026-07-11,P115,188,152,36,0.8085,2,49
2026-07-12,P115,188,146,42,0.7766,4,6
2026-07-13,P115,188,159,29,0.8457,6,32
2026-07-14,P115,188,148,40,0.7872,3,63
2026-07-15,P115,188,150,38,0.7979,4,59
2026-07-16,P115,188,147,41,0.7819,7,43
2026-07-17,P115,188,147,41,0.7819,8,15
2026-07-18,P115,188,144,44,0.766,6,34
2026-07-19,P115,188,142,46,0.7553,4,10
2026-07-20,P115,188,142,46,0.7553,5,34
2026-07-21,P115,188,148,40,0.7872,5,24
2026-07-22,P115,188,139,49,0.7394,6,38
2026-07-23,P115,188,146,42,0.7766,4,49
2026-07-24,P115,188,144,44,0.766,2,10
2026-07-25,P115,188,148,40,0.7872,5,46
2026-07-26,P115,188,151,37,0.8032,2,14
2026-07-27,P115,188,145,43,0.7713,3,50
2026-07-28,P115,188,146,42,0.7766,6,46
2026-07-29,P115,188,152,36,0.8085,2,5
2026-07-30,P115,188,157,31,0.8351,3,30
2026-07-31,P115,188,157,31,0.8351,6,33
2026-08-01,P115,188,161,27,0.8564,1,58
2026-08-02,P115,188,152,36,0.8085,5,34
2026-08-03,P115,188,162,26,0.8617,0,65
2026-08-04,P115,188,163,25,0.867,4,11
2026-08-05,P115,188,152,36,0.8085,4,35
2026-08-06,P115,188,159,29,0.8457,3,52
2026-08-07,P115,188,164,24,0.8723,2,12
2026-08-08,P115,188,155,33,0.8245,2,12
2026-08-09,P115,188,161,27,0.8564,6,30
2026-08-10,P115,188,162,26,0.8617,7,55
2026-08-11,P115,188,157,31,0.8351,3,30
2026-08-12,P115,188,159,29,0.8457,4,24
2026-08-13,P115,188,156,32,0.8298,4,3
2026-08-14,P115,188,154,34,0.8191,4,40
2026-08-15,P115,188,146,42,0.7766,2,26
2026-08-16,P115,188,150,38,0.7979,5,19
2026-08-17,P115,188,144,44,0.766,7,25
2026-08-18,P115,188,150,38,0.7979,5,54
2026-08-19,P115,188,146,42,0.7766,5,61
2026-08-20,P115,188,145,43,0.7713,6,62
2026-08-21,P115,188,151,37,0.8032,3,52
2026-08-22,P115,188,148,40,0.7872,5,39
2026-08-23,P115,188,150,38,0.7979,4,49
2026-08-24,P115,188,152,36,0.8085,1,3
2026-08-25,P115,188,149,39,0.7926,5,57
2026-08-26,P115,188,149,39,0.7926,3,63
2026-08-27,P115,188,154,34,0.8191,1,43
2026-04-30,P116,159,93,66,0.5849,9,2
2026-05-01,P116,159,101,58,0.6352,6,28
2026-05-02,P116,159,96,63,0.6038,8,38
2026-05-03,P116,159,102,57,0.6415,8,45
2026-05-04,P116,159,108,51,0.6792,6,40
2026-05-05,P116,159,104,55,0.6541,6,23
2026-05-06,P116,159,106,53,0.6667,6,20
2026-05-07,P116,159,98,61,0.6164,9,56
2026-05-08,P116,159,104,55,0.6541,2,59
2026-05-09,P116,159,106,53,0.6667,3,2
2026-05-10,P116,159,103,56,0.6478,6,45
2026-05-11,P116,159,104,55,0.6541,7,6
2026-05-12,P116,159,99,60,0.6226,8,53
2026-05-13,P116,159,99,60,0.6226,6,39
2026-05-14,P116,159,98,61,0.6164,5,8
2026-05-15,P116,159,102,57,0.6415,9,18
2026-05-16,P116,159,101,58,0.6352,6,61
2026-05-17,P116,159,101,58,0.6352,7,0
2026-05-18,P116,159,98,61,0.6164,8,54
2026-05-19,P116,159,95,64,0.5975,6,19
2026-05-20,P116,159,94,65,0.5912,10,27
2026-05-21,P116,159,90,69,0.566,7,1
2026-05-22,P116,159,91,68,0.5723,7,8
2026-05-23,P116,159,98,61,0.6164,4,46
2026-05-24,P116,159,95,64,0.5975,10,16
2026-05-25,P116,159,92,67,0.5786,7,57
2026-05-26,P116,159,98,61,0.6164,8,45
2026-05-27,P116,159,101,58,0.6352,4,43
2026-05-28,P116,159,98,61,0.6164,10,57
2026-05-29,P116,159,99,60,0.6226,5,56
2026-05-30,P116,159,100,59,0.6289,9,41
2026-05-31,P116,159,101,58,0.6352,8,3
2026-06-01,P116,159,100,59,0.6289,7,30
2026-06-02,P116,159,105,54,0.6604,6,8
2026-06-03,P116,159,106,53,0.6667,7,46
2026-06-04,P116,159,107,52,0.673,8,28
2026-06-05,P116,159,106,53,0.6667,5,15
2026-06-06,P116,159,106,53,0.6667,6,46
2026-06-07,P116,159,113,46,0.7107,7,18
2026-06-08,P116,159,103,56,0.6478,10,32
2026-06-09,P116,159,105,54,0.6604,4,58
2026-06-10,P116,159,102,57,0.6415,10,38
2026-06-11,P116,159,105,54,0.6604,7,45
2026-06-12,P116,159,100,59,0.6289,7,52
2026-06-13,P116,159,107,52,0.673,5,2
2026-06-14,P116,159,99,60,0.6226,6,37
2026-06-15,P116,159,100,59,0.6289,7,26
2026-06-16,P116,159,99,60,0.6226,7,56
2026-06-17,P116,159,99,60,0.6226,7,54
2026-06-18,P116,159,100,59,0.6289,6,6
2026-06-19,P116,159,97,62,0.6101,10,8
2026-06-20,P116,159,99,60,0.6226,6,34
2026-06-21,P116,159,98,61,0.6164,8,61
2026-06-22,P116,159,99,60,0.6226,7,12
2026-06-23,P116,159,94,65,0.5912,4,9
2026-06-24,P116,159,99,60,0.6226,6,54
2026-06-25,P116,159,92,67,0.5786,9,50
2026-06-26,P116,159,99,60,0.6226,7,63
2026-06-27,P116,159,101,58,0.6352,8,25
2026-06-28,P116,159,99,60,0.6226,7,15
2026-06-29,P116,159,103,56,0.6478,3,31
2026-06-30,P116,159,106,53,0.6667,5,29
2026-07-01,P116,159,108,51,0.6792,4,39
2026-07-02,P116,159,110,49,0.6918,3,15
2026-07-03,P116,159,110,49,0.6918,2,2
2026-07-04,P116,159,115,44,0.7233,4,24
2026-07-05,P116,159,108,51,0.6792,3,20
2026-07-06,P116,159,102,57,0.6415,8,23
2026-07-07,P116,159,113,46,0.7107,5,19
2026-07-08,P116,159,109,50,0.6855,8,42
2026-07-09,P116,159,112,47,0.7044,4,14
2026-07-10,P116,159,109,50,0.6855,8,7
2026-07-11,P116,159,110,49,0.6918,3,5
2026-07-12,P116,159,114,45,0.717,5,38
2026-07-13,P116,159,110,49,0.6918,5,39
2026-07-14,P116,159,105,54,0.6604,3,39
2026-07-15,P116,159,107,52,0.673,7,65
2026-07-16,P116,159,103,56,0.6478,7,0
2026-07-17,P116,159,105,54,0.6604,6,19
2026-07-18,P116,159,101,58,0.6352,8,3
2026-07-19,P116,159,108,51,0.6792,7,45
2026-07-20,P116,159,103,56,0.6478,7,26
2026-07-21,P116,159,100,59,0.6289,3,0
2026-07-22,P116,159,101,58,0.6352,6,17
2026-07-23,P116,159,107,52,0.673,8,19
2026-07-24,P116,159,106,53,0.6667,4,46
2026-07-25,P116,159,99,60,0.6226,8,4
2026-07-26,P116,159,101,58,0.6352,3,46
2026-07-27,P116,159,107,52,0.673,6,39
2026-07-28,P116,159,106,53,0.6667,7,41
2026-07-29,P116,159,106,53,0.6667,6,53
2026-07-30,P116,159,105,54,0.6604,4,27
2026-07-31,P116,159,112,47,0.7044,8,35
2026-08-01,P116,159,112,47,0.7044,4,58
2026-08-02,P116,159,109,50,0.6855,8,45
2026-08-03,P116,159,113,46,0.7107,9,19
2026-08-04,P116,159,112,47,0.7044,4,39
2026-08-05,P116,159,113,46,0.7107,6,30
2026-08-06,P116,159,114,45,0.717,5,42
2026-08-07,P116,159,114,45,0.717,4,10
2026-08-08,P116,159,114,45,0.717,5,10
2026-08-09,P116,159,116,43,0.7296,8,26
2026-08-10,P116,159,117,42,0.7358,6,14
2026-08-11,P116,159,110,49,0.6918,5,6
2026-08-12,P116,159,111,48,0.6981,5,28
2026-08-13,P116,159,107,52,0.673,7,57
2026-08-14,P116,159,107,52,0.673,6,6
2026-08-15,P116,159,106,53,0.6667,7,1
2026-08-16,P116,159,109,50,0.6855,8,36
2026-08-17,P116,159,108,51,0.6792,7,37
2026-08-18,P116,159,104,55,0.6541,8,63
2026-08-19,P116,159,108,51,0.6792,6,34
2026-08-20,P116,159,108,51,0.6792,9,8
2026-08-21,P116,159,103,56,0.6478,7,6
2026-08-22,P116,159,106,53,0.6667,6,28
2026-08-23,P116,159,101,58,0.6352,7,62
2026-08-24,P116,159,105,54,0.6604,6,11
2026-08-25,P116,159,110,49,0.6918,6,54
2026-08-26,P116,159,109,50,0.6855,5,35
2026-08-27,P116,159,114,45,0.717,2,56
2026-04-30,P117,353,317,36,0.898,3,43
2026-05-01,P117,353,308,45,0.8725,5,19
2026-05-02,P117,353,328,25,0.9292,7,20
2026-05-03,P117,353,306,47,0.8669,5,20
2026-05-04,P117,353,318,35,0.9008,5,13
2026-05-05,P117,353,330,23,0.9348,0,27
2026-05-06,P117,353,330,23,0.9348,5,40
2026-05-07,P117,353,328,25,0.9292,4,39
2026-05-08,P117,353,340,13,0.9632,1,18
2026-05-09,P117,353,329,24,0.932,4,27
2026-05-10,P117,353,337,16,0.9547,0,58
2026-05-11,P117,353,329,24,0.932,4,58
2026-05-12,P117,353,311,42,0.881,6,43
2026-05-13,P117,353,317,36,0.898,3,17
2026-05-14,P117,353,322,31,0.9122,3,24
2026-05-15,P117,353,307,46,0.8697,8,25
2026-05-16,P117,353,303,50,0.8584,9,51
2026-05-17,P117,353,300,53,0.8499,8,33
2026-05-18,P117,353,309,44,0.8754,1,37
2026-05-19,P117,353,311,42,0.881,4,57
2026-05-20,P117,353,295,58,0.8357,6,57
2026-05-21,P117,353,299,54,0.847,5,3
2026-05-22,P117,353,297,56,0.8414,4,59
2026-05-23,P117,353,311,42,0.881,0,59
2026-05-24,P117,353,301,52,0.8527,5,38
2026-05-25,P117,353,308,45,0.8725,1,63
2026-05-26,P117,353,315,38,0.8924,5,26
2026-05-27,P117,353,312,41,0.8839,3,4
2026-05-28,P117,353,312,41,0.8839,4,55
2026-05-29,P117,353,328,25,0.9292,1,35
2026-05-30,P117,353,327,26,0.9263,0,0
2026-05-31,P117,353,325,28,0.9207,3,35
2026-06-01,P117,353,322,31,0.9122,6,14
2026-06-02,P117,353,326,27,0.9235,3,59
2026-06-03,P117,353,330,23,0.9348,5,55
2026-06-04,P117,353,324,29,0.9178,4,13
2026-06-05,P117,353,330,23,0.9348,2,3
2026-06-06,P117,353,328,25,0.9292,0,61
2026-06-07,P117,353,327,26,0.9263,4,27
2026-06-08,P117,353,338,15,0.9575,2,40
2026-06-09,P117,353,327,26,0.9263,6,40
2026-06-10,P117,353,334,19,0.9462,2,9
2026-06-11,P117,353,329,24,0.932,6,9
2026-06-12,P117,353,324,29,0.9178,4,30
2026-06-13,P117,353,328,25,0.9292,1,3
2026-06-14,P117,353,314,39,0.8895,2,57
2026-06-15,P117,353,319,34,0.9037,3,14
2026-06-16,P117,353,314,39,0.8895,5,50
2026-06-17,P117,353,318,35,0.9008,1,53
2026-06-18,P117,353,310,43,0.8782,4,14
2026-06-19,P117,353,314,39,0.8895,8,25
2026-06-20,P117,353,314,39,0.8895,4,62
2026-06-21,P117,353,315,38,0.8924,5,17
2026-06-22,P117,353,312,41,0.8839,1,44
2026-06-23,P117,353,313,40,0.8867,8,2
2026-06-24,P117,353,317,36,0.898,4,23
2026-06-25,P117,353,317,36,0.898,3,11
2026-06-26,P117,353,318,35,0.9008,0,62
2026-06-27,P117,353,320,33,0.9065,3,45
2026-06-28,P117,353,323,30,0.915,3,52
2026-06-29,P117,353,324,29,0.9178,2,1
2026-06-30,P117,353,334,19,0.9462,0,52
2026-07-01,P117,353,326,27,0.9235,2,34
2026-07-02,P117,353,321,32,0.9093,2,35
2026-07-03,P117,353,330,23,0.9348,4,41
2026-07-04,P117,353,336,17,0.9518,3,16
2026-07-05,P117,353,339,14,0.9603,2,2
2026-07-06,P117,353,343,10,0.9717,0,16
2026-07-07,P117,353,330,23,0.9348,3,0
2026-07-08,P117,353,337,16,0.9547,0,36
2026-07-09,P117,353,346,7,0.9802,0,64
2026-07-10,P117,353,333,20,0.9433,1,35
2026-07-11,P117,353,339,14,0.9603,1,2
2026-07-12,P117,353,332,21,0.9405,4,22
2026-07-13,P117,353,333,20,0.9433,5,49
2026-07-14,P117,353,332,21,0.9405,4,5
2026-07-15,P117,353,326,27,0.9235,3,19
2026-07-16,P117,353,324,29,0.9178,3,17
2026-07-17,P117,353,320,33,0.9065,4,10
2026-07-18,P117,353,316,37,0.8952,4,46
2026-07-19,P117,353,315,38,0.8924,3,47
2026-07-20,P117,353,324,29,0.9178,4,8
2026-07-21,P117,353,323,30,0.915,2,59
2026-07-22,P117,353,310,43,0.8782,3,55
2026-07-23,P117,353,314,39,0.8895,4,64
2026-07-24,P117,353,327,26,0.9263,1,3
2026-07-25,P117,353,322,31,0.9122,1,18
2026-07-26,P117,353,328,25,0.9292,2,58
2026-07-27,P117,353,312,41,0.8839,4,7
2026-07-28,P117,353,330,23,0.9348,4,41
2026-07-29,P117,353,331,22,0.9377,1,31
2026-07-30,P117,353,346,7,0.9802,3,33
2026-07-31,P117,353,338,15,0.9575,0,36
2026-08-01,P117,353,344,9,0.9745,0,46
2026-08-02,P117,353,346,7,0.9802,2,32
2026-08-03,P117,353,338,15,0.9575,5,56
2026-08-04,P117,353,346,7,0.9802,0,44
2026-08-05,P117,353,338,15,0.9575,1,18
2026-08-06,P117,353,346,7,0.9802,1,57
2026-08-07,P117,353,341,12,0.966,3,23
2026-08-08,P117,353,345,8,0.9773,2,20
2026-08-09,P117,353,346,7,0.9802,0,42
2026-08-10,P117,353,346,7,0.9802,1,21
2026-08-11,P117,353,346,7,0.9802,1,50
2026-08-12,P117,353,346,7,0.9802,2,34
2026-08-13,P117,353,333,20,0.9433,0,28
2026-08-14,P117,353,332,21,0.9405,0,35
2026-08-15,P117,353,326,27,0.9235,2,22
2026-08-16,P117,353,329,24,0.932,5,10
2026-08-17,P117,353,329,24,0.932,6,28
2026-08-18,P117,353,313,40,0.8867,2,58
2026-08-19,P117,353,320,33,0.9065,1,35
2026-08-20,P117,353,317,36,0.898,5,33
2026-08-21,P117,353,334,19,0.9462,0,48
2026-08-22,P117,353,325,28,0.9207,4,62
2026-08-23,P117,353,326,27,0.9235,0,44
2026-08-24,P117,353,335,18,0.949,3,38
2026-08-25,P117,353,341,12,0.966,0,52
2026-08-26,P117,353,320,33,0.9065,3,42
2026-08-27,P117,353,340,13,0.9632,3,32
2026-04-30,P118,136,92,44,0.6765,0,7
2026-05-01,P118,136,91,45,0.6691,5,24
2026-05-02,P118,136,97,39,0.7132,6,24
2026-05-03,P118,136,95,41,0.6985,4,7
2026-05-04,P118,136,90,46,0.6618,5,25
2026-05-05,P118,136,94,42,0.6912,7,18
2026-05-06,P118,136,93,43,0.6838,5,63
2026-05-07,P118,136,96,40,0.7059,1,7
2026-05-08,P118,136,100,36,0.7353,7,9
2026-05-09,P118,136,99,37,0.7279,6,42
2026-05-10,P118,136,95,41,0.6985,1,2
2026-05-11,P118,136,101,35,0.7426,3,38
2026-05-12,P118,136,97,39,0.7132,2,21
2026-05-13,P118,136,97,39,0.7132,4,3
2026-05-14,P118,136,89,47,0.6544,2,28
2026-05-15,P118,136,87,49,0.6397,5,65
2026-05-16,P118,136,94,42,0.6912,2,21
2026-05-17,P118,136,94,42,0.6912,8,60
2026-05-18,P118,136,92,44,0.6765,6,4
2026-05-19,P118,136,91,45,0.6691,6,7
2026-05-20,P118,136,89,47,0.6544,7,13
2026-05-21,P118,136,92,44,0.6765,5,31
2026-05-22,P118,136,87,49,0.6397,4,25
2026-05-23,P118,136,94,42,0.6912,5,14
2026-05-24,P118,136,90,46,0.6618,6,63
2026-05-25,P118,136,93,43,0.6838,2,24
2026-05-26,P118,136,92,44,0.6765,4,46
2026-05-27,P118,136,89,47,0.6544,4,59
2026-05-28,P118,136,90,46,0.6618,1,23
2026-05-29,P118,136,93,43,0.6838,7,40
2026-05-30,P118,136,97,39,0.7132,4,2
2026-05-31,P118,136,98,38,0.7206,3,6
2026-06-01,P118,136,95,41,0.6985,1,52
2026-06-02,P118,136,99,37,0.7279,5,49
2026-06-03,P118,136,100,36,0.7353,5,45
2026-06-04,P118,136,101,35,0.7426,4,13
2026-06-05,P118,136,99,37,0.7279,5,39
2026-06-06,P118,136,103,33,0.7574,1,48
2026-06-07,P118,136,102,34,0.75,5,61
2026-06-08,P118,136,99,37,0.7279,3,15
2026-06-09,P118,136,99,37,0.7279,4,65
2026-06-10,P118,136,96,40,0.7059,4,23
2026-06-11,P118,136,99,37,0.7279,5,43
2026-06-12,P118,136,98,38,0.7206,7,6
2026-06-13,P118,136,97,39,0.7132,7,34
2026-06-14,P118,136,96,40,0.7059,6,22
2026-06-15,P118,136,97,39,0.7132,2,48
2026-06-16,P118,136,94,42,0.6912,6,22
2026-06-17,P118,136,93,43,0.6838,5,46
2026-06-18,P118,136,89,47,0.6544,5,55
2026-06-19,P118,136,92,44,0.6765,1,43
2026-06-20,P118,136,91,45,0.6691,3,42
2026-06-21,P118,136,94,42,0.6912,4,64
2026-06-22,P118,136,88,48,0.6471,6,9
2026-06-23,P118,136,93,43,0.6838,4,38
2026-06-24,P118,136,90,46,0.6618,5,10
2026-06-25,P118,136,90,46,0.6618,5,45
2026-06-26,P118,136,92,44,0.6765,6,13
2026-06-27,P118,136,96,40,0.7059,1,50
2026-06-28,P118,136,97,39,0.7132,6,23
2026-06-29,P118,136,98,38,0.7206,4,60
2026-06-30,P118,136,98,38,0.7206,1,60
2026-07-01,P118,136,103,33,0.7574,2,18
2026-07-02,P118,136,99,37,0.7279,4,63
2026-07-03,P118,136,96,40,0.7059,0,15
2026-07-04,P118,136,104,32,0.7647,4,53
2026-07-05,P118,136,106,30,0.7794,1,40
2026-07-06,P118,136,103,33,0.7574,0,43
2026-07-07,P118,136,102,34,0.75,5,63
2026-07-08,P118,136,100,36,0.7353,5,58
2026-07-09,P118,136,102,34,0.75,1,47
2026-07-10,P118,136,100,36,0.7353,5,34
2026-07-11,P118,136,97,39,0.7132,2,16
2026-07-12,P118,136,104,32,0.7647,0,9
2026-07-13,P118,136,98,38,0.7206,3,9
2026-07-14,P118,136,100,36,0.7353,0,42
2026-07-15,P118,136,96,40,0.7059,5,17
2026-07-16,P118,136,97,39,0.7132,6,64
2026-07-17,P118,136,96,40,0.7059,4,54
2026-07-18,P118,136,95,41,0.6985,6,64
2026-07-19,P118,136,97,39,0.7132,4,55
2026-07-20,P118,136,93,43,0.6838,5,43
2026-07-21,P118,136,96,40,0.7059,5,64
2026-07-22,P118,136,93,43,0.6838,3,42
2026-07-23,P118,136,93,43,0.6838,5,64
2026-07-24,P118,136,98,38,0.7206,4,11
2026-07-25,P118,136,98,38,0.7206,5,1
2026-07-26,P118,136,95,41,0.6985,2,58
2026-07-27,P118,136,97,39,0.7132,10,42
2026-07-28,P118,136,101,35,0.7426,4,55
2026-07-29,P118,136,99,37,0.7279,0,15
2026-07-30,P118,136,107,29,0.7868,6,51
2026-07-31,P118,136,101,35,0.7426,6,39
2026-08-01,P118,136,104,32,0.7647,2,33
2026-08-02,P118,136,103,33,0.7574,9,34
2026-08-03,P118,136,105,31,0.7721,4,53
2026-08-04,P118,136,103,33,0.7574,4,53
2026-08-05,P118,136,105,31,0.7721,5,18
2026-08-06,P118,136,107,29,0.7868,2,57
2026-08-07,P118,136,104,32,0.7647,3,34
2026-08-08,P118,136,105,31,0.7721,2,57
2026-08-09,P118,136,106,30,0.7794,5,36
2026-08-10,P118,136,108,28,0.7941,4,50
2026-08-11,P118,136,105,31,0.7721,6,8
2026-08-12,P118,136,100,36,0.7353,3,15
2026-08-13,P118,136,97,39,0.7132,5,44
2026-08-14,P118,136,101,35,0.7426,7,7
2026-08-15,P118,136,101,35,0.7426,6,23
2026-08-16,P118,136,105,31,0.7721,4,46
2026-08-17,P118,136,101,35,0.7426,2,31
2026-08-18,P118,136,95,41,0.6985,5,44
2026-08-19,P118,136,99,37,0.7279,3,62
2026-08-20,P118,136,98,38,0.7206,6,1
2026-08-21,P118,136,100,36,0.7353,3,47
2026-08-22,P118,136,99,37,0.7279,4,43
2026-08-23,P118,136,99,37,0.7279,7,44
2026-08-24,P118,136,103,33,0.7574,3,58
2026-08-25,P118,136,97,39,0.7132,2,53
2026-08-26,P118,136,102,34,0.75,6,25
2026-08-27,P118,136,102,34,0.75,5,64
2026-04-30,P119,390,309,81,0.7923,8,56
2026-05-01,P119,390,314,76,0.8051,4,23
2026-05-02,P119,390,311,79,0.7974,12,64
2026-05-03,P119,390,320,70,0.8205,9,1
2026-05-04,P119,390,319,71,0.8179,6,9
2026-05-05,P119,390,316,74,0.8103,11,25
2026-05-06,P119,390,307,83,0.7872,14,10
2026-05-07,P119,390,321,69,0.8231,6,47
2026-05-08,P119,390,322,68,0.8256,7,7
2026-05-09,P119,390,322,68,0.8256,7,19
2026-05-10,P119,390,327,63,0.8385,4,5
2026-05-11,P119,390,320,70,0.8205,5,3
2026-05-12,P119,390,315,75,0.8077,9,56
2026-05-13,P119,390,316,74,0.8103,10,36
2026-05-14,P119,390,318,72,0.8154,6,20
2026-05-15,P119,390,308,82,0.7897,7,22
2026-05-16,P119,390,319,71,0.8179,11,11
2026-05-17,P119,390,307,83,0.7872,9,28
2026-05-18,P119,390,305,85,0.7821,10,17
2026-05-19,P119,390,304,86,0.7795,9,64
2026-05-20,P119,390,300,90,0.7692,7,6
2026-05-21,P119,390,293,97,0.7513,11,1
2026-05-22,P119,390,289,101,0.741,15,15
2026-05-23,P119,390,307,83,0.7872,12,38
2026-05-24,P119,390,313,77,0.8026,10,32
2026-05-25,P119,390,307,83,0.7872,9,38
2026-05-26,P119,390,302,88,0.7744,9,28
2026-05-27,P119,390,314,76,0.8051,9,39
2026-05-28,P119,390,314,76,0.8051,8,46
2026-05-29,P119,390,301,89,0.7718,14,46
2026-05-30,P119,390,326,64,0.8359,8,58
2026-05-31,P119,390,326,64,0.8359,6,16
2026-06-01,P119,390,317,73,0.8128,14,54
2026-06-02,P119,390,324,66,0.8308,4,35
2026-06-03,P119,390,328,62,0.841,9,28
2026-06-04,P119,390,326,64,0.8359,9,60
2026-06-05,P119,390,328,62,0.841,5,22
2026-06-06,P119,390,337,53,0.8641,7,54
2026-06-07,P119,390,328,62,0.841,9,54
2026-06-08,P119,390,332,58,0.8513,8,59
2026-06-09,P119,390,327,63,0.8385,7,35
2026-06-10,P119,390,322,68,0.8256,7,52
2026-06-11,P119,390,323,67,0.8282,10,20
2026-06-12,P119,390,331,59,0.8487,8,45
2026-06-13,P119,390,315,75,0.8077,8,56
2026-06-14,P119,390,314,76,0.8051,7,0
2026-06-15,P119,390,311,79,0.7974,8,18
2026-06-16,P119,390,315,75,0.8077,9,43
2026-06-17,P119,390,319,71,0.8179,9,1
2026-06-18,P119,390,307,83,0.7872,10,32
2026-06-19,P119,390,301,89,0.7718,14,57
2026-06-20,P119,390,309,81,0.7923,9,3
2026-06-21,P119,390,311,79,0.7974,8,59
2026-06-22,P119,390,316,74,0.8103,7,55
2026-06-23,P119,390,315,75,0.8077,5,37
2026-06-24,P119,390,316,74,0.8103,9,4
2026-06-25,P119,390,320,70,0.8205,7,49
2026-06-26,P119,390,314,76,0.8051,8,14
2026-06-27,P119,390,316,74,0.8103,13,4
2026-06-28,P119,390,315,75,0.8077,7,53
2026-06-29,P119,390,310,80,0.7949,6,40
2026-06-30,P119,390,336,54,0.8615,7,5
2026-07-01,P119,390,327,63,0.8385,9,36
2026-07-02,P119,390,335,55,0.859,7,3
2026-07-03,P119,390,331,59,0.8487,8,6
2026-07-04,P119,390,337,53,0.8641,2,7
2026-07-05,P119,390,334,56,0.8564,9,23
2026-07-06,P119,390,336,54,0.8615,8,16
2026-07-07,P119,390,349,41,0.8949,4,57
2026-07-08,P119,390,332,58,0.8513,9,12
2026-07-09,P119,390,331,59,0.8487,8,59
2026-07-10,P119,390,331,59,0.8487,7,44
2026-07-11,P119,390,326,64,0.8359,8,40
2026-07-12,P119,390,334,56,0.8564,4,10
2026-07-13,P119,390,325,65,0.8333,5,7
2026-07-14,P119,390,329,61,0.8436,6,56
2026-07-15,P119,390,332,58,0.8513,5,6
2026-07-16,P119,390,323,67,0.8282,9,41
2026-07-17,P119,390,314,76,0.8051,9,13
2026-07-18,P119,390,318,72,0.8154,7,65
2026-07-19,P119,390,315,75,0.8077,9,23
2026-07-20,P119,390,334,56,0.8564,7,49
2026-07-21,P119,390,312,78,0.8,11,61
2026-07-22,P119,390,317,73,0.8128,9,37
2026-07-23,P119,390,309,81,0.7923,9,30
2026-07-24,P119,390,325,65,0.8333,6,53
2026-07-25,P119,390,308,82,0.7897,10,41
2026-07-26,P119,390,318,72,0.8154,10,48
2026-07-27,P119,390,337,53,0.8641,9,15
2026-07-28,P119,390,318,72,0.8154,8,27
2026-07-29,P119,390,336,54,0.8615,6,55
2026-07-30,P119,390,326,64,0.8359,5,17
2026-07-31,P119,390,331,59,0.8487,10,37
2026-08-01,P119,390,345,45,0.8846,6,33
2026-08-02,P119,390,336,54,0.8615,7,54
2026-08-03,P119,390,347,43,0.8897,5,28
2026-08-04,P119,390,350,40,0.8974,2,56
2026-08-05,P119,390,356,34,0.9128,0,56
2026-08-06,P119,390,344,46,0.8821,6,65
2026-08-07,P119,390,338,52,0.8667,4,43
2026-08-08,P119,390,357,33,0.9154,7,60
2026-08-09,P119,390,342,48,0.8769,8,22
2026-08-10,P119,390,339,51,0.8692,8,49
2026-08-11,P119,390,346,44,0.8872,6,18
2026-08-12,P119,390,337,53,0.8641,8,51
2026-08-13,P119,390,342,48,0.8769,5,16
2026-08-14,P119,390,330,60,0.8462,10,9
2026-08-15,P119,390,332,58,0.8513,8,24
2026-08-16,P119,390,327,63,0.8385,9,51
2026-08-17,P119,390,338,52,0.8667,9,54
2026-08-18,P119,390,326,64,0.8359,5,3
2026-08-19,P119,390,326,64,0.8359,7,27
2026-08-20,P119,390,330,60,0.8462,6,50
2026-08-21,P119,390,335,55,0.859,3,8
2026-08-22,P119,390,329,61,0.8436,8,34
2026-08-23,P119,390,334,56,0.8564,7,8
2026-08-24,P119,390,346,44,0.8872,4,61
2026-08-25,P119,390,333,57,0.8538,2,40
2026-08-26,P119,390,345,45,0.8846,6,11
2026-08-27,P119,390,348,42,0.8923,7,34
2026-04-30,P120,177,163,14,0.9209,0,3
2026-05-01,P120,177,158,19,0.8927,5,36
2026-05-02,P120,177,161,16,0.9096,0,31
2026-05-03,P120,177,158,19,0.8927,5,36
2026-05-04,P120,177,159,18,0.8983,1,22
2026-05-05,P120,177,166,11,0.9379,0,13
2026-05-06,P120,177,167,10,0.9435,1,34
2026-05-07,P120,177,163,14,0.9209,0,9
2026-05-08,P120,177,165,12,0.9322,3,47
2026-05-09,P120,177,161,16,0.9096,1,14
2026-05-10,P120,177,165,12,0.9322,0,5
2026-05-11,P120,177,162,15,0.9153,5,6
2026-05-12,P120,177,161,16,0.9096,0,18
2026-05-13,P120,177,156,21,0.8814,4,60
2026-05-14,P120,177,156,21,0.8814,4,15
2026-05-15,P120,177,159,18,0.8983,5,63
2026-05-16,P120,177,154,23,0.8701,4,39
2026-05-17,P120,177,155,22,0.8757,1,6
2026-05-18,P120,177,152,25,0.8588,3,58
2026-05-19,P120,177,153,24,0.8644,1,25
2026-05-20,P120,177,156,21,0.8814,2,8
2026-05-21,P120,177,156,21,0.8814,3,35
2026-05-22,P120,177,149,28,0.8418,4,9
2026-05-23,P120,177,153,24,0.8644,1,14
2026-05-24,P120,177,153,24,0.8644,4,13
2026-05-25,P120,177,151,26,0.8531,0,23
2026-05-26,P120,177,147,30,0.8305,3,25
2026-05-27,P120,177,157,20,0.887,1,23
2026-05-28,P120,177,152,25,0.8588,1,21
2026-05-29,P120,177,159,18,0.8983,3,38
2026-05-30,P120,177,155,22,0.8757,0,59
2026-05-31,P120,177,156,21,0.8814,0,58
2026-06-01,P120,177,160,17,0.904,7,23
2026-06-02,P120,177,160,17,0.904,2,58
2026-06-03,P120,177,162,15,0.9153,0,3
2026-06-04,P120,177,159,18,0.8983,0,41
2026-06-05,P120,177,167,10,0.9435,0,57
2026-06-06,P120,177,166,11,0.9379,1,60
2026-06-07,P120,177,167,10,0.9435,1,14
2026-06-08,P120,177,163,14,0.9209,0,25
2026-06-09,P120,177,167,10,0.9435,0,30
2026-06-10,P120,177,164,13,0.9266,2,31
2026-06-11,P120,177,160,17,0.904,3,6
2026-06-12,P120,177,165,12,0.9322,0,2
2026-06-13,P120,177,162,15,0.9153,2,23
2026-06-14,P120,177,170,7,0.9605,0,33
2026-06-15,P120,177,163,14,0.9209,3,27
2026-06-16,P120,177,156,21,0.8814,4,56
2026-06-17,P120,177,153,24,0.8644,3,46
2026-06-18,P120,177,156,21,0.8814,3,8
2026-06-19,P120,177,155,22,0.8757,3,40
2026-06-20,P120,177,152,25,0.8588,0,48
2026-06-21,P120,177,158,19,0.8927,2,25
2026-06-22,P120,177,153,24,0.8644,1,32
2026-06-23,P120,177,157,20,0.887,6,28
2026-06-24,P120,177,151,26,0.8531,2,31
2026-06-25,P120,177,162,15,0.9153,0,1
2026-06-26,P120,177,156,21,0.8814,4,8
2026-06-27,P120,177,157,20,0.887,2,8
2026-06-28,P120,177,158,19,0.8927,2,36
2026-06-29,P120,177,156,21,0.8814,5,59
2026-06-30,P120,177,167,10,0.9435,0,46
2026-07-01,P120,177,168,9,0.9492,4,41
2026-07-02,P120,177,166,11,0.9379,1,31
2026-07-03,P120,177,165,12,0.9322,2,36
2026-07-04,P120,177,171,6,0.9661,6,4
2026-07-05,P120,177,169,8,0.9548,0,13
2026-07-06,P120,177,168,9,0.9492,2,52
2026-07-07,P120,177,170,7,0.9605,0,28
2026-07-08,P120,177,173,4,0.9774,1,42
2026-07-09,P120,177,169,8,0.9548,0,48
2026-07-10,P120,177,168,9,0.9492,1,34
2026-07-11,P120,177,169,8,0.9548,2,10
2026-07-12,P120,177,164,13,0.9266,2,61
2026-07-13,P120,177,167,10,0.9435,0,61
2026-07-14,P120,177,166,11,0.9379,2,14
2026-07-15,P120,177,165,12,0.9322,1,8
2026-07-16,P120,177,164,13,0.9266,6,64
2026-07-17,P120,177,159,18,0.8983,0,8
2026-07-18,P120,177,162,15,0.9153,0,25
2026-07-19,P120,177,158,19,0.8927,4,60
2026-07-20,P120,177,159,18,0.8983,4,16
2026-07-21,P120,177,159,18,0.8983,1,50
2026-07-22,P120,177,160,17,0.904,1,18
2026-07-23,P120,177,157,20,0.887,1,10
2026-07-24,P120,177,160,17,0.904,2,6
2026-07-25,P120,177,161,16,0.9096,2,25
2026-07-26,P120,177,165,12,0.9322,2,6
2026-07-27,P120,177,161,16,0.9096,2,11
2026-07-28,P120,177,163,14,0.9209,0,65
2026-07-29,P120,177,164,13,0.9266,0,45
2026-07-30,P120,177,165,12,0.9322,1,39
2026-07-31,P120,177,171,6,0.9661,0,16
2026-08-01,P120,177,167,10,0.9435,0,4
2026-08-02,P120,177,169,8,0.9548,0,46
2026-08-03,P120,177,173,4,0.9774,4,60
2026-08-04,P120,177,173,4,0.9774,0,15
2026-08-05,P120,177,173,4,0.9774,3,54
2026-08-06,P120,177,172,5,0.9718,0,31
2026-08-07,P120,177,173,4,0.9774,0,18
2026-08-08,P120,177,173,4,0.9774,0,16
2026-08-09,P120,177,169,8,0.9548,4,11
2026-08-10,P120,177,173,4,0.9774,4,40
2026-08-11,P120,177,173,4,0.9774,0,16
2026-08-12,P120,177,170,7,0.9605,0,59
2026-08-13,P120,177,162,15,0.9153,0,44
2026-08-14,P120,177,173,4,0.9774,6,53
2026-08-15,P120,177,168,9,0.9492,2,19
2026-08-16,P120,177,166,11,0.9379,2,49
2026-08-17,P120,177,171,6,0.9661,2,13
2026-08-18,P120,177,162,15,0.9153,2,23
2026-08-19,P120,177,165,12,0.9322,1,46
2026-08-20,P120,177,160,17,0.904,4,17
2026-08-21,P120,177,164,13,0.9266,3,46
2026-08-22,P120,177,165,12,0.9322,0,53
2026-08-23,P120,177,163,14,0.9209,2,58
2026-08-24,P120,177,165,12,0.9322,0,51
2026-08-25,P120,177,165,12,0.9322,4,40
2026-08-26,P120,177,171,6,0.9661,1,21
2026-08-27,P120,177,171,6,0.9661,6,63
2026-04-30,P121,231,174,57,0.7532,7,28
2026-05-01,P121,231,187,44,0.8095,3,54
2026-05-02,P121,231,180,51,0.7792,10,38
2026-05-03,P121,231,188,43,0.8139,5,64
2026-05-04,P121,231,194,37,0.8398,4,36
2026-05-05,P121,231,186,45,0.8052,4,0
2026-05-06,P121,231,186,45,0.8052,2,56
2026-05-07,P121,231,189,42,0.8182,6,34
2026-05-08,P121,231,191,40,0.8268,3,12
2026-05-09,P121,231,192,39,0.8312,6,57
2026-05-10,P121,231,187,44,0.8095,5,55
2026-05-11,P121,231,185,46,0.8009,7,55
2026-05-12,P121,231,188,43,0.8139,6,36
2026-05-13,P121,231,185,46,0.8009,5,35
2026-05-14,P121,231,185,46,0.8009,6,6
2026-05-15,P121,231,180,51,0.7792,3,37
2026-05-16,P121,231,178,53,0.7706,5,61
2026-05-17,P121,231,182,49,0.7879,3,53
2026-05-18,P121,231,184,47,0.7965,7,3
2026-05-19,P121,231,178,53,0.7706,4,8
2026-05-20,P121,231,178,53,0.7706,7,45
2026-05-21,P121,231,174,57,0.7532,6,46
2026-05-22,P121,231,174,57,0.7532,9,43
2026-05-23,P121,231,171,60,0.7403,4,31
2026-05-24,P121,231,176,55,0.7619,8,23
2026-05-25,P121,231,174,57,0.7532,7,15
2026-05-26,P121,231,180,51,0.7792,4,11
2026-05-27,P121,231,178,53,0.7706,2,15
2026-05-28,P121,231,186,45,0.8052,6,55
2026-05-29,P121,231,177,54,0.7662,8,23
2026-05-30,P121,231,181,50,0.7835,3,11
2026-05-31,P121,231,178,53,0.7706,4,37
2026-06-01,P121,231,186,45,0.8052,2,28
2026-06-02,P121,231,190,41,0.8225,9,30
2026-06-03,P121,231,194,37,0.8398,4,34
2026-06-04,P121,231,189,42,0.8182,1,15
2026-06-05,P121,231,195,36,0.8442,5,43
2026-06-06,P121,231,195,36,0.8442,6,17
2026-06-07,P121,231,193,38,0.8355,6,33
2026-06-08,P121,231,193,38,0.8355,0,50
2026-06-09,P121,231,193,38,0.8355,5,17
2026-06-10,P121,231,190,41,0.8225,7,36
2026-06-11,P121,231,188,43,0.8139,5,30
2026-06-12,P121,231,194,37,0.8398,3,50
2026-06-13,P121,231,184,47,0.7965,4,65
2026-06-14,P121,231,185,46,0.8009,7,31
2026-06-15,P121,231,187,44,0.8095,4,65
2026-06-16,P121,231,189,42,0.8182,10,19
2026-06-17,P121,231,187,44,0.8095,5,28
2026-06-18,P121,231,188,43,0.8139,5,3
2026-06-19,P121,231,186,45,0.8052,7,51
2026-06-20,P121,231,185,46,0.8009,5,64
2026-06-21,P121,231,177,54,0.7662,7,40
2026-06-22,P121,231,189,42,0.8182,4,35
2026-06-23,P121,231,182,49,0.7879,5,13
2026-06-24,P121,231,189,42,0.8182,4,51
2026-06-25,P121,231,182,49,0.7879,7,1
2026-06-26,P121,231,184,47,0.7965,8,18
2026-06-27,P121,231,184,47,0.7965,6,5
2026-06-28,P121,231,185,46,0.8009,5,43
2026-06-29,P121,231,195,36,0.8442,6,31
2026-06-30,P121,231,190,41,0.8225,3,42
2026-07-01,P121,231,192,39,0.8312,3,62
2026-07-02,P121,231,196,35,0.8485,4,60
2026-07-03,P121,231,192,39,0.8312,0,47
2026-07-04,P121,231,188,43,0.8139,3,41
2026-07-05,P121,231,195,36,0.8442,4,38
2026-07-06,P121,231,202,29,0.8745,1,51
2026-07-07,P121,231,197,34,0.8528,3,39
2026-07-08,P121,231,202,29,0.8745,5,24
2026-07-09,P121,231,193,38,0.8355,2,46
2026-07-10,P121,231,189,42,0.8182,3,23
2026-07-11,P121,231,199,32,0.8615,3,38
2026-07-12,P121,231,196,35,0.8485,5,45
2026-07-13,P121,231,193,38,0.8355,4,64
2026-07-14,P121,231,194,37,0.8398,5,58
2026-07-15,P121,231,189,42,0.8182,6,3
2026-07-16,P121,231,186,45,0.8052,6,25
2026-07-17,P121,231,198,33,0.8571,3,19
2026-07-18,P121,231,185,46,0.8009,8,21
2026-07-19,P121,231,184,47,0.7965,6,7
2026-07-20,P121,231,186,45,0.8052,6,43
2026-07-21,P121,231,189,42,0.8182,6,26
2026-07-22,P121,231,187,44,0.8095,7,17
2026-07-23,P121,231,190,41,0.8225,0,64
2026-07-24,P121,231,184,47,0.7965,5,30
2026-07-25,P121,231,183,48,0.7922,7,49
2026-07-26,P121,231,185,46,0.8009,7,50
2026-07-27,P121,231,189,42,0.8182,5,5
2026-07-28,P121,231,191,40,0.8268,3,39
2026-07-29,P121,231,190,41,0.8225,4,2
2026-07-30,P121,231,193,38,0.8355,6,24
2026-07-31,P121,231,195,36,0.8442,7,5
2026-08-01,P121,231,207,24,0.8961,3,25
2026-08-02,P121,231,201,30,0.8701,1,12
2026-08-03,P121,231,204,27,0.8831,2,4
2026-08-04,P121,231,202,29,0.8745,4,8
2026-08-05,P121,231,205,26,0.8874,0,31
2026-08-06,P121,231,204,27,0.8831,4,15
2026-08-07,P121,231,211,20,0.9134,2,64
2026-08-08,P121,231,197,34,0.8528,5,53
2026-08-09,P121,231,202,29,0.8745,5,49
2026-08-10,P121,231,194,37,0.8398,2,39
2026-08-11,P121,231,198,33,0.8571,1,19
2026-08-12,P121,231,203,28,0.8788,7,32
2026-08-13,P121,231,195,36,0.8442,6,52
2026-08-14,P121,231,196,35,0.8485,1,28
2026-08-15,P121,231,193,38,0.8355,5,48
2026-08-16,P121,231,192,39,0.8312,4,7
2026-08-17,P121,231,188,43,0.8139,3,63
2026-08-18,P121,231,188,43,0.8139,2,6
2026-08-19,P121,231,193,38,0.8355,3,33
2026-08-20,P121,231,192,39,0.8312,3,57
2026-08-21,P121,231,190,41,0.8225,6,13
2026-08-22,P121,231,190,41,0.8225,1,12
2026-08-23,P121,231,191,40,0.8268,4,38
2026-08-24,P121,231,193,38,0.8355,5,33
2026-08-25,P121,231,193,38,0.8355,5,26
2026-08-26,P121,231,200,31,0.8658,5,35
2026-08-27,P121,231,196,35,0.8485,1,26
2026-04-30,P122,331,214,117,0.6465,16,63
2026-05-01,P122,331,226,105,0.6828,15,0
2026-05-02,P122,331,218,113,0.6586,8,18
2026-05-03,P122,331,223,108,0.6737,13,9
2026-05-04,P122,331,226,105,0.6828,13,20
2026-05-05,P122,331,228,103,0.6888,12,10
2026-05-06,P122,331,240,91,0.7251,14,35
2026-05-07,P122,331,239,92,0.7221,10,20
2026-05-08,P122,331,249,82,0.7523,10,0
2026-05-09,P122,331,236,95,0.713,15,17
2026-05-10,P122,331,243,88,0.7341,9,8
2026-05-11,P122,331,228,103,0.6888,8,20
2026-05-12,P122,331,232,99,0.7009,7,42
2026-05-13,P122,331,231,100,0.6979,12,63
2026-05-14,P122,331,220,111,0.6647,11,4
2026-05-15,P122,331,228,103,0.6888,10,22
2026-05-16,P122,331,218,113,0.6586,13,38
2026-05-17,P122,331,228,103,0.6888,9,28
2026-05-18,P122,331,220,111,0.6647,12,24
2026-05-19,P122,331,216,115,0.6526,17,21
2026-05-20,P122,331,207,124,0.6254,15,34
2026-05-21,P122,331,222,109,0.6707,12,1
2026-05-22,P122,331,214,117,0.6465,14,23
2026-05-23,P122,331,219,112,0.6616,11,8
2026-05-24,P122,331,214,117,0.6465,15,35
2026-05-25,P122,331,208,123,0.6284,14,16
2026-05-26,P122,331,209,122,0.6314,15,25
2026-05-27,P122,331,213,118,0.6435,14,12
2026-05-28,P122,331,215,116,0.6495,13,7
2026-05-29,P122,331,224,107,0.6767,11,10
2026-05-30,P122,331,224,107,0.6767,14,36
2026-05-31,P122,331,233,98,0.7039,10,36
2026-06-01,P122,331,237,94,0.716,11,61
2026-06-02,P122,331,236,95,0.713,12,64
2026-06-03,P122,331,244,87,0.7372,11,54
2026-06-04,P122,331,231,100,0.6979,14,57
2026-06-05,P122,331,229,102,0.6918,13,49
2026-06-06,P122,331,237,94,0.716,9,23
2026-06-07,P122,331,250,81,0.7553,9,64
2026-06-08,P122,331,242,89,0.7311,7,37
2026-06-09,P122,331,236,95,0.713,10,57
2026-06-10,P122,331,239,92,0.7221,11,36
2026-06-11,P122,331,235,96,0.71,10,43
2026-06-12,P122,331,241,90,0.7281,9,57
2026-06-13,P122,331,239,92,0.7221,9,20
2026-06-14,P122,331,233,98,0.7039,11,21
2026-06-15,P122,331,234,97,0.7069,10,26
2026-06-16,P122,331,227,104,0.6858,6,24
2026-06-17,P122,331,229,102,0.6918,15,42
2026-06-18,P122,331,221,110,0.6677,10,47
2026-06-19,P122,331,211,120,0.6375,14,28
2026-06-20,P122,331,226,105,0.6828,13,35
2026-06-21,P122,331,200,131,0.6042,9,18
2026-06-22,P122,331,224,107,0.6767,10,19
2026-06-23,P122,331,218,113,0.6586,11,21
2026-06-24,P122,331,221,110,0.6677,12,5
2026-06-25,P122,331,220,111,0.6647,11,36
2026-06-26,P122,331,226,105,0.6828,10,21
2026-06-27,P122,331,229,102,0.6918,11,1
2026-06-28,P122,331,236,95,0.713,8,19
2026-06-29,P122,331,233,98,0.7039,14,13
2026-06-30,P122,331,232,99,0.7009,12,30
2026-07-01,P122,331,244,87,0.7372,10,23
2026-07-02,P122,331,236,95,0.713,10,64
2026-07-03,P122,331,244,87,0.7372,10,30
2026-07-04,P122,331,252,79,0.7613,7,9
2026-07-05,P122,331,253,78,0.7644,12,38
2026-07-06,P122,331,241,90,0.7281,13,7
2026-07-07,P122,331,244,87,0.7372,11,27
2026-07-08,P122,331,249,82,0.7523,12,36
2026-07-09,P122,331,261,70,0.7885,7,62
2026-07-10,P122,331,239,92,0.7221,9,61
2026-07-11,P122,331,249,82,0.7523,8,44
2026-07-12,P122,331,240,91,0.7251,10,33
2026-07-13,P122,331,239,92,0.7221,13,13
2026-07-14,P122,331,244,87,0.7372,12,47
2026-07-15,P122,331,237,94,0.716,10,38
2026-07-16,P122,331,242,89,0.7311,12,30
2026-07-17,P122,331,249,82,0.7523,9,54
2026-07-18,P122,331,217,114,0.6556,11,17
2026-07-19,P122,331,235,96,0.71,11,51
2026-07-20,P122,331,229,102,0.6918,11,8
2026-07-21,P122,331,224,107,0.6767,10,24
2026-07-22,P122,331,230,101,0.6949,10,55
2026-07-23,P122,331,223,108,0.6737,14,47
2026-07-24,P122,331,229,102,0.6918,13,16
2026-07-25,P122,331,231,100,0.6979,10,30
2026-07-26,P122,331,235,96,0.71,12,0
2026-07-27,P122,331,235,96,0.71,10,59
2026-07-28,P122,331,252,79,0.7613,7,15
2026-07-29,P122,331,247,84,0.7462,8,56
2026-07-30,P122,331,241,90,0.7281,13,64
2026-07-31,P122,331,245,86,0.7402,13,22
2026-08-01,P122,331,252,79,0.7613,2,61
2026-08-02,P122,331,255,76,0.7704,7,13
2026-08-03,P122,331,247,84,0.7462,9,16
2026-08-04,P122,331,239,92,0.7221,7,31
2026-08-05,P122,331,241,90,0.7281,8,26
2026-08-06,P122,331,250,81,0.7553,9,18
2026-08-07,P122,331,262,69,0.7915,7,17
2026-08-08,P122,331,251,80,0.7583,7,4
2026-08-09,P122,331,248,83,0.7492,12,38
2026-08-10,P122,331,260,71,0.7855,7,44
2026-08-11,P122,331,244,87,0.7372,12,46
2026-08-12,P122,331,249,82,0.7523,7,5
2026-08-13,P122,331,250,81,0.7553,10,64
2026-08-14,P122,331,251,80,0.7583,6,44
2026-08-15,P122,331,244,87,0.7372,10,14
2026-08-16,P122,331,232,99,0.7009,7,9
2026-08-17,P122,331,232,99,0.7009,11,64
2026-08-18,P122,331,233,98,0.7039,9,15
2026-08-19,P122,331,237,94,0.716,13,45
2026-08-20,P122,331,237,94,0.716,11,13
2026-08-21,P122,331,243,88,0.7341,8,51
2026-08-22,P122,331,241,90,0.7281,12,56
2026-08-23,P122,331,233,98,0.7039,7,33
2026-08-24,P122,331,226,105,0.6828,11,15
2026-08-25,P122,331,243,88,0.7341,5,58
2026-08-26,P122,331,242,89,0.7311,10,50
2026-08-27,P122,331,243,88,0.7341,12,59
2026-04-30,P123,395,349,46,0.8835,3,39
2026-05-01,P123,395,361,34,0.9139,3,24
2026-05-02,P123,395,349,46,0.8835,6,41
2026-05-03,P123,395,351,44,0.8886,8,31
2026-05-04,P123,395,353,42,0.8937,3,5
2026-05-05,P123,395,371,24,0.9392,0,9
2026-05-06,P123,395,368,27,0.9316,5,27
2026-05-07,P123,395,359,36,0.9089,4,35
2026-05-08,P123,395,363,32,0.919,1,47
2026-05-09,P123,395,355,40,0.8987,2,34
2026-05-10,P123,395,364,31,0.9215,5,58
2026-05-11,P123,395,370,25,0.9367,4,13
2026-05-12,P123,395,370,25,0.9367,4,45
2026-05-13,P123,395,355,40,0.8987,2,57
2026-05-14,P123,395,351,44,0.8886,4,9
2026-05-15,P123,395,358,37,0.9063,2,8
2026-05-16,P123,395,355,40,0.8987,5,36
2026-05-17,P123,395,349,46,0.8835,6,38
2026-05-18,P123,395,356,39,0.9013,8,24
2026-05-19,P123,395,340,55,0.8608,6,22
2026-05-20,P123,395,348,47,0.881,3,54
2026-05-21,P123,395,339,56,0.8582,3,10
2026-05-22,P123,395,338,57,0.8557,6,10
2026-05-23,P123,395,351,44,0.8886,5,35
2026-05-24,P123,395,351,44,0.8886,9,26
2026-05-25,P123,395,347,48,0.8785,8,15
2026-05-26,P123,395,351,44,0.8886,5,2
2026-05-27,P123,395,340,55,0.8608,8,21
2026-05-28,P123,395,350,45,0.8861,6,3
2026-05-29,P123,395,331,64,0.838,6,27
2026-05-30,P123,395,363,32,0.919,3,29
2026-05-31,P123,395,357,38,0.9038,1,62
2026-06-01,P123,395,364,31,0.9215,3,52
2026-06-02,P123,395,363,32,0.919,5,63
2026-06-03,P123,395,376,19,0.9519,4,24
2026-06-04,P123,395,377,18,0.9544,2,31
2026-06-05,P123,395,360,35,0.9114,3,34
2026-06-06,P123,395,361,34,0.9139,1,42
2026-06-07,P123,395,369,26,0.9342,4,7
2026-06-08,P123,395,379,16,0.9595,1,3
2026-06-09,P123,395,374,21,0.9468,4,26
2026-06-10,P123,395,373,22,0.9443,3,35
2026-06-11,P123,395,360,35,0.9114,3,53
2026-06-12,P123,395,370,25,0.9367,2,22
2026-06-13,P123,395,359,36,0.9089,6,3
2026-06-14,P123,395,361,34,0.9139,2,25
2026-06-15,P123,395,367,28,0.9291,3,54
2026-06-16,P123,395,354,41,0.8962,6,55
2026-06-17,P123,395,362,33,0.9165,3,38
2026-06-18,P123,395,352,43,0.8911,5,61
2026-06-19,P123,395,339,56,0.8582,8,42
2026-06-20,P123,395,353,42,0.8937,4,63
2026-06-21,P123,395,350,45,0.8861,9,55
2026-06-22,P123,395,353,42,0.8937,6,28
2026-06-23,P123,395,356,39,0.9013,5,37
2026-06-24,P123,395,337,58,0.8532,6,26
2026-06-25,P123,395,350,45,0.8861,8,58
2026-06-26,P123,395,351,44,0.8886,6,43
2026-06-27,P123,395,368,27,0.9316,2,11
2026-06-28,P123,395,359,36,0.9089,4,65
2026-06-29,P123,395,362,33,0.9165,4,64
2026-06-30,P123,395,367,28,0.9291,0,12
2026-07-01,P123,395,371,24,0.9392,0,18
2026-07-02,P123,395,369,26,0.9342,4,56
2026-07-03,P123,395,387,8,0.9797,0,24
2026-07-04,P123,395,381,14,0.9646,0,21
2026-07-05,P123,395,370,25,0.9367,5,9
2026-07-06,P123,395,387,8,0.9797,0,52
2026-07-07,P123,395,384,11,0.9722,0,25
2026-07-08,P123,395,384,11,0.9722,3,40
2026-07-09,P123,395,381,14,0.9646,0,9
2026-07-10,P123,395,375,20,0.9494,0,46
2026-07-11,P123,395,377,18,0.9544,2,30
2026-07-12,P123,395,368,27,0.9316,2,49
2026-07-13,P123,395,373,22,0.9443,4,23
2026-07-14,P123,395,370,25,0.9367,1,4
2026-07-15,P123,395,372,23,0.9418,8,62
2026-07-16,P123,395,368,27,0.9316,3,37
2026-07-17,P123,395,350,45,0.8861,5,14
2026-07-18,P123,395,352,43,0.8911,9,22
2026-07-19,P123,395,349,46,0.8835,6,64
2026-07-20,P123,395,361,34,0.9139,8,49
2026-07-21,P123,395,348,47,0.881,4,63
2026-07-22,P123,395,365,30,0.9241,3,0
2026-07-23,P123,395,366,29,0.9266,0,25
2026-07-24,P123,395,359,36,0.9089,8,11
2026-07-25,P123,395,361,34,0.9139,2,45
2026-07-26,P123,395,360,35,0.9114,3,53
2026-07-27,P123,395,373,22,0.9443,0,49
2026-07-28,P123,395,363,32,0.919,5,42
2026-07-29,P123,395,379,16,0.9595,1,26
2026-07-30,P123,395,375,20,0.9494,3,47
2026-07-31,P123,395,368,27,0.9316,6,16
2026-08-01,P123,395,387,8,0.9797,0,59
2026-08-02,P123,395,387,8,0.9797,0,36
2026-08-03,P123,395,387,8,0.9797,0,36
2026-08-04,P123,395,386,9,0.9772,0,47
2026-08-05,P123,395,385,10,0.9747,0,36
2026-08-06,P123,395,387,8,0.9797,0,35
2026-08-07,P123,395,383,12,0.9696,3,57
2026-08-08,P123,395,382,13,0.9671,0,28
2026-08-09,P123,395,387,8,0.9797,0,51
2026-08-10,P123,395,387,8,0.9797,2,20
2026-08-11,P123,395,373,22,0.9443,6,63
2026-08-12,P123,395,385,10,0.9747,4,52
2026-08-13,P123,395,381,14,0.9646,3,25
2026-08-14,P123,395,357,38,0.9038,6,31
2026-08-15,P123,395,367,28,0.9291,1,5
2026-08-16,P123,395,368,27,0.9316,5,11
2026-08-17,P123,395,360,35,0.9114,3,15
2026-08-18,P123,395,362,33,0.9165,4,65
2026-08-19,P123,395,371,24,0.9392,5,19
2026-08-20,P123,395,361,34,0.9139,3,5
2026-08-21,P123,395,362,33,0.9165,1,38
2026-08-22,P123,395,362,33,0.9165,3,34
2026-08-23,P123,395,367,28,0.9291,2,18
2026-08-24,P123,395,368,27,0.9316,5,57
2026-08-25,P123,395,359,36,0.9089,3,30
2026-08-26,P123,395,366,29,0.9266,4,42
2026-08-27,P123,395,372,23,0.9418,4,39
2026-04-30,P124,167,128,39,0.7665,4,18
2026-05-01,P124,167,124,43,0.7425,3,64
2026-05-02,P124,167,122,45,0.7305,6,38
2026-05-03,P124,167,128,39,0.7665,2,38
2026-05-04,P124,167,130,37,0.7784,3,12
2026-05-05,P124,167,128,39,0.7665,5,60
2026-05-06,P124,167,127,40,0.7605,6,17
2026-05-07,P124,167,127,40,0.7605,4,34
2026-05-08,P124,167,127,40,0.7605,4,60
2026-05-09,P124,167,127,40,0.7605,5,5
2026-05-10,P124,167,125,42,0.7485,4,33
2026-05-11,P124,167,124,43,0.7425,7,17
2026-05-12,P124,167,123,44,0.7365,1,44
2026-05-13,P124,167,124,43,0.7425,6,12
2026-05-14,P124,167,127,40,0.7605,2,7
2026-05-15,P124,167,125,42,0.7485,3,18
2026-05-16,P124,167,121,46,0.7246,5,5
2026-05-17,P124,167,124,43,0.7425,2,36
2026-05-18,P124,167,122,45,0.7305,3,51
2026-05-19,P124,167,115,52,0.6886,7,26
2026-05-20,P124,167,118,49,0.7066,5,43
2026-05-21,P124,167,125,42,0.7485,1,54
2026-05-22,P124,167,119,48,0.7126,1,34
2026-05-23,P124,167,116,51,0.6946,9,48
2026-05-24,P124,167,118,49,0.7066,7,20
2026-05-25,P124,167,115,52,0.6886,7,6
2026-05-26,P124,167,111,56,0.6647,6,37
2026-05-27,P124,167,116,51,0.6946,4,36
2026-05-28,P124,167,122,45,0.7305,3,26
2026-05-29,P124,167,124,43,0.7425,5,55
2026-05-30,P124,167,122,45,0.7305,2,14
2026-05-31,P124,167,128,39,0.7665,6,5
2026-06-01,P124,167,130,37,0.7784,0,7
2026-06-02,P124,167,130,37,0.7784,6,17
2026-06-03,P124,167,130,37,0.7784,3,65
2026-06-04,P124,167,130,37,0.7784,5,9
2026-06-05,P124,167,130,37,0.7784,3,60
2026-06-06,P124,167,134,33,0.8024,3,25
2026-06-07,P124,167,136,31,0.8144,3,22
2026-06-08,P124,167,125,42,0.7485,3,25
2026-06-09,P124,167,128,39,0.7665,8,22
2026-06-10,P124,167,129,38,0.7725,3,59
2026-06-11,P124,167,132,35,0.7904,5,4
2026-06-12,P124,167,126,41,0.7545,5,46
2026-06-13,P124,167,128,39,0.7665,3,55
2026-06-14,P124,167,124,43,0.7425,4,52
2026-06-15,P124,167,127,40,0.7605,6,40
2026-06-16,P124,167,119,48,0.7126,4,41
2026-06-17,P124,167,129,38,0.7725,7,26
2026-06-18,P124,167,128,39,0.7665,8,29
2026-06-19,P124,167,123,44,0.7365,0,63
2026-06-20,P124,167,121,46,0.7246,5,33
2026-06-21,P124,167,121,46,0.7246,3,51
2026-06-22,P124,167,124,43,0.7425,5,18
2026-06-23,P124,167,125,42,0.7485,3,27
2026-06-24,P124,167,128,39,0.7665,3,41
2026-06-25,P124,167,123,44,0.7365,3,40
2026-06-26,P124,167,130,37,0.7784,2,49
2026-06-27,P124,167,128,39,0.7665,5,42
2026-06-28,P124,167,125,42,0.7485,4,30
2026-06-29,P124,167,126,41,0.7545,3,19
2026-06-30,P124,167,130,37,0.7784,4,63
2026-07-01,P124,167,133,34,0.7964,1,29
2026-07-02,P124,167,130,37,0.7784,4,46
2026-07-03,P124,167,136,31,0.8144,6,28
2026-07-04,P124,167,138,29,0.8263,2,49
2026-07-05,P124,167,129,38,0.7725,5,3
2026-07-06,P124,167,134,33,0.8024,1,58
2026-07-07,P124,167,137,30,0.8204,4,18
2026-07-08,P124,167,136,31,0.8144,7,18
2026-07-09,P124,167,135,32,0.8084,7,53
2026-07-10,P124,167,132,35,0.7904,5,42
2026-07-11,P124,167,132,35,0.7904,4,37
2026-07-12,P124,167,131,36,0.7844,6,6
2026-07-13,P124,167,133,34,0.7964,5,38
2026-07-14,P124,167,131,36,0.7844,6,49
2026-07-15,P124,167,126,41,0.7545,9,18
2026-07-16,P124,167,134,33,0.8024,5,27
2026-07-17,P124,167,127,40,0.7605,4,63
2026-07-18,P124,167,131,36,0.7844,2,13
2026-07-19,P124,167,125,42,0.7485,4,16
2026-07-20,P124,167,126,41,0.7545,5,48
2026-07-21,P124,167,127,40,0.7605,3,7
2026-07-22,P124,167,129,38,0.7725,5,17
2026-07-23,P124,167,120,47,0.7186,6,53
2026-07-24,P124,167,126,41,0.7545,3,13
2026-07-25,P124,167,129,38,0.7725,3,41
2026-07-26,P124,167,126,41,0.7545,6,51
2026-07-27,P124,167,130,37,0.7784,5,16
2026-07-28,P124,167,127,40,0.7605,2,40
2026-07-29,P124,167,132,35,0.7904,4,26
2026-07-30,P124,167,132,35,0.7904,2,47
2026-07-31,P124,167,133,34,0.7964,0,53
2026-08-01,P124,167,134,33,0.8024,4,43
2026-08-02,P124,167,139,28,0.8323,3,28
2026-08-03,P124,167,141,26,0.8443,2,9
2026-08-04,P124,167,139,28,0.8323,5,63
2026-08-05,P124,167,143,24,0.8563,4,57
2026-08-06,P124,167,138,29,0.8263,1,43
2026-08-07,P124,167,137,30,0.8204,6,8
2026-08-08,P124,167,143,24,0.8563,3,8
2026-08-09,P124,167,134,33,0.8024,4,21
2026-08-10,P124,167,140,27,0.8383,0,48
2026-08-11,P124,167,136,31,0.8144,4,55
2026-08-12,P124,167,134,33,0.8024,8,3
2026-08-13,P124,167,131,36,0.7844,6,34
2026-08-14,P124,167,132,35,0.7904,4,35
2026-08-15,P124,167,135,32,0.8084,0,12
2026-08-16,P124,167,131,36,0.7844,4,57
2026-08-17,P124,167,131,36,0.7844,8,41
2026-08-18,P124,167,132,35,0.7904,5,65
2026-08-19,P124,167,128,39,0.7665,3,37
2026-08-20,P124,167,130,37,0.7784,2,9
2026-08-21,P124,167,129,38,0.7725,4,2
2026-08-22,P124,167,125,42,0.7485,7,22
2026-08-23,P124,167,129,38,0.7725,5,41
2026-08-24,P124,167,132,35,0.7904,3,20
2026-08-25,P124,167,130,37,0.7784,5,8
2026-08-26,P124,167,133,34,0.7964,3,25
2026-08-27,P124,167,129,38,0.7725,2,58
2026-04-30,P125,228,168,60,0.7368,6,28
2026-05-01,P125,228,160,68,0.7018,2,38
2026-05-02,P125,228,174,54,0.7632,6,15
2026-05-03,P125,228,172,56,0.7544,7,39
2026-05-04,P125,228,176,52,0.7719,6,19
2026-05-05,P125,228,177,51,0.7763,9,49
2026-05-06,P125,228,180,48,0.7895,5,50
2026-05-07,P125,228,180,48,0.7895,4,8
2026-05-08,P125,228,169,59,0.7412,8,42
2026-05-09,P125,228,169,59,0.7412,7,39
2026-05-10,P125,228,172,56,0.7544,7,4
2026-05-11,P125,228,176,52,0.7719,5,0
2026-05-12,P125,228,169,59,0.7412,5,52
2026-05-13,P125,228,173,55,0.7588,6,50
2026-05-14,P125,228,168,60,0.7368,9,55
2026-05-15,P125,228,166,62,0.7281,5,29
2026-05-16,P125,228,168,60,0.7368,7,51
2026-05-17,P125,228,165,63,0.7237,11,53
2026-05-18,P125,228,166,62,0.7281,6,63
2026-05-19,P125,228,159,69,0.6974,8,19
2026-05-20,P125,228,157,71,0.6886,4,12
2026-05-21,P125,228,160,68,0.7018,8,31
2026-05-22,P125,228,163,65,0.7149,10,7
2026-05-23,P125,228,163,65,0.7149,7,37
2026-05-24,P125,228,162,66,0.7105,7,60
2026-05-25,P125,228,165,63,0.7237,8,16
2026-05-26,P125,228,160,68,0.7018,12,28
2026-05-27,P125,228,166,62,0.7281,7,9
2026-05-28,P125,228,166,62,0.7281,6,25
2026-05-29,P125,228,170,58,0.7456,7,29
2026-05-30,P125,228,164,64,0.7193,7,3
2026-05-31,P125,228,174,54,0.7632,6,43
2026-06-01,P125,228,177,51,0.7763,7,53
2026-06-02,P125,228,174,54,0.7632,9,50
2026-06-03,P125,228,175,53,0.7675,5,18
2026-06-04,P125,228,174,54,0.7632,6,6
2026-06-05,P125,228,175,53,0.7675,6,37
2026-06-06,P125,228,176,52,0.7719,3,55
2026-06-07,P125,228,185,43,0.8114,6,37
2026-06-08,P125,228,180,48,0.7895,1,29
2026-06-09,P125,228,177,51,0.7763,5,46
2026-06-10,P125,228,169,59,0.7412,9,65
2026-06-11,P125,228,174,54,0.7632,4,41
2026-06-12,P125,228,171,57,0.75,5,52
2026-06-13,P125,228,172,56,0.7544,8,65
2026-06-14,P125,228,169,59,0.7412,7,58
2026-06-15,P125,228,172,56,0.7544,13,41
2026-06-16,P125,228,171,57,0.75,7,37
2026-06-17,P125,228,170,58,0.7456,5,60
2026-06-18,P125,228,169,59,0.7412,8,33
2026-06-19,P125,228,169,59,0.7412,8,47
2026-06-20,P125,228,164,64,0.7193,6,12
2026-06-21,P125,228,166,62,0.7281,5,26
2026-06-22,P125,228,169,59,0.7412,7,55
2026-06-23,P125,228,168,60,0.7368,8,17
2026-06-24,P125,228,170,58,0.7456,8,6
2026-06-25,P125,228,171,57,0.75,2,59
2026-06-26,P125,228,169,59,0.7412,4,19
2026-06-27,P125,228,180,48,0.7895,4,35
2026-06-28,P125,228,173,55,0.7588,3,47
2026-06-29,P125,228,177,51,0.7763,6,23
2026-06-30,P125,228,178,50,0.7807,8,14
2026-07-01,P125,228,176,52,0.7719,6,1
2026-07-02,P125,228,181,47,0.7939,6,30
2026-07-03,P125,228,179,49,0.7851,4,31
2026-07-04,P125,228,179,49,0.7851,4,22
2026-07-05,P125,228,174,54,0.7632,8,3
2026-07-06,P125,228,186,42,0.8158,5,36
2026-07-07,P125,228,191,37,0.8377,2,53
2026-07-08,P125,228,170,58,0.7456,7,1
2026-07-09,P125,228,186,42,0.8158,2,64
2026-07-10,P125,228,180,48,0.7895,3,29
2026-07-11,P125,228,185,43,0.8114,3,38
2026-07-12,P125,228,190,38,0.8333,5,27
2026-07-13,P125,228,181,47,0.7939,5,11
2026-07-14,P125,228,183,45,0.8026,9,0
2026-07-15,P125,228,182,46,0.7982,7,59
2026-07-16,P125,228,177,51,0.7763,6,3
2026-07-17,P125,228,164,64,0.7193,6,5
2026-07-18,P125,228,171,57,0.75,8,4
2026-07-19,P125,228,164,64,0.7193,11,17
2026-07-20,P125,228,172,56,0.7544,3,38
2026-07-21,P125,228,167,61,0.7325,9,15
2026-07-22,P125,228,167,61,0.7325,5,29
2026-07-23,P125,228,168,60,0.7368,9,11
2026-07-24,P125,228,167,61,0.7325,5,51
2026-07-25,P125,228,176,52,0.7719,4,27
2026-07-26,P125,228,176,52,0.7719,6,30
2026-07-27,P125,228,179,49,0.7851,7,16
2026-07-28,P125,228,173,55,0.7588,5,14
2026-07-29,P125,228,182,46,0.7982,0,38
2026-07-30,P125,228,181,47,0.7939,5,20
2026-07-31,P125,228,185,43,0.8114,9,5
2026-08-01,P125,228,192,36,0.8421,2,56
2026-08-02,P125,228,192,36,0.8421,5,61
2026-08-03,P125,228,184,44,0.807,6,16
2026-08-04,P125,228,195,33,0.8553,6,28
2026-08-05,P125,228,192,36,0.8421,7,62
2026-08-06,P125,228,188,40,0.8246,7,1
2026-08-07,P125,228,185,43,0.8114,7,29
2026-08-08,P125,228,184,44,0.807,4,36
2026-08-09,P125,228,185,43,0.8114,2,59
2026-08-10,P125,228,179,49,0.7851,2,50
2026-08-11,P125,228,184,44,0.807,8,32
2026-08-12,P125,228,185,43,0.8114,4,10
2026-08-13,P125,228,180,48,0.7895,2,62
2026-08-14,P125,228,182,46,0.7982,3,9
2026-08-15,P125,228,182,46,0.7982,5,46
2026-08-16,P125,228,178,50,0.7807,6,21
2026-08-17,P125,228,178,50,0.7807,6,20
2026-08-18,P125,228,178,50,0.7807,5,32
2026-08-19,P125,228,175,53,0.7675,6,54
2026-08-20,P125,228,178,50,0.7807,6,65
2026-08-21,P125,228,180,48,0.7895,7,14
2026-08-22,P125,228,171,57,0.75,5,59
2026-08-23,P125,228,166,62,0.7281,6,21
2026-08-24,P125,228,181,47,0.7939,6,54
2026-08-25,P125,228,179,49,0.7851,4,45
2026-08-26,P125,228,181,47,0.7939,4,62
2026-08-27,P125,228,176,52,0.7719,4,56
2026-04-30,P126,304,192,112,0.6316,12,33
2026-05-01,P126,304,198,106,0.6513,11,35
2026-05-02,P126,304,198,106,0.6513,11,3
2026-05-03,P126,304,198,106,0.6513,12,50
2026-05-04,P126,304,201,103,0.6612,13,60
2026-05-05,P126,304,208,96,0.6842,12,51
2026-05-06,P126,304,206,98,0.6776,10,42
2026-05-07,P126,304,206,98,0.6776,9,0
2026-05-08,P126,304,207,97,0.6809,10,48
2026-05-09,P126,304,216,88,0.7105,7,37
2026-05-10,P126,304,198,106,0.6513,13,45
2026-05-11,P126,304,205,99,0.6743,12,25
2026-05-12,P126,304,203,101,0.6678,10,55
2026-05-13,P126,304,198,106,0.6513,10,38
2026-05-14,P126,304,202,102,0.6645,11,49
2026-05-15,P126,304,194,110,0.6382,12,1
2026-05-16,P126,304,196,108,0.6447,13,38
2026-05-17,P126,304,187,117,0.6151,11,17
2026-05-18,P126,304,193,111,0.6349,13,58
2026-05-19,P126,304,199,105,0.6546,11,30
2026-05-20,P126,304,194,110,0.6382,11,52
2026-05-21,P126,304,196,108,0.6447,10,40
2026-05-22,P126,304,187,117,0.6151,14,38
2026-05-23,P126,304,193,111,0.6349,14,36
2026-05-24,P126,304,195,109,0.6414,13,43
2026-05-25,P126,304,193,111,0.6349,10,59
2026-05-26,P126,304,194,110,0.6382,14,33
2026-05-27,P126,304,197,107,0.648,14,63
2026-05-28,P126,304,196,108,0.6447,11,48
2026-05-29,P126,304,195,109,0.6414,16,5
2026-05-30,P126,304,201,103,0.6612,13,57
2026-05-31,P126,304,191,113,0.6283,11,62
2026-06-01,P126,304,198,106,0.6513,11,45
2026-06-02,P126,304,204,100,0.6711,13,63
2026-06-03,P126,304,207,97,0.6809,10,17
2026-06-04,P126,304,206,98,0.6776,9,2
2026-06-05,P126,304,209,95,0.6875,10,21
2026-06-06,P126,304,210,94,0.6908,8,5
2026-06-07,P126,304,217,87,0.7138,12,55
2026-06-08,P126,304,206,98,0.6776,11,54
2026-06-09,P126,304,212,92,0.6974,9,58
2026-06-10,P126,304,215,89,0.7072,10,38
2026-06-11,P126,304,208,96,0.6842,8,18
2026-06-12,P126,304,208,96,0.6842,11,64
2026-06-13,P126,304,198,106,0.6513,14,33
2026-06-14,P126,304,199,105,0.6546,16,3
2026-06-15,P126,304,214,90,0.7039,10,3
2026-06-16,P126,304,203,101,0.6678,12,61
2026-06-17,P126,304,200,104,0.6579,12,19
2026-06-18,P126,304,209,95,0.6875,14,55
2026-06-19,P126,304,199,105,0.6546,9,48
2026-06-20,P126,304,199,105,0.6546,7,4
2026-06-21,P126,304,200,104,0.6579,10,15
2026-06-22,P126,304,195,109,0.6414,13,40
2026-06-23,P126,304,193,111,0.6349,12,8
2026-06-24,P126,304,207,97,0.6809,9,45
2026-06-25,P126,304,207,97,0.6809,13,57
2026-06-26,P126,304,204,100,0.6711,12,12
2026-06-27,P126,304,203,101,0.6678,14,34
2026-06-28,P126,304,198,106,0.6513,14,26
2026-06-29,P126,304,203,101,0.6678,11,0
2026-06-30,P126,304,216,88,0.7105,7,9
2026-07-01,P126,304,208,96,0.6842,14,12
2026-07-02,P126,304,213,91,0.7007,11,2
2026-07-03,P126,304,220,84,0.7237,10,7
2026-07-04,P126,304,214,90,0.7039,9,27
2026-07-05,P126,304,216,88,0.7105,11,58
2026-07-06,P126,304,225,79,0.7401,6,0
2026-07-07,P126,304,218,86,0.7171,10,38
2026-07-08,P126,304,220,84,0.7237,12,46
2026-07-09,P126,304,217,87,0.7138,11,42
2026-07-10,P126,304,222,82,0.7303,5,44
2026-07-11,P126,304,215,89,0.7072,11,57
2026-07-12,P126,304,212,92,0.6974,9,42
2026-07-13,P126,304,218,86,0.7171,15,61
2026-07-14,P126,304,222,82,0.7303,7,13
2026-07-15,P126,304,213,91,0.7007,11,38
2026-07-16,P126,304,208,96,0.6842,11,50
2026-07-17,P126,304,209,95,0.6875,12,10
2026-07-18,P126,304,200,104,0.6579,12,15
2026-07-19,P126,304,207,97,0.6809,11,57
2026-07-20,P126,304,212,92,0.6974,9,47
2026-07-21,P126,304,206,98,0.6776,12,44
2026-07-22,P126,304,198,106,0.6513,11,50
2026-07-23,P126,304,211,93,0.6941,13,25
2026-07-24,P126,304,208,96,0.6842,11,27
2026-07-25,P126,304,203,101,0.6678,10,3
2026-07-26,P126,304,208,96,0.6842,12,16
2026-07-27,P126,304,208,96,0.6842,8,37
2026-07-28,P126,304,207,97,0.6809,10,6
2026-07-29,P126,304,212,92,0.6974,11,51
2026-07-30,P126,304,213,91,0.7007,9,51
2026-07-31,P126,304,222,82,0.7303,9,21
2026-08-01,P126,304,215,89,0.7072,11,43
2026-08-02,P126,304,229,75,0.7533,6,38
2026-08-03,P126,304,219,85,0.7204,10,36
2026-08-04,P126,304,222,82,0.7303,9,44
2026-08-05,P126,304,221,83,0.727,10,55
2026-08-06,P126,304,220,84,0.7237,10,17
2026-08-07,P126,304,221,83,0.727,10,7
2026-08-08,P126,304,228,76,0.75,9,16
2026-08-09,P126,304,227,77,0.7467,9,41
2026-08-10,P126,304,228,76,0.75,8,52
2026-08-11,P126,304,239,65,0.7862,8,25
2026-08-12,P126,304,216,88,0.7105,10,65
2026-08-13,P126,304,211,93,0.6941,11,5
2026-08-14,P126,304,219,85,0.7204,9,16
2026-08-15,P126,304,217,87,0.7138,10,7
2026-08-16,P126,304,213,91,0.7007,11,49
2026-08-17,P126,304,207,97,0.6809,11,57
2026-08-18,P126,304,202,102,0.6645,14,38
2026-08-19,P126,304,211,93,0.6941,11,32
2026-08-20,P126,304,209,95,0.6875,10,4
2026-08-21,P126,304,208,96,0.6842,13,7
2026-08-22,P126,304,221,83,0.727,11,38
2026-08-23,P126,304,207,97,0.6809,12,45
2026-08-24,P126,304,206,98,0.6776,13,40
2026-08-25,P126,304,206,98,0.6776,11,32
2026-08-26,P126,304,223,81,0.7336,9,42
2026-08-27,P126,304,215,89,0.7072,12,63
2026-04-30,P127,333,284,49,0.8529,3,21
2026-05-01,P127,333,288,45,0.8649,1,21
2026-05-02,P127,333,285,48,0.8559,7,50
2026-05-03,P127,333,287,46,0.8619,7,61
2026-05-04,P127,333,298,35,0.8949,2,47
2026-05-05,P127,333,302,31,0.9069,5,3
2026-05-06,P127,333,291,42,0.8739,4,35
2026-05-07,P127,333,290,43,0.8709,5,49
2026-05-08,P127,333,299,34,0.8979,2,45
2026-05-09,P127,333,295,38,0.8859,2,4
2026-05-10,P127,333,298,35,0.8949,1,56
2026-05-11,P127,333,293,40,0.8799,5,25
2026-05-12,P127,333,292,41,0.8769,4,23
2026-05-13,P127,333,290,43,0.8709,1,55
2026-05-14,P127,333,293,40,0.8799,2,63
2026-05-15,P127,333,280,53,0.8408,7,43
2026-05-16,P127,333,290,43,0.8709,5,61
2026-05-17,P127,333,285,48,0.8559,7,14
2026-05-18,P127,333,280,53,0.8408,8,18
2026-05-19,P127,333,289,44,0.8679,3,9
2026-05-20,P127,333,272,61,0.8168,10,0
2026-05-21,P127,333,293,40,0.8799,4,57
2026-05-22,P127,333,269,64,0.8078,7,30
2026-05-23,P127,333,269,64,0.8078,7,38
2026-05-24,P127,333,289,44,0.8679,5,57
2026-05-25,P127,333,292,41,0.8769,6,2
2026-05-26,P127,333,290,43,0.8709,1,18
2026-05-27,P127,333,290,43,0.8709,9,46
2026-05-28,P127,333,280,53,0.8408,9,6
2026-05-29,P127,333,290,43,0.8709,4,58
2026-05-30,P127,333,295,38,0.8859,3,58
2026-05-31,P127,333,294,39,0.8829,4,37
2026-06-01,P127,333,304,29,0.9129,4,21
2026-06-02,P127,333,306,27,0.9189,5,12
2026-06-03,P127,333,305,28,0.9159,2,29
2026-06-04,P127,333,299,34,0.8979,3,41
2026-06-05,P127,333,299,34,0.8979,6,17
2026-06-06,P127,333,304,29,0.9129,3,2
2026-06-07,P127,333,305,28,0.9159,1,11
2026-06-08,P127,333,295,38,0.8859,1,5
2026-06-09,P127,333,289,44,0.8679,4,30
2026-06-10,P127,333,305,28,0.9159,0,35
2026-06-11,P127,333,306,27,0.9189,2,44
2026-06-12,P127,333,294,39,0.8829,4,65
2026-06-13,P127,333,299,34,0.8979,4,11
2026-06-14,P127,333,292,41,0.8769,5,62
2026-06-15,P127,333,290,43,0.8709,5,27
2026-06-16,P127,333,293,40,0.8799,6,18
2026-06-17,P127,333,288,45,0.8649,5,22
2026-06-18,P127,333,287,46,0.8619,1,24
2026-06-19,P127,333,279,54,0.8378,8,20
2026-06-20,P127,333,283,50,0.8498,8,52
2026-06-21,P127,333,288,45,0.8649,10,62
2026-06-22,P127,333,286,47,0.8589,3,16
2026-06-23,P127,333,284,49,0.8529,8,46
2026-06-24,P127,333,280,53,0.8408,4,44
2026-06-25,P127,333,285,48,0.8559,3,46
2026-06-26,P127,333,292,41,0.8769,3,38
2026-06-27,P127,333,285,48,0.8559,3,39
2026-06-28,P127,333,298,35,0.8949,4,22
2026-06-29,P127,333,295,38,0.8859,4,19
2026-06-30,P127,333,302,31,0.9069,7,6
2026-07-01,P127,333,301,32,0.9039,7,61
2026-07-02,P127,333,302,31,0.9069,2,11
2026-07-03,P127,333,310,23,0.9309,3,40
2026-07-04,P127,333,312,21,0.9369,6,12
2026-07-05,P127,333,315,18,0.9459,2,39
2026-07-06,P127,333,307,26,0.9219,0,23
2026-07-07,P127,333,303,30,0.9099,5,10
2026-07-08,P127,333,310,23,0.9309,1,39
2026-07-09,P127,333,309,24,0.9279,4,40
2026-07-10,P127,333,313,20,0.9399,0,13
2026-07-11,P127,333,308,25,0.9249,5,58
2026-07-12,P127,333,303,30,0.9099,2,6
2026-07-13,P127,333,308,25,0.9249,3,47
2026-07-14,P127,333,299,34,0.8979,3,2
2026-07-15,P127,333,293,40,0.8799,5,34
2026-07-16,P127,333,300,33,0.9009,5,55
2026-07-17,P127,333,300,33,0.9009,4,52
2026-07-18,P127,333,297,36,0.8919,1,65
2026-07-19,P127,333,293,40,0.8799,4,63
2026-07-20,P127,333,293,40,0.8799,5,56
2026-07-21,P127,333,287,46,0.8619,9,16
2026-07-22,P127,333,297,36,0.8919,6,65
2026-07-23,P127,333,290,43,0.8709,1,6
2026-07-24,P127,333,289,44,0.8679,5,39
2026-07-25,P127,333,294,39,0.8829,6,41
2026-07-26,P127,333,308,25,0.9249,1,41
2026-07-27,P127,333,298,35,0.8949,2,36
2026-07-28,P127,333,308,25,0.9249,4,20
2026-07-29,P127,333,314,19,0.9429,0,24
2026-07-30,P127,333,319,14,0.958,5,27
2026-07-31,P127,333,313,20,0.9399,0,49
2026-08-01,P127,333,312,21,0.9369,2,44
2026-08-02,P127,333,316,17,0.9489,2,33
2026-08-03,P127,333,311,22,0.9339,1,18
2026-08-04,P127,333,317,16,0.952,3,10
2026-08-05,P127,333,322,11,0.967,0,11
2026-08-06,P127,333,314,19,0.9429,0,37
2026-08-07,P127,333,314,19,0.9429,0,3
2026-08-08,P127,333,311,22,0.9339,4,19
2026-08-09,P127,333,314,19,0.9429,1,24
2026-08-10,P127,333,317,16,0.952,2,26
2026-08-11,P127,333,317,16,0.952,2,24
2026-08-12,P127,333,317,16,0.952,3,61
2026-08-13,P127,333,310,23,0.9309,1,21
2026-08-14,P127,333,300,33,0.9009,5,35
2026-08-15,P127,333,292,41,0.8769,8,1
2026-08-16,P127,333,318,15,0.955,5,39
2026-08-17,P127,333,314,19,0.9429,4,47
2026-08-18,P127,333,298,35,0.8949,0,10
2026-08-19,P127,333,291,42,0.8739,2,6
2026-08-20,P127,333,299,34,0.8979,1,13
2026-08-21,P127,333,294,39,0.8829,4,62
2026-08-22,P127,333,307,26,0.9219,8,30
2026-08-23,P127,333,308,25,0.9249,5,19
2026-08-24,P127,333,293,40,0.8799,2,44
2026-08-25,P127,333,301,32,0.9039,3,50
2026-08-26,P127,333,311,22,0.9339,5,35
2026-08-27,P127,333,307,26,0.9219,6,5
2026-04-30,P128,214,127,87,0.5935,12,10
2026-05-01,P128,214,128,86,0.5981,11,25
2026-05-02,P128,214,136,78,0.6355,9,21
2026-05-03,P128,214,136,78,0.6355,7,35
2026-05-04,P128,214,131,83,0.6121,8,20
2026-05-05,P128,214,140,74,0.6542,6,7
2026-05-06,P128,214,136,78,0.6355,11,44
2026-05-07,P128,214,134,80,0.6262,7,29
2026-05-08,P128,214,142,72,0.6636,8,63
2026-05-09,P128,214,139,75,0.6495,10,34
2026-05-10,P128,214,133,81,0.6215,9,46
2026-05-11,P128,214,146,68,0.6822,10,9
2026-05-12,P128,214,138,76,0.6449,10,10
2026-05-13,P128,214,134,80,0.6262,9,53
2026-05-14,P128,214,133,81,0.6215,10,64
2026-05-15,P128,214,140,74,0.6542,7,11
2026-05-16,P128,214,131,83,0.6121,11,63
2026-05-17,P128,214,126,88,0.5888,9,22
2026-05-18,P128,214,130,84,0.6075,10,4
2026-05-19,P128,214,127,87,0.5935,10,43
2026-05-20,P128,214,126,88,0.5888,11,65
2026-05-21,P128,214,117,97,0.5467,12,21
2026-05-22,P128,214,128,86,0.5981,11,10
2026-05-23,P128,214,134,80,0.6262,9,51
2026-05-24,P128,214,127,87,0.5935,12,18
2026-05-25,P128,214,126,88,0.5888,12,62
2026-05-26,P128,214,122,92,0.5701,10,36
2026-05-27,P128,214,120,94,0.5607,7,9
2026-05-28,P128,214,131,83,0.6121,11,2
2026-05-29,P128,214,131,83,0.6121,13,40
2026-05-30,P128,214,138,76,0.6449,10,17
2026-05-31,P128,214,136,78,0.6355,4,36
2026-06-01,P128,214,131,83,0.6121,13,49
2026-06-02,P128,214,130,84,0.6075,9,20
2026-06-03,P128,214,139,75,0.6495,9,64
2026-06-04,P128,214,141,73,0.6589,6,31
2026-06-05,P128,214,137,77,0.6402,10,44
2026-06-06,P128,214,144,70,0.6729,10,59
2026-06-07,P128,214,143,71,0.6682,6,5
2026-06-08,P128,214,137,77,0.6402,6,4
2026-06-09,P128,214,138,76,0.6449,6,42
2026-06-10,P128,214,139,75,0.6495,11,15
2026-06-11,P128,214,136,78,0.6355,9,41
2026-06-12,P128,214,140,74,0.6542,10,35
2026-06-13,P128,214,137,77,0.6402,11,39
2026-06-14,P128,214,136,78,0.6355,6,60
2026-06-15,P128,214,132,82,0.6168,12,47
2026-06-16,P128,214,135,79,0.6308,11,28
2026-06-17,P128,214,130,84,0.6075,8,1
2026-06-18,P128,214,131,83,0.6121,7,55
2026-06-19,P128,214,128,86,0.5981,9,29
2026-06-20,P128,214,132,82,0.6168,10,5
2026-06-21,P128,214,136,78,0.6355,11,46
2026-06-22,P128,214,125,89,0.5841,10,43
2026-06-23,P128,214,121,93,0.5654,12,56
2026-06-24,P128,214,131,83,0.6121,9,33
2026-06-25,P128,214,132,82,0.6168,10,40
2026-06-26,P128,214,129,85,0.6028,9,54
2026-06-27,P128,214,134,80,0.6262,9,33
2026-06-28,P128,214,133,81,0.6215,9,24
2026-06-29,P128,214,138,76,0.6449,6,58
2026-06-30,P128,214,136,78,0.6355,15,11
2026-07-01,P128,214,151,63,0.7056,5,19
2026-07-02,P128,214,139,75,0.6495,10,59
2026-07-03,P128,214,145,69,0.6776,9,23
2026-07-04,P128,214,143,71,0.6682,15,65
2026-07-05,P128,214,151,63,0.7056,8,48
2026-07-06,P128,214,148,66,0.6916,9,22
2026-07-07,P128,214,143,71,0.6682,6,65
2026-07-08,P128,214,147,67,0.6869,10,53
2026-07-09,P128,214,147,67,0.6869,8,12
2026-07-10,P128,214,145,69,0.6776,9,37
2026-07-11,P128,214,143,71,0.6682,9,1
2026-07-12,P128,214,140,74,0.6542,8,18
2026-07-13,P128,214,145,69,0.6776,8,3
2026-07-14,P128,214,141,73,0.6589,10,31
2026-07-15,P128,214,132,82,0.6168,7,35
2026-07-16,P128,214,137,77,0.6402,7,5
2026-07-17,P128,214,136,78,0.6355,8,27
2026-07-18,P128,214,135,79,0.6308,8,12
2026-07-19,P128,214,127,87,0.5935,8,39
2026-07-20,P128,214,135,79,0.6308,8,50
2026-07-21,P128,214,132,82,0.6168,11,21
2026-07-22,P128,214,132,82,0.6168,11,26
2026-07-23,P128,214,134,80,0.6262,10,50
2026-07-24,P128,214,137,77,0.6402,13,10
2026-07-25,P128,214,131,83,0.6121,11,56
2026-07-26,P128,214,136,78,0.6355,12,46
2026-07-27,P128,214,141,73,0.6589,4,31
2026-07-28,P128,214,138,76,0.6449,13,40
2026-07-29,P128,214,142,72,0.6636,9,17
2026-07-30,P128,214,143,71,0.6682,6,13
2026-07-31,P128,214,150,64,0.7009,7,55
2026-08-01,P128,214,147,67,0.6869,9,55
2026-08-02,P128,214,148,66,0.6916,4,25
2026-08-03,P128,214,149,65,0.6963,6,64
2026-08-04,P128,214,145,69,0.6776,6,42
2026-08-05,P128,214,157,57,0.7336,6,23
2026-08-06,P128,214,148,66,0.6916,10,11
2026-08-07,P128,214,149,65,0.6963,6,6
2026-08-08,P128,214,151,63,0.7056,7,49
2026-08-09,P128,214,148,66,0.6916,7,58
2026-08-10,P128,214,149,65,0.6963,7,33
2026-08-11,P128,214,139,75,0.6495,13,60
2026-08-12,P128,214,144,70,0.6729,8,61
2026-08-13,P128,214,140,74,0.6542,10,0
2026-08-14,P128,214,142,72,0.6636,7,31
2026-08-15,P128,214,148,66,0.6916,8,47
2026-08-16,P128,214,139,75,0.6495,10,32
2026-08-17,P128,214,139,75,0.6495,14,18
2026-08-18,P128,214,134,80,0.6262,13,22
2026-08-19,P128,214,143,71,0.6682,9,6
2026-08-20,P128,214,129,85,0.6028,13,53
2026-08-21,P128,214,144,70,0.6729,9,27
2026-08-22,P128,214,139,75,0.6495,9,60
2026-08-23,P128,214,138,76,0.6449,9,46
2026-08-24,P128,214,143,71,0.6682,13,39
2026-08-25,P128,214,141,73,0.6589,9,50
2026-08-26,P128,214,143,71,0.6682,5,31
2026-08-27,P128,214,145,69,0.6776,8,64
2026-04-30,P129,150,93,57,0.62,3,15
2026-05-01,P129,150,100,50,0.6667,4,54
2026-05-02,P129,150,101,49,0.6733,5,59
2026-05-03,P129,150,101,49,0.6733,3,1
2026-05-04,P129,150,108,42,0.72,4,55
2026-05-05,P129,150,103,47,0.6867,6,0
2026-05-06,P129,150,104,46,0.6933,5,17
2026-05-07,P129,150,99,51,0.66,8,7
2026-05-08,P129,150,103,47,0.6867,3,38
2026-05-09,P129,150,104,46,0.6933,6,19
2026-05-10,P129,150,101,49,0.6733,6,31
2026-05-11,P129,150,105,45,0.7,6,52
2026-05-12,P129,150,101,49,0.6733,4,30
2026-05-13,P129,150,104,46,0.6933,6,62
2026-05-14,P129,150,100,50,0.6667,4,12
2026-05-15,P129,150,94,56,0.6267,6,46
2026-05-16,P129,150,96,54,0.64,7,41
2026-05-17,P129,150,97,53,0.6467,7,19
2026-05-18,P129,150,94,56,0.6267,3,3
2026-05-19,P129,150,91,59,0.6067,6,44
2026-05-20,P129,150,98,52,0.6533,7,65
2026-05-21,P129,150,91,59,0.6067,5,57
2026-05-22,P129,150,98,52,0.6533,4,34
2026-05-23,P129,150,94,56,0.6267,2,17
2026-05-24,P129,150,97,53,0.6467,4,26
2026-05-25,P129,150,96,54,0.64,5,58
2026-05-26,P129,150,94,56,0.6267,4,48
2026-05-27,P129,150,98,52,0.6533,8,26
2026-05-28,P129,150,92,58,0.6133,8,37
2026-05-29,P129,150,98,52,0.6533,5,59
2026-05-30,P129,150,103,47,0.6867,8,29
2026-05-31,P129,150,97,53,0.6467,4,39
2026-06-01,P129,150,105,45,0.7,5,40
2026-06-02,P129,150,100,50,0.6667,5,50
2026-06-03,P129,150,104,46,0.6933,3,51
2026-06-04,P129,150,106,44,0.7067,5,4
2026-06-05,P129,150,105,45,0.7,9,64
2026-06-06,P129,150,107,43,0.7133,1,36
2026-06-07,P129,150,109,41,0.7267,6,49
2026-06-08,P129,150,106,44,0.7067,5,13
2026-06-09,P129,150,106,44,0.7067,1,17
2026-06-10,P129,150,100,50,0.6667,6,56
2026-06-11,P129,150,107,43,0.7133,5,30
2026-06-12,P129,150,104,46,0.6933,4,7
2026-06-13,P129,150,103,47,0.6867,6,62
2026-06-14,P129,150,101,49,0.6733,4,64
2026-06-15,P129,150,101,49,0.6733,1,50
2026-06-16,P129,150,100,50,0.6667,6,12
2026-06-17,P129,150,99,51,0.66,6,57
2026-06-18,P129,150,97,53,0.6467,4,49
2026-06-19,P129,150,95,55,0.6333,7,43
2026-06-20,P129,150,102,48,0.68,6,31
2026-06-21,P129,150,95,55,0.6333,6,33
2026-06-22,P129,150,96,54,0.64,7,5
2026-06-23,P129,150,98,52,0.6533,7,59
2026-06-24,P129,150,99,51,0.66,8,3
2026-06-25,P129,150,101,49,0.6733,6,0
2026-06-26,P129,150,99,51,0.66,4,45
2026-06-27,P129,150,98,52,0.6533,7,46
2026-06-28,P129,150,100,50,0.6667,5,58
2026-06-29,P129,150,102,48,0.68,7,26
2026-06-30,P129,150,105,45,0.7,6,49
2026-07-01,P129,150,103,47,0.6867,6,33
2026-07-02,P129,150,107,43,0.7133,4,37
2026-07-03,P129,150,106,44,0.7067,3,35
2026-07-04,P129,150,109,41,0.7267,3,40
2026-07-05,P129,150,107,43,0.7133,3,37
2026-07-06,P129,150,108,42,0.72,5,64
2026-07-07,P129,150,109,41,0.7267,4,24
2026-07-08,P129,150,112,38,0.7467,2,21
2026-07-09,P129,150,114,36,0.76,4,36
2026-07-10,P129,150,108,42,0.72,3,32
2026-07-11,P129,150,112,38,0.7467,4,38
2026-07-12,P129,150,110,40,0.7333,6,50
2026-07-13,P129,150,100,50,0.6667,3,53
2026-07-14,P129,150,102,48,0.68,6,41
2026-07-15,P129,150,104,46,0.6933,7,36
2026-07-16,P129,150,105,45,0.7,5,60
2026-07-17,P129,150,107,43,0.7133,4,63
2026-07-18,P129,150,98,52,0.6533,8,8
2026-07-19,P129,150,99,51,0.66,6,41
2026-07-20,P129,150,100,50,0.6667,5,34
2026-07-21,P129,150,104,46,0.6933,3,13
2026-07-22,P129,150,99,51,0.66,6,10
2026-07-23,P129,150,100,50,0.6667,4,44
2026-07-24,P129,150,102,48,0.68,6,9
2026-07-25,P129,150,103,47,0.6867,4,8
2026-07-26,P129,150,101,49,0.6733,9,20
2026-07-27,P129,150,106,44,0.7067,4,56
2026-07-28,P129,150,107,43,0.7133,5,17
2026-07-29,P129,150,107,43,0.7133,9,5
2026-07-30,P129,150,101,49,0.6733,5,54
2026-07-31,P129,150,106,44,0.7067,5,42
2026-08-01,P129,150,112,38,0.7467,6,50
2026-08-02,P129,150,107,43,0.7133,5,52
2026-08-03,P129,150,111,39,0.74,5,7
2026-08-04,P129,150,111,39,0.74,3,5
2026-08-05,P129,150,112,38,0.7467,7,26
2026-08-06,P129,150,114,36,0.76,2,18
2026-08-07,P129,150,116,34,0.7733,4,27
2026-08-08,P129,150,111,39,0.74,3,11
2026-08-09,P129,150,109,41,0.7267,4,46
2026-08-10,P129,150,108,42,0.72,7,10
2026-08-11,P129,150,108,42,0.72,9,13
2026-08-12,P129,150,112,38,0.7467,3,44
2026-08-13,P129,150,110,40,0.7333,8,61
2026-08-14,P129,150,107,43,0.7133,5,37
2026-08-15,P129,150,105,45,0.7,5,9
2026-08-16,P129,150,107,43,0.7133,6,1
2026-08-17,P129,150,104,46,0.6933,7,0
2026-08-18,P129,150,103,47,0.6867,6,5
2026-08-19,P129,150,107,43,0.7133,9,6
2026-08-20,P129,150,104,46,0.6933,8,8
2026-08-21,P129,150,102,48,0.68,11,54
2026-08-22,P129,150,105,45,0.7,9,36
2026-08-23,P129,150,105,45,0.7,7,54
2026-08-24,P129,150,103,47,0.6867,6,48
2026-08-25,P129,150,105,45,0.7,5,24
2026-08-26,P129,150,108,42,0.72,5,4
2026-08-27,P129,150,114,36,0.76,3,26
2026-04-30,P130,169,100,69,0.5917,8,30
2026-05-01,P130,169,108,61,0.6391,5,42
2026-05-02,P130,169,106,63,0.6272,8,21
2026-05-03,P130,169,106,63,0.6272,8,33
2026-05-04,P130,169,105,64,0.6213,6,16
2026-05-05,P130,169,112,57,0.6627,7,47
2026-05-06,P130,169,106,63,0.6272,6,42
2026-05-07,P130,169,105,64,0.6213,7,2
2026-05-08,P130,169,112,57,0.6627,8,6
2026-05-09,P130,169,111,58,0.6568,6,36
2026-05-10,P130,169,112,57,0.6627,5,55
2026-05-11,P130,169,107,62,0.6331,3,47
2026-05-12,P130,169,102,67,0.6036,6,50
2026-05-13,P130,169,110,59,0.6509,7,13
2026-05-14,P130,169,103,66,0.6095,3,5
2026-05-15,P130,169,107,62,0.6331,7,21
2026-05-16,P130,169,101,68,0.5976,4,46
2026-05-17,P130,169,103,66,0.6095,9,8
2026-05-18,P130,169,106,63,0.6272,6,27
2026-05-19,P130,169,101,68,0.5976,9,42
2026-05-20,P130,169,99,70,0.5858,12,57
2026-05-21,P130,169,104,65,0.6154,7,25
2026-05-22,P130,169,101,68,0.5976,9,9
2026-05-23,P130,169,103,66,0.6095,7,10
2026-05-24,P130,169,100,69,0.5917,7,17
2026-05-25,P130,169,100,69,0.5917,9,30
2026-05-26,P130,169,103,66,0.6095,7,4
2026-05-27,P130,169,102,67,0.6036,8,26
2026-05-28,P130,169,106,63,0.6272,8,21
2026-05-29,P130,169,107,62,0.6331,6,65
2026-05-30,P130,169,108,61,0.6391,7,14
2026-05-31,P130,169,109,60,0.645,7,38
2026-06-01,P130,169,113,56,0.6686,6,60
2026-06-02,P130,169,109,60,0.645,8,8
2026-06-03,P130,169,113,56,0.6686,9,6
2026-06-04,P130,169,114,55,0.6746,6,9
2026-06-05,P130,169,113,56,0.6686,8,53
2026-06-06,P130,169,113,56,0.6686,8,29
2026-06-07,P130,169,113,56,0.6686,5,49
2026-06-08,P130,169,106,63,0.6272,3,20
2026-06-09,P130,169,111,58,0.6568,3,37
2026-06-10,P130,169,111,58,0.6568,5,41
2026-06-11,P130,169,110,59,0.6509,4,0
2026-06-12,P130,169,108,61,0.6391,8,2
2026-06-13,P130,169,102,67,0.6036,5,36
2026-06-14,P130,169,111,58,0.6568,5,46
2026-06-15,P130,169,105,64,0.6213,8,35
2026-06-16,P130,169,107,62,0.6331,11,3
2026-06-17,P130,169,107,62,0.6331,5,37
2026-06-18,P130,169,105,64,0.6213,5,20
2026-06-19,P130,169,102,67,0.6036,7,49
2026-06-20,P130,169,103,66,0.6095,5,6
2026-06-21,P130,169,98,71,0.5799,9,50
2026-06-22,P130,169,103,66,0.6095,4,60
2026-06-23,P130,169,109,60,0.645,11,6
2026-06-24,P130,169,104,65,0.6154,6,0
2026-06-25,P130,169,109,60,0.645,7,44
2026-06-26,P130,169,106,63,0.6272,5,47
2026-06-27,P130,169,110,59,0.6509,8,48
2026-06-28,P130,169,101,68,0.5976,6,32
2026-06-29,P130,169,108,61,0.6391,6,28
2026-06-30,P130,169,117,52,0.6923,6,48
2026-07-01,P130,169,119,50,0.7041,5,62
2026-07-02,P130,169,111,58,0.6568,3,4
2026-07-03,P130,169,113,56,0.6686,7,34
2026-07-04,P130,169,112,57,0.6627,8,42
2026-07-05,P130,169,116,53,0.6864,3,30
2026-07-06,P130,169,124,45,0.7337,4,25
2026-07-07,P130,169,117,52,0.6923,5,59
2026-07-08,P130,169,116,53,0.6864,9,55
2026-07-09,P130,169,115,54,0.6805,5,36
2026-07-10,P130,169,115,54,0.6805,6,49
2026-07-11,P130,169,111,58,0.6568,9,42
2026-07-12,P130,169,112,57,0.6627,6,25
2026-07-13,P130,169,110,59,0.6509,6,54
2026-07-14,P130,169,111,58,0.6568,9,55
2026-07-15,P130,169,109,60,0.645,5,39
2026-07-16,P130,169,115,54,0.6805,7,6
2026-07-17,P130,169,111,58,0.6568,7,61
2026-07-18,P130,169,108,61,0.6391,6,17
2026-07-19,P130,169,114,55,0.6746,6,25
2026-07-20,P130,169,101,68,0.5976,7,3
2026-07-21,P130,169,101,68,0.5976,7,40
2026-07-22,P130,169,110,59,0.6509,9,54
2026-07-23,P130,169,103,66,0.6095,7,60
2026-07-24,P130,169,102,67,0.6036,6,59
2026-07-25,P130,169,108,61,0.6391,9,48
2026-07-26,P130,169,109,60,0.645,9,26
2026-07-27,P130,169,113,56,0.6686,4,33
2026-07-28,P130,169,112,57,0.6627,6,27
2026-07-29,P130,169,118,51,0.6982,6,19
2026-07-30,P130,169,111,58,0.6568,3,8
2026-07-31,P130,169,120,49,0.7101,1,63
2026-08-01,P130,169,119,50,0.7041,4,31
2026-08-02,P130,169,122,47,0.7219,6,6
2026-08-03,P130,169,119,50,0.7041,5,39
2026-08-04,P130,169,117,52,0.6923,7,13
2026-08-05,P130,169,124,45,0.7337,5,39
2026-08-06,P130,169,124,45,0.7337,6,55
2026-08-07,P130,169,123,46,0.7278,6,33
2026-08-08,P130,169,122,47,0.7219,4,23
2026-08-09,P130,169,119,50,0.7041,10,38
2026-08-10,P130,169,116,53,0.6864,5,34
2026-08-11,P130,169,121,48,0.716,4,54
2026-08-12,P130,169,119,50,0.7041,2,36
2026-08-13,P130,169,106,63,0.6272,10,19
2026-08-14,P130,169,110,59,0.6509,10,2
2026-08-15,P130,169,113,56,0.6686,6,7
2026-08-16,P130,169,108,61,0.6391,6,64
2026-08-17,P130,169,111,58,0.6568,4,55
2026-08-18,P130,169,108,61,0.6391,7,6
2026-08-19,P130,169,111,58,0.6568,9,25
2026-08-20,P130,169,109,60,0.645,6,31
2026-08-21,P130,169,108,61,0.6391,7,21
2026-08-22,P130,169,108,61,0.6391,8,53
2026-08-23,P130,169,112,57,0.6627,3,52
2026-08-24,P130,169,113,56,0.6686,6,61
2026-08-25,P130,169,114,55,0.6746,8,34
2026-08-26,P130,169,113,56,0.6686,6,61
2026-08-27,P130,169,120,49,0.7101,4,6
2026-04-30,P131,327,278,49,0.8502,4,21
2026-05-01,P131,327,291,36,0.8899,4,38
2026-05-02,P131,327,287,40,0.8777,5,29
2026-05-03,P131,327,298,29,0.9113,4,35
2026-05-04,P131,327,298,29,0.9113,7,15
2026-05-05,P131,327,292,35,0.893,3,19
2026-05-06,P131,327,292,35,0.893,5,4
2026-05-07,P131,327,300,27,0.9174,5,56
2026-05-08,P131,327,297,30,0.9083,1,41
2026-05-09,P131,327,287,40,0.8777,4,14
2026-05-10,P131,327,292,35,0.893,5,53
2026-05-11,P131,327,305,22,0.9327,2,31
2026-05-12,P131,327,294,33,0.8991,7,4
2026-05-13,P131,327,289,38,0.8838,7,13
2026-05-14,P131,327,283,44,0.8654,6,39
2026-05-15,P131,327,280,47,0.8563,6,35
2026-05-16,P131,327,285,42,0.8716,3,56
2026-05-17,P131,327,283,44,0.8654,6,3
2026-05-18,P131,327,286,41,0.8746,3,16
2026-05-19,P131,327,282,45,0.8624,7,61
2026-05-20,P131,327,285,42,0.8716,4,6
2026-05-21,P131,327,278,49,0.8502,5,60
2026-05-22,P131,327,280,47,0.8563,5,9
2026-05-23,P131,327,284,43,0.8685,2,29
2026-05-24,P131,327,281,46,0.8593,8,35
2026-05-25,P131,327,284,43,0.8685,0,1
2026-05-26,P131,327,278,49,0.8502,5,53
2026-05-27,P131,327,281,46,0.8593,4,5
2026-05-28,P131,327,278,49,0.8502,7,57
2026-05-29,P131,327,297,30,0.9083,3,41
2026-05-30,P131,327,299,28,0.9144,2,36
2026-05-31,P131,327,285,42,0.8716,5,24
2026-06-01,P131,327,284,43,0.8685,5,27
2026-06-02,P131,327,292,35,0.893,5,14
2026-06-03,P131,327,298,29,0.9113,3,35
2026-06-04,P131,327,306,21,0.9358,5,50
2026-06-05,P131,327,306,21,0.9358,0,2
2026-06-06,P131,327,309,18,0.945,1,30
2026-06-07,P131,327,312,15,0.9541,7,0
2026-06-08,P131,327,304,23,0.9297,6,13
2026-06-09,P131,327,311,16,0.9511,1,65
2026-06-10,P131,327,308,19,0.9419,0,39
2026-06-11,P131,327,305,22,0.9327,3,52
2026-06-12,P131,327,303,24,0.9266,2,14
2026-06-13,P131,327,289,38,0.8838,4,59
2026-06-14,P131,327,287,40,0.8777,9,10
2026-06-15,P131,327,292,35,0.893,2,10
2026-06-16,P131,327,288,39,0.8807,5,60
2026-06-17,P131,327,283,44,0.8654,6,61
2026-06-18,P131,327,292,35,0.893,7,62
2026-06-19,P131,327,287,40,0.8777,6,12
2026-06-20,P131,327,289,38,0.8838,4,18
2026-06-21,P131,327,286,41,0.8746,9,27
2026-06-22,P131,327,285,42,0.8716,2,38
2026-06-23,P131,327,280,47,0.8563,6,61
2026-06-24,P131,327,284,43,0.8685,3,64
2026-06-25,P131,327,292,35,0.893,2,52
2026-06-26,P131,327,287,40,0.8777,3,34
2026-06-27,P131,327,293,34,0.896,3,33
2026-06-28,P131,327,295,32,0.9021,1,53
2026-06-29,P131,327,299,28,0.9144,3,42
2026-06-30,P131,327,292,35,0.893,0,36
2026-07-01,P131,327,302,25,0.9235,5,56
2026-07-02,P131,327,305,22,0.9327,4,38
2026-07-03,P131,327,303,24,0.9266,2,3
2026-07-04,P131,327,306,21,0.9358,3,49
2026-07-05,P131,327,304,23,0.9297,3,17
2026-07-06,P131,327,309,18,0.945,2,63
2026-07-07,P131,327,311,16,0.9511,2,54
2026-07-08,P131,327,307,20,0.9388,0,20
2026-07-09,P131,327,318,9,0.9725,1,20
2026-07-10,P131,327,309,18,0.945,0,52
2026-07-11,P131,327,308,19,0.9419,0,32
2026-07-12,P131,327,301,26,0.9205,4,52
2026-07-13,P131,327,309,18,0.945,0,50
2026-07-14,P131,327,298,29,0.9113,4,2
2026-07-15,P131,327,288,39,0.8807,4,42
2026-07-16,P131,327,304,23,0.9297,5,31
2026-07-17,P131,327,303,24,0.9266,3,16
2026-07-18,P131,327,289,38,0.8838,5,8
2026-07-19,P131,327,291,36,0.8899,0,63
2026-07-20,P131,327,282,45,0.8624,5,64
2026-07-21,P131,327,288,39,0.8807,4,30
2026-07-22,P131,327,290,37,0.8869,5,44
2026-07-23,P131,327,295,32,0.9021,0,50
2026-07-24,P131,327,297,30,0.9083,2,40
2026-07-25,P131,327,288,39,0.8807,5,21
2026-07-26,P131,327,284,43,0.8685,7,12
2026-07-27,P131,327,313,14,0.9572,0,19
2026-07-28,P131,327,310,17,0.948,2,4
2026-07-29,P131,327,308,19,0.9419,1,25
2026-07-30,P131,327,313,14,0.9572,0,58
2026-07-31,P131,327,304,23,0.9297,3,65
2026-08-01,P131,327,318,9,0.9725,2,28
2026-08-02,P131,327,314,13,0.9602,0,28
2026-08-03,P131,327,311,16,0.9511,4,30
2026-08-04,P131,327,318,9,0.9725,0,27
2026-08-05,P131,327,318,9,0.9725,0,11
2026-08-06,P131,327,312,15,0.9541,4,29
2026-08-07,P131,327,314,13,0.9602,0,37
2026-08-08,P131,327,315,12,0.9633,0,47
2026-08-09,P131,327,314,13,0.9602,0,41
2026-08-10,P131,327,313,14,0.9572,2,60
2026-08-11,P131,327,318,9,0.9725,1,29
2026-08-12,P131,327,303,24,0.9266,5,33
2026-08-13,P131,327,304,23,0.9297,1,30
2026-08-14,P131,327,306,21,0.9358,2,62
2026-08-15,P131,327,312,15,0.9541,2,10
2026-08-16,P131,327,298,29,0.9113,3,57
2026-08-17,P131,327,310,17,0.948,2,55
2026-08-18,P131,327,301,26,0.9205,1,15
2026-08-19,P131,327,298,29,0.9113,4,19
2026-08-20,P131,327,293,34,0.896,3,60
2026-08-21,P131,327,291,36,0.8899,3,3
2026-08-22,P131,327,299,28,0.9144,3,58
2026-08-23,P131,327,297,30,0.9083,0,7
2026-08-24,P131,327,303,24,0.9266,1,54
2026-08-25,P131,327,305,22,0.9327,2,17
2026-08-26,P131,327,300,27,0.9174,1,33
2026-08-27,P131,327,313,14,0.9572,0,12
2026-04-30,P132,363,249,114,0.686,13,8
2026-05-01,P132,363,254,109,0.6997,8,60
2026-05-02,P132,363,251,112,0.6915,10,59
2026-05-03,P132,363,256,107,0.7052,13,39
2026-05-04,P132,363,254,109,0.6997,15,56
2026-05-05,P132,363,270,93,0.7438,13,46
2026-05-06,P132,363,265,98,0.73,10,56
2026-05-07,P132,363,272,91,0.7493,12,24
2026-05-08,P132,363,251,112,0.6915,16,15
2026-05-09,P132,363,266,97,0.7328,12,62
2026-05-10,P132,363,256,107,0.7052,14,35
2026-05-11,P132,363,265,98,0.73,8,45
2026-05-12,P132,363,265,98,0.73,9,53
2026-05-13,P132,363,263,100,0.7245,14,27
2026-05-14,P132,363,255,108,0.7025,15,58
2026-05-15,P132,363,255,108,0.7025,12,4
2026-05-16,P132,363,238,125,0.6556,14,24
2026-05-17,P132,363,249,114,0.686,15,58
2026-05-18,P132,363,249,114,0.686,15,15
2026-05-19,P132,363,236,127,0.6501,19,13
2026-05-20,P132,363,244,119,0.6722,13,6
2026-05-21,P132,363,246,117,0.6777,17,58
2026-05-22,P132,363,239,124,0.6584,12,6
2026-05-23,P132,363,243,120,0.6694,15,31
2026-05-24,P132,363,246,117,0.6777,14,59
2026-05-25,P132,363,248,115,0.6832,14,3
2026-05-26,P132,363,244,119,0.6722,16,5
2026-05-27,P132,363,260,103,0.7163,10,38
2026-05-28,P132,363,242,121,0.6667,15,44
2026-05-29,P132,363,254,109,0.6997,12,11
2026-05-30,P132,363,259,104,0.7135,12,60
2026-05-31,P132,363,264,99,0.7273,11,26
2026-06-01,P132,363,262,101,0.7218,11,7
2026-06-02,P132,363,257,106,0.708,11,48
2026-06-03,P132,363,263,100,0.7245,9,59
2026-06-04,P132,363,272,91,0.7493,13,12
2026-06-05,P132,363,274,89,0.7548,6,59
2026-06-06,P132,363,278,85,0.7658,10,35
2026-06-07,P132,363,270,93,0.7438,14,1
2026-06-08,P132,363,266,97,0.7328,11,10
2026-06-09,P132,363,273,90,0.7521,9,35
2026-06-10,P132,363,267,96,0.7355,10,61
2026-06-11,P132,363,267,96,0.7355,11,47
2026-06-12,P132,363,263,100,0.7245,7,44
2026-06-13,P132,363,257,106,0.708,15,57
2026-06-14,P132,363,278,85,0.7658,10,4
2026-06-15,P132,363,259,104,0.7135,14,23
2026-06-16,P132,363,257,106,0.708,16,4
2026-06-17,P132,363,258,105,0.7107,14,44
2026-06-18,P132,363,256,107,0.7052,12,63
2026-06-19,P132,363,257,106,0.708,10,38
2026-06-20,P132,363,244,119,0.6722,14,49
2026-06-21,P132,363,248,115,0.6832,13,23
2026-06-22,P132,363,246,117,0.6777,15,56
2026-06-23,P132,363,238,125,0.6556,16,13
2026-06-24,P132,363,249,114,0.686,16,54
2026-06-25,P132,363,252,111,0.6942,10,57
2026-06-26,P132,363,257,106,0.708,11,41
2026-06-27,P132,363,256,107,0.7052,10,44
2026-06-28,P132,363,257,106,0.708,15,29
2026-06-29,P132,363,258,105,0.7107,9,32
2026-06-30,P132,363,260,103,0.7163,13,45
2026-07-01,P132,363,272,91,0.7493,8,57
2026-07-02,P132,363,283,80,0.7796,10,31
2026-07-03,P132,363,283,80,0.7796,8,16
2026-07-04,P132,363,282,81,0.7769,6,27
2026-07-05,P132,363,278,85,0.7658,11,42
2026-07-06,P132,363,282,81,0.7769,10,24
2026-07-07,P132,363,288,75,0.7934,6,1
2026-07-08,P132,363,280,83,0.7713,6,59
2026-07-09,P132,363,275,88,0.7576,11,37
2026-07-10,P132,363,275,88,0.7576,8,44
2026-07-11,P132,363,282,81,0.7769,6,20
2026-07-12,P132,363,273,90,0.7521,8,7
2026-07-13,P132,363,271,92,0.7466,8,22
2026-07-14,P132,363,264,99,0.7273,9,22
2026-07-15,P132,363,271,92,0.7466,12,17
2026-07-16,P132,363,260,103,0.7163,12,26
2026-07-17,P132,363,253,110,0.697,12,45
2026-07-18,P132,363,246,117,0.6777,12,5
2026-07-19,P132,363,253,110,0.697,15,23
2026-07-20,P132,363,254,109,0.6997,12,45
2026-07-21,P132,363,265,98,0.73,9,25
2026-07-22,P132,363,260,103,0.7163,11,13
2026-07-23,P132,363,252,111,0.6942,12,16
2026-07-24,P132,363,253,110,0.697,15,36
2026-07-25,P132,363,262,101,0.7218,8,26
2026-07-26,P132,363,275,88,0.7576,9,4
2026-07-27,P132,363,273,90,0.7521,7,62
2026-07-28,P132,363,269,94,0.741,9,39
2026-07-29,P132,363,270,93,0.7438,13,0
2026-07-30,P132,363,279,84,0.7686,11,24
2026-07-31,P132,363,275,88,0.7576,10,43
2026-08-01,P132,363,298,65,0.8209,6,54
2026-08-02,P132,363,275,88,0.7576,8,27
2026-08-03,P132,363,285,78,0.7851,8,16
2026-08-04,P132,363,274,89,0.7548,8,27
2026-08-05,P132,363,285,78,0.7851,10,55
2026-08-06,P132,363,281,82,0.7741,10,1
2026-08-07,P132,363,293,70,0.8072,7,41
2026-08-08,P132,363,274,89,0.7548,11,55
2026-08-09,P132,363,282,81,0.7769,10,57
2026-08-10,P132,363,276,87,0.7603,10,45
2026-08-11,P132,363,283,80,0.7796,9,4
2026-08-12,P132,363,283,80,0.7796,11,27
2026-08-13,P132,363,277,86,0.7631,10,59
2026-08-14,P132,363,272,91,0.7493,12,47
2026-08-15,P132,363,269,94,0.741,10,22
2026-08-16,P132,363,274,89,0.7548,12,26
2026-08-17,P132,363,260,103,0.7163,8,31
2026-08-18,P132,363,270,93,0.7438,11,19
2026-08-19,P132,363,263,100,0.7245,11,42
2026-08-20,P132,363,267,96,0.7355,10,19
2026-08-21,P132,363,258,105,0.7107,12,4
2026-08-22,P132,363,269,94,0.741,14,43
2026-08-23,P132,363,263,100,0.7245,11,64
2026-08-24,P132,363,263,100,0.7245,14,45
2026-08-25,P132,363,273,90,0.7521,11,4
2026-08-26,P132,363,277,86,0.7631,8,24
2026-08-27,P132,363,274,89,0.7548,8,26
2026-04-30,P133,396,314,82,0.7929,11,56
2026-05-01,P133,396,306,90,0.7727,10,39
2026-05-02,P133,396,300,96,0.7576,13,47
2026-05-03,P133,396,326,70,0.8232,8,22
2026-05-04,P133,396,318,78,0.803,11,57
2026-05-05,P133,396,312,84,0.7879,7,15
2026-05-06,P133,396,315,81,0.7955,10,45
2026-05-07,P133,396,315,81,0.7955,9,16
2026-05-08,P133,396,317,79,0.8005,11,50
2026-05-09,P133,396,309,87,0.7803,11,37
2026-05-10,P133,396,320,76,0.8081,5,14
2026-05-11,P133,396,309,87,0.7803,9,12
2026-05-12,P133,396,307,89,0.7753,10,51
2026-05-13,P133,396,304,92,0.7677,9,24
2026-05-14,P133,396,303,93,0.7652,10,47
2026-05-15,P133,396,300,96,0.7576,14,41
2026-05-16,P133,396,307,89,0.7753,9,29
2026-05-17,P133,396,307,89,0.7753,10,7
2026-05-18,P133,396,297,99,0.75,13,34
2026-05-19,P133,396,301,95,0.7601,15,30
2026-05-20,P133,396,293,103,0.7399,10,44
2026-05-21,P133,396,288,108,0.7273,10,43
2026-05-22,P133,396,291,105,0.7348,13,33
2026-05-23,P133,396,303,93,0.7652,7,55
2026-05-24,P133,396,294,102,0.7424,13,15
2026-05-25,P133,396,297,99,0.75,11,26
2026-05-26,P133,396,306,90,0.7727,11,26
2026-05-27,P133,396,290,106,0.7323,8,42
2026-05-28,P133,396,310,86,0.7828,10,5
2026-05-29,P133,396,304,92,0.7677,13,56
2026-05-30,P133,396,316,80,0.798,8,28
2026-05-31,P133,396,310,86,0.7828,6,14
2026-06-01,P133,396,321,75,0.8106,5,3
2026-06-02,P133,396,309,87,0.7803,10,28
2026-06-03,P133,396,313,83,0.7904,10,15
2026-06-04,P133,396,325,71,0.8207,7,1
2026-06-05,P133,396,327,69,0.8258,6,1
2026-06-06,P133,396,323,73,0.8157,13,38
2026-06-07,P133,396,326,70,0.8232,9,59
2026-06-08,P133,396,319,77,0.8056,10,59
2026-06-09,P133,396,331,65,0.8359,9,19
2026-06-10,P133,396,314,82,0.7929,9,3
2026-06-11,P133,396,327,69,0.8258,8,41
2026-06-12,P133,396,312,84,0.7879,14,21
2026-06-13,P133,396,314,82,0.7929,11,31
2026-06-14,P133,396,303,93,0.7652,9,40
2026-06-15,P133,396,303,93,0.7652,10,9
2026-06-16,P133,396,301,95,0.7601,12,10
2026-06-17,P133,396,295,101,0.7449,18,39
2026-06-18,P133,396,296,100,0.7475,10,42
2026-06-19,P133,396,285,111,0.7197,12,43
2026-06-20,P133,396,306,90,0.7727,11,58
2026-06-21,P133,396,323,73,0.8157,10,8
2026-06-22,P133,396,305,91,0.7702,10,54
2026-06-23,P133,396,297,99,0.75,14,27
2026-06-24,P133,396,307,89,0.7753,10,43
2026-06-25,P133,396,319,77,0.8056,12,50
2026-06-26,P133,396,307,89,0.7753,7,19
2026-06-27,P133,396,320,76,0.8081,11,8
2026-06-28,P133,396,311,85,0.7854,13,25
2026-06-29,P133,396,309,87,0.7803,12,8
2026-06-30,P133,396,319,77,0.8056,8,8
2026-07-01,P133,396,322,74,0.8131,6,16
2026-07-02,P133,396,330,66,0.8333,9,6
2026-07-03,P133,396,325,71,0.8207,9,27
2026-07-04,P133,396,331,65,0.8359,5,47
2026-07-05,P133,396,332,64,0.8384,7,2
2026-07-06,P133,396,334,62,0.8434,8,64
2026-07-07,P133,396,336,60,0.8485,6,45
2026-07-08,P133,396,329,67,0.8308,6,24
2026-07-09,P133,396,326,70,0.8232,8,43
2026-07-10,P133,396,341,55,0.8611,5,50
2026-07-11,P133,396,357,39,0.9015,8,61
2026-07-12,P133,396,332,64,0.8384,8,65
2026-07-13,P133,396,317,79,0.8005,5,20
2026-07-14,P133,396,324,72,0.8182,8,15
2026-07-15,P133,396,315,81,0.7955,8,47
2026-07-16,P133,396,309,87,0.7803,12,29
2026-07-17,P133,396,303,93,0.7652,17,4
2026-07-18,P133,396,319,77,0.8056,9,33
2026-07-19,P133,396,312,84,0.7879,13,57
2026-07-20,P133,396,314,82,0.7929,9,59
2026-07-21,P133,396,309,87,0.7803,9,27
2026-07-22,P133,396,301,95,0.7601,10,3
2026-07-23,P133,396,329,67,0.8308,7,49
2026-07-24,P133,396,314,82,0.7929,6,15
2026-07-25,P133,396,305,91,0.7702,9,41
2026-07-26,P133,396,305,91,0.7702,13,49
2026-07-27,P133,396,317,79,0.8005,8,19
2026-07-28,P133,396,331,65,0.8359,7,44
2026-07-29,P133,396,327,69,0.8258,5,21
2026-07-30,P133,396,320,76,0.8081,10,35
2026-07-31,P133,396,329,67,0.8308,9,4
2026-08-01,P133,396,336,60,0.8485,8,9
2026-08-02,P133,396,330,66,0.8333,8,3
2026-08-03,P133,396,339,57,0.8561,3,32
2026-08-04,P133,396,333,63,0.8409,6,58
2026-08-05,P133,396,331,65,0.8359,8,49
2026-08-06,P133,396,333,63,0.8409,4,64
2026-08-07,P133,396,345,51,0.8712,6,30
2026-08-08,P133,396,348,48,0.8788,7,18
2026-08-09,P133,396,334,62,0.8434,8,0
2026-08-10,P133,396,337,59,0.851,5,0
2026-08-11,P133,396,330,66,0.8333,8,7
2026-08-12,P133,396,337,59,0.851,3,10
2026-08-13,P133,396,323,73,0.8157,8,60
2026-08-14,P133,396,329,67,0.8308,8,42
2026-08-15,P133,396,319,77,0.8056,12,20
2026-08-16,P133,396,328,68,0.8283,8,62
2026-08-17,P133,396,309,87,0.7803,9,53
2026-08-18,P133,396,318,78,0.803,10,59
2026-08-19,P133,396,320,76,0.8081,11,14
2026-08-20,P133,396,307,89,0.7753,10,18
2026-08-21,P133,396,328,68,0.8283,3,53
2026-08-22,P133,396,312,84,0.7879,6,14
2026-08-23,P133,396,320,76,0.8081,7,48
2026-08-24,P133,396,317,79,0.8005,8,32
2026-08-25,P133,396,316,80,0.798,9,26
2026-08-26,P133,396,333,63,0.8409,9,52
2026-08-27,P133,396,319,77,0.8056,7,24
2026-04-30,P134,371,297,74,0.8005,6,46
2026-05-01,P134,371,305,66,0.8221,9,47
2026-05-02,P134,371,297,74,0.8005,8,65
2026-05-03,P134,371,303,68,0.8167,7,46
2026-05-04,P134,371,297,74,0.8005,11,54
2026-05-05,P134,371,303,68,0.8167,6,19
2026-05-06,P134,371,317,54,0.8544,8,26
2026-05-07,P134,371,300,71,0.8086,7,13
2026-05-08,P134,371,314,57,0.8464,4,58
2026-05-09,P134,371,308,63,0.8302,8,63
2026-05-10,P134,371,316,55,0.8518,6,61
2026-05-11,P134,371,307,64,0.8275,3,2
2026-05-12,P134,371,308,63,0.8302,3,3
2026-05-13,P134,371,309,62,0.8329,8,28
2026-05-14,P134,371,295,76,0.7951,7,30
2026-05-15,P134,371,309,62,0.8329,3,50
2026-05-16,P134,371,291,80,0.7844,12,32
2026-05-17,P134,371,294,77,0.7925,8,38
2026-05-18,P134,371,291,80,0.7844,11,2
2026-05-19,P134,371,288,83,0.7763,10,41
2026-05-20,P134,371,296,75,0.7978,8,23
2026-05-21,P134,371,289,82,0.779,9,59
2026-05-22,P134,371,290,81,0.7817,12,50
2026-05-23,P134,371,299,72,0.8059,12,12
2026-05-24,P134,371,304,67,0.8194,7,13
2026-05-25,P134,371,285,86,0.7682,5,3
2026-05-26,P134,371,302,69,0.814,7,16
2026-05-27,P134,371,290,81,0.7817,10,41
2026-05-28,P134,371,303,68,0.8167,11,19
2026-05-29,P134,371,295,76,0.7951,6,44
2026-05-30,P134,371,299,72,0.8059,7,25
2026-05-31,P134,371,311,60,0.8383,6,53
2026-06-01,P134,371,320,51,0.8625,4,54
2026-06-02,P134,371,307,64,0.8275,7,63
2026-06-03,P134,371,317,54,0.8544,5,5
2026-06-04,P134,371,314,57,0.8464,7,31
2026-06-05,P134,371,322,49,0.8679,7,49
2026-06-06,P134,371,324,47,0.8733,4,47
2026-06-07,P134,371,318,53,0.8571,3,9
2026-06-08,P134,371,322,49,0.8679,1,5
2026-06-09,P134,371,320,51,0.8625,10,7
2026-06-10,P134,371,317,54,0.8544,5,15
2026-06-11,P134,371,317,54,0.8544,8,63
2026-06-12,P134,371,315,56,0.8491,5,9
2026-06-13,P134,371,303,68,0.8167,9,14
2026-06-14,P134,371,307,64,0.8275,5,46
2026-06-15,P134,371,300,71,0.8086,12,56
2026-06-16,P134,371,304,67,0.8194,9,1
2026-06-17,P134,371,306,65,0.8248,11,28
2026-06-18,P134,371,304,67,0.8194,9,12
2026-06-19,P134,371,289,82,0.779,9,38
2026-06-20,P134,371,315,56,0.8491,7,0
2026-06-21,P134,371,291,80,0.7844,8,43
2026-06-22,P134,371,294,77,0.7925,7,59
2026-06-23,P134,371,295,76,0.7951,10,44
2026-06-24,P134,371,303,68,0.8167,4,37
2026-06-25,P134,371,303,68,0.8167,7,21
2026-06-26,P134,371,307,64,0.8275,6,34
2026-06-27,P134,371,298,73,0.8032,8,50
2026-06-28,P134,371,310,61,0.8356,10,39
2026-06-29,P134,371,309,62,0.8329,5,55
2026-06-30,P134,371,318,53,0.8571,6,5
2026-07-01,P134,371,330,41,0.8895,4,12
2026-07-02,P134,371,321,50,0.8652,5,45
2026-07-03,P134,371,325,46,0.876,5,31
2026-07-04,P134,371,319,52,0.8598,7,59
2026-07-05,P134,371,325,46,0.876,6,54
2026-07-06,P134,371,327,44,0.8814,4,28
2026-07-07,P134,371,335,36,0.903,7,59
2026-07-08,P134,371,326,45,0.8787,7,49
2026-07-09,P134,371,315,56,0.8491,7,3
2026-07-10,P134,371,320,51,0.8625,3,40
2026-07-11,P134,371,320,51,0.8625,4,2
2026-07-12,P134,371,321,50,0.8652,6,28
2026-07-13,P134,371,317,54,0.8544,7,22
2026-07-14,P134,371,324,47,0.8733,7,62
2026-07-15,P134,371,311,60,0.8383,6,62
2026-07-16,P134,371,317,54,0.8544,7,6
2026-07-17,P134,371,312,59,0.841,6,9
2026-07-18,P134,371,307,64,0.8275,8,51
2026-07-19,P134,371,302,69,0.814,6,2
2026-07-20,P134,371,306,65,0.8248,5,3
2026-07-21,P134,371,313,58,0.8437,6,51
2026-07-22,P134,371,314,57,0.8464,6,53
2026-07-23,P134,371,300,71,0.8086,11,52
2026-07-24,P134,371,309,62,0.8329,9,17
2026-07-25,P134,371,309,62,0.8329,5,54
2026-07-26,P134,371,305,66,0.8221,7,48
2026-07-27,P134,371,311,60,0.8383,5,14
2026-07-28,P134,371,326,45,0.8787,3,35
2026-07-29,P134,371,316,55,0.8518,6,41
2026-07-30,P134,371,317,54,0.8544,6,33
2026-07-31,P134,371,327,44,0.8814,7,34
2026-08-01,P134,371,330,41,0.8895,7,5
2026-08-02,P134,371,337,34,0.9084,3,60
2026-08-03,P134,371,342,29,0.9218,4,21
2026-08-04,P134,371,334,37,0.9003,5,56
2026-08-05,P134,371,338,33,0.9111,5,42
2026-08-06,P134,371,337,34,0.9084,4,64
2026-08-07,P134,371,349,22,0.9407,2,2
2026-08-08,P134,371,336,35,0.9057,1,9
2026-08-09,P134,371,330,41,0.8895,5,53
2026-08-10,P134,371,339,32,0.9137,6,61
2026-08-11,P134,371,323,48,0.8706,6,62
2026-08-12,P134,371,343,28,0.9245,0,46
2026-08-13,P134,371,326,45,0.8787,8,23
2026-08-14,P134,371,324,47,0.8733,3,32
2026-08-15,P134,371,312,59,0.841,8,55
2026-08-16,P134,371,313,58,0.8437,9,46
2026-08-17,P134,371,325,46,0.876,6,33
2026-08-18,P134,371,311,60,0.8383,7,63
2026-08-19,P134,371,310,61,0.8356,8,18
2026-08-20,P134,371,324,47,0.8733,7,50
2026-08-21,P134,371,305,66,0.8221,6,58
2026-08-22,P134,371,313,58,0.8437,10,33
2026-08-23,P134,371,321,50,0.8652,4,46
2026-08-24,P134,371,316,55,0.8518,9,41
2026-08-25,P134,371,322,49,0.8679,6,53
2026-08-26,P134,371,315,56,0.8491,8,47
2026-08-27,P134,371,325,46,0.876,3,22
2026-04-30,P135,282,217,65,0.7695,8,14
2026-05-01,P135,282,214,68,0.7589,6,8
2026-05-02,P135,282,218,64,0.773,7,49
2026-05-03,P135,282,228,54,0.8085,4,44
2026-05-04,P135,282,220,62,0.7801,8,34
2026-05-05,P135,282,225,57,0.7979,8,21
2026-05-06,P135,282,230,52,0.8156,7,40
2026-05-07,P135,282,228,54,0.8085,7,2
2026-05-08,P135,282,220,62,0.7801,5,30
2026-05-09,P135,282,231,51,0.8191,6,51
2026-05-10,P135,282,223,59,0.7908,7,32
2026-05-11,P135,282,229,53,0.8121,5,18
2026-05-12,P135,282,217,65,0.7695,8,23
2026-05-13,P135,282,226,56,0.8014,3,46
2026-05-14,P135,282,225,57,0.7979,5,31
2026-05-15,P135,282,217,65,0.7695,9,4
2026-05-16,P135,282,225,57,0.7979,6,12
2026-05-17,P135,282,222,60,0.7872,8,36
2026-05-18,P135,282,218,64,0.773,7,51
2026-05-19,P135,282,218,64,0.773,8,43
2026-05-20,P135,282,223,59,0.7908,7,20
2026-05-21,P135,282,204,78,0.7234,8,23
2026-05-22,P135,282,207,75,0.734,9,65
2026-05-23,P135,282,214,68,0.7589,9,53
2026-05-24,P135,282,214,68,0.7589,6,23
2026-05-25,P135,282,209,73,0.7411,8,3
2026-05-26,P135,282,209,73,0.7411,7,50
2026-05-27,P135,282,218,64,0.773,6,46
2026-05-28,P135,282,212,70,0.7518,9,7
2026-05-29,P135,282,216,66,0.766,7,64
2026-05-30,P135,282,224,58,0.7943,6,6
2026-05-31,P135,282,226,56,0.8014,7,28
2026-06-01,P135,282,232,50,0.8227,5,46
2026-06-02,P135,282,236,46,0.8369,7,49
2026-06-03,P135,282,233,49,0.8262,6,6
2026-06-04,P135,282,236,46,0.8369,7,30
2026-06-05,P135,282,238,44,0.844,5,15
2026-06-06,P135,282,230,52,0.8156,5,61
2026-06-07,P135,282,238,44,0.844,6,18
2026-06-08,P135,282,228,54,0.8085,9,44
2026-06-09,P135,282,233,49,0.8262,3,5
2026-06-10,P135,282,233,49,0.8262,5,1
2026-06-11,P135,282,226,56,0.8014,4,63
2026-06-12,P135,282,236,46,0.8369,7,27
2026-06-13,P135,282,226,56,0.8014,10,31
2026-06-14,P135,282,229,53,0.8121,6,6
2026-06-15,P135,282,229,53,0.8121,8,21
2026-06-16,P135,282,225,57,0.7979,6,65
2026-06-17,P135,282,231,51,0.8191,5,9
2026-06-18,P135,282,219,63,0.7766,5,54
2026-06-19,P135,282,218,64,0.773,7,57
2026-06-20,P135,282,228,54,0.8085,5,42
2026-06-21,P135,282,214,68,0.7589,10,51
2026-06-22,P135,282,218,64,0.773,8,65
2026-06-23,P135,282,224,58,0.7943,7,6
2026-06-24,P135,282,216,66,0.766,10,43
2026-06-25,P135,282,222,60,0.7872,6,5
2026-06-26,P135,282,216,66,0.766,11,24
2026-06-27,P135,282,218,64,0.773,6,38
2026-06-28,P135,282,221,61,0.7837,8,7
2026-06-29,P135,282,237,45,0.8404,7,20
2026-06-30,P135,282,234,48,0.8298,5,17
2026-07-01,P135,282,243,39,0.8617,7,2
2026-07-02,P135,282,231,51,0.8191,5,19
2026-07-03,P135,282,226,56,0.8014,7,33
2026-07-04,P135,282,242,40,0.8582,3,29
2026-07-05,P135,282,233,49,0.8262,8,54
2026-07-06,P135,282,245,37,0.8688,7,15
2026-07-07,P135,282,240,42,0.8511,7,11
2026-07-08,P135,282,245,37,0.8688,6,26
2026-07-09,P135,282,244,38,0.8652,3,60
2026-07-10,P135,282,238,44,0.844,2,29
2026-07-11,P135,282,233,49,0.8262,7,3
2026-07-12,P135,282,244,38,0.8652,3,47
2026-07-13,P135,282,238,44,0.844,11,65
2026-07-14,P135,282,230,52,0.8156,7,44
2026-07-15,P135,282,222,60,0.7872,6,39
2026-07-16,P135,282,219,63,0.7766,9,55
2026-07-17,P135,282,229,53,0.8121,4,3
2026-07-18,P135,282,222,60,0.7872,4,45
2026-07-19,P135,282,225,57,0.7979,4,64
2026-07-20,P135,282,225,57,0.7979,11,32
2026-07-21,P135,282,229,53,0.8121,4,33
2026-07-22,P135,282,218,64,0.773,7,35
2026-07-23,P135,282,217,65,0.7695,9,1
2026-07-24,P135,282,220,62,0.7801,5,62
2026-07-25,P135,282,232,50,0.8227,7,1
2026-07-26,P135,282,220,62,0.7801,10,8
2026-07-27,P135,282,236,46,0.8369,8,48
2026-07-28,P135,282,233,49,0.8262,5,60
2026-07-29,P135,282,234,48,0.8298,4,52
2026-07-30,P135,282,242,40,0.8582,5,62
2026-07-31,P135,282,241,41,0.8546,8,43
2026-08-01,P135,282,241,41,0.8546,5,51
2026-08-02,P135,282,246,36,0.8723,0,6
2026-08-03,P135,282,249,33,0.883,2,33
2026-08-04,P135,282,247,35,0.8759,3,34
2026-08-05,P135,282,240,42,0.8511,6,48
2026-08-06,P135,282,242,40,0.8582,0,57
2026-08-07,P135,282,243,39,0.8617,1,49
2026-08-08,P135,282,246,36,0.8723,3,46
2026-08-09,P135,282,249,33,0.883,5,10
2026-08-10,P135,282,232,50,0.8227,4,36
2026-08-11,P135,282,236,46,0.8369,7,53
2026-08-12,P135,282,231,51,0.8191,6,62
2026-08-13,P135,282,241,41,0.8546,3,36
2026-08-14,P135,282,234,48,0.8298,5,53
2026-08-15,P135,282,222,60,0.7872,7,7
2026-08-16,P135,282,239,43,0.8475,1,24
2026-08-17,P135,282,234,48,0.8298,5,30
2026-08-18,P135,282,220,62,0.7801,4,44
2026-08-19,P135,282,224,58,0.7943,10,46
2026-08-20,P135,282,231,51,0.8191,4,60
2026-08-21,P135,282,228,54,0.8085,8,40
2026-08-22,P135,282,225,57,0.7979,8,60
2026-08-23,P135,282,222,60,0.7872,6,51
2026-08-24,P135,282,234,48,0.8298,9,14
2026-08-25,P135,282,235,47,0.8333,6,60
2026-08-26,P135,282,242,40,0.8582,2,29
2026-08-27,P135,282,237,45,0.8404,3,35
2026-04-30,P136,317,229,88,0.7224,15,3
2026-05-01,P136,317,236,81,0.7445,10,9
2026-05-02,P136,317,246,71,0.776,13,38
2026-05-03,P136,317,239,78,0.7539,7,10
2026-05-04,P136,317,237,80,0.7476,10,7
2026-05-05,P136,317,247,70,0.7792,6,62
2026-05-06,P136,317,237,80,0.7476,9,36
2026-05-07,P136,317,242,75,0.7634,10,12
2026-05-08,P136,317,243,74,0.7666,8,27
2026-05-09,P136,317,248,69,0.7823,11,65
2026-05-10,P136,317,244,73,0.7697,8,39
2026-05-11,P136,317,234,83,0.7382,10,50
2026-05-12,P136,317,241,76,0.7603,8,24
2026-05-13,P136,317,241,76,0.7603,5,43
2026-05-14,P136,317,233,84,0.735,9,20
2026-05-15,P136,317,232,85,0.7319,8,54
2026-05-16,P136,317,232,85,0.7319,10,6
2026-05-17,P136,317,234,83,0.7382,11,16
2026-05-18,P136,317,238,79,0.7508,9,35
2026-05-19,P136,317,232,85,0.7319,8,40
2026-05-20,P136,317,227,90,0.7161,10,63
2026-05-21,P136,317,227,90,0.7161,8,6
2026-05-22,P136,317,223,94,0.7035,10,12
2026-05-23,P136,317,229,88,0.7224,13,22
2026-05-24,P136,317,235,82,0.7413,10,26
2026-05-25,P136,317,232,85,0.7319,11,37
2026-05-26,P136,317,225,92,0.7098,11,57
2026-05-27,P136,317,226,91,0.7129,9,38
2026-05-28,P136,317,239,78,0.7539,9,64
2026-05-29,P136,317,232,85,0.7319,11,5
2026-05-30,P136,317,243,74,0.7666,9,56
2026-05-31,P136,317,234,83,0.7382,11,51
2026-06-01,P136,317,254,63,0.8013,7,47
2026-06-02,P136,317,245,72,0.7729,12,51
2026-06-03,P136,317,242,75,0.7634,11,13
2026-06-04,P136,317,255,62,0.8044,6,59
2026-06-05,P136,317,250,67,0.7886,12,50
2026-06-06,P136,317,256,61,0.8076,5,47
2026-06-07,P136,317,251,66,0.7918,8,54
2026-06-08,P136,317,250,67,0.7886,5,39
2026-06-09,P136,317,253,64,0.7981,7,10
2026-06-10,P136,317,248,69,0.7823,7,60
2026-06-11,P136,317,245,72,0.7729,10,31
2026-06-12,P136,317,249,68,0.7855,7,62
2026-06-13,P136,317,246,71,0.776,10,27
2026-06-14,P136,317,249,68,0.7855,8,28
2026-06-15,P136,317,239,78,0.7539,9,26
2026-06-16,P136,317,236,81,0.7445,10,13
2026-06-17,P136,317,237,80,0.7476,8,8
2026-06-18,P136,317,231,86,0.7287,8,34
2026-06-19,P136,317,244,73,0.7697,5,32
2026-06-20,P136,317,233,84,0.735,11,32
2026-06-21,P136,317,222,95,0.7003,9,19
2026-06-22,P136,317,240,77,0.7571,8,30
2026-06-23,P136,317,233,84,0.735,10,39
2026-06-24,P136,317,236,81,0.7445,6,53
2026-06-25,P136,317,235,82,0.7413,9,8
2026-06-26,P136,317,228,89,0.7192,12,26
2026-06-27,P136,317,249,68,0.7855,8,58
2026-06-28,P136,317,241,76,0.7603,12,34
2026-06-29,P136,317,251,66,0.7918,10,44
2026-06-30,P136,317,245,72,0.7729,5,30
2026-07-01,P136,317,248,69,0.7823,13,51
2026-07-02,P136,317,246,71,0.776,9,29
2026-07-03,P136,317,254,63,0.8013,9,4
2026-07-04,P136,317,260,57,0.8202,7,55
2026-07-05,P136,317,268,49,0.8454,4,41
2026-07-06,P136,317,265,52,0.836,5,31
2026-07-07,P136,317,253,64,0.7981,10,21
2026-07-08,P136,317,258,59,0.8139,4,29
2026-07-09,P136,317,261,56,0.8233,5,21
2026-07-10,P136,317,255,62,0.8044,7,34
2026-07-11,P136,317,254,63,0.8013,3,47
2026-07-12,P136,317,255,62,0.8044,3,49
2026-07-13,P136,317,248,69,0.7823,4,49
2026-07-14,P136,317,247,70,0.7792,9,5
2026-07-15,P136,317,242,75,0.7634,6,20
2026-07-16,P136,317,247,70,0.7792,7,9
2026-07-17,P136,317,232,85,0.7319,9,17
2026-07-18,P136,317,245,72,0.7729,4,4
2026-07-19,P136,317,256,61,0.8076,4,28
2026-07-20,P136,317,234,83,0.7382,7,8
2026-07-21,P136,317,237,80,0.7476,7,3
2026-07-22,P136,317,238,79,0.7508,10,13
2026-07-23,P136,317,237,80,0.7476,6,21
2026-07-24,P136,317,239,78,0.7539,11,13
2026-07-25,P136,317,238,79,0.7508,9,23
2026-07-26,P136,317,239,78,0.7539,9,55
2026-07-27,P136,317,252,65,0.795,5,25
2026-07-28,P136,317,263,54,0.8297,5,14
2026-07-29,P136,317,254,63,0.8013,8,60
2026-07-30,P136,317,254,63,0.8013,5,53
2026-07-31,P136,317,257,60,0.8107,8,47
2026-08-01,P136,317,260,57,0.8202,10,20
2026-08-02,P136,317,258,59,0.8139,10,28
2026-08-03,P136,317,250,67,0.7886,9,4
2026-08-04,P136,317,270,47,0.8517,5,46
2026-08-05,P136,317,256,61,0.8076,8,33
2026-08-06,P136,317,270,47,0.8517,8,54
2026-08-07,P136,317,273,44,0.8612,4,53
2026-08-08,P136,317,265,52,0.836,5,24
2026-08-09,P136,317,260,57,0.8202,7,61
2026-08-10,P136,317,271,46,0.8549,2,35
2026-08-11,P136,317,262,55,0.8265,6,49
2026-08-12,P136,317,260,57,0.8202,5,35
2026-08-13,P136,317,260,57,0.8202,3,44
2026-08-14,P136,317,250,67,0.7886,5,42
2026-08-15,P136,317,247,70,0.7792,9,7
2026-08-16,P136,317,250,67,0.7886,6,19
2026-08-17,P136,317,257,60,0.8107,7,55
2026-08-18,P136,317,248,69,0.7823,7,56
2026-08-19,P136,317,243,74,0.7666,10,22
2026-08-20,P136,317,248,69,0.7823,11,43
2026-08-21,P136,317,246,71,0.776,3,18
2026-08-22,P136,317,241,76,0.7603,11,0
2026-08-23,P136,317,250,67,0.7886,5,42
2026-08-24,P136,317,248,69,0.7823,8,55
2026-08-25,P136,317,247,70,0.7792,13,21
2026-08-26,P136,317,253,64,0.7981,10,63
2026-08-27,P136,317,264,53,0.8328,4,24
2026-04-30,P137,367,332,35,0.9046,0,26
2026-05-01,P137,367,334,33,0.9101,5,21
2026-05-02,P137,367,342,25,0.9319,3,46
2026-05-03,P137,367,353,14,0.9619,4,55
2026-05-04,P137,367,342,25,0.9319,4,39
2026-05-05,P137,367,343,24,0.9346,5,19
2026-05-06,P137,367,344,23,0.9373,0,50
2026-05-07,P137,367,348,19,0.9482,1,35
2026-05-08,P137,367,354,13,0.9646,0,13
2026-05-09,P137,367,343,24,0.9346,1,22
2026-05-10,P137,367,342,25,0.9319,0,44
2026-05-11,P137,367,353,14,0.9619,3,2
2026-05-12,P137,367,345,22,0.9401,3,18
2026-05-13,P137,367,332,35,0.9046,3,13
2026-05-14,P137,367,343,24,0.9346,4,40
2026-05-15,P137,367,342,25,0.9319,3,31
2026-05-16,P137,367,341,26,0.9292,3,7
2026-05-17,P137,367,334,33,0.9101,3,20
2026-05-18,P137,367,331,36,0.9019,2,2
2026-05-19,P137,367,334,33,0.9101,4,6
2026-05-20,P137,367,332,35,0.9046,4,10
2026-05-21,P137,367,324,43,0.8828,3,16
2026-05-22,P137,367,328,39,0.8937,5,50
2026-05-23,P137,367,320,47,0.8719,9,9
2026-05-24,P137,367,333,34,0.9074,5,64
2026-05-25,P137,367,320,47,0.8719,4,62
2026-05-26,P137,367,325,42,0.8856,5,41
2026-05-27,P137,367,325,42,0.8856,6,41
2026-05-28,P137,367,340,27,0.9264,5,49
2026-05-29,P137,367,336,31,0.9155,5,65
2026-05-30,P137,367,340,27,0.9264,1,44
2026-05-31,P137,367,349,18,0.951,2,8
2026-06-01,P137,367,335,32,0.9128,6,51
2026-06-02,P137,367,353,14,0.9619,0,64
2026-06-03,P137,367,359,8,0.9782,2,6
2026-06-04,P137,367,350,17,0.9537,5,25
2026-06-05,P137,367,357,10,0.9728,0,17
2026-06-06,P137,367,360,7,0.9809,0,27
2026-06-07,P137,367,360,7,0.9809,2,37
2026-06-08,P137,367,348,19,0.9482,6,12
2026-06-09,P137,367,351,16,0.9564,1,62
2026-06-10,P137,367,360,7,0.9809,0,52
2026-06-11,P137,367,360,7,0.9809,0,42
2026-06-12,P137,367,346,21,0.9428,4,28
2026-06-13,P137,367,346,21,0.9428,0,61
2026-06-14,P137,367,346,21,0.9428,4,19
2026-06-15,P137,367,334,33,0.9101,3,27
2026-06-16,P137,367,336,31,0.9155,2,10
2026-06-17,P137,367,345,22,0.9401,1,59
2026-06-18,P137,367,328,39,0.8937,3,46
2026-06-19,P137,367,323,44,0.8801,6,7
2026-06-20,P137,367,340,27,0.9264,1,49
2026-06-21,P137,367,324,43,0.8828,5,51
2026-06-22,P137,367,334,33,0.9101,6,31
2026-06-23,P137,367,324,43,0.8828,8,44
2026-06-24,P137,367,333,34,0.9074,2,38
2026-06-25,P137,367,339,28,0.9237,4,36
2026-06-26,P137,367,341,26,0.9292,4,9
2026-06-27,P137,367,352,15,0.9591,0,23
2026-06-28,P137,367,343,24,0.9346,3,43
2026-06-29,P137,367,353,14,0.9619,0,47
2026-06-30,P137,367,360,7,0.9809,1,32
2026-07-01,P137,367,338,29,0.921,4,9
2026-07-02,P137,367,355,12,0.9673,2,26
2026-07-03,P137,367,347,20,0.9455,0,2
2026-07-04,P137,367,360,7,0.9809,2,13
2026-07-05,P137,367,354,13,0.9646,3,61
2026-07-06,P137,367,357,10,0.9728,0,34
2026-07-07,P137,367,360,7,0.9809,1,35
2026-07-08,P137,367,360,7,0.9809,0,17
2026-07-09,P137,367,360,7,0.9809,0,30
2026-07-10,P137,367,360,7,0.9809,1,55
2026-07-11,P137,367,344,23,0.9373,2,52
2026-07-12,P137,367,352,15,0.9591,3,22
2026-07-13,P137,367,360,7,0.9809,1,51
2026-07-14,P137,367,343,24,0.9346,0,43
2026-07-15,P137,367,345,22,0.9401,0,54
2026-07-16,P137,367,359,8,0.9782,2,10
2026-07-17,P137,367,342,25,0.9319,0,8
2026-07-18,P137,367,347,20,0.9455,3,15
2026-07-19,P137,367,335,32,0.9128,4,53
2026-07-20,P137,367,351,16,0.9564,0,54
2026-07-21,P137,367,357,10,0.9728,0,43
2026-07-22,P137,367,343,24,0.9346,3,30
2026-07-23,P137,367,346,21,0.9428,4,55
2026-07-24,P137,367,353,14,0.9619,3,49
2026-07-25,P137,367,332,35,0.9046,4,28
2026-07-26,P137,367,346,21,0.9428,0,8
2026-07-27,P137,367,350,17,0.9537,0,3
2026-07-28,P137,367,348,19,0.9482,0,45
2026-07-29,P137,367,360,7,0.9809,2,12
2026-07-30,P137,367,360,7,0.9809,2,17
2026-07-31,P137,367,360,7,0.9809,0,54
2026-08-01,P137,367,356,11,0.97,4,31
2026-08-02,P137,367,359,8,0.9782,0,54
2026-08-03,P137,367,360,7,0.9809,2,21
2026-08-04,P137,367,360,7,0.9809,2,54
2026-08-05,P137,367,360,7,0.9809,0,30
2026-08-06,P137,367,360,7,0.9809,2,60
2026-08-07,P137,367,360,7,0.9809,3,6
2026-08-08,P137,367,360,7,0.9809,0,23
2026-08-09,P137,367,360,7,0.9809,0,11
2026-08-10,P137,367,360,7,0.9809,2,39
2026-08-11,P137,367,360,7,0.9809,0,59
2026-08-12,P137,367,360,7,0.9809,4,37
2026-08-13,P137,367,360,7,0.9809,1,26
2026-08-14,P137,367,360,7,0.9809,1,35
2026-08-15,P137,367,353,14,0.9619,1,46
2026-08-16,P137,367,352,15,0.9591,0,39
2026-08-17,P137,367,345,22,0.9401,2,20
2026-08-18,P137,367,348,19,0.9482,6,25
2026-08-19,P137,367,348,19,0.9482,2,34
2026-08-20,P137,367,358,9,0.9755,1,42
2026-08-21,P137,367,343,24,0.9346,2,5
2026-08-22,P137,367,340,27,0.9264,3,53
2026-08-23,P137,367,354,13,0.9646,1,2
2026-08-24,P137,367,356,11,0.97,3,2
2026-08-25,P137,367,360,7,0.9809,1,52
2026-08-26,P137,367,358,9,0.9755,5,16
2026-08-27,P137,367,360,7,0.9809,1,44
2026-04-30,P138,288,174,114,0.6042,13,39
2026-05-01,P138,288,182,106,0.6319,14,46
2026-05-02,P138,288,182,106,0.6319,11,27
2026-05-03,P138,288,190,98,0.6597,10,50
2026-05-04,P138,288,183,105,0.6354,11,9
2026-05-05,P138,288,190,98,0.6597,10,52
2026-05-06,P138,288,198,90,0.6875,10,58
2026-05-07,P138,288,196,92,0.6806,10,43
2026-05-08,P138,288,199,89,0.691,7,4
2026-05-09,P138,288,183,105,0.6354,13,5
2026-05-10,P138,288,185,103,0.6424,13,26
2026-05-11,P138,288,179,109,0.6215,12,65
2026-05-12,P138,288,178,110,0.6181,13,5
2026-05-13,P138,288,179,109,0.6215,16,52
2026-05-14,P138,288,187,101,0.6493,12,12
2026-05-15,P138,288,190,98,0.6597,10,35
2026-05-16,P138,288,184,104,0.6389,8,19
2026-05-17,P138,288,172,116,0.5972,16,43
2026-05-18,P138,288,182,106,0.6319,8,34
2026-05-19,P138,288,163,125,0.566,17,28
2026-05-20,P138,288,180,108,0.625,9,39
2026-05-21,P138,288,167,121,0.5799,17,21
2026-05-22,P138,288,169,119,0.5868,15,32
2026-05-23,P138,288,162,126,0.5625,14,25
2026-05-24,P138,288,171,117,0.5938,14,58
2026-05-25,P138,288,176,112,0.6111,10,4
2026-05-26,P138,288,179,109,0.6215,16,33
2026-05-27,P138,288,178,110,0.6181,19,30
2026-05-28,P138,288,179,109,0.6215,13,57
2026-05-29,P138,288,176,112,0.6111,13,51
2026-05-30,P138,288,182,106,0.6319,16,16
2026-05-31,P138,288,177,111,0.6146,13,7
2026-06-01,P138,288,184,104,0.6389,16,3
2026-06-02,P138,288,193,95,0.6701,12,54
2026-06-03,P138,288,189,99,0.6562,10,57
2026-06-04,P138,288,195,93,0.6771,10,27
2026-06-05,P138,288,186,102,0.6458,9,30
2026-06-06,P138,288,193,95,0.6701,8,42
2026-06-07,P138,288,195,93,0.6771,8,54
2026-06-08,P138,288,193,95,0.6701,10,44
2026-06-09,P138,288,194,94,0.6736,11,18
2026-06-10,P138,288,194,94,0.6736,12,37
2026-06-11,P138,288,199,89,0.691,10,34
2026-06-12,P138,288,193,95,0.6701,9,40
2026-06-13,P138,288,195,93,0.6771,12,59
2026-06-14,P138,288,192,96,0.6667,7,52
2026-06-15,P138,288,190,98,0.6597,10,51
2026-06-16,P138,288,188,100,0.6528,13,23
2026-06-17,P138,288,175,113,0.6076,12,4
2026-06-18,P138,288,179,109,0.6215,16,2
2026-06-19,P138,288,176,112,0.6111,14,33
2026-06-20,P138,288,176,112,0.6111,13,38
2026-06-21,P138,288,175,113,0.6076,12,42
2026-06-22,P138,288,176,112,0.6111,9,16
2026-06-23,P138,288,178,110,0.6181,12,11
2026-06-24,P138,288,174,114,0.6042,13,58
2026-06-25,P138,288,178,110,0.6181,15,61
2026-06-26,P138,288,182,106,0.6319,13,49
2026-06-27,P138,288,182,106,0.6319,8,15
2026-06-28,P138,288,184,104,0.6389,14,43
2026-06-29,P138,288,195,93,0.6771,13,26
2026-06-30,P138,288,192,96,0.6667,10,20
2026-07-01,P138,288,186,102,0.6458,17,59
2026-07-02,P138,288,202,86,0.7014,9,51
2026-07-03,P138,288,194,94,0.6736,13,63
2026-07-04,P138,288,199,89,0.691,10,55
2026-07-05,P138,288,187,101,0.6493,10,10
2026-07-06,P138,288,198,90,0.6875,10,61
2026-07-07,P138,288,203,85,0.7049,12,6
2026-07-08,P138,288,201,87,0.6979,15,24
2026-07-09,P138,288,196,92,0.6806,11,12
2026-07-10,P138,288,212,76,0.7361,8,46
2026-07-11,P138,288,200,88,0.6944,12,37
2026-07-12,P138,288,196,92,0.6806,11,13
2026-07-13,P138,288,203,85,0.7049,9,26
2026-07-14,P138,288,193,95,0.6701,8,8
2026-07-15,P138,288,184,104,0.6389,17,52
2026-07-16,P138,288,194,94,0.6736,11,54
2026-07-17,P138,288,180,108,0.625,14,19
2026-07-18,P138,288,182,106,0.6319,13,36
2026-07-19,P138,288,177,111,0.6146,13,28
2026-07-20,P138,288,178,110,0.6181,14,17
2026-07-21,P138,288,186,102,0.6458,10,4
2026-07-22,P138,288,191,97,0.6632,8,32
2026-07-23,P138,288,180,108,0.625,13,58
2026-07-24,P138,288,185,103,0.6424,12,57
2026-07-25,P138,288,184,104,0.6389,15,5
2026-07-26,P138,288,194,94,0.6736,10,15
2026-07-27,P138,288,191,97,0.6632,7,29
2026-07-28,P138,288,188,100,0.6528,9,42
2026-07-29,P138,288,193,95,0.6701,13,62
2026-07-30,P138,288,191,97,0.6632,7,8
2026-07-31,P138,288,197,91,0.684,9,54
2026-08-01,P138,288,204,84,0.7083,12,51
2026-08-02,P138,288,200,88,0.6944,11,12
2026-08-03,P138,288,208,80,0.7222,12,46
2026-08-04,P138,288,195,93,0.6771,9,1
2026-08-05,P138,288,208,80,0.7222,10,34
2026-08-06,P138,288,207,81,0.7188,7,17
2026-08-07,P138,288,203,85,0.7049,11,25
2026-08-08,P138,288,208,80,0.7222,10,61
2026-08-09,P138,288,199,89,0.691,5,63
2026-08-10,P138,288,211,77,0.7326,10,7
2026-08-11,P138,288,203,85,0.7049,12,37
2026-08-12,P138,288,197,91,0.684,8,5
2026-08-13,P138,288,203,85,0.7049,10,1
2026-08-14,P138,288,194,94,0.6736,10,30
2026-08-15,P138,288,193,95,0.6701,11,27
2026-08-16,P138,288,190,98,0.6597,12,20
2026-08-17,P138,288,190,98,0.6597,11,65
2026-08-18,P138,288,202,86,0.7014,10,54
2026-08-19,P138,288,188,100,0.6528,13,22
2026-08-20,P138,288,180,108,0.625,9,21
2026-08-21,P138,288,186,102,0.6458,11,29
2026-08-22,P138,288,194,94,0.6736,12,32
2026-08-23,P138,288,188,100,0.6528,6,4
2026-08-24,P138,288,198,90,0.6875,11,34
2026-08-25,P138,288,201,87,0.6979,9,13
2026-08-26,P138,288,196,92,0.6806,10,0
2026-08-27,P138,288,202,86,0.7014,10,44
2026-04-30,P139,312,189,123,0.6058,18,2
2026-05-01,P139,312,182,130,0.5833,16,39
2026-05-02,P139,312,203,109,0.6506,10,44
2026-05-03,P139,312,195,117,0.625,16,14
2026-05-04,P139,312,195,117,0.625,13,4
2026-05-05,P139,312,207,105,0.6635,12,18
2026-05-06,P139,312,196,116,0.6282,10,22
2026-05-07,P139,312,201,111,0.6442,13,61
2026-05-08,P139,312,209,103,0.6699,14,17
2026-05-09,P139,312,203,109,0.6506,11,39
2026-05-10,P139,312,204,108,0.6538,14,52
2026-05-11,P139,312,202,110,0.6474,15,20
2026-05-12,P139,312,191,121,0.6122,12,54
2026-05-13,P139,312,200,112,0.641,14,0
2026-05-14,P139,312,191,121,0.6122,14,12
2026-05-15,P139,312,196,116,0.6282,10,14
2026-05-16,P139,312,204,108,0.6538,15,22
2026-05-17,P139,312,185,127,0.5929,12,61
2026-05-18,P139,312,182,130,0.5833,16,42
2026-05-19,P139,312,195,117,0.625,12,5
2026-05-20,P139,312,181,131,0.5801,16,45
2026-05-21,P139,312,183,129,0.5865,14,62
2026-05-22,P139,312,176,136,0.5641,13,16
2026-05-23,P139,312,169,143,0.5417,13,26
2026-05-24,P139,312,179,133,0.5737,14,5
2026-05-25,P139,312,181,131,0.5801,17,37
2026-05-26,P139,312,183,129,0.5865,18,28
2026-05-27,P139,312,187,125,0.5994,13,27
2026-05-28,P139,312,192,120,0.6154,13,37
2026-05-29,P139,312,200,112,0.641,15,13
2026-05-30,P139,312,193,119,0.6186,13,61
2026-05-31,P139,312,196,116,0.6282,16,38
2026-06-01,P139,312,200,112,0.641,14,4
2026-06-02,P139,312,214,98,0.6859,12,57
2026-06-03,P139,312,201,111,0.6442,12,38
2026-06-04,P139,312,210,102,0.6731,9,50
2026-06-05,P139,312,208,104,0.6667,10,32
2026-06-06,P139,312,219,93,0.7019,11,42
2026-06-07,P139,312,205,107,0.6571,12,9
2026-06-08,P139,312,200,112,0.641,13,12
2026-06-09,P139,312,208,104,0.6667,12,46
2026-06-10,P139,312,221,91,0.7083,9,36
2026-06-11,P139,312,211,101,0.6763,13,13
2026-06-12,P139,312,204,108,0.6538,10,2
2026-06-13,P139,312,204,108,0.6538,12,58
2026-06-14,P139,312,194,118,0.6218,16,62
2026-06-15,P139,312,197,115,0.6314,14,3
2026-06-16,P139,312,195,117,0.625,14,48
2026-06-17,P139,312,193,119,0.6186,14,25
2026-06-18,P139,312,197,115,0.6314,15,26
2026-06-19,P139,312,202,110,0.6474,12,64
2026-06-20,P139,312,194,118,0.6218,14,3
2026-06-21,P139,312,184,128,0.5897,15,24
2026-06-22,P139,312,189,123,0.6058,15,36
2026-06-23,P139,312,188,124,0.6026,16,1
2026-06-24,P139,312,192,120,0.6154,14,65
2026-06-25,P139,312,176,136,0.5641,13,32
2026-06-26,P139,312,202,110,0.6474,13,12
2026-06-27,P139,312,196,116,0.6282,17,61
2026-06-28,P139,312,190,122,0.609,11,19
2026-06-29,P139,312,199,113,0.6378,13,6
2026-06-30,P139,312,205,107,0.6571,11,4
2026-07-01,P139,312,207,105,0.6635,15,44
2026-07-02,P139,312,213,99,0.6827,14,8
2026-07-03,P139,312,206,106,0.6603,13,9
2026-07-04,P139,312,214,98,0.6859,9,25
2026-07-05,P139,312,216,96,0.6923,11,2
2026-07-06,P139,312,221,91,0.7083,15,51
2026-07-07,P139,312,209,103,0.6699,11,40
2026-07-08,P139,312,207,105,0.6635,10,13
2026-07-09,P139,312,215,97,0.6891,10,61
2026-07-10,P139,312,213,99,0.6827,9,4
2026-07-11,P139,312,216,96,0.6923,7,64
2026-07-12,P139,312,203,109,0.6506,14,11
2026-07-13,P139,312,205,107,0.6571,11,60
2026-07-14,P139,312,208,104,0.6667,11,44
2026-07-15,P139,312,205,107,0.6571,10,16
2026-07-16,P139,312,199,113,0.6378,14,8
2026-07-17,P139,312,199,113,0.6378,15,30
2026-07-18,P139,312,201,111,0.6442,13,19
2026-07-19,P139,312,197,115,0.6314,10,49
2026-07-20,P139,312,198,114,0.6346,11,2
2026-07-21,P139,312,198,114,0.6346,15,61
2026-07-22,P139,312,198,114,0.6346,14,30
2026-07-23,P139,312,204,108,0.6538,8,65
2026-07-24,P139,312,205,107,0.6571,15,64
2026-07-25,P139,312,201,111,0.6442,12,20
2026-07-26,P139,312,212,100,0.6795,11,37
2026-07-27,P139,312,203,109,0.6506,17,17
2026-07-28,P139,312,202,110,0.6474,14,45
2026-07-29,P139,312,216,96,0.6923,10,13
2026-07-30,P139,312,213,99,0.6827,15,2
2026-07-31,P139,312,221,91,0.7083,10,1
2026-08-01,P139,312,225,87,0.7212,11,0
2026-08-02,P139,312,217,95,0.6955,10,33
2026-08-03,P139,312,227,85,0.7276,11,1
2026-08-04,P139,312,212,100,0.6795,12,28
2026-08-05,P139,312,218,94,0.6987,11,29
2026-08-06,P139,312,215,97,0.6891,12,20
2026-08-07,P139,312,219,93,0.7019,9,56
2026-08-08,P139,312,224,88,0.7179,10,57
2026-08-09,P139,312,217,95,0.6955,12,32
2026-08-10,P139,312,212,100,0.6795,11,61
2026-08-11,P139,312,219,93,0.7019,7,11
2026-08-12,P139,312,216,96,0.6923,10,59
2026-08-13,P139,312,218,94,0.6987,10,16
2026-08-14,P139,312,214,98,0.6859,12,42
2026-08-15,P139,312,196,116,0.6282,14,47
2026-08-16,P139,312,209,103,0.6699,10,20
2026-08-17,P139,312,214,98,0.6859,8,49
2026-08-18,P139,312,207,105,0.6635,14,64
2026-08-19,P139,312,200,112,0.641,9,42
2026-08-20,P139,312,197,115,0.6314,12,41
2026-08-21,P139,312,200,112,0.641,15,12
2026-08-22,P139,312,199,113,0.6378,16,12
2026-08-23,P139,312,207,105,0.6635,13,13
2026-08-24,P139,312,201,111,0.6442,10,44
2026-08-25,P139,312,207,105,0.6635,11,46
2026-08-26,P139,312,209,103,0.6699,11,10
2026-08-27,P139,312,215,97,0.6891,13,48
2026-04-30,P140,191,137,54,0.7173,7,5
2026-05-01,P140,191,141,50,0.7382,5,19
2026-05-02,P140,191,141,50,0.7382,3,11
2026-05-03,P140,191,146,45,0.7644,4,35
2026-05-04,P140,191,146,45,0.7644,4,48
2026-05-05,P140,191,145,46,0.7592,5,13
2026-05-06,P140,191,146,45,0.7644,6,16
2026-05-07,P140,191,148,43,0.7749,4,56
2026-05-08,P140,191,151,40,0.7906,1,3
2026-05-09,P140,191,142,49,0.7435,3,39
2026-05-10,P140,191,148,43,0.7749,3,55
2026-05-11,P140,191,153,38,0.801,3,37
2026-05-12,P140,191,138,53,0.7225,6,33
2026-05-13,P140,191,142,49,0.7435,7,57
2026-05-14,P140,191,144,47,0.7539,8,18
2026-05-15,P140,191,145,46,0.7592,4,28
2026-05-16,P140,191,142,49,0.7435,9,49
2026-05-17,P140,191,139,52,0.7277,7,53
2026-05-18,P140,191,135,56,0.7068,8,53
2026-05-19,P140,191,134,57,0.7016,7,58
2026-05-20,P140,191,136,55,0.712,4,21
2026-05-21,P140,191,139,52,0.7277,4,28
2026-05-22,P140,191,132,59,0.6911,4,53
2026-05-23,P140,191,135,56,0.7068,4,15
2026-05-24,P140,191,134,57,0.7016,9,60
2026-05-25,P140,191,135,56,0.7068,8,1
2026-05-26,P140,191,141,50,0.7382,5,58
2026-05-27,P140,191,139,52,0.7277,4,1
2026-05-28,P140,191,142,49,0.7435,4,29
2026-05-29,P140,191,147,44,0.7696,4,57
2026-05-30,P140,191,144,47,0.7539,5,39
2026-05-31,P140,191,144,47,0.7539,4,19
2026-06-01,P140,191,146,45,0.7644,8,52
2026-06-02,P140,191,152,39,0.7958,5,20
2026-06-03,P140,191,145,46,0.7592,4,34
2026-06-04,P140,191,155,36,0.8115,3,15
2026-06-05,P140,191,151,40,0.7906,3,49
2026-06-06,P140,191,146,45,0.7644,4,31
2026-06-07,P140,191,151,40,0.7906,2,23
2026-06-08,P140,191,149,42,0.7801,0,32
2026-06-09,P140,191,152,39,0.7958,6,1
2026-06-10,P140,191,148,43,0.7749,7,34
2026-06-11,P140,191,153,38,0.801,4,30
2026-06-12,P140,191,143,48,0.7487,3,19
2026-06-13,P140,191,144,47,0.7539,6,7
2026-06-14,P140,191,144,47,0.7539,5,36
2026-06-15,P140,191,149,42,0.7801,4,44
2026-06-16,P140,191,140,51,0.733,7,2
2026-06-17,P140,191,141,50,0.7382,7,8
2026-06-18,P140,191,138,53,0.7225,5,17
2026-06-19,P140,191,134,57,0.7016,6,41
2026-06-20,P140,191,142,49,0.7435,3,8
2026-06-21,P140,191,137,54,0.7173,7,58
2026-06-22,P140,191,139,52,0.7277,4,34
2026-06-23,P140,191,140,51,0.733,9,63
2026-06-24,P140,191,146,45,0.7644,5,27
2026-06-25,P140,191,138,53,0.7225,2,9
2026-06-26,P140,191,144,47,0.7539,6,2
2026-06-27,P140,191,138,53,0.7225,5,48
2026-06-28,P140,191,144,47,0.7539,5,45
2026-06-29,P140,191,150,41,0.7853,7,18
2026-06-30,P140,191,151,40,0.7906,4,56
2026-07-01,P140,191,144,47,0.7539,5,8
2026-07-02,P140,191,147,44,0.7696,4,12
2026-07-03,P140,191,150,41,0.7853,8,30
2026-07-04,P140,191,154,37,0.8063,5,22
2026-07-05,P140,191,153,38,0.801,6,16
2026-07-06,P140,191,151,40,0.7906,3,26
2026-07-07,P140,191,158,33,0.8272,4,35
2026-07-08,P140,191,155,36,0.8115,3,8
2026-07-09,P140,191,149,42,0.7801,3,1
2026-07-10,P140,191,159,32,0.8325,4,9
2026-07-11,P140,191,155,36,0.8115,4,60
2026-07-12,P140,191,150,41,0.7853,2,54
2026-07-13,P140,191,155,36,0.8115,0,12
2026-07-14,P140,191,151,40,0.7906,1,18
2026-07-15,P140,191,151,40,0.7906,6,10
2026-07-16,P140,191,147,44,0.7696,6,53
2026-07-17,P140,191,149,42,0.7801,6,4
2026-07-18,P140,191,144,47,0.7539,9,49
2026-07-19,P140,191,142,49,0.7435,4,42
2026-07-20,P140,191,141,50,0.7382,5,36
2026-07-21,P140,191,145,46,0.7592,5,42
2026-07-22,P140,191,143,48,0.7487,4,63
2026-07-23,P140,191,142,49,0.7435,5,44
2026-07-24,P140,191,143,48,0.7487,6,15
2026-07-25,P140,191,148,43,0.7749,4,7
2026-07-26,P140,191,149,42,0.7801,2,17
2026-07-27,P140,191,146,45,0.7644,6,43
2026-07-28,P140,191,150,41,0.7853,5,54
2026-07-29,P140,191,152,39,0.7958,2,6
2026-07-30,P140,191,151,40,0.7906,4,24
2026-07-31,P140,191,155,36,0.8115,4,64
2026-08-01,P140,191,158,33,0.8272,5,47
2026-08-02,P140,191,158,33,0.8272,1,27
2026-08-03,P140,191,160,31,0.8377,3,54
2026-08-04,P140,191,159,32,0.8325,5,31
2026-08-05,P140,191,154,37,0.8063,6,23
2026-08-06,P140,191,155,36,0.8115,4,10
2026-08-07,P140,191,159,32,0.8325,1,18
2026-08-08,P140,191,166,25,0.8691,2,62
2026-08-09,P140,191,159,32,0.8325,4,5
2026-08-10,P140,191,157,34,0.822,2,26
2026-08-11,P140,191,153,38,0.801,7,3
2026-08-12,P140,191,159,32,0.8325,1,61
2026-08-13,P140,191,152,39,0.7958,6,51
2026-08-14,P140,191,150,41,0.7853,5,7
2026-08-15,P140,191,149,42,0.7801,2,30
2026-08-16,P140,191,154,37,0.8063,6,19
2026-08-17,P140,191,147,44,0.7696,4,26
2026-08-18,P140,191,156,35,0.8168,7,61
2026-08-19,P140,191,155,36,0.8115,7,57
2026-08-20,P140,191,147,44,0.7696,5,37
2026-08-21,P140,191,145,46,0.7592,6,42
2026-08-22,P140,191,150,41,0.7853,3,38
2026-08-23,P140,191,151,40,0.7906,6,13
2026-08-24,P140,191,146,45,0.7644,7,60
2026-08-25,P140,191,152,39,0.7958,3,57
2026-08-26,P140,191,150,41,0.7853,5,7
2026-08-27,P140,191,157,34,0.822,5,29
2026-04-30,P141,301,229,72,0.7608,8,56
2026-05-01,P141,301,234,67,0.7774,9,46
2026-05-02,P141,301,236,65,0.7841,6,17
2026-05-03,P141,301,241,60,0.8007,8,46
2026-05-04,P141,301,251,50,0.8339,5,65
2026-05-05,P141,301,245,56,0.814,5,52
2026-05-06,P141,301,241,60,0.8007,8,25
2026-05-07,P141,301,253,48,0.8405,8,24
2026-05-08,P141,301,244,57,0.8106,3,9
2026-05-09,P141,301,252,49,0.8372,2,52
2026-05-10,P141,301,239,62,0.794,7,37
2026-05-11,P141,301,245,56,0.814,6,7
2026-05-12,P141,301,252,49,0.8372,6,3
2026-05-13,P141,301,237,64,0.7874,7,8
2026-05-14,P141,301,246,55,0.8173,3,33
2026-05-15,P141,301,236,65,0.7841,8,8
2026-05-16,P141,301,226,75,0.7508,11,44
2026-05-17,P141,301,228,73,0.7575,9,55
2026-05-18,P141,301,232,69,0.7708,9,11
2026-05-19,P141,301,234,67,0.7774,7,56
2026-05-20,P141,301,236,65,0.7841,6,55
2026-05-21,P141,301,231,70,0.7674,8,4
2026-05-22,P141,301,222,79,0.7375,8,17
2026-05-23,P141,301,236,65,0.7841,10,24
2026-05-24,P141,301,220,81,0.7309,11,47
2026-05-25,P141,301,230,71,0.7641,9,41
2026-05-26,P141,301,233,68,0.7741,11,28
2026-05-27,P141,301,236,65,0.7841,9,60
2026-05-28,P141,301,233,68,0.7741,9,36
2026-05-29,P141,301,235,66,0.7807,6,43
2026-05-30,P141,301,248,53,0.8239,4,14
2026-05-31,P141,301,252,49,0.8372,6,1
2026-06-01,P141,301,246,55,0.8173,6,56
2026-06-02,P141,301,239,62,0.794,9,58
2026-06-03,P141,301,241,60,0.8007,5,47
2026-06-04,P141,301,250,51,0.8306,8,13
2026-06-05,P141,301,251,50,0.8339,5,6
2026-06-06,P141,301,252,49,0.8372,6,65
2026-06-07,P141,301,260,41,0.8638,5,29
2026-06-08,P141,301,239,62,0.794,9,29
2026-06-09,P141,301,253,48,0.8405,7,7
2026-06-10,P141,301,246,55,0.8173,2,49
2026-06-11,P141,301,243,58,0.8073,8,27
2026-06-12,P141,301,250,51,0.8306,5,49
2026-06-13,P141,301,248,53,0.8239,5,30
2026-06-14,P141,301,225,76,0.7475,8,30
2026-06-15,P141,301,229,72,0.7608,9,15
2026-06-16,P141,301,234,67,0.7774,8,52
2026-06-17,P141,301,227,74,0.7542,9,60
2026-06-18,P141,301,229,72,0.7608,7,1
2026-06-19,P141,301,245,56,0.814,9,50
2026-06-20,P141,301,234,67,0.7774,7,41
2026-06-21,P141,301,230,71,0.7641,9,21
2026-06-22,P141,301,235,66,0.7807,7,1
2026-06-23,P141,301,231,70,0.7674,9,26
2026-06-24,P141,301,236,65,0.7841,10,57
2026-06-25,P141,301,236,65,0.7841,10,16
2026-06-26,P141,301,240,61,0.7973,5,12
2026-06-27,P141,301,241,60,0.8007,9,11
2026-06-28,P141,301,249,52,0.8272,6,65
2026-06-29,P141,301,248,53,0.8239,10,65
2026-06-30,P141,301,249,52,0.8272,4,32
2026-07-01,P141,301,257,44,0.8538,5,8
2026-07-02,P141,301,261,40,0.8671,3,38
2026-07-03,P141,301,251,50,0.8339,5,52
2026-07-04,P141,301,267,34,0.887,1,20
2026-07-05,P141,301,257,44,0.8538,8,12
2026-07-06,P141,301,258,43,0.8571,8,42
2026-07-07,P141,301,261,40,0.8671,2,48
2026-07-08,P141,301,247,54,0.8206,5,33
2026-07-09,P141,301,252,49,0.8372,4,61
2026-07-10,P141,301,257,44,0.8538,7,17
2026-07-11,P141,301,258,43,0.8571,4,49
2026-07-12,P141,301,248,53,0.8239,5,32
2026-07-13,P141,301,244,57,0.8106,6,53
2026-07-14,P141,301,246,55,0.8173,4,45
2026-07-15,P141,301,248,53,0.8239,3,60
2026-07-16,P141,301,240,61,0.7973,5,43
2026-07-17,P141,301,245,56,0.814,7,6
2026-07-18,P141,301,247,54,0.8206,5,25
2026-07-19,P141,301,243,58,0.8073,6,26
2026-07-20,P141,301,239,62,0.794,8,46
2026-07-21,P141,301,242,59,0.804,8,39
2026-07-22,P141,301,243,58,0.8073,5,6
2026-07-23,P141,301,248,53,0.8239,10,7
2026-07-24,P141,301,240,61,0.7973,9,21
2026-07-25,P141,301,241,60,0.8007,1,6
2026-07-26,P141,301,242,59,0.804,6,35
2026-07-27,P141,301,253,48,0.8405,7,50
2026-07-28,P141,301,250,51,0.8306,2,38
2026-07-29,P141,301,253,48,0.8405,5,31
2026-07-30,P141,301,251,50,0.8339,5,4
2026-07-31,P141,301,254,47,0.8439,2,12
2026-08-01,P141,301,262,39,0.8704,4,11
2026-08-02,P141,301,261,40,0.8671,4,36
2026-08-03,P141,301,259,42,0.8605,4,27
2026-08-04,P141,301,252,49,0.8372,4,63
2026-08-05,P141,301,270,31,0.897,8,29
2026-08-06,P141,301,270,31,0.897,3,33
2026-08-07,P141,301,264,37,0.8771,4,11
2026-08-08,P141,301,263,38,0.8738,3,5
2026-08-09,P141,301,260,41,0.8638,2,8
2026-08-10,P141,301,264,37,0.8771,8,45
2026-08-11,P141,301,259,42,0.8605,5,7
2026-08-12,P141,301,261,40,0.8671,3,53
2026-08-13,P141,301,251,50,0.8339,10,24
2026-08-14,P141,301,246,55,0.8173,7,42
2026-08-15,P141,301,249,52,0.8272,6,54
2026-08-16,P141,301,239,62,0.794,6,2
2026-08-17,P141,301,245,56,0.814,10,41
2026-08-18,P141,301,252,49,0.8372,7,34
2026-08-19,P141,301,237,64,0.7874,7,44
2026-08-20,P141,301,248,53,0.8239,6,21
2026-08-21,P141,301,242,59,0.804,10,10
2026-08-22,P141,301,249,52,0.8272,5,4
2026-08-23,P141,301,245,56,0.814,6,42
2026-08-24,P141,301,248,53,0.8239,5,7
2026-08-25,P141,301,248,53,0.8239,6,50
2026-08-26,P141,301,256,45,0.8505,4,63
2026-08-27,P141,301,256,45,0.8505,5,4
2026-04-30,P142,296,226,70,0.7635,8,39
2026-05-01,P142,296,223,73,0.7534,8,44
2026-05-02,P142,296,225,71,0.7601,8,54
2026-05-03,P142,296,241,55,0.8142,4,35
2026-05-04,P142,296,237,59,0.8007,5,50
2026-05-05,P142,296,233,63,0.7872,7,13
2026-05-06,P142,296,231,65,0.7804,8,47
2026-05-07,P142,296,232,64,0.7838,9,32
2026-05-08,P142,296,237,59,0.8007,6,42
2026-05-09,P142,296,248,48,0.8378,4,29
2026-05-10,P142,296,236,60,0.7973,5,58
2026-05-11,P142,296,238,58,0.8041,7,11
2026-05-12,P142,296,231,65,0.7804,10,4
2026-05-13,P142,296,234,62,0.7905,4,17
2026-05-14,P142,296,225,71,0.7601,5,4
2026-05-15,P142,296,225,71,0.7601,10,37
2026-05-16,P142,296,228,68,0.7703,8,47
2026-05-17,P142,296,219,77,0.7399,10,24
2026-05-18,P142,296,225,71,0.7601,9,65
2026-05-19,P142,296,217,79,0.7331,11,21
2026-05-20,P142,296,212,84,0.7162,13,55
2026-05-21,P142,296,228,68,0.7703,9,51
2026-05-22,P142,296,229,67,0.7736,9,65
2026-05-23,P142,296,222,74,0.75,6,39
2026-05-24,P142,296,220,76,0.7432,10,62
2026-05-25,P142,296,213,83,0.7196,9,52
2026-05-26,P142,296,232,64,0.7838,9,24
2026-05-27,P142,296,221,75,0.7466,8,37
2026-05-28,P142,296,220,76,0.7432,8,14
2026-05-29,P142,296,228,68,0.7703,8,62
2026-05-30,P142,296,243,53,0.8209,9,11
2026-05-31,P142,296,228,68,0.7703,5,3
2026-06-01,P142,296,245,51,0.8277,3,1
2026-06-02,P142,296,231,65,0.7804,4,57
2026-06-03,P142,296,240,56,0.8108,4,63
2026-06-04,P142,296,243,53,0.8209,6,7
2026-06-05,P142,296,241,55,0.8142,6,18
2026-06-06,P142,296,248,48,0.8378,6,35
2026-06-07,P142,296,248,48,0.8378,6,61
2026-06-08,P142,296,243,53,0.8209,5,54
2026-06-09,P142,296,236,60,0.7973,5,17
2026-06-10,P142,296,222,74,0.75,7,18
2026-06-11,P142,296,239,57,0.8074,7,25
2026-06-12,P142,296,239,57,0.8074,10,44
2026-06-13,P142,296,229,67,0.7736,6,9
2026-06-14,P142,296,228,68,0.7703,7,32
2026-06-15,P142,296,236,60,0.7973,8,20
2026-06-16,P142,296,239,57,0.8074,6,4
2026-06-17,P142,296,238,58,0.8041,8,57
2026-06-18,P142,296,229,67,0.7736,7,36
2026-06-19,P142,296,219,77,0.7399,10,19
2026-06-20,P142,296,225,71,0.7601,8,63
2026-06-21,P142,296,231,65,0.7804,6,18
2026-06-22,P142,296,232,64,0.7838,6,29
2026-06-23,P142,296,216,80,0.7297,9,53
2026-06-24,P142,296,216,80,0.7297,9,41
2026-06-25,P142,296,222,74,0.75,6,48
2026-06-26,P142,296,232,64,0.7838,9,8
2026-06-27,P142,296,239,57,0.8074,9,34
2026-06-28,P142,296,233,63,0.7872,7,24
2026-06-29,P142,296,239,57,0.8074,7,3
2026-06-30,P142,296,234,62,0.7905,9,53
2026-07-01,P142,296,246,50,0.8311,7,61
2026-07-02,P142,296,250,46,0.8446,6,31
2026-07-03,P142,296,248,48,0.8378,5,59
2026-07-04,P142,296,243,53,0.8209,6,30
2026-07-05,P142,296,253,43,0.8547,7,9
2026-07-06,P142,296,251,45,0.848,7,14
2026-07-07,P142,296,239,57,0.8074,5,48
2026-07-08,P142,296,254,42,0.8581,5,28
2026-07-09,P142,296,243,53,0.8209,5,33
2026-07-10,P142,296,250,46,0.8446,3,22
2026-07-11,P142,296,248,48,0.8378,3,30
2026-07-12,P142,296,244,52,0.8243,5,57
2026-07-13,P142,296,229,67,0.7736,6,53
2026-07-14,P142,296,239,57,0.8074,8,1
2026-07-15,P142,296,239,57,0.8074,8,1
2026-07-16,P142,296,237,59,0.8007,7,43
2026-07-17,P142,296,237,59,0.8007,3,23
2026-07-18,P142,296,240,56,0.8108,5,32
2026-07-19,P142,296,232,64,0.7838,9,43
2026-07-20,P142,296,224,72,0.7568,7,63
2026-07-21,P142,296,233,63,0.7872,6,34
2026-07-22,P142,296,229,67,0.7736,8,52
2026-07-23,P142,296,231,65,0.7804,6,30
2026-07-24,P142,296,234,62,0.7905,7,10
2026-07-25,P142,296,240,56,0.8108,4,38
2026-07-26,P142,296,247,49,0.8345,2,34
2026-07-27,P142,296,246,50,0.8311,4,13
2026-07-28,P142,296,242,54,0.8176,7,31
2026-07-29,P142,296,242,54,0.8176,7,43
2026-07-30,P142,296,246,50,0.8311,4,6
2026-07-31,P142,296,249,47,0.8412,7,16
2026-08-01,P142,296,251,45,0.848,6,34
2026-08-02,P142,296,253,43,0.8547,3,63
2026-08-03,P142,296,244,52,0.8243,5,14
2026-08-04,P142,296,247,49,0.8345,5,25
2026-08-05,P142,296,254,42,0.8581,5,46
2026-08-06,P142,296,247,49,0.8345,9,10
2026-08-07,P142,296,256,40,0.8649,2,56
2026-08-08,P142,296,257,39,0.8682,6,26
2026-08-09,P142,296,254,42,0.8581,4,4
2026-08-10,P142,296,251,45,0.848,3,24
2026-08-11,P142,296,241,55,0.8142,6,33
2026-08-12,P142,296,241,55,0.8142,3,23
2026-08-13,P142,296,251,45,0.848,7,22
2026-08-14,P142,296,247,49,0.8345,5,57
2026-08-15,P142,296,237,59,0.8007,7,40
2026-08-16,P142,296,246,50,0.8311,8,35
2026-08-17,P142,296,247,49,0.8345,2,30
2026-08-18,P142,296,230,66,0.777,6,20
2026-08-19,P142,296,233,63,0.7872,11,7
2026-08-20,P142,296,238,58,0.8041,8,47
2026-08-21,P142,296,240,56,0.8108,5,57
2026-08-22,P142,296,238,58,0.8041,8,25
2026-08-23,P142,296,235,61,0.7939,8,34
2026-08-24,P142,296,240,56,0.8108,10,38
2026-08-25,P142,296,250,46,0.8446,4,25
2026-08-26,P142,296,240,56,0.8108,7,25
2026-08-27,P142,296,255,41,0.8615,3,7
2026-04-30,P143,273,209,64,0.7656,9,53
2026-05-01,P143,273,208,65,0.7619,4,15
2026-05-02,P143,273,215,58,0.7875,6,24
2026-05-03,P143,273,221,52,0.8095,8,52
2026-05-04,P143,273,216,57,0.7912,6,16
2026-05-05,P143,273,222,51,0.8132,3,31
2026-05-06,P143,273,224,49,0.8205,7,41
2026-05-07,P143,273,222,51,0.8132,5,18
2026-05-08,P143,273,216,57,0.7912,8,46
2026-05-09,P143,273,223,50,0.8168,7,17
2026-05-10,P143,273,225,48,0.8242,2,34
2026-05-11,P143,273,219,54,0.8022,4,14
2026-05-12,P143,273,229,44,0.8388,5,55
2026-05-13,P143,273,207,66,0.7582,9,56
2026-05-14,P143,273,217,56,0.7949,5,55
2026-05-15,P143,273,212,61,0.7766,6,47
2026-05-16,P143,273,211,62,0.7729,5,34
2026-05-17,P143,273,215,58,0.7875,9,43
2026-05-18,P143,273,221,52,0.8095,6,45
2026-05-19,P143,273,204,69,0.7473,7,19
2026-05-20,P143,273,211,62,0.7729,7,51
2026-05-21,P143,273,209,64,0.7656,5,32
2026-05-22,P143,273,204,69,0.7473,8,18
2026-05-23,P143,273,206,67,0.7546,7,31
2026-05-24,P143,273,203,70,0.7436,13,42
2026-05-25,P143,273,198,75,0.7253,4,63
2026-05-26,P143,273,207,66,0.7582,7,4
2026-05-27,P143,273,210,63,0.7692,13,65
2026-05-28,P143,273,221,52,0.8095,7,44
2026-05-29,P143,273,223,50,0.8168,5,44
2026-05-30,P143,273,223,50,0.8168,4,58
2026-05-31,P143,273,225,48,0.8242,1,51
2026-06-01,P143,273,232,41,0.8498,7,3
2026-06-02,P143,273,224,49,0.8205,7,59
2026-06-03,P143,273,226,47,0.8278,6,0
2026-06-04,P143,273,228,45,0.8352,3,17
2026-06-05,P143,273,239,34,0.8755,3,2
2026-06-06,P143,273,236,37,0.8645,6,1
2026-06-07,P143,273,223,50,0.8168,4,40
2026-06-08,P143,273,236,37,0.8645,6,61
2026-06-09,P143,273,228,45,0.8352,5,21
2026-06-10,P143,273,226,47,0.8278,0,21
2026-06-11,P143,273,224,49,0.8205,4,61
2026-06-12,P143,273,231,42,0.8462,5,31
2026-06-13,P143,273,223,50,0.8168,3,38
2026-06-14,P143,273,222,51,0.8132,6,51
2026-06-15,P143,273,221,52,0.8095,9,31
2026-06-16,P143,273,223,50,0.8168,6,61
2026-06-17,P143,273,227,46,0.8315,6,12
2026-06-18,P143,273,218,55,0.7985,5,25
2026-06-19,P143,273,214,59,0.7839,9,16
2026-06-20,P143,273,215,58,0.7875,7,12
2026-06-21,P143,273,203,70,0.7436,8,43
2026-06-22,P143,273,214,59,0.7839,6,20
2026-06-23,P143,273,219,54,0.8022,8,45
2026-06-24,P143,273,215,58,0.7875,6,50
2026-06-25,P143,273,223,50,0.8168,6,9
2026-06-26,P143,273,217,56,0.7949,4,52
2026-06-27,P143,273,223,50,0.8168,3,4
2026-06-28,P143,273,222,51,0.8132,6,11
2026-06-29,P143,273,227,46,0.8315,3,60
2026-06-30,P143,273,227,46,0.8315,6,12
2026-07-01,P143,273,235,38,0.8608,1,29
2026-07-02,P143,273,226,47,0.8278,3,31
2026-07-03,P143,273,234,39,0.8571,7,26
2026-07-04,P143,273,240,33,0.8791,4,10
2026-07-05,P143,273,242,31,0.8864,1,63
2026-07-06,P143,273,239,34,0.8755,3,63
2026-07-07,P143,273,239,34,0.8755,6,53
2026-07-08,P143,273,248,25,0.9084,3,63
2026-07-09,P143,273,238,35,0.8718,1,17
2026-07-10,P143,273,243,30,0.8901,3,24
2026-07-11,P143,273,242,31,0.8864,3,65
2026-07-12,P143,273,236,37,0.8645,2,22
2026-07-13,P143,273,239,34,0.8755,2,26
2026-07-14,P143,273,223,50,0.8168,9,40
2026-07-15,P143,273,223,50,0.8168,4,1
2026-07-16,P143,273,217,56,0.7949,5,5
2026-07-17,P143,273,226,47,0.8278,4,59
2026-07-18,P143,273,219,54,0.8022,9,47
2026-07-19,P143,273,211,62,0.7729,7,14
2026-07-20,P143,273,219,54,0.8022,6,10
2026-07-21,P143,273,222,51,0.8132,6,6
2026-07-22,P143,273,217,56,0.7949,6,18
2026-07-23,P143,273,219,54,0.8022,7,21
2026-07-24,P143,273,227,46,0.8315,7,1
2026-07-25,P143,273,217,56,0.7949,9,18
2026-07-26,P143,273,226,47,0.8278,6,62
2026-07-27,P143,273,226,47,0.8278,5,46
2026-07-28,P143,273,234,39,0.8571,4,45
2026-07-29,P143,273,231,42,0.8462,5,51
2026-07-30,P143,273,233,40,0.8535,0,22
2026-07-31,P143,273,237,36,0.8681,4,4
2026-08-01,P143,273,240,33,0.8791,2,58
2026-08-02,P143,273,233,40,0.8535,6,44
2026-08-03,P143,273,240,33,0.8791,3,19
2026-08-04,P143,273,248,25,0.9084,3,44
2026-08-05,P143,273,245,28,0.8974,5,51
2026-08-06,P143,273,235,38,0.8608,3,42
2026-08-07,P143,273,241,32,0.8828,3,55
2026-08-08,P143,273,248,25,0.9084,2,26
2026-08-09,P143,273,242,31,0.8864,4,4
2026-08-10,P143,273,244,29,0.8938,4,27
2026-08-11,P143,273,235,38,0.8608,4,24
2026-08-12,P143,273,239,34,0.8755,6,7
2026-08-13,P143,273,228,45,0.8352,6,54
2026-08-14,P143,273,228,45,0.8352,3,33
2026-08-15,P143,273,229,44,0.8388,3,62
2026-08-16,P143,273,230,43,0.8425,8,22
2026-08-17,P143,273,225,48,0.8242,4,64
2026-08-18,P143,273,225,48,0.8242,5,28
2026-08-19,P143,273,231,42,0.8462,2,45
2026-08-20,P143,273,237,36,0.8681,4,11
2026-08-21,P143,273,226,47,0.8278,5,21
2026-08-22,P143,273,228,45,0.8352,5,61
2026-08-23,P143,273,223,50,0.8168,6,47
2026-08-24,P143,273,228,45,0.8352,3,39
2026-08-25,P143,273,228,45,0.8352,3,35
2026-08-26,P143,273,236,37,0.8645,4,39
2026-08-27,P143,273,229,44,0.8388,8,30
2026-04-30,P144,322,286,36,0.8882,2,10
2026-05-01,P144,322,291,31,0.9037,3,65
2026-05-02,P144,322,291,31,0.9037,1,30
2026-05-03,P144,322,285,37,0.8851,5,23
2026-05-04,P144,322,284,38,0.882,2,23
2026-05-05,P144,322,289,33,0.8975,4,12
2026-05-06,P144,322,291,31,0.9037,0,18
2026-05-07,P144,322,304,18,0.9441,4,62
2026-05-08,P144,322,291,31,0.9037,4,28
2026-05-09,P144,322,278,44,0.8634,6,12
2026-05-10,P144,322,293,29,0.9099,0,23
2026-05-11,P144,322,288,34,0.8944,2,63
2026-05-12,P144,322,288,34,0.8944,5,50
2026-05-13,P144,322,292,30,0.9068,4,2
2026-05-14,P144,322,280,42,0.8696,4,51
2026-05-15,P144,322,280,42,0.8696,6,6
2026-05-16,P144,322,279,43,0.8665,2,52
2026-05-17,P144,322,276,46,0.8571,7,5
2026-05-18,P144,322,276,46,0.8571,2,46
2026-05-19,P144,322,293,29,0.9099,5,24
2026-05-20,P144,322,276,46,0.8571,0,42
2026-05-21,P144,322,269,53,0.8354,4,38
2026-05-22,P144,322,276,46,0.8571,5,51
2026-05-23,P144,322,281,41,0.8727,6,29
2026-05-24,P144,322,277,45,0.8602,5,7
2026-05-25,P144,322,286,36,0.8882,1,13
2026-05-26,P144,322,281,41,0.8727,2,19
2026-05-27,P144,322,282,40,0.8758,2,51
2026-05-28,P144,322,276,46,0.8571,3,24
2026-05-29,P144,322,289,33,0.8975,2,58
2026-05-30,P144,322,290,32,0.9006,5,18
2026-05-31,P144,322,281,41,0.8727,1,61
2026-06-01,P144,322,281,41,0.8727,4,10
2026-06-02,P144,322,294,28,0.913,5,62
2026-06-03,P144,322,303,19,0.941,2,19
2026-06-04,P144,322,290,32,0.9006,5,20
2026-06-05,P144,322,289,33,0.8975,2,38
2026-06-06,P144,322,302,20,0.9379,2,8
2026-06-07,P144,322,296,26,0.9193,3,8
2026-06-08,P144,322,298,24,0.9255,1,42
2026-06-09,P144,322,303,19,0.941,1,50
2026-06-10,P144,322,291,31,0.9037,3,48
2026-06-11,P144,322,289,33,0.8975,2,22
2026-06-12,P144,322,285,37,0.8851,8,12
2026-06-13,P144,322,286,36,0.8882,5,17
2026-06-14,P144,322,289,33,0.8975,5,10
2026-06-15,P144,322,278,44,0.8634,5,35
2026-06-16,P144,322,281,41,0.8727,7,0
2026-06-17,P144,322,275,47,0.854,4,57
2026-06-18,P144,322,285,37,0.8851,0,24
2026-06-19,P144,322,290,32,0.9006,4,6
2026-06-20,P144,322,280,42,0.8696,8,13
2026-06-21,P144,322,274,48,0.8509,4,19
2026-06-22,P144,322,286,36,0.8882,4,32
2026-06-23,P144,322,280,42,0.8696,2,56
2026-06-24,P144,322,290,32,0.9006,7,12
2026-06-25,P144,322,281,41,0.8727,1,0
2026-06-26,P144,322,297,25,0.9224,3,5
2026-06-27,P144,322,295,27,0.9161,0,61
2026-06-28,P144,322,289,33,0.8975,2,22
2026-06-29,P144,322,287,35,0.8913,5,33
2026-06-30,P144,322,295,27,0.9161,3,56
2026-07-01,P144,322,296,26,0.9193,2,10
2026-07-02,P144,322,302,20,0.9379,5,64
2026-07-03,P144,322,314,8,0.9752,0,19
2026-07-04,P144,322,300,22,0.9317,1,38
2026-07-05,P144,322,307,15,0.9534,0,61
2026-07-06,P144,322,307,15,0.9534,0,37
2026-07-07,P144,322,308,14,0.9565,2,35
2026-07-08,P144,322,305,17,0.9472,0,39
2026-07-09,P144,322,315,7,0.9783,1,44
2026-07-10,P144,322,303,19,0.941,7,20
2026-07-11,P144,322,305,17,0.9472,6,15
2026-07-12,P144,322,296,26,0.9193,3,54
2026-07-13,P144,322,298,24,0.9255,7,1
2026-07-14,P144,322,299,23,0.9286,3,9
2026-07-15,P144,322,295,27,0.9161,3,47
2026-07-16,P144,322,295,27,0.9161,4,65
2026-07-17,P144,322,294,28,0.913,5,43
2026-07-18,P144,322,287,35,0.8913,7,55
2026-07-19,P144,322,298,24,0.9255,4,21
2026-07-20,P144,322,293,29,0.9099,5,37
2026-07-21,P144,322,284,38,0.882,5,46
2026-07-22,P144,322,294,28,0.913,0,18
2026-07-23,P144,322,288,34,0.8944,3,18
2026-07-24,P144,322,288,34,0.8944,3,10
2026-07-25,P144,322,293,29,0.9099,4,21
2026-07-26,P144,322,294,28,0.913,6,8
2026-07-27,P144,322,289,33,0.8975,1,23
2026-07-28,P144,322,303,19,0.941,5,43
2026-07-29,P144,322,303,19,0.941,3,1
2026-07-30,P144,322,298,24,0.9255,3,43
2026-07-31,P144,322,305,17,0.9472,1,34
2026-08-01,P144,322,309,13,0.9596,0,45
2026-08-02,P144,322,306,16,0.9503,3,38
2026-08-03,P144,322,296,26,0.9193,6,64
2026-08-04,P144,322,304,18,0.9441,0,8
2026-08-05,P144,322,313,9,0.972,1,45
2026-08-06,P144,322,316,6,0.9814,0,64
2026-08-07,P144,322,316,6,0.9814,3,33
2026-08-08,P144,322,304,18,0.9441,0,16
2026-08-09,P144,322,313,9,0.972,0,56
2026-08-10,P144,322,310,12,0.9627,4,22
2026-08-11,P144,322,316,6,0.9814,1,6
2026-08-12,P144,322,304,18,0.9441,1,44
2026-08-13,P144,322,297,25,0.9224,2,12
2026-08-14,P144,322,301,21,0.9348,3,10
2026-08-15,P144,322,298,24,0.9255,3,37
2026-08-16,P144,322,296,26,0.9193,2,24
2026-08-17,P144,322,300,22,0.9317,4,61
2026-08-18,P144,322,291,31,0.9037,4,21
2026-08-19,P144,322,286,36,0.8882,2,12
2026-08-20,P144,322,283,39,0.8789,3,32
2026-08-21,P144,322,295,27,0.9161,2,63
2026-08-22,P144,322,284,38,0.882,3,25
2026-08-23,P144,322,290,32,0.9006,4,28
2026-08-24,P144,322,300,22,0.9317,1,22
2026-08-25,P144,322,304,18,0.9441,0,18
2026-08-26,P144,322,314,8,0.9752,0,54
2026-08-27,P144,322,308,14,0.9565,0,63
2026-04-30,P145,354,212,142,0.5989,18,49
2026-05-01,P145,354,214,140,0.6045,17,59
2026-05-02,P145,354,226,128,0.6384,15,9
2026-05-03,P145,354,224,130,0.6328,20,27
2026-05-04,P145,354,234,120,0.661,13,18
2026-05-05,P145,354,231,123,0.6525,15,50
2026-05-06,P145,354,231,123,0.6525,13,25
2026-05-07,P145,354,235,119,0.6638,13,33
2026-05-08,P145,354,231,123,0.6525,14,7
2026-05-09,P145,354,225,129,0.6356,14,11
2026-05-10,P145,354,235,119,0.6638,16,45
2026-05-11,P145,354,238,116,0.6723,14,8
2026-05-12,P145,354,236,118,0.6667,14,38
2026-05-13,P145,354,227,127,0.6412,11,26
2026-05-14,P145,354,216,138,0.6102,15,37
2026-05-15,P145,354,220,134,0.6215,16,24
2026-05-16,P145,354,229,125,0.6469,17,50
2026-05-17,P145,354,210,144,0.5932,17,35
2026-05-18,P145,354,211,143,0.596,18,62
2026-05-19,P145,354,216,138,0.6102,17,33
2026-05-20,P145,354,215,139,0.6073,16,21
2026-05-21,P145,354,220,134,0.6215,15,19
2026-05-22,P145,354,206,148,0.5819,21,64
2026-05-23,P145,354,209,145,0.5904,19,52
2026-05-24,P145,354,218,136,0.6158,17,58
2026-05-25,P145,354,220,134,0.6215,14,58
2026-05-26,P145,354,203,151,0.5734,16,50
2026-05-27,P145,354,221,133,0.6243,15,52
2026-05-28,P145,354,233,121,0.6582,19,44
2026-05-29,P145,354,230,124,0.6497,17,26
2026-05-30,P145,354,228,126,0.6441,13,55
2026-05-31,P145,354,223,131,0.6299,18,55
2026-06-01,P145,354,224,130,0.6328,16,20
2026-06-02,P145,354,233,121,0.6582,16,48
2026-06-03,P145,354,233,121,0.6582,15,15
2026-06-04,P145,354,230,124,0.6497,15,54
2026-06-05,P145,354,241,113,0.6808,16,37
2026-06-06,P145,354,249,105,0.7034,11,17
2026-06-07,P145,354,234,120,0.661,12,0
2026-06-08,P145,354,246,108,0.6949,11,9
2026-06-09,P145,354,252,102,0.7119,13,57
2026-06-10,P145,354,243,111,0.6864,12,35
2026-06-11,P145,354,233,121,0.6582,11,0
2026-06-12,P145,354,247,107,0.6977,14,33
2026-06-13,P145,354,242,112,0.6836,11,38
2026-06-14,P145,354,216,138,0.6102,13,63
2026-06-15,P145,354,221,133,0.6243,17,54
2026-06-16,P145,354,238,116,0.6723,11,54
2026-06-17,P145,354,212,142,0.5989,14,5
2026-06-18,P145,354,217,137,0.613,15,35
2026-06-19,P145,354,212,142,0.5989,17,31
2026-06-20,P145,354,215,139,0.6073,18,17
2026-06-21,P145,354,233,121,0.6582,10,44
2026-06-22,P145,354,212,142,0.5989,18,9
2026-06-23,P145,354,219,135,0.6186,16,1
2026-06-24,P145,354,219,135,0.6186,16,0
2026-06-25,P145,354,241,113,0.6808,12,51
2026-06-26,P145,354,226,128,0.6384,16,50
2026-06-27,P145,354,230,124,0.6497,16,2
2026-06-28,P145,354,229,125,0.6469,15,7
2026-06-29,P145,354,233,121,0.6582,17,33
2026-06-30,P145,354,247,107,0.6977,12,21
2026-07-01,P145,354,235,119,0.6638,14,56
2026-07-02,P145,354,235,119,0.6638,15,56
2026-07-03,P145,354,237,117,0.6695,14,34
2026-07-04,P145,354,265,89,0.7486,10,21
2026-07-05,P145,354,248,106,0.7006,10,24
2026-07-06,P145,354,246,108,0.6949,14,63
2026-07-07,P145,354,256,98,0.7232,10,51
2026-07-08,P145,354,250,104,0.7062,12,45
2026-07-09,P145,354,254,100,0.7175,7,23
2026-07-10,P145,354,252,102,0.7119,11,21
2026-07-11,P145,354,236,118,0.6667,12,20
2026-07-12,P145,354,230,124,0.6497,17,7
2026-07-13,P145,354,246,108,0.6949,11,12
2026-07-14,P145,354,238,116,0.6723,13,13
2026-07-15,P145,354,233,121,0.6582,13,39
2026-07-16,P145,354,234,120,0.661,11,13
2026-07-17,P145,354,234,120,0.661,16,52
2026-07-18,P145,354,230,124,0.6497,13,64
2026-07-19,P145,354,226,128,0.6384,15,31
2026-07-20,P145,354,229,125,0.6469,14,8
2026-07-21,P145,354,234,120,0.661,13,58
2026-07-22,P145,354,234,120,0.661,12,13
2026-07-23,P145,354,232,122,0.6554,14,52
2026-07-24,P145,354,217,137,0.613,17,5
2026-07-25,P145,354,240,114,0.678,13,29
2026-07-26,P145,354,232,122,0.6554,14,30
2026-07-27,P145,354,227,127,0.6412,16,44
2026-07-28,P145,354,237,117,0.6695,11,26
2026-07-29,P145,354,248,106,0.7006,12,60
2026-07-30,P145,354,243,111,0.6864,14,36
2026-07-31,P145,354,244,110,0.6893,11,14
2026-08-01,P145,354,237,117,0.6695,13,9
2026-08-02,P145,354,242,112,0.6836,12,30
2026-08-03,P145,354,258,96,0.7288,10,5
2026-08-04,P145,354,253,101,0.7147,11,55
2026-08-05,P145,354,257,97,0.726,8,46
2026-08-06,P145,354,259,95,0.7316,8,29
2026-08-07,P145,354,249,105,0.7034,12,36
2026-08-08,P145,354,270,84,0.7627,10,54
2026-08-09,P145,354,243,111,0.6864,13,20
2026-08-10,P145,354,245,109,0.6921,14,1
2026-08-11,P145,354,238,116,0.6723,11,14
2026-08-12,P145,354,249,105,0.7034,17,54
2026-08-13,P145,354,257,97,0.726,10,45
2026-08-14,P145,354,244,110,0.6893,14,57
2026-08-15,P145,354,236,118,0.6667,15,53
2026-08-16,P145,354,246,108,0.6949,11,38
2026-08-17,P145,354,239,115,0.6751,15,23
2026-08-18,P145,354,248,106,0.7006,13,2
2026-08-19,P145,354,237,117,0.6695,13,36
2026-08-20,P145,354,226,128,0.6384,14,11
2026-08-21,P145,354,231,123,0.6525,14,30
2026-08-22,P145,354,233,121,0.6582,15,20
2026-08-23,P145,354,240,114,0.678,15,9
2026-08-24,P145,354,254,100,0.7175,12,20
2026-08-25,P145,354,227,127,0.6412,14,4
2026-08-26,P145,354,247,107,0.6977,11,60
2026-08-27,P145,354,248,106,0.7006,14,6
2026-04-30,P146,188,152,36,0.8085,4,33
2026-05-01,P146,188,153,35,0.8138,4,31
2026-05-02,P146,188,151,37,0.8032,4,12
2026-05-03,P146,188,159,29,0.8457,2,65
2026-05-04,P146,188,157,31,0.8351,7,22
2026-05-05,P146,188,160,28,0.8511,4,2
2026-05-06,P146,188,159,29,0.8457,1,56
2026-05-07,P146,188,162,26,0.8617,2,16
2026-05-08,P146,188,157,31,0.8351,4,23
2026-05-09,P146,188,162,26,0.8617,3,42
2026-05-10,P146,188,159,29,0.8457,4,38
2026-05-11,P146,188,156,32,0.8298,1,65
2026-05-12,P146,188,163,25,0.867,2,0
2026-05-13,P146,188,155,33,0.8245,3,16
2026-05-14,P146,188,152,36,0.8085,3,31
2026-05-15,P146,188,155,33,0.8245,4,17
2026-05-16,P146,188,150,38,0.7979,3,22
2026-05-17,P146,188,145,43,0.7713,2,29
2026-05-18,P146,188,146,42,0.7766,6,1
2026-05-19,P146,188,147,41,0.7819,4,47
2026-05-20,P146,188,150,38,0.7979,4,63
2026-05-21,P146,188,154,34,0.8191,4,9
2026-05-22,P146,188,136,52,0.7234,8,19
2026-05-23,P146,188,147,41,0.7819,6,20
2026-05-24,P146,188,147,41,0.7819,2,57
2026-05-25,P146,188,152,36,0.8085,7,21
2026-05-26,P146,188,152,36,0.8085,4,2
2026-05-27,P146,188,149,39,0.7926,7,17
2026-05-28,P146,188,148,40,0.7872,3,14
2026-05-29,P146,188,156,32,0.8298,6,0
2026-05-30,P146,188,156,32,0.8298,1,11
2026-05-31,P146,188,160,28,0.8511,5,37
2026-06-01,P146,188,154,34,0.8191,1,53
2026-06-02,P146,188,166,22,0.883,2,48
2026-06-03,P146,188,163,25,0.867,0,44
2026-06-04,P146,188,167,21,0.8883,1,9
2026-06-05,P146,188,164,24,0.8723,3,7
2026-06-06,P146,188,166,22,0.883,2,34
2026-06-07,P146,188,161,27,0.8564,4,22
2026-06-08,P146,188,155,33,0.8245,0,5
2026-06-09,P146,188,161,27,0.8564,6,36
2026-06-10,P146,188,168,20,0.8936,4,16
2026-06-11,P146,188,167,21,0.8883,6,48
2026-06-12,P146,188,153,35,0.8138,2,60
2026-06-13,P146,188,161,27,0.8564,3,16
2026-06-14,P146,188,158,30,0.8404,2,3
2026-06-15,P146,188,157,31,0.8351,1,62
2026-06-16,P146,188,151,37,0.8032,4,26
2026-06-17,P146,188,149,39,0.7926,0,17
2026-06-18,P146,188,150,38,0.7979,5,24
2026-06-19,P146,188,153,35,0.8138,5,14
2026-06-20,P146,188,153,35,0.8138,4,59
2026-06-21,P146,188,154,34,0.8191,4,10
2026-06-22,P146,188,145,43,0.7713,2,26
2026-06-23,P146,188,155,33,0.8245,4,63
2026-06-24,P146,188,148,40,0.7872,5,38
2026-06-25,P146,188,155,33,0.8245,2,47
2026-06-26,P146,188,162,26,0.8617,6,29
2026-06-27,P146,188,160,28,0.8511,2,62
2026-06-28,P146,188,157,31,0.8351,2,48
2026-06-29,P146,188,160,28,0.8511,4,34
2026-06-30,P146,188,155,33,0.8245,2,11
2026-07-01,P146,188,163,25,0.867,5,9
2026-07-02,P146,188,168,20,0.8936,1,8
2026-07-03,P146,188,166,22,0.883,3,34
2026-07-04,P146,188,162,26,0.8617,2,56
2026-07-05,P146,188,165,23,0.8777,6,34
2026-07-06,P146,188,163,25,0.867,4,34
2026-07-07,P146,188,169,19,0.8989,5,56
2026-07-08,P146,188,176,12,0.9362,0,31
2026-07-09,P146,188,160,28,0.8511,3,40
2026-07-10,P146,188,169,19,0.8989,5,19
2026-07-11,P146,188,161,27,0.8564,3,37
2026-07-12,P146,188,163,25,0.867,4,14
2026-07-13,P146,188,157,31,0.8351,3,31
2026-07-14,P146,188,161,27,0.8564,4,34
2026-07-15,P146,188,157,31,0.8351,4,41
2026-07-16,P146,188,158,30,0.8404,4,30
2026-07-17,P146,188,154,34,0.8191,3,1
2026-07-18,P146,188,156,32,0.8298,9,43
2026-07-19,P146,188,149,39,0.7926,6,26
2026-07-20,P146,188,151,37,0.8032,4,13
2026-07-21,P146,188,157,31,0.8351,8,20
2026-07-22,P146,188,155,33,0.8245,2,63
2026-07-23,P146,188,150,38,0.7979,1,32
2026-07-24,P146,188,157,31,0.8351,8,1
2026-07-25,P146,188,151,37,0.8032,0,14
2026-07-26,P146,188,152,36,0.8085,4,28
2026-07-27,P146,188,157,31,0.8351,4,40
2026-07-28,P146,188,162,26,0.8617,0,49
2026-07-29,P146,188,163,25,0.867,4,41
2026-07-30,P146,188,166,22,0.883,5,48
2026-07-31,P146,188,161,27,0.8564,3,3
2026-08-01,P146,188,166,22,0.883,3,33
2026-08-02,P146,188,171,17,0.9096,1,2
2026-08-03,P146,188,170,18,0.9043,3,31
2026-08-04,P146,188,169,19,0.8989,4,1
2026-08-05,P146,188,174,14,0.9255,0,46
2026-08-06,P146,188,167,21,0.8883,3,47
2026-08-07,P146,188,171,17,0.9096,3,24
2026-08-08,P146,188,165,23,0.8777,2,48
2026-08-09,P146,188,170,18,0.9043,4,38
2026-08-10,P146,188,169,19,0.8989,3,50
2026-08-11,P146,188,170,18,0.9043,3,15
2026-08-12,P146,188,169,19,0.8989,5,30
2026-08-13,P146,188,160,28,0.8511,2,45
2026-08-14,P146,188,169,19,0.8989,2,31
2026-08-15,P146,188,160,28,0.8511,3,43
2026-08-16,P146,188,164,24,0.8723,1,18
2026-08-17,P146,188,158,30,0.8404,3,2
2026-08-18,P146,188,162,26,0.8617,3,39
2026-08-19,P146,188,163,25,0.867,6,48
2026-08-20,P146,188,161,27,0.8564,3,24
2026-08-21,P146,188,163,25,0.867,2,28
2026-08-22,P146,188,164,24,0.8723,5,10
2026-08-23,P146,188,160,28,0.8511,4,55
2026-08-24,P146,188,160,28,0.8511,5,52
2026-08-25,P146,188,167,21,0.8883,2,11
2026-08-26,P146,188,160,28,0.8511,0,21
2026-08-27,P146,188,166,22,0.883,3,14
2026-04-30,P147,281,255,26,0.9075,1,47
2026-05-01,P147,281,264,17,0.9395,3,59
2026-05-02,P147,281,261,20,0.9288,0,3
2026-05-03,P147,281,262,19,0.9324,0,49
2026-05-04,P147,281,269,12,0.9573,0,31
2026-05-05,P147,281,265,16,0.9431,4,20
2026-05-06,P147,281,275,6,0.9786,2,33
2026-05-07,P147,281,271,10,0.9644,0,45
2026-05-08,P147,281,275,6,0.9786,0,43
2026-05-09,P147,281,273,8,0.9715,0,11
2026-05-10,P147,281,275,6,0.9786,0,60
2026-05-11,P147,281,271,10,0.9644,0,33
2026-05-12,P147,281,258,23,0.9181,5,22
2026-05-13,P147,281,260,21,0.9253,0,32
2026-05-14,P147,281,265,16,0.9431,2,9
2026-05-15,P147,281,262,19,0.9324,1,5
2026-05-16,P147,281,256,25,0.911,1,48
2026-05-17,P147,281,263,18,0.9359,2,61
2026-05-18,P147,281,258,23,0.9181,0,21
2026-05-19,P147,281,263,18,0.9359,5,2
2026-05-20,P147,281,251,30,0.8932,5,2
2026-05-21,P147,281,262,19,0.9324,2,46
2026-05-22,P147,281,242,39,0.8612,3,40
2026-05-23,P147,281,260,21,0.9253,1,53
2026-05-24,P147,281,258,23,0.9181,2,57
2026-05-25,P147,281,260,21,0.9253,5,51
2026-05-26,P147,281,258,23,0.9181,3,27
2026-05-27,P147,281,254,27,0.9039,1,58
2026-05-28,P147,281,263,18,0.9359,4,56
2026-05-29,P147,281,265,16,0.9431,3,59
2026-05-30,P147,281,266,15,0.9466,1,65
2026-05-31,P147,281,265,16,0.9431,2,43
2026-06-01,P147,281,275,6,0.9786,1,39
2026-06-02,P147,281,274,7,0.9751,2,53
2026-06-03,P147,281,274,7,0.9751,4,11
2026-06-04,P147,281,275,6,0.9786,0,43
2026-06-05,P147,281,275,6,0.9786,2,64
2026-06-06,P147,281,268,13,0.9537,0,19
2026-06-07,P147,281,272,9,0.968,0,54
2026-06-08,P147,281,270,11,0.9609,0,51
2026-06-09,P147,281,275,6,0.9786,0,55
2026-06-10,P147,281,272,9,0.968,1,2
2026-06-11,P147,281,268,13,0.9537,1,18
2026-06-12,P147,281,268,13,0.9537,2,29
2026-06-13,P147,281,273,8,0.9715,1,38
2026-06-14,P147,281,266,15,0.9466,0,17
2026-06-15,P147,281,271,10,0.9644,3,32
2026-06-16,P147,281,253,28,0.9004,5,46
2026-06-17,P147,281,263,18,0.9359,2,11
2026-06-18,P147,281,259,22,0.9217,0,54
2026-06-19,P147,281,263,18,0.9359,1,4
2026-06-20,P147,281,258,23,0.9181,0,16
2026-06-21,P147,281,270,11,0.9609,0,44
2026-06-22,P147,281,259,22,0.9217,0,39
2026-06-23,P147,281,260,21,0.9253,1,42
2026-06-24,P147,281,265,16,0.9431,1,50
2026-06-25,P147,281,266,15,0.9466,1,53
2026-06-26,P147,281,265,16,0.9431,0,0
2026-06-27,P147,281,264,17,0.9395,1,1
2026-06-28,P147,281,261,20,0.9288,0,34
2026-06-29,P147,281,275,6,0.9786,0,52
2026-06-30,P147,281,274,7,0.9751,0,49
2026-07-01,P147,281,275,6,0.9786,1,60
2026-07-02,P147,281,275,6,0.9786,3,46
2026-07-03,P147,281,275,6,0.9786,0,3
2026-07-04,P147,281,272,9,0.968,0,41
2026-07-05,P147,281,275,6,0.9786,1,63
2026-07-06,P147,281,275,6,0.9786,0,24
2026-07-07,P147,281,275,6,0.9786,1,0
2026-07-08,P147,281,275,6,0.9786,0,65
2026-07-09,P147,281,275,6,0.9786,0,16
2026-07-10,P147,281,275,6,0.9786,3,38
2026-07-11,P147,281,275,6,0.9786,0,22
2026-07-12,P147,281,275,6,0.9786,1,64
2026-07-13,P147,281,275,6,0.9786,0,27
2026-07-14,P147,281,268,13,0.9537,2,62
2026-07-15,P147,281,275,6,0.9786,0,59
2026-07-16,P147,281,275,6,0.9786,0,54
2026-07-17,P147,281,262,19,0.9324,1,35
2026-07-18,P147,281,270,11,0.9609,2,2
2026-07-19,P147,281,266,15,0.9466,0,24
2026-07-20,P147,281,272,9,0.968,1,10
2026-07-21,P147,281,267,14,0.9502,0,37
2026-07-22,P147,281,262,19,0.9324,6,37
2026-07-23,P147,281,265,16,0.9431,1,4
2026-07-24,P147,281,268,13,0.9537,2,11
2026-07-25,P147,281,260,21,0.9253,5,31
2026-07-26,P147,281,263,18,0.9359,1,8
2026-07-27,P147,281,268,13,0.9537,1,21
2026-07-28,P147,281,275,6,0.9786,0,43
2026-07-29,P147,281,273,8,0.9715,0,47
2026-07-30,P147,281,275,6,0.9786,0,20
2026-07-31,P147,281,275,6,0.9786,1,30
2026-08-01,P147,281,275,6,0.9786,1,30
2026-08-02,P147,281,275,6,0.9786,2,49
2026-08-03,P147,281,275,6,0.9786,1,50
2026-08-04,P147,281,275,6,0.9786,1,63
2026-08-05,P147,281,275,6,0.9786,0,17
2026-08-06,P147,281,275,6,0.9786,2,46
2026-08-07,P147,281,275,6,0.9786,0,65
2026-08-08,P147,281,275,6,0.9786,0,23
2026-08-09,P147,281,275,6,0.9786,2,30
2026-08-10,P147,281,275,6,0.9786,0,64
2026-08-11,P147,281,275,6,0.9786,1,31
2026-08-12,P147,281,275,6,0.9786,0,15
2026-08-13,P147,281,275,6,0.9786,0,12
2026-08-14,P147,281,275,6,0.9786,2,0
2026-08-15,P147,281,272,9,0.968,0,34
2026-08-16,P147,281,272,9,0.968,2,29
2026-08-17,P147,281,275,6,0.9786,3,14
2026-08-18,P147,281,268,13,0.9537,0,22
2026-08-19,P147,281,269,12,0.9573,0,17
2026-08-20,P147,281,273,8,0.9715,4,38
2026-08-21,P147,281,271,10,0.9644,0,55
2026-08-22,P147,281,275,6,0.9786,0,36
2026-08-23,P147,281,275,6,0.9786,0,43
2026-08-24,P147,281,275,6,0.9786,0,7
2026-08-25,P147,281,275,6,0.9786,2,34
2026-08-26,P147,281,274,7,0.9751,0,50
2026-08-27,P147,281,275,6,0.9786,1,65
2026-04-30,P148,409,249,160,0.6088,17,50
2026-05-01,P148,409,255,154,0.6235,17,62
2026-05-02,P148,409,251,158,0.6137,18,1
2026-05-03,P148,409,253,156,0.6186,18,41
2026-05-04,P148,409,246,163,0.6015,18,38
2026-05-05,P148,409,252,157,0.6161,22,48
2026-05-06,P148,409,278,131,0.6797,14,29
2026-05-07,P148,409,263,146,0.643,17,23
2026-05-08,P148,409,246,163,0.6015,23,23
2026-05-09,P148,409,252,157,0.6161,21,31
2026-05-10,P148,409,256,153,0.6259,17,21
2026-05-11,P148,409,256,153,0.6259,19,27
2026-05-12,P148,409,258,151,0.6308,16,3
2026-05-13,P148,409,255,154,0.6235,21,35
2026-05-14,P148,409,242,167,0.5917,21,55
2026-05-15,P148,409,258,151,0.6308,17,23
2026-05-16,P148,409,255,154,0.6235,18,34
2026-05-17,P148,409,240,169,0.5868,21,53
2026-05-18,P148,409,235,174,0.5746,19,50
2026-05-19,P148,409,235,174,0.5746,17,43
2026-05-20,P148,409,238,171,0.5819,18,27
2026-05-21,P148,409,249,160,0.6088,18,33
2026-05-22,P148,409,236,173,0.577,20,46
2026-05-23,P148,409,227,182,0.555,22,51
2026-05-24,P148,409,239,170,0.5844,20,13
2026-05-25,P148,409,235,174,0.5746,20,15
2026-05-26,P148,409,234,175,0.5721,19,52
2026-05-27,P148,409,238,171,0.5819,19,52
2026-05-28,P148,409,248,161,0.6064,19,63
2026-05-29,P148,409,256,153,0.6259,18,61
2026-05-30,P148,409,252,157,0.6161,18,20
2026-05-31,P148,409,256,153,0.6259,17,54
2026-06-01,P148,409,259,150,0.6333,17,20
2026-06-02,P148,409,272,137,0.665,18,60
2026-06-03,P148,409,259,150,0.6333,16,27
2026-06-04,P148,409,261,148,0.6381,16,41
2026-06-05,P148,409,287,122,0.7017,14,14
2026-06-06,P148,409,261,148,0.6381,19,30
2026-06-07,P148,409,268,141,0.6553,18,14
2026-06-08,P148,409,274,135,0.6699,16,15
2026-06-09,P148,409,276,133,0.6748,16,15
2026-06-10,P148,409,273,136,0.6675,14,65
2026-06-11,P148,409,262,147,0.6406,17,45
2026-06-12,P148,409,253,156,0.6186,20,56
2026-06-13,P148,409,268,141,0.6553,16,10
2026-06-14,P148,409,266,143,0.6504,14,26
2026-06-15,P148,409,251,158,0.6137,15,14
2026-06-16,P148,409,255,154,0.6235,19,15
2026-06-17,P148,409,244,165,0.5966,19,16
2026-06-18,P148,409,249,160,0.6088,17,0
2026-06-19,P148,409,241,168,0.5892,19,35
2026-06-20,P148,409,244,165,0.5966,19,32
2026-06-21,P148,409,243,166,0.5941,19,64
2026-06-22,P148,409,240,169,0.5868,22,51
2026-06-23,P148,409,252,157,0.6161,16,39
2026-06-24,P148,409,248,161,0.6064,18,54
2026-06-25,P148,409,261,148,0.6381,14,37
2026-06-26,P148,409,249,160,0.6088,19,43
2026-06-27,P148,409,248,161,0.6064,18,4
2026-06-28,P148,409,252,157,0.6161,19,15
2026-06-29,P148,409,258,151,0.6308,16,47
2026-06-30,P148,409,263,146,0.643,20,25
2026-07-01,P148,409,265,144,0.6479,16,47
2026-07-02,P148,409,280,129,0.6846,14,64
2026-07-03,P148,409,264,145,0.6455,17,3
2026-07-04,P148,409,286,123,0.6993,15,3
2026-07-05,P148,409,282,127,0.6895,14,57
2026-07-06,P148,409,283,126,0.6919,17,37
2026-07-07,P148,409,275,134,0.6724,18,24
2026-07-08,P148,409,274,135,0.6699,18,40
2026-07-09,P148,409,274,135,0.6699,13,60
2026-07-10,P148,409,276,133,0.6748,18,28
2026-07-11,P148,409,280,129,0.6846,15,46
2026-07-12,P148,409,253,156,0.6186,18,51
2026-07-13,P148,409,268,141,0.6553,18,21
2026-07-14,P148,409,263,146,0.643,19,25
2026-07-15,P148,409,253,156,0.6186,19,61
2026-07-16,P148,409,260,149,0.6357,21,59
2026-07-17,P148,409,243,166,0.5941,18,34
2026-07-18,P148,409,254,155,0.621,21,37
2026-07-19,P148,409,248,161,0.6064,17,40
2026-07-20,P148,409,253,156,0.6186,17,48
2026-07-21,P148,409,251,158,0.6137,21,57
2026-07-22,P148,409,249,160,0.6088,15,56
2026-07-23,P148,409,253,156,0.6186,19,14
2026-07-24,P148,409,247,162,0.6039,19,57
2026-07-25,P148,409,264,145,0.6455,19,44
2026-07-26,P148,409,256,153,0.6259,13,45
2026-07-27,P148,409,265,144,0.6479,18,11
2026-07-28,P148,409,256,153,0.6259,18,41
2026-07-29,P148,409,276,133,0.6748,14,9
2026-07-30,P148,409,257,152,0.6284,17,0
2026-07-31,P148,409,266,143,0.6504,16,37
2026-08-01,P148,409,283,126,0.6919,14,25
2026-08-02,P148,409,286,123,0.6993,15,17
2026-08-03,P148,409,281,128,0.687,15,18
2026-08-04,P148,409,285,124,0.6968,15,19
2026-08-05,P148,409,272,137,0.665,17,40
2026-08-06,P148,409,281,128,0.687,15,63
2026-08-07,P148,409,287,122,0.7017,14,15
2026-08-08,P148,409,278,131,0.6797,20,50
2026-08-09,P148,409,275,134,0.6724,17,16
2026-08-10,P148,409,292,117,0.7139,16,5
2026-08-11,P148,409,285,124,0.6968,18,48
2026-08-12,P148,409,265,144,0.6479,14,45
2026-08-13,P148,409,272,137,0.665,17,55
2026-08-14,P148,409,268,141,0.6553,18,40
2026-08-15,P148,409,267,142,0.6528,19,63
2026-08-16,P148,409,279,130,0.6822,15,49
2026-08-17,P148,409,248,161,0.6064,16,1
2026-08-18,P148,409,268,141,0.6553,20,57
2026-08-19,P148,409,264,145,0.6455,14,34
2026-08-20,P148,409,252,157,0.6161,19,44
2026-08-21,P148,409,252,157,0.6161,19,34
2026-08-22,P148,409,247,162,0.6039,18,40
2026-08-23,P148,409,267,142,0.6528,14,19
2026-08-24,P148,409,260,149,0.6357,17,23
2026-08-25,P148,409,268,141,0.6553,16,11
2026-08-26,P148,409,269,140,0.6577,14,10
2026-08-27,P148,409,274,135,0.6699,14,2
2026-04-30,P149,397,244,153,0.6146,18,11
2026-05-01,P149,397,250,147,0.6297,19,1
2026-05-02,P149,397,250,147,0.6297,17,18
2026-05-03,P149,397,237,160,0.597,19,19
2026-05-04,P149,397,245,152,0.6171,21,41
2026-05-05,P149,397,253,144,0.6373,15,13
2026-05-06,P149,397,259,138,0.6524,19,35
2026-05-07,P149,397,263,134,0.6625,13,27
2026-05-08,P149,397,273,124,0.6877,12,9
2026-05-09,P149,397,262,135,0.6599,16,29
2026-05-10,P149,397,251,146,0.6322,14,8
2026-05-11,P149,397,272,125,0.6851,16,64
2026-05-12,P149,397,254,143,0.6398,15,13
2026-05-13,P149,397,261,136,0.6574,13,17
2026-05-14,P149,397,250,147,0.6297,17,63
2026-05-15,P149,397,253,144,0.6373,18,24
2026-05-16,P149,397,252,145,0.6348,20,61
2026-05-17,P149,397,261,136,0.6574,15,37
2026-05-18,P149,397,243,154,0.6121,16,55
2026-05-19,P149,397,239,158,0.602,19,5
2026-05-20,P149,397,246,151,0.6196,19,18
2026-05-21,P149,397,242,155,0.6096,20,59
2026-05-22,P149,397,234,163,0.5894,19,5
2026-05-23,P149,397,246,151,0.6196,18,43
2026-05-24,P149,397,248,149,0.6247,20,12
2026-05-25,P149,397,245,152,0.6171,21,32
2026-05-26,P149,397,240,157,0.6045,19,21
2026-05-27,P149,397,236,161,0.5945,19,28
2026-05-28,P149,397,249,148,0.6272,16,53
2026-05-29,P149,397,252,145,0.6348,19,1
2026-05-30,P149,397,247,150,0.6222,17,29
2026-05-31,P149,397,272,125,0.6851,15,37
2026-06-01,P149,397,276,121,0.6952,12,53
2026-06-02,P149,397,257,140,0.6474,14,50
2026-06-03,P149,397,259,138,0.6524,15,51
2026-06-04,P149,397,270,127,0.6801,13,6
2026-06-05,P149,397,262,135,0.6599,17,17
2026-06-06,P149,397,263,134,0.6625,18,40
2026-06-07,P149,397,271,126,0.6826,16,44
2026-06-08,P149,397,281,116,0.7078,14,25
2026-06-09,P149,397,282,115,0.7103,11,2
2026-06-10,P149,397,274,123,0.6902,15,37
2026-06-11,P149,397,264,133,0.665,15,40
2026-06-12,P149,397,255,142,0.6423,19,52
2026-06-13,P149,397,258,139,0.6499,18,28
2026-06-14,P149,397,276,121,0.6952,14,65
2026-06-15,P149,397,262,135,0.6599,14,26
2026-06-16,P149,397,232,165,0.5844,19,34
2026-06-17,P149,397,258,139,0.6499,16,6
2026-06-18,P149,397,249,148,0.6272,18,61
2026-06-19,P149,397,244,153,0.6146,20,55
2026-06-20,P149,397,241,156,0.6071,19,63
2026-06-21,P149,397,250,147,0.6297,16,17
2026-06-22,P149,397,245,152,0.6171,20,47
2026-06-23,P149,397,262,135,0.6599,16,61
2026-06-24,P149,397,245,152,0.6171,17,36
2026-06-25,P149,397,250,147,0.6297,18,32
2026-06-26,P149,397,256,141,0.6448,19,60
2026-06-27,P149,397,258,139,0.6499,18,38
2026-06-28,P149,397,260,137,0.6549,17,17
2026-06-29,P149,397,265,132,0.6675,14,42
2026-06-30,P149,397,261,136,0.6574,15,3
2026-07-01,P149,397,279,118,0.7028,17,61
2026-07-02,P149,397,276,121,0.6952,16,58
2026-07-03,P149,397,273,124,0.6877,15,37
2026-07-04,P149,397,284,113,0.7154,15,43
2026-07-05,P149,397,270,127,0.6801,14,0
2026-07-06,P149,397,283,114,0.7128,13,48
2026-07-07,P149,397,272,125,0.6851,17,18
2026-07-08,P149,397,279,118,0.7028,11,25
2026-07-09,P149,397,284,113,0.7154,14,24
2026-07-10,P149,397,270,127,0.6801,14,20
2026-07-11,P149,397,273,124,0.6877,9,18
2026-07-12,P149,397,271,126,0.6826,14,2
2026-07-13,P149,397,258,139,0.6499,17,23
2026-07-14,P149,397,283,114,0.7128,12,55
2026-07-15,P149,397,267,130,0.6725,16,1
2026-07-16,P149,397,268,129,0.6751,16,35
2026-07-17,P149,397,268,129,0.6751,15,20
2026-07-18,P149,397,261,136,0.6574,14,44
2026-07-19,P149,397,268,129,0.6751,16,15
2026-07-20,P149,397,262,135,0.6599,17,47
2026-07-21,P149,397,255,142,0.6423,18,20
2026-07-22,P149,397,254,143,0.6398,17,61
2026-07-23,P149,397,272,125,0.6851,17,3
2026-07-24,P149,397,268,129,0.6751,17,57
2026-07-25,P149,397,278,119,0.7003,16,15
2026-07-26,P149,397,259,138,0.6524,17,46
2026-07-27,P149,397,259,138,0.6524,15,41
2026-07-28,P149,397,265,132,0.6675,15,54
2026-07-29,P149,397,266,131,0.67,16,36
2026-07-30,P149,397,282,115,0.7103,12,45
2026-07-31,P149,397,291,106,0.733,14,39
2026-08-01,P149,397,275,122,0.6927,17,40
2026-08-02,P149,397,277,120,0.6977,14,25
2026-08-03,P149,397,288,109,0.7254,15,8
2026-08-04,P149,397,282,115,0.7103,15,32
2026-08-05,P149,397,285,112,0.7179,17,48
2026-08-06,P149,397,281,116,0.7078,14,59
2026-08-07,P149,397,291,106,0.733,11,32
2026-08-08,P149,397,283,114,0.7128,18,11
2026-08-09,P149,397,274,123,0.6902,16,46
2026-08-10,P149,397,303,94,0.7632,11,13
2026-08-11,P149,397,289,108,0.728,15,46
2026-08-12,P149,397,270,127,0.6801,15,47
2026-08-13,P149,397,281,116,0.7078,13,45
2026-08-14,P149,397,269,128,0.6776,17,31
2026-08-15,P149,397,276,121,0.6952,15,22
2026-08-16,P149,397,273,124,0.6877,13,25
2026-08-17,P149,397,267,130,0.6725,14,2
2026-08-18,P149,397,269,128,0.6776,14,54
2026-08-19,P149,397,261,136,0.6574,16,4
2026-08-20,P149,397,268,129,0.6751,15,42
2026-08-21,P149,397,254,143,0.6398,18,34
2026-08-22,P149,397,278,119,0.7003,14,56
2026-08-23,P149,397,275,122,0.6927,15,48
2026-08-24,P149,397,274,123,0.6902,13,17
2026-08-25,P149,397,281,116,0.7078,14,37
2026-08-26,P149,397,281,116,0.7078,16,34
2026-08-27,P149,397,275,122,0.6927,13,23
2026-04-30,P150,344,246,98,0.7151,16,27
2026-05-01,P150,344,242,102,0.7035,12,19
2026-05-02,P150,344,233,111,0.6773,13,24
2026-05-03,P150,344,251,93,0.7297,10,1
2026-05-04,P150,344,243,101,0.7064,12,27
2026-05-05,P150,344,252,92,0.7326,10,12
2026-05-06,P150,344,254,90,0.7384,10,15
2026-05-07,P150,344,239,105,0.6948,11,32
2026-05-08,P150,344,249,95,0.7238,10,4
2026-05-09,P150,344,253,91,0.7355,9,57
2026-05-10,P150,344,258,86,0.75,4,42
2026-05-11,P150,344,246,98,0.7151,8,48
2026-05-12,P150,344,247,97,0.718,12,40
2026-05-13,P150,344,245,99,0.7122,13,25
2026-05-14,P150,344,241,103,0.7006,10,18
2026-05-15,P150,344,244,100,0.7093,12,47
2026-05-16,P150,344,239,105,0.6948,18,30
2026-05-17,P150,344,246,98,0.7151,9,37
2026-05-18,P150,344,224,120,0.6512,18,27
2026-05-19,P150,344,232,112,0.6744,13,36
2026-05-20,P150,344,227,117,0.6599,13,60
2026-05-21,P150,344,239,105,0.6948,10,13
2026-05-22,P150,344,225,119,0.6541,15,32
2026-05-23,P150,344,237,107,0.689,14,7
2026-05-24,P150,344,241,103,0.7006,15,46
2026-05-25,P150,344,230,114,0.6686,14,29
2026-05-26,P150,344,226,118,0.657,14,10
2026-05-27,P150,344,232,112,0.6744,14,16
2026-05-28,P150,344,227,117,0.6599,14,23
2026-05-29,P150,344,248,96,0.7209,13,12
2026-05-30,P150,344,241,103,0.7006,9,53
2026-05-31,P150,344,249,95,0.7238,10,50
2026-06-01,P150,344,244,100,0.7093,11,32
2026-06-02,P150,344,254,90,0.7384,11,36
2026-06-03,P150,344,253,91,0.7355,9,62
2026-06-04,P150,344,254,90,0.7384,10,10
2026-06-05,P150,344,255,89,0.7413,11,12
2026-06-06,P150,344,252,92,0.7326,10,57
2026-06-07,P150,344,255,89,0.7413,10,51
2026-06-08,P150,344,252,92,0.7326,10,42
2026-06-09,P150,344,249,95,0.7238,8,18
2026-06-10,P150,344,255,89,0.7413,7,24
2026-06-11,P150,344,259,85,0.7529,10,24
2026-06-12,P150,344,253,91,0.7355,13,2
2026-06-13,P150,344,249,95,0.7238,11,39
2026-06-14,P150,344,249,95,0.7238,12,54
2026-06-15,P150,344,253,91,0.7355,12,51
2026-06-16,P150,344,239,105,0.6948,8,22
2026-06-17,P150,344,252,92,0.7326,12,59
2026-06-18,P150,344,250,94,0.7267,12,27
2026-06-19,P150,344,239,105,0.6948,17,29
2026-06-20,P150,344,234,110,0.6802,14,10
2026-06-21,P150,344,241,103,0.7006,11,39
2026-06-22,P150,344,234,110,0.6802,12,52
2026-06-23,P150,344,226,118,0.657,16,5
2026-06-24,P150,344,240,104,0.6977,16,13
2026-06-25,P150,344,237,107,0.689,14,10
2026-06-26,P150,344,237,107,0.689,10,39
2026-06-27,P150,344,256,88,0.7442,12,49
2026-06-28,P150,344,255,89,0.7413,10,38
2026-06-29,P150,344,256,88,0.7442,10,21
2026-06-30,P150,344,249,95,0.7238,9,65
2026-07-01,P150,344,258,86,0.75,12,58
2026-07-02,P150,344,267,77,0.7762,7,38
2026-07-03,P150,344,260,84,0.7558,6,14
2026-07-04,P150,344,261,83,0.7587,10,40
2026-07-05,P150,344,271,73,0.7878,4,34
2026-07-06,P150,344,262,82,0.7616,11,30
2026-07-07,P150,344,262,82,0.7616,10,61
2026-07-08,P150,344,266,78,0.7733,8,41
2026-07-09,P150,344,260,84,0.7558,14,40
2026-07-10,P150,344,259,85,0.7529,5,59
2026-07-11,P150,344,253,91,0.7355,10,36
2026-07-12,P150,344,267,77,0.7762,11,24
2026-07-13,P150,344,265,79,0.7703,10,6
2026-07-14,P150,344,258,86,0.75,6,49
2026-07-15,P150,344,250,94,0.7267,12,26
2026-07-16,P150,344,248,96,0.7209,13,65
2026-07-17,P150,344,249,95,0.7238,13,37
2026-07-18,P150,344,256,88,0.7442,11,3
2026-07-19,P150,344,242,102,0.7035,11,42
2026-07-20,P150,344,237,107,0.689,12,49
2026-07-21,P150,344,251,93,0.7297,10,0
2026-07-22,P150,344,255,89,0.7413,14,13
2026-07-23,P150,344,247,97,0.718,14,17
2026-07-24,P150,344,267,77,0.7762,9,38
2026-07-25,P150,344,254,90,0.7384,11,19
2026-07-26,P150,344,259,85,0.7529,10,36
2026-07-27,P150,344,256,88,0.7442,9,24
2026-07-28,P150,344,259,85,0.7529,9,58
2026-07-29,P150,344,261,83,0.7587,7,5
2026-07-30,P150,344,262,82,0.7616,10,28
2026-07-31,P150,344,269,75,0.782,9,4
2026-08-01,P150,344,274,70,0.7965,8,53
2026-08-02,P150,344,268,76,0.7791,10,2
2026-08-03,P150,344,269,75,0.782,8,41
2026-08-04,P150,344,264,80,0.7674,8,42
2026-08-05,P150,344,273,71,0.7936,10,28
2026-08-06,P150,344,281,63,0.8169,6,30
2026-08-07,P150,344,270,74,0.7849,10,3
2026-08-08,P150,344,280,64,0.814,8,50
2026-08-09,P150,344,270,74,0.7849,6,65
2026-08-10,P150,344,274,70,0.7965,6,15
2026-08-11,P150,344,268,76,0.7791,5,43
2026-08-12,P150,344,267,77,0.7762,10,31
2026-08-13,P150,344,263,81,0.7645,8,60
2026-08-14,P150,344,269,75,0.782,8,11
2026-08-15,P150,344,260,84,0.7558,10,13
2026-08-16,P150,344,259,85,0.7529,9,59
2026-08-17,P150,344,257,87,0.7471,10,18
2026-08-18,P150,344,251,93,0.7297,8,40
2026-08-19,P150,344,253,91,0.7355,13,40
2026-08-20,P150,344,249,95,0.7238,12,10
2026-08-21,P150,344,256,88,0.7442,7,37
2026-08-22,P150,344,259,85,0.7529,6,58
2026-08-23,P150,344,243,101,0.7064,11,55
2026-08-24,P150,344,258,86,0.75,8,23
2026-08-25,P150,344,257,87,0.7471,10,48
2026-08-26,P150,344,260,84,0.7558,11,39
2026-08-27,P150,344,272,72,0.7907,6,54
