Action_ID,Lead_ID,Action_Date,Decision,Reason
A00007,L00007,2026-08-14,Rejected,Changed plans
A00010,L00010,2026-08-25,Rejected,Changed plans
A00011,L00011,2026-08-17,Rejected,Sales judgment
A00016,L00016,2026-08-26,Rejected,Other
A00020,L00020,2026-08-15,Accepted,Sales judgment
A00021,L00021,2026-08-01,Rejected,Other
A00022,L00022,2026-08-24,Rejected,Delayed follow-up
A00023,L00023,2026-08-10,Rejected,Other
A00035,L00035,2026-08-22,Rejected,Resident preference
A00036,L00036,2026-08-09,Rejected,Commute
A00037,L00037,2026-08-18,Accepted,Resident preference
A00038,L00038,2026-08-09,Rejected,Property preference
A00044,L00044,2026-08-22,Rejected,Other
A00053,L00053,2026-07-28,Rejected,Commute
A00054,L00054,2026-07-29,Rejected,Delayed follow-up
A00057,L00057,2026-08-13,Rejected,Price
A00060,L00060,2026-08-18,Modified,Sales judgment
A00062,L00062,2026-08-05,Rejected,No availability
A00068,L00068,2026-08-10,Rejected,Delayed follow-up
A00069,L00069,2026-08-27,Rejected,Room type
A00070,L00070,2026-08-16,Rejected,No availability
A00072,L00072,2026-08-05,Rejected,Changed plans
A00075,L00075,2026-08-02,Rejected,Other
A00077,L00077,2026-08-16,Rejected,Room type
A00078,L00078,2026-08-11,Rejected,Commute
A00080,L00080,2026-08-26,Rejected,Other
A00082,L00082,2026-08-11,Rejected,Room type
A00083,L00083,2026-08-09,Rejected,Commute
A00085,L00085,2026-08-04,Rejected,Delayed follow-up
A00086,L00086,2026-08-07,Rejected,Commute
A00087,L00087,2026-08-07,Rejected,Property preference
A00089,L00089,2026-08-01,Rejected,Changed plans
A00093,L00093,2026-08-21,Rejected,Price
A00094,L00094,2026-08-15,Modified,Inventory
A00095,L00095,2026-08-24,Rejected,Other
A00096,L00096,2026-08-26,Rejected,No availability
A00097,L00097,2026-08-19,Rejected,Delayed follow-up
A00101,L00101,2026-08-03,Rejected,Delayed follow-up
A00103,L00103,2026-08-20,Rejected,Inventory
A00105,L00105,2026-07-28,Rejected,Price
A00106,L00106,2026-08-14,Rejected,Inventory
A00108,L00108,2026-08-12,Rejected,No availability
A00116,L00116,2026-08-11,Rejected,No availability
A00117,L00117,2026-08-11,Rejected,No availability
A00119,L00119,2026-08-23,Rejected,Property preference
A00120,L00120,2026-08-18,Accepted,Inventory
A00121,L00121,2026-08-23,Accepted,Inventory
A00122,L00122,2026-08-12,Rejected,No availability
A00124,L00124,2026-08-13,Modified,Other
A00125,L00125,2026-08-21,Modified,Pricing
A00126,L00126,2026-08-02,Rejected,Property preference
A00127,L00127,2026-08-24,Modified,Sales judgment
A00129,L00129,2026-08-19,Modified,Inventory
A00134,L00134,2026-08-15,Accepted,Recommendation fit
A00137,L00137,2026-08-27,Modified,Inventory
A00139,L00139,2026-07-31,Rejected,Commute
A00142,L00142,2026-08-11,Rejected,Price
A00144,L00144,2026-08-22,Modified,Pricing
A00145,L00145,2026-08-02,Rejected,Property preference
A00146,L00146,2026-08-19,Rejected,Other
A00147,L00147,2026-08-19,Rejected,Delayed follow-up
A00149,L00149,2026-08-03,Rejected,Commute
A00159,L00159,2026-08-17,Accepted,Sales judgment
A00161,L00161,2026-08-20,Rejected,No availability
A00162,L00162,2026-08-17,Modified,Inventory
A00164,L00164,2026-08-19,Rejected,No availability
A00167,L00167,2026-08-26,Accepted,Inventory
A00170,L00170,2026-08-13,Rejected,Property preference
A00172,L00172,2026-08-09,Rejected,No availability
A00174,L00174,2026-08-24,Rejected,Other
A00177,L00177,2026-08-16,Accepted,Pricing
A00180,L00180,2026-08-03,Rejected,Commute
A00181,L00181,2026-08-14,Rejected,Property preference
A00183,L00183,2026-08-03,Rejected,Delayed follow-up
A00188,L00188,2026-07-31,Rejected,Property preference
A00189,L00189,2026-08-22,Rejected,Pricing
A00190,L00190,2026-08-03,Rejected,Delayed follow-up
A00191,L00191,2026-08-23,Accepted,Inventory
A00193,L00193,2026-08-20,Rejected,No availability
A00195,L00195,2026-08-19,Accepted,Recommendation fit
A00196,L00196,2026-08-20,Rejected,Other
A00197,L00197,2026-08-09,Rejected,Delayed follow-up
A00201,L00201,2026-08-19,Rejected,Room type
A00202,L00202,2026-08-12,Rejected,Recommendation fit
A00204,L00204,2026-08-16,Accepted,Sales judgment
A00206,L00206,2026-08-18,Modified,Inventory
A00210,L00210,2026-08-17,Rejected,Property preference
A00211,L00211,2026-08-14,Accepted,Recommendation fit
A00212,L00212,2026-08-20,Rejected,Changed plans
A00213,L00213,2026-08-22,Rejected,Property preference
A00214,L00214,2026-08-22,Rejected,Other
A00219,L00219,2026-08-14,Modified,Resident preference
A00223,L00223,2026-08-09,Rejected,Delayed follow-up
A00229,L00229,2026-07-29,Rejected,Room type
A00230,L00230,2026-08-24,Rejected,Changed plans
A00235,L00235,2026-08-15,Rejected,Pricing
A00236,L00236,2026-08-12,Rejected,Sales judgment
A00239,L00239,2026-08-13,Rejected,Pricing
A00242,L00242,2026-08-21,Rejected,Changed plans
A00246,L00246,2026-08-20,Accepted,Pricing
A00248,L00248,2026-08-22,Rejected,Other
A00251,L00251,2026-08-21,Accepted,Resident preference
A00253,L00253,2026-08-20,Rejected,Delayed follow-up
A00256,L00256,2026-08-20,Rejected,Room type
A00257,L00257,2026-08-02,Rejected,Room type
A00260,L00260,2026-08-09,Rejected,Changed plans
A00261,L00261,2026-08-17,Rejected,Sales judgment
A00262,L00262,2026-08-07,Rejected,Room type
A00263,L00263,2026-08-05,Rejected,Property preference
A00265,L00265,2026-08-27,Rejected,Commute
A00267,L00267,2026-08-25,Accepted,Resident preference
A00272,L00272,2026-08-27,Accepted,Recommendation fit
A00277,L00277,2026-08-26,Rejected,Resident preference
A00278,L00278,2026-08-23,Rejected,Other
A00279,L00279,2026-08-26,Rejected,No availability
A00280,L00280,2026-08-25,Rejected,Changed plans
A00285,L00285,2026-08-23,Rejected,No availability
A00286,L00286,2026-08-15,Rejected,Resident preference
A00290,L00290,2026-08-17,Rejected,Pricing
A00291,L00291,2026-08-14,Modified,Resident preference
A00294,L00294,2026-08-27,Rejected,Resident preference
A00295,L00295,2026-08-27,Modified,Resident preference
A00296,L00296,2026-08-22,Modified,Other
A00298,L00298,2026-08-21,Rejected,No availability
A00302,L00302,2026-08-22,Rejected,Inventory
A00304,L00304,2026-07-31,Rejected,Other
A00308,L00308,2026-08-22,Rejected,Changed plans
A00309,L00309,2026-08-15,Accepted,Other
A00310,L00310,2026-08-14,Accepted,Inventory
A00311,L00311,2026-08-04,Rejected,Delayed follow-up
A00316,L00316,2026-08-26,Rejected,Changed plans
A00317,L00317,2026-08-02,Rejected,Property preference
A00319,L00319,2026-08-19,Accepted,Recommendation fit
A00321,L00321,2026-08-16,Rejected,Resident preference
A00322,L00322,2026-07-30,Rejected,Other
A00324,L00324,2026-08-23,Rejected,Other
A00325,L00325,2026-08-02,Rejected,Commute
A00327,L00327,2026-08-22,Modified,Pricing
A00335,L00335,2026-08-17,Rejected,No availability
A00338,L00338,2026-08-20,Rejected,Resident preference
A00345,L00345,2026-08-14,Rejected,Property preference
A00348,L00348,2026-08-21,Rejected,Room type
A00349,L00349,2026-08-20,Rejected,Property preference
A00351,L00351,2026-07-29,Rejected,Price
A00352,L00352,2026-08-10,Rejected,Other
A00353,L00353,2026-08-21,Modified,Resident preference
A00358,L00358,2026-08-07,Rejected,Property preference
A00360,L00360,2026-08-20,Modified,Sales judgment
A00361,L00361,2026-08-26,Rejected,Property preference
A00362,L00362,2026-08-23,Rejected,Property preference
A00364,L00364,2026-08-05,Rejected,Room type
A00366,L00366,2026-08-22,Rejected,Delayed follow-up
A00371,L00371,2026-08-21,Modified,Resident preference
A00372,L00372,2026-08-19,Rejected,Property preference
A00374,L00374,2026-08-14,Rejected,Delayed follow-up
A00375,L00375,2026-07-30,Rejected,Room type
A00376,L00376,2026-08-24,Accepted,Recommendation fit
A00382,L00382,2026-08-22,Modified,Sales judgment
A00386,L00386,2026-08-21,Accepted,Inventory
A00387,L00387,2026-08-01,Rejected,Delayed follow-up
A00388,L00388,2026-08-26,Modified,Pricing
A00389,L00389,2026-08-19,Accepted,Inventory
A00396,L00396,2026-08-19,Accepted,Pricing
A00397,L00397,2026-08-02,Rejected,Room type
A00400,L00400,2026-08-17,Rejected,Resident preference
A00401,L00401,2026-07-31,Rejected,Other
A00404,L00404,2026-08-02,Rejected,Room type
A00405,L00405,2026-08-15,Modified,Other
A00407,L00407,2026-08-16,Rejected,Room type
A00409,L00409,2026-08-23,Rejected,Price
A00410,L00410,2026-08-25,Accepted,Other
A00411,L00411,2026-08-07,Rejected,Property preference
A00415,L00415,2026-08-02,Rejected,Changed plans
A00416,L00416,2026-08-26,Rejected,Inventory
A00417,L00417,2026-07-31,Rejected,Commute
A00420,L00420,2026-08-25,Rejected,Property preference
A00422,L00422,2026-08-15,Accepted,Pricing
A00423,L00423,2026-08-19,Rejected,Delayed follow-up
A00433,L00433,2026-08-21,Modified,Resident preference
A00437,L00437,2026-08-12,Accepted,Resident preference
A00438,L00438,2026-08-25,Modified,Other
A00440,L00440,2026-08-21,Rejected,Room type
A00441,L00441,2026-08-17,Accepted,Other
A00442,L00442,2026-08-13,Modified,Resident preference
A00443,L00443,2026-08-16,Rejected,Pricing
A00446,L00446,2026-08-06,Rejected,Changed plans
A00447,L00447,2026-08-24,Rejected,Room type
A00449,L00449,2026-08-13,Rejected,Other
A00452,L00452,2026-08-18,Rejected,Price
A00453,L00453,2026-08-05,Rejected,Property preference
A00454,L00454,2026-08-10,Rejected,Delayed follow-up
A00456,L00456,2026-08-06,Rejected,Room type
A00459,L00459,2026-08-18,Accepted,Inventory
A00463,L00463,2026-08-12,Accepted,Recommendation fit
A00468,L00468,2026-08-27,Accepted,Pricing
A00470,L00470,2026-08-26,Rejected,Recommendation fit
A00471,L00471,2026-08-27,Rejected,Sales judgment
A00474,L00474,2026-08-04,Rejected,Other
A00475,L00475,2026-08-13,Rejected,Other
A00476,L00476,2026-08-16,Rejected,Sales judgment
A00480,L00480,2026-08-19,Rejected,Other
A00484,L00484,2026-08-24,Accepted,Pricing
A00485,L00485,2026-08-15,Rejected,Resident preference
A00490,L00490,2026-08-17,Rejected,Delayed follow-up
A00491,L00491,2026-08-22,Rejected,Other
A00492,L00492,2026-08-26,Rejected,Changed plans
A00496,L00496,2026-08-13,Rejected,Property preference
A00497,L00497,2026-08-23,Rejected,Inventory
A00501,L00501,2026-07-28,Rejected,Other
A00503,L00503,2026-08-11,Rejected,Price
A00504,L00504,2026-08-07,Rejected,Room type
A00505,L00505,2026-08-23,Accepted,Resident preference
A00510,L00510,2026-08-04,Rejected,Commute
A00515,L00515,2026-08-15,Rejected,Delayed follow-up
A00517,L00517,2026-08-12,Rejected,Delayed follow-up
A00518,L00518,2026-08-06,Rejected,Delayed follow-up
A00519,L00519,2026-07-28,Rejected,Price
A00520,L00520,2026-08-04,Rejected,Property preference
A00521,L00521,2026-08-26,Rejected,Pricing
A00522,L00522,2026-08-24,Rejected,Pricing
A00523,L00523,2026-08-19,Modified,Recommendation fit
A00524,L00524,2026-08-27,Rejected,Room type
A00526,L00526,2026-08-13,Rejected,Property preference
A00527,L00527,2026-08-26,Rejected,Sales judgment
A00528,L00528,2026-08-07,Rejected,Room type
A00529,L00529,2026-08-20,Rejected,Delayed follow-up
A00534,L00534,2026-08-16,Rejected,No availability
A00535,L00535,2026-08-15,Rejected,No availability
A00536,L00536,2026-08-21,Modified,Inventory
A00537,L00537,2026-08-05,Rejected,Room type
A00538,L00538,2026-08-24,Accepted,Pricing
A00539,L00539,2026-08-01,Rejected,Property preference
A00541,L00541,2026-08-13,Modified,Inventory
A00542,L00542,2026-08-11,Rejected,Commute
A00544,L00544,2026-08-26,Rejected,Other
A00546,L00546,2026-08-11,Rejected,Delayed follow-up
A00547,L00547,2026-08-21,Rejected,Inventory
A00550,L00550,2026-07-29,Rejected,Other
A00551,L00551,2026-08-25,Accepted,Recommendation fit
A00552,L00552,2026-07-28,Rejected,Price
A00553,L00553,2026-08-27,Rejected,Delayed follow-up
A00556,L00556,2026-08-19,Modified,Pricing
A00558,L00558,2026-08-19,Rejected,Other
A00561,L00561,2026-08-15,Modified,Other
A00562,L00562,2026-07-30,Rejected,Other
A00564,L00564,2026-08-02,Rejected,No availability
A00570,L00570,2026-08-22,Accepted,Other
A00573,L00573,2026-08-19,Rejected,Sales judgment
A00574,L00574,2026-08-26,Rejected,Property preference
A00575,L00575,2026-08-08,Rejected,Price
A00578,L00578,2026-08-13,Accepted,Recommendation fit
A00579,L00579,2026-08-05,Rejected,Changed plans
A00580,L00580,2026-07-28,Rejected,No availability
A00581,L00581,2026-08-24,Rejected,Other
A00582,L00582,2026-08-24,Rejected,Recommendation fit
A00583,L00583,2026-08-23,Modified,Recommendation fit
A00585,L00585,2026-08-17,Accepted,Resident preference
A00587,L00587,2026-08-22,Modified,Resident preference
A00588,L00588,2026-08-08,Rejected,Price
A00590,L00590,2026-08-21,Rejected,Property preference
A00593,L00593,2026-08-13,Rejected,Pricing
A00595,L00595,2026-08-15,Rejected,Property preference
A00597,L00597,2026-08-13,Modified,Sales judgment
A00598,L00598,2026-08-15,Rejected,Commute
A00603,L00603,2026-08-20,Rejected,Property preference
A00604,L00604,2026-08-25,Modified,Inventory
A00608,L00608,2026-08-25,Modified,Pricing
A00611,L00611,2026-08-06,Rejected,Property preference
A00612,L00612,2026-08-25,Rejected,Delayed follow-up
A00613,L00613,2026-08-15,Modified,Recommendation fit
A00615,L00615,2026-08-11,Rejected,Commute
A00619,L00619,2026-08-04,Rejected,Price
A00620,L00620,2026-07-29,Rejected,Changed plans
A00621,L00621,2026-08-19,Rejected,Sales judgment
A00622,L00622,2026-08-06,Rejected,Other
A00623,L00623,2026-08-13,Rejected,Sales judgment
A00625,L00625,2026-08-15,Rejected,Resident preference
A00626,L00626,2026-08-18,Accepted,Sales judgment
A00627,L00627,2026-08-19,Modified,Recommendation fit
A00629,L00629,2026-08-06,Rejected,Property preference
A00632,L00632,2026-08-11,Rejected,Price
A00633,L00633,2026-08-10,Rejected,Property preference
A00634,L00634,2026-08-18,Modified,Pricing
A00635,L00635,2026-08-22,Rejected,Price
A00640,L00640,2026-08-20,Rejected,No availability
A00642,L00642,2026-08-25,Rejected,Property preference
A00649,L00649,2026-07-31,Rejected,Room type
A00650,L00650,2026-08-18,Modified,Recommendation fit
A00652,L00652,2026-08-16,Modified,Sales judgment
A00653,L00653,2026-08-14,Rejected,Pricing
A00658,L00658,2026-08-13,Rejected,Delayed follow-up
A00667,L00667,2026-08-01,Rejected,No availability
A00668,L00668,2026-08-22,Rejected,Changed plans
A00670,L00670,2026-07-31,Rejected,Price
A00671,L00671,2026-08-15,Rejected,Commute
A00672,L00672,2026-08-11,Rejected,Room type
A00674,L00674,2026-08-26,Rejected,Delayed follow-up
A00675,L00675,2026-08-20,Rejected,Delayed follow-up
A00676,L00676,2026-08-01,Rejected,Delayed follow-up
A00678,L00678,2026-08-15,Rejected,Price
A00680,L00680,2026-08-27,Modified,Resident preference
A00682,L00682,2026-08-23,Accepted,Sales judgment
A00689,L00689,2026-08-12,Rejected,Commute
A00690,L00690,2026-07-30,Rejected,Changed plans
A00691,L00691,2026-08-24,Modified,Other
A00693,L00693,2026-08-21,Rejected,Commute
A00696,L00696,2026-08-16,Accepted,Inventory
A00698,L00698,2026-08-06,Rejected,Property preference
A00700,L00700,2026-08-19,Rejected,Price
A00701,L00701,2026-08-03,Rejected,Property preference
A00703,L00703,2026-08-12,Accepted,Other
A00706,L00706,2026-07-28,Rejected,Price
A00709,L00709,2026-08-09,Rejected,Other
A00710,L00710,2026-08-19,Modified,Resident preference
A00712,L00712,2026-08-16,Modified,Inventory
A00714,L00714,2026-08-20,Rejected,Delayed follow-up
A00717,L00717,2026-08-18,Rejected,Inventory
A00719,L00719,2026-08-21,Modified,Other
A00720,L00720,2026-08-14,Modified,Sales judgment
A00725,L00725,2026-08-17,Modified,Recommendation fit
A00727,L00727,2026-08-03,Rejected,Commute
A00728,L00728,2026-08-22,Modified,Pricing
A00729,L00729,2026-08-03,Rejected,Property preference
A00732,L00732,2026-08-18,Rejected,Sales judgment
A00733,L00733,2026-08-20,Rejected,Commute
A00735,L00735,2026-08-07,Rejected,Changed plans
A00741,L00741,2026-08-27,Accepted,Resident preference
A00750,L00750,2026-08-15,Rejected,No availability
A00751,L00751,2026-08-11,Rejected,Changed plans
A00753,L00753,2026-08-10,Rejected,Commute
A00755,L00755,2026-08-21,Rejected,Other
A00756,L00756,2026-08-18,Rejected,Property preference
A00760,L00760,2026-08-25,Accepted,Resident preference
A00761,L00761,2026-08-16,Modified,Sales judgment
A00764,L00764,2026-08-11,Rejected,No availability
A00765,L00765,2026-08-18,Rejected,Other
A00768,L00768,2026-08-26,Accepted,Recommendation fit
A00769,L00769,2026-08-27,Rejected,Recommendation fit
A00772,L00772,2026-08-11,Rejected,Delayed follow-up
A00773,L00773,2026-08-10,Rejected,Delayed follow-up
A00774,L00774,2026-08-27,Rejected,Changed plans
A00776,L00776,2026-08-25,Rejected,No availability
A00778,L00778,2026-08-08,Rejected,Room type
A00779,L00779,2026-08-26,Rejected,Inventory
A00780,L00780,2026-08-16,Modified,Other
A00781,L00781,2026-07-31,Rejected,Changed plans
A00784,L00784,2026-08-23,Modified,Inventory
A00786,L00786,2026-08-21,Accepted,Sales judgment
A00787,L00787,2026-08-21,Rejected,Commute
A00790,L00790,2026-08-21,Rejected,Commute
A00791,L00791,2026-08-06,Rejected,Other
A00792,L00792,2026-08-18,Rejected,Resident preference
A00798,L00798,2026-08-22,Modified,Pricing
A00800,L00800,2026-08-14,Rejected,Recommendation fit
A00804,L00804,2026-08-12,Accepted,Inventory
A00807,L00807,2026-08-09,Rejected,Commute
A00808,L00808,2026-08-15,Rejected,Other
A00810,L00810,2026-08-21,Rejected,Property preference
A00811,L00811,2026-08-22,Rejected,Room type
A00814,L00814,2026-08-23,Rejected,Commute
A00816,L00816,2026-08-26,Rejected,Inventory
A00825,L00825,2026-08-15,Rejected,Changed plans
A00826,L00826,2026-08-17,Accepted,Inventory
A00829,L00829,2026-08-24,Accepted,Pricing
A00832,L00832,2026-08-17,Accepted,Inventory
A00833,L00833,2026-08-25,Rejected,Recommendation fit
A00838,L00838,2026-08-27,Modified,Recommendation fit
A00839,L00839,2026-08-05,Rejected,No availability
A00840,L00840,2026-08-20,Rejected,Resident preference
A00841,L00841,2026-07-29,Rejected,Changed plans
A00842,L00842,2026-08-15,Rejected,Price
A00843,L00843,2026-08-09,Rejected,Commute
A00844,L00844,2026-07-31,Rejected,Delayed follow-up
A00845,L00845,2026-08-19,Accepted,Inventory
A00846,L00846,2026-08-06,Rejected,Price
A00850,L00850,2026-08-20,Rejected,No availability
A00852,L00852,2026-08-17,Rejected,Delayed follow-up
A00854,L00854,2026-08-22,Accepted,Sales judgment
A00855,L00855,2026-08-16,Rejected,Room type
A00856,L00856,2026-08-17,Rejected,Room type
A00862,L00862,2026-08-18,Rejected,Changed plans
A00864,L00864,2026-08-21,Rejected,Recommendation fit
A00867,L00867,2026-08-12,Modified,Inventory
A00871,L00871,2026-08-10,Rejected,Room type
A00872,L00872,2026-08-21,Rejected,Sales judgment
A00875,L00875,2026-08-17,Rejected,Price
A00877,L00877,2026-08-15,Rejected,Price
A00881,L00881,2026-07-31,Rejected,Price
A00882,L00882,2026-08-25,Rejected,Resident preference
A00883,L00883,2026-07-28,Rejected,Changed plans
A00884,L00884,2026-08-20,Rejected,Resident preference
A00885,L00885,2026-07-31,Rejected,Delayed follow-up
A00891,L00891,2026-08-17,Rejected,No availability
A00892,L00892,2026-08-26,Accepted,Recommendation fit
A00894,L00894,2026-08-26,Rejected,Room type
A00896,L00896,2026-08-13,Modified,Sales judgment
A00897,L00897,2026-08-25,Rejected,Resident preference
A00899,L00899,2026-08-26,Rejected,Changed plans
A00900,L00900,2026-08-18,Rejected,Price
A00901,L00901,2026-08-18,Rejected,Price
A00909,L00909,2026-08-14,Rejected,Changed plans
A00910,L00910,2026-07-30,Rejected,Room type
A00913,L00913,2026-08-14,Rejected,Resident preference
A00914,L00914,2026-08-19,Rejected,Room type
A00916,L00916,2026-08-16,Rejected,Sales judgment
A00917,L00917,2026-08-19,Rejected,Commute
A00918,L00918,2026-07-30,Rejected,Price
A00927,L00927,2026-07-31,Rejected,Price
A00929,L00929,2026-08-15,Rejected,Room type
A00930,L00930,2026-08-10,Rejected,Delayed follow-up
A00931,L00931,2026-08-19,Rejected,Inventory
A00932,L00932,2026-08-15,Rejected,Sales judgment
A00933,L00933,2026-08-14,Rejected,Recommendation fit
A00935,L00935,2026-08-10,Rejected,No availability
A00938,L00938,2026-08-07,Rejected,No availability
A00939,L00939,2026-08-01,Rejected,Changed plans
A00940,L00940,2026-08-12,Accepted,Sales judgment
A00941,L00941,2026-08-17,Modified,Pricing
A00943,L00943,2026-08-18,Rejected,Other
A00944,L00944,2026-08-24,Rejected,Changed plans
A00947,L00947,2026-08-20,Rejected,Other
A00948,L00948,2026-07-30,Rejected,Delayed follow-up
A00953,L00953,2026-08-27,Rejected,Changed plans
A00954,L00954,2026-08-25,Accepted,Pricing
A00957,L00957,2026-08-24,Modified,Pricing
A00958,L00958,2026-08-23,Modified,Resident preference
A00959,L00959,2026-08-04,Rejected,Property preference
A00968,L00968,2026-08-26,Accepted,Inventory
A00970,L00970,2026-08-25,Modified,Sales judgment
A00972,L00972,2026-08-15,Accepted,Sales judgment
A00974,L00974,2026-08-18,Accepted,Recommendation fit
A00976,L00976,2026-08-07,Rejected,Commute
A00977,L00977,2026-08-22,Rejected,Changed plans
A00981,L00981,2026-08-05,Rejected,Property preference
A00983,L00983,2026-08-23,Rejected,Changed plans
A00986,L00986,2026-08-20,Rejected,Pricing
A00988,L00988,2026-08-19,Modified,Other
A00989,L00989,2026-08-19,Rejected,Price
A00990,L00990,2026-08-16,Modified,Resident preference
A01000,L01000,2026-08-19,Accepted,Other
A01002,L01002,2026-08-15,Rejected,Other
A01004,L01004,2026-08-18,Rejected,Property preference
A01005,L01005,2026-08-19,Rejected,Other
A01006,L01006,2026-07-31,Rejected,Room type
A01010,L01010,2026-08-20,Rejected,Price
A01011,L01011,2026-08-21,Rejected,Room type
A01012,L01012,2026-08-26,Rejected,Commute
A01021,L01021,2026-07-31,Rejected,Room type
A01023,L01023,2026-08-18,Rejected,Inventory
A01028,L01028,2026-07-28,Rejected,Other
A01029,L01029,2026-08-15,Rejected,Recommendation fit
A01030,L01030,2026-08-01,Rejected,Changed plans
A01031,L01031,2026-08-07,Rejected,Room type
A01033,L01033,2026-08-21,Rejected,No availability
A01036,L01036,2026-08-19,Accepted,Recommendation fit
A01039,L01039,2026-08-25,Accepted,Recommendation fit
A01040,L01040,2026-08-17,Modified,Sales judgment
A01043,L01043,2026-08-12,Rejected,Changed plans
A01048,L01048,2026-07-29,Rejected,Room type
A01050,L01050,2026-08-20,Rejected,Property preference
A01052,L01052,2026-08-21,Rejected,Property preference
A01053,L01053,2026-08-26,Rejected,Other
A01054,L01054,2026-08-14,Rejected,Other
A01058,L01058,2026-08-04,Rejected,Commute
A01059,L01059,2026-08-02,Rejected,Other
A01060,L01060,2026-07-31,Rejected,Commute
A01061,L01061,2026-08-02,Rejected,Other
A01066,L01066,2026-08-13,Accepted,Pricing
A01068,L01068,2026-08-14,Rejected,Property preference
A01073,L01073,2026-08-16,Modified,Pricing
A01076,L01076,2026-08-14,Modified,Sales judgment
A01079,L01079,2026-08-12,Accepted,Sales judgment
A01081,L01081,2026-08-21,Accepted,Recommendation fit
A01082,L01082,2026-08-21,Rejected,Room type
A01085,L01085,2026-08-09,Rejected,Other
A01088,L01088,2026-08-17,Rejected,Room type
A01089,L01089,2026-08-08,Rejected,Commute
A01090,L01090,2026-08-12,Rejected,Property preference
A01091,L01091,2026-08-26,Rejected,Commute
A01092,L01092,2026-08-18,Modified,Sales judgment
A01094,L01094,2026-07-31,Rejected,Delayed follow-up
A01095,L01095,2026-08-18,Rejected,Delayed follow-up
A01096,L01096,2026-08-26,Rejected,Inventory
A01097,L01097,2026-08-23,Accepted,Pricing
A01104,L01104,2026-08-21,Modified,Inventory
A01108,L01108,2026-08-10,Rejected,Commute
A01110,L01110,2026-08-23,Accepted,Recommendation fit
A01111,L01111,2026-08-16,Rejected,Price
A01113,L01113,2026-08-26,Modified,Recommendation fit
A01114,L01114,2026-08-27,Rejected,Inventory
A01117,L01117,2026-08-21,Rejected,Resident preference
A01121,L01121,2026-08-22,Rejected,Other
A01122,L01122,2026-08-18,Modified,Pricing
A01123,L01123,2026-08-25,Rejected,Other
A01125,L01125,2026-08-22,Rejected,Delayed follow-up
A01126,L01126,2026-08-17,Accepted,Recommendation fit
A01127,L01127,2026-07-31,Rejected,No availability
A01128,L01128,2026-08-13,Accepted,Inventory
A01129,L01129,2026-08-15,Rejected,Sales judgment
A01133,L01133,2026-08-23,Rejected,Property preference
A01139,L01139,2026-08-24,Accepted,Pricing
A01140,L01140,2026-08-07,Rejected,Price
A01144,L01144,2026-08-04,Rejected,Room type
A01147,L01147,2026-07-28,Rejected,No availability
A01148,L01148,2026-08-15,Rejected,Inventory
A01150,L01150,2026-08-11,Rejected,Delayed follow-up
A01151,L01151,2026-07-31,Rejected,Price
A01152,L01152,2026-08-08,Rejected,Other
A01156,L01156,2026-08-20,Accepted,Recommendation fit
A01160,L01160,2026-08-16,Rejected,Pricing
A01164,L01164,2026-08-18,Rejected,Price
A01165,L01165,2026-08-24,Rejected,Pricing
A01168,L01168,2026-08-09,Rejected,Price
A01169,L01169,2026-08-18,Modified,Other
A01170,L01170,2026-08-26,Accepted,Pricing
A01171,L01171,2026-08-03,Rejected,Delayed follow-up
A01173,L01173,2026-08-13,Modified,Other
A01179,L01179,2026-08-05,Rejected,Changed plans
A01181,L01181,2026-08-19,Accepted,Recommendation fit
A01182,L01182,2026-07-29,Rejected,Property preference
A01185,L01185,2026-08-05,Rejected,Price
A01192,L01192,2026-08-04,Rejected,Changed plans
A01193,L01193,2026-07-28,Rejected,Delayed follow-up
A01196,L01196,2026-08-18,Accepted,Other
A01198,L01198,2026-08-09,Rejected,Changed plans
A01200,L01200,2026-08-16,Rejected,Commute
A01201,L01201,2026-07-29,Rejected,No availability
A01207,L01207,2026-08-25,Rejected,Room type
A01208,L01208,2026-07-30,Rejected,Property preference
A01210,L01210,2026-08-19,Rejected,Changed plans
A01211,L01211,2026-08-15,Modified,Other
A01212,L01212,2026-08-25,Rejected,Other
A01213,L01213,2026-08-23,Accepted,Inventory
A01214,L01214,2026-08-12,Rejected,Pricing
A01216,L01216,2026-08-09,Rejected,Other
A01219,L01219,2026-08-15,Rejected,Delayed follow-up
A01221,L01221,2026-08-08,Rejected,Property preference
A01222,L01222,2026-08-08,Rejected,No availability
A01223,L01223,2026-07-28,Rejected,Room type
A01225,L01225,2026-07-30,Rejected,Delayed follow-up
A01226,L01226,2026-08-12,Rejected,Pricing
A01227,L01227,2026-08-07,Rejected,Delayed follow-up
A01229,L01229,2026-08-10,Rejected,Price
A01230,L01230,2026-08-16,Modified,Resident preference
A01232,L01232,2026-07-30,Rejected,No availability
A01233,L01233,2026-08-14,Rejected,Room type
A01234,L01234,2026-08-11,Rejected,Changed plans
A01236,L01236,2026-08-25,Rejected,No availability
A01239,L01239,2026-08-23,Rejected,No availability
A01242,L01242,2026-07-30,Rejected,No availability
A01245,L01245,2026-08-14,Accepted,Resident preference
A01248,L01248,2026-08-26,Rejected,Changed plans
A01250,L01250,2026-08-23,Rejected,Commute
A01251,L01251,2026-08-13,Rejected,Changed plans
A01252,L01252,2026-08-26,Modified,Pricing
A01255,L01255,2026-08-03,Rejected,Other
A01256,L01256,2026-08-13,Accepted,Pricing
A01260,L01260,2026-08-04,Rejected,Property preference
A01262,L01262,2026-08-17,Rejected,Inventory
A01264,L01264,2026-08-23,Rejected,Sales judgment
A01265,L01265,2026-08-16,Accepted,Sales judgment
A01266,L01266,2026-08-13,Modified,Other
A01267,L01267,2026-07-31,Rejected,Commute
A01268,L01268,2026-08-21,Accepted,Pricing
A01270,L01270,2026-08-16,Rejected,Room type
A01275,L01275,2026-08-09,Rejected,Changed plans
A01276,L01276,2026-07-29,Rejected,No availability
A01278,L01278,2026-07-29,Rejected,Commute
A01279,L01279,2026-07-29,Rejected,Property preference
A01282,L01282,2026-08-27,Accepted,Recommendation fit
A01285,L01285,2026-08-20,Modified,Pricing
A01286,L01286,2026-07-28,Rejected,Room type
A01287,L01287,2026-08-15,Modified,Other
A01288,L01288,2026-08-06,Rejected,Room type
A01289,L01289,2026-08-27,Rejected,Inventory
A01293,L01293,2026-08-01,Rejected,Delayed follow-up
A01295,L01295,2026-08-21,Rejected,Inventory
A01296,L01296,2026-08-15,Rejected,Room type
A01298,L01298,2026-08-16,Accepted,Pricing
A01299,L01299,2026-08-20,Rejected,Price
A01303,L01303,2026-08-05,Rejected,Changed plans
A01304,L01304,2026-08-21,Modified,Pricing
A01305,L01305,2026-08-07,Rejected,Other
A01306,L01306,2026-08-15,Rejected,Resident preference
A01307,L01307,2026-08-27,Accepted,Recommendation fit
A01308,L01308,2026-08-18,Rejected,Changed plans
A01309,L01309,2026-08-27,Accepted,Resident preference
A01310,L01310,2026-08-21,Rejected,Commute
A01314,L01314,2026-08-18,Rejected,Resident preference
A01316,L01316,2026-08-24,Rejected,Recommendation fit
A01317,L01317,2026-08-13,Modified,Resident preference
A01318,L01318,2026-07-28,Rejected,Other
A01330,L01330,2026-08-22,Rejected,Commute
A01332,L01332,2026-08-21,Rejected,Other
A01333,L01333,2026-08-02,Rejected,Price
A01336,L01336,2026-08-13,Rejected,Other
A01337,L01337,2026-08-21,Modified,Sales judgment
A01338,L01338,2026-08-14,Modified,Resident preference
A01340,L01340,2026-08-22,Rejected,Changed plans
A01345,L01345,2026-08-21,Rejected,Price
A01346,L01346,2026-08-11,Rejected,No availability
A01347,L01347,2026-08-14,Modified,Inventory
A01349,L01349,2026-08-25,Modified,Inventory
A01355,L01355,2026-08-10,Rejected,Changed plans
A01359,L01359,2026-08-23,Rejected,Property preference
A01361,L01361,2026-08-27,Rejected,Inventory
A01362,L01362,2026-08-01,Rejected,Price
A01363,L01363,2026-07-28,Rejected,Changed plans
A01365,L01365,2026-08-19,Rejected,Delayed follow-up
A01370,L01370,2026-08-12,Rejected,Changed plans
A01371,L01371,2026-08-23,Rejected,Delayed follow-up
A01372,L01372,2026-08-16,Rejected,Delayed follow-up
A01373,L01373,2026-08-14,Rejected,Pricing
A01375,L01375,2026-08-06,Rejected,Room type
A01376,L01376,2026-08-03,Rejected,No availability
A01377,L01377,2026-08-20,Modified,Resident preference
A01378,L01378,2026-08-16,Rejected,Resident preference
A01379,L01379,2026-08-06,Rejected,Changed plans
A01381,L01381,2026-08-27,Modified,Other
A01383,L01383,2026-08-14,Accepted,Other
A01384,L01384,2026-08-18,Rejected,Sales judgment
A01387,L01387,2026-08-23,Modified,Resident preference
A01388,L01388,2026-08-26,Rejected,No availability
A01391,L01391,2026-08-12,Rejected,Other
A01392,L01392,2026-08-22,Modified,Sales judgment
A01393,L01393,2026-08-20,Modified,Recommendation fit
A01394,L01394,2026-08-13,Accepted,Inventory
A01395,L01395,2026-08-25,Accepted,Pricing
A01397,L01397,2026-08-15,Accepted,Other
A01398,L01398,2026-08-08,Rejected,No availability
A01400,L01400,2026-08-25,Accepted,Resident preference
A01401,L01401,2026-08-24,Accepted,Sales judgment
A01406,L01406,2026-08-18,Rejected,Delayed follow-up
A01407,L01407,2026-08-05,Rejected,Delayed follow-up
A01411,L01411,2026-08-12,Accepted,Recommendation fit
A01412,L01412,2026-08-01,Rejected,Price
A01413,L01413,2026-08-24,Rejected,Changed plans
A01415,L01415,2026-08-23,Modified,Inventory
A01418,L01418,2026-08-23,Modified,Pricing
A01419,L01419,2026-08-19,Rejected,Changed plans
A01424,L01424,2026-08-16,Accepted,Pricing
A01426,L01426,2026-08-11,Rejected,Price
A01430,L01430,2026-08-08,Rejected,Room type
A01431,L01431,2026-08-14,Rejected,Room type
A01432,L01432,2026-08-16,Rejected,Price
A01437,L01437,2026-08-27,Rejected,Other
A01438,L01438,2026-08-20,Rejected,Commute
A01439,L01439,2026-08-25,Accepted,Inventory
A01442,L01442,2026-08-14,Rejected,Commute
A01443,L01443,2026-08-08,Rejected,Price
A01444,L01444,2026-08-12,Modified,Sales judgment
A01447,L01447,2026-08-18,Accepted,Sales judgment
A01451,L01451,2026-08-21,Rejected,Room type
A01459,L01459,2026-08-24,Rejected,Pricing
A01462,L01462,2026-08-03,Rejected,Commute
A01464,L01464,2026-08-03,Rejected,Price
A01466,L01466,2026-08-03,Rejected,Property preference
A01467,L01467,2026-08-02,Rejected,Changed plans
A01474,L01474,2026-08-08,Rejected,Delayed follow-up
A01476,L01476,2026-08-19,Rejected,No availability
A01478,L01478,2026-08-26,Accepted,Inventory
A01479,L01479,2026-08-20,Accepted,Other
A01481,L01481,2026-08-18,Rejected,Property preference
A01482,L01482,2026-08-25,Rejected,Other
A01487,L01487,2026-08-19,Rejected,No availability
A01489,L01489,2026-08-09,Rejected,Delayed follow-up
A01491,L01491,2026-08-04,Rejected,Delayed follow-up
A01496,L01496,2026-08-14,Rejected,Price
A01497,L01497,2026-08-25,Rejected,Pricing
A01499,L01499,2026-08-14,Modified,Pricing
A01500,L01500,2026-08-27,Rejected,No availability
A01503,L01503,2026-08-06,Rejected,Property preference
A01505,L01505,2026-08-14,Modified,Other
A01508,L01508,2026-08-26,Accepted,Sales judgment
A01509,L01509,2026-07-30,Rejected,No availability
A01510,L01510,2026-08-01,Rejected,Room type
A01514,L01514,2026-08-10,Rejected,Room type
A01517,L01517,2026-07-31,Rejected,Changed plans
A01520,L01520,2026-08-18,Rejected,Delayed follow-up
A01522,L01522,2026-08-25,Accepted,Resident preference
A01524,L01524,2026-08-21,Rejected,Commute
A01527,L01527,2026-07-28,Rejected,Room type
A01528,L01528,2026-08-25,Rejected,Room type
A01532,L01532,2026-08-13,Rejected,Other
A01534,L01534,2026-08-01,Rejected,No availability
A01541,L01541,2026-08-21,Rejected,Inventory
A01542,L01542,2026-08-07,Rejected,Delayed follow-up
A01543,L01543,2026-08-09,Rejected,Price
A01544,L01544,2026-08-12,Rejected,Other
A01548,L01548,2026-08-14,Accepted,Inventory
A01551,L01551,2026-08-10,Rejected,Delayed follow-up
A01556,L01556,2026-08-15,Rejected,Other
A01558,L01558,2026-08-24,Rejected,Price
A01559,L01559,2026-08-21,Rejected,No availability
A01560,L01560,2026-08-21,Rejected,Property preference
A01561,L01561,2026-08-23,Modified,Pricing
A01563,L01563,2026-08-23,Rejected,Inventory
A01565,L01565,2026-08-11,Rejected,Price
A01566,L01566,2026-08-27,Rejected,Sales judgment
A01570,L01570,2026-08-14,Rejected,Recommendation fit
A01571,L01571,2026-08-26,Rejected,Sales judgment
A01573,L01573,2026-08-15,Rejected,No availability
A01576,L01576,2026-08-16,Modified,Resident preference
A01579,L01579,2026-08-08,Rejected,Commute
A01582,L01582,2026-08-16,Modified,Sales judgment
A01583,L01583,2026-08-11,Rejected,Other
A01584,L01584,2026-08-23,Rejected,Delayed follow-up
A01585,L01585,2026-07-31,Rejected,Property preference
A01587,L01587,2026-07-28,Rejected,Other
A01588,L01588,2026-07-28,Rejected,Other
A01589,L01589,2026-08-04,Rejected,Price
A01590,L01590,2026-08-16,Accepted,Recommendation fit
A01594,L01594,2026-08-21,Rejected,Commute
A01595,L01595,2026-08-14,Rejected,Commute
A01597,L01597,2026-08-25,Accepted,Other
A01600,L01600,2026-08-20,Rejected,Price
A01601,L01601,2026-08-19,Rejected,Other
A01604,L01604,2026-08-25,Rejected,Room type
A01605,L01605,2026-08-13,Rejected,Delayed follow-up
A01606,L01606,2026-08-24,Rejected,Commute
A01608,L01608,2026-08-10,Rejected,Delayed follow-up
A01611,L01611,2026-08-16,Modified,Inventory
A01612,L01612,2026-08-20,Rejected,No availability
A01614,L01614,2026-08-17,Rejected,Price
A01615,L01615,2026-07-28,Rejected,No availability
A01616,L01616,2026-08-21,Accepted,Pricing
A01619,L01619,2026-08-04,Rejected,Room type
A01622,L01622,2026-08-25,Rejected,Commute
A01625,L01625,2026-08-27,Rejected,Price
A01629,L01629,2026-08-21,Rejected,Delayed follow-up
A01631,L01631,2026-08-11,Rejected,Price
A01633,L01633,2026-08-15,Rejected,Resident preference
A01634,L01634,2026-08-06,Rejected,Room type
A01636,L01636,2026-08-12,Rejected,Inventory
A01638,L01638,2026-08-17,Rejected,Resident preference
A01639,L01639,2026-08-01,Rejected,Room type
A01643,L01643,2026-08-05,Rejected,Room type
A01644,L01644,2026-08-27,Accepted,Recommendation fit
A01646,L01646,2026-07-29,Rejected,No availability
A01648,L01648,2026-08-18,Rejected,Price
A01651,L01651,2026-08-05,Rejected,Delayed follow-up
A01652,L01652,2026-08-02,Rejected,Room type
A01655,L01655,2026-08-23,Rejected,Other
A01656,L01656,2026-08-27,Modified,Inventory
A01657,L01657,2026-08-17,Accepted,Resident preference
A01658,L01658,2026-08-23,Modified,Resident preference
A01660,L01660,2026-08-09,Rejected,Price
A01662,L01662,2026-08-12,Accepted,Pricing
A01664,L01664,2026-08-16,Rejected,Room type
A01666,L01666,2026-08-24,Rejected,Other
A01667,L01667,2026-08-23,Rejected,Other
A01668,L01668,2026-08-05,Rejected,Delayed follow-up
A01672,L01672,2026-08-22,Accepted,Sales judgment
A01673,L01673,2026-08-14,Rejected,Changed plans
A01674,L01674,2026-07-29,Rejected,Room type
A01676,L01676,2026-08-16,Rejected,Delayed follow-up
A01677,L01677,2026-08-27,Rejected,Property preference
A01679,L01679,2026-08-27,Modified,Recommendation fit
A01681,L01681,2026-08-22,Rejected,Property preference
A01683,L01683,2026-08-14,Rejected,Delayed follow-up
A01684,L01684,2026-08-14,Rejected,Pricing
A01687,L01687,2026-08-23,Modified,Recommendation fit
A01688,L01688,2026-08-26,Rejected,Changed plans
A01692,L01692,2026-07-31,Rejected,Commute
A01693,L01693,2026-08-13,Accepted,Other
A01698,L01698,2026-08-27,Rejected,Other
A01704,L01704,2026-08-24,Rejected,Price
A01706,L01706,2026-08-09,Rejected,Changed plans
A01713,L01713,2026-08-19,Rejected,Inventory
A01714,L01714,2026-08-27,Modified,Resident preference
A01717,L01717,2026-08-20,Rejected,Other
A01718,L01718,2026-08-27,Rejected,Commute
A01719,L01719,2026-08-09,Rejected,Commute
A01721,L01721,2026-08-07,Rejected,Changed plans
A01722,L01722,2026-08-20,Rejected,Price
A01723,L01723,2026-08-06,Rejected,Commute
A01728,L01728,2026-07-28,Rejected,Changed plans
A01729,L01729,2026-08-18,Accepted,Inventory
A01733,L01733,2026-08-01,Rejected,Commute
A01734,L01734,2026-08-16,Accepted,Inventory
A01738,L01738,2026-08-19,Rejected,Inventory
A01740,L01740,2026-07-29,Rejected,Changed plans
A01742,L01742,2026-08-26,Rejected,Sales judgment
A01747,L01747,2026-08-23,Accepted,Sales judgment
A01751,L01751,2026-08-08,Rejected,Other
A01752,L01752,2026-08-25,Rejected,Commute
A01756,L01756,2026-08-13,Rejected,Resident preference
A01757,L01757,2026-08-17,Rejected,Commute
A01758,L01758,2026-07-28,Rejected,Price
A01760,L01760,2026-07-28,Rejected,Price
A01762,L01762,2026-07-31,Rejected,Delayed follow-up
A01765,L01765,2026-08-12,Rejected,Room type
A01767,L01767,2026-08-14,Modified,Sales judgment
A01768,L01768,2026-08-07,Rejected,Room type
A01769,L01769,2026-08-15,Modified,Sales judgment
A01773,L01773,2026-08-20,Rejected,Other
A01774,L01774,2026-08-26,Rejected,Room type
A01775,L01775,2026-08-19,Rejected,Changed plans
A01776,L01776,2026-08-25,Rejected,Other
A01777,L01777,2026-08-15,Rejected,Other
A01778,L01778,2026-08-26,Accepted,Sales judgment
A01786,L01786,2026-08-16,Modified,Resident preference
A01787,L01787,2026-08-27,Modified,Inventory
A01788,L01788,2026-08-22,Rejected,Price
A01789,L01789,2026-07-30,Rejected,Property preference
A01790,L01790,2026-08-14,Rejected,Changed plans
A01791,L01791,2026-08-19,Modified,Other
A01792,L01792,2026-08-18,Rejected,Resident preference
A01797,L01797,2026-08-23,Rejected,Other
A01801,L01801,2026-08-17,Accepted,Other
A01804,L01804,2026-08-14,Rejected,Other
A01806,L01806,2026-08-27,Rejected,Other
A01808,L01808,2026-08-22,Accepted,Sales judgment
A01810,L01810,2026-08-09,Rejected,Delayed follow-up
A01811,L01811,2026-08-14,Accepted,Other
A01814,L01814,2026-08-23,Rejected,Recommendation fit
A01815,L01815,2026-08-14,Rejected,Resident preference
A01817,L01817,2026-08-23,Rejected,Commute
A01818,L01818,2026-08-11,Rejected,Other
A01819,L01819,2026-08-03,Rejected,Changed plans
A01828,L01828,2026-08-27,Rejected,Other
A01830,L01830,2026-07-28,Rejected,No availability
A01831,L01831,2026-08-03,Rejected,Other
A01832,L01832,2026-08-14,Accepted,Resident preference
A01834,L01834,2026-08-26,Modified,Resident preference
A01835,L01835,2026-08-19,Modified,Inventory
A01836,L01836,2026-08-21,Rejected,Commute
A01838,L01838,2026-08-18,Rejected,Delayed follow-up
A01842,L01842,2026-08-17,Accepted,Other
A01843,L01843,2026-08-16,Modified,Other
A01845,L01845,2026-08-24,Accepted,Pricing
A01847,L01847,2026-08-05,Rejected,Property preference
A01849,L01849,2026-08-20,Accepted,Sales judgment
A01850,L01850,2026-08-24,Modified,Inventory
A01851,L01851,2026-08-27,Rejected,Recommendation fit
A01852,L01852,2026-08-22,Rejected,Other
A01854,L01854,2026-08-06,Rejected,Changed plans
A01855,L01855,2026-07-30,Rejected,Commute
A01857,L01857,2026-08-14,Rejected,Changed plans
A01859,L01859,2026-08-10,Rejected,Commute
A01867,L01867,2026-07-28,Rejected,Property preference
A01870,L01870,2026-08-21,Modified,Pricing
A01872,L01872,2026-08-27,Rejected,Property preference
A01873,L01873,2026-08-13,Modified,Resident preference
A01874,L01874,2026-08-22,Rejected,Pricing
A01878,L01878,2026-08-15,Rejected,Inventory
A01881,L01881,2026-08-20,Rejected,Commute
A01884,L01884,2026-08-07,Rejected,Changed plans
A01887,L01887,2026-07-30,Rejected,Room type
A01888,L01888,2026-08-23,Rejected,Room type
A01890,L01890,2026-08-14,Rejected,No availability
A01891,L01891,2026-08-17,Modified,Other
A01892,L01892,2026-07-30,Rejected,Property preference
A01893,L01893,2026-08-21,Rejected,Inventory
A01894,L01894,2026-08-23,Accepted,Recommendation fit
A01902,L01902,2026-08-23,Rejected,Recommendation fit
A01904,L01904,2026-08-18,Rejected,Delayed follow-up
A01907,L01907,2026-08-25,Rejected,Delayed follow-up
A01909,L01909,2026-08-18,Modified,Other
A01910,L01910,2026-08-26,Rejected,No availability
A01911,L01911,2026-08-20,Accepted,Recommendation fit
A01913,L01913,2026-08-17,Rejected,Room type
A01914,L01914,2026-08-26,Rejected,Delayed follow-up
A01919,L01919,2026-08-24,Rejected,Other
A01921,L01921,2026-08-19,Rejected,Property preference
A01927,L01927,2026-08-16,Rejected,Room type
A01929,L01929,2026-08-20,Modified,Resident preference
A01930,L01930,2026-07-31,Rejected,Room type
A01931,L01931,2026-08-26,Rejected,Commute
A01936,L01936,2026-08-05,Rejected,Property preference
A01938,L01938,2026-08-19,Rejected,Other
A01939,L01939,2026-08-15,Accepted,Sales judgment
A01940,L01940,2026-08-15,Rejected,Recommendation fit
A01946,L01946,2026-08-06,Rejected,Commute
A01947,L01947,2026-08-25,Modified,Recommendation fit
A01950,L01950,2026-08-18,Rejected,Room type
A01952,L01952,2026-08-25,Rejected,Price
A01953,L01953,2026-07-28,Rejected,Changed plans
A01954,L01954,2026-08-23,Rejected,No availability
A01962,L01962,2026-07-29,Rejected,No availability
A01963,L01963,2026-08-15,Modified,Recommendation fit
A01967,L01967,2026-08-16,Rejected,Room type
A01970,L01970,2026-08-03,Rejected,Delayed follow-up
A01973,L01973,2026-08-14,Rejected,Recommendation fit
A01974,L01974,2026-07-30,Rejected,Delayed follow-up
A01975,L01975,2026-08-20,Rejected,Changed plans
A01977,L01977,2026-08-12,Rejected,Sales judgment
A01978,L01978,2026-08-21,Rejected,Price
A01981,L01981,2026-08-13,Rejected,Inventory
A01985,L01985,2026-08-13,Modified,Other
A01987,L01987,2026-08-27,Rejected,Other
A01988,L01988,2026-08-02,Rejected,Delayed follow-up
A01989,L01989,2026-08-21,Rejected,Property preference
A01992,L01992,2026-08-27,Rejected,No availability
A01994,L01994,2026-08-14,Modified,Sales judgment
A01995,L01995,2026-08-23,Modified,Recommendation fit
A01996,L01996,2026-08-19,Rejected,Other
A01999,L01999,2026-08-26,Rejected,Delayed follow-up
A02000,L02000,2026-08-17,Rejected,Other
A02003,L02003,2026-07-29,Rejected,Changed plans
A02004,L02004,2026-08-13,Rejected,Pricing
A02006,L02006,2026-08-12,Accepted,Other
A02007,L02007,2026-08-18,Rejected,No availability
A02008,L02008,2026-08-06,Rejected,Price
A02014,L02014,2026-08-27,Rejected,Changed plans
A02017,L02017,2026-08-08,Rejected,Property preference
A02018,L02018,2026-08-18,Modified,Sales judgment
A02020,L02020,2026-08-13,Rejected,Sales judgment
A02027,L02027,2026-08-12,Rejected,Recommendation fit
A02028,L02028,2026-08-14,Rejected,Other
A02029,L02029,2026-08-26,Accepted,Pricing
A02031,L02031,2026-08-05,Rejected,Property preference
A02032,L02032,2026-08-17,Rejected,Commute
A02035,L02035,2026-08-16,Rejected,Delayed follow-up
A02037,L02037,2026-08-19,Modified,Resident preference
A02039,L02039,2026-08-02,Rejected,Other
A02042,L02042,2026-08-13,Accepted,Resident preference
A02044,L02044,2026-08-19,Modified,Recommendation fit
A02046,L02046,2026-08-04,Rejected,Commute
A02047,L02047,2026-08-19,Rejected,Sales judgment
A02048,L02048,2026-08-19,Rejected,Inventory
A02050,L02050,2026-08-15,Accepted,Sales judgment
A02052,L02052,2026-08-18,Rejected,Room type
A02053,L02053,2026-08-13,Rejected,Property preference
A02057,L02057,2026-08-27,Rejected,Commute
A02061,L02061,2026-07-30,Rejected,Commute
A02062,L02062,2026-08-16,Rejected,Commute
A02063,L02063,2026-08-22,Rejected,Delayed follow-up
A02064,L02064,2026-07-31,Rejected,Changed plans
A02065,L02065,2026-08-15,Accepted,Sales judgment
A02067,L02067,2026-08-23,Modified,Inventory
A02068,L02068,2026-08-27,Rejected,Price
A02069,L02069,2026-07-28,Rejected,Commute
A02076,L02076,2026-08-16,Modified,Resident preference
A02079,L02079,2026-08-07,Rejected,Property preference
A02082,L02082,2026-08-12,Modified,Recommendation fit
A02085,L02085,2026-08-18,Rejected,Resident preference
A02086,L02086,2026-08-12,Rejected,Changed plans
A02087,L02087,2026-08-21,Accepted,Resident preference
A02089,L02089,2026-07-31,Rejected,No availability
A02091,L02091,2026-08-03,Rejected,Other
A02093,L02093,2026-08-17,Rejected,No availability
A02096,L02096,2026-08-18,Rejected,No availability
A02097,L02097,2026-07-29,Rejected,Changed plans
A02098,L02098,2026-08-03,Rejected,Delayed follow-up
A02099,L02099,2026-08-07,Rejected,Room type
A02100,L02100,2026-08-26,Rejected,Property preference
A02103,L02103,2026-08-01,Rejected,Commute
A02107,L02107,2026-08-03,Rejected,No availability
A02108,L02108,2026-08-14,Modified,Inventory
A02113,L02113,2026-08-02,Rejected,No availability
A02115,L02115,2026-08-11,Rejected,Other
A02116,L02116,2026-08-02,Rejected,Other
A02119,L02119,2026-08-01,Rejected,Property preference
A02122,L02122,2026-08-01,Rejected,Price
A02125,L02125,2026-08-20,Rejected,Sales judgment
A02126,L02126,2026-07-30,Rejected,Changed plans
A02127,L02127,2026-08-19,Modified,Resident preference
A02128,L02128,2026-08-25,Rejected,Other
A02134,L02134,2026-08-13,Rejected,Other
A02138,L02138,2026-08-22,Rejected,Other
A02140,L02140,2026-08-07,Rejected,Room type
A02141,L02141,2026-08-15,Accepted,Pricing
A02143,L02143,2026-08-25,Rejected,Sales judgment
A02145,L02145,2026-08-06,Rejected,Changed plans
A02146,L02146,2026-07-30,Rejected,Price
A02149,L02149,2026-08-16,Modified,Other
A02150,L02150,2026-08-12,Accepted,Inventory
A02158,L02158,2026-08-19,Rejected,Price
A02159,L02159,2026-08-07,Rejected,Room type
A02161,L02161,2026-08-16,Rejected,Recommendation fit
A02163,L02163,2026-07-29,Rejected,Other
A02164,L02164,2026-08-12,Accepted,Sales judgment
A02165,L02165,2026-08-17,Rejected,Commute
A02169,L02169,2026-08-06,Rejected,Delayed follow-up
A02174,L02174,2026-08-09,Rejected,Property preference
A02175,L02175,2026-08-17,Rejected,Recommendation fit
A02180,L02180,2026-08-12,Rejected,Delayed follow-up
A02181,L02181,2026-08-16,Accepted,Other
A02182,L02182,2026-07-31,Rejected,Other
A02183,L02183,2026-08-19,Rejected,Changed plans
A02184,L02184,2026-08-16,Rejected,Property preference
A02189,L02189,2026-08-11,Rejected,No availability
A02197,L02197,2026-08-15,Accepted,Inventory
A02203,L02203,2026-08-19,Rejected,Sales judgment
A02205,L02205,2026-08-18,Rejected,Commute
A02207,L02207,2026-08-22,Modified,Other
A02209,L02209,2026-08-18,Rejected,Property preference
A02214,L02214,2026-08-09,Rejected,Property preference
A02217,L02217,2026-08-13,Rejected,Room type
A02219,L02219,2026-08-23,Rejected,Sales judgment
A02220,L02220,2026-08-16,Modified,Other
A02221,L02221,2026-08-13,Rejected,Changed plans
A02224,L02224,2026-08-14,Accepted,Inventory
A02226,L02226,2026-08-23,Modified,Inventory
A02228,L02228,2026-08-20,Rejected,Property preference
A02234,L02234,2026-08-13,Rejected,Changed plans
A02235,L02235,2026-08-17,Modified,Recommendation fit
A02236,L02236,2026-08-16,Rejected,Property preference
A02237,L02237,2026-08-25,Rejected,Inventory
A02238,L02238,2026-08-22,Accepted,Resident preference
A02241,L02241,2026-08-20,Rejected,Inventory
A02242,L02242,2026-08-12,Rejected,No availability
A02248,L02248,2026-08-09,Rejected,Room type
A02249,L02249,2026-08-02,Rejected,Room type
A02252,L02252,2026-08-17,Rejected,Room type
A02253,L02253,2026-08-05,Rejected,Changed plans
A02257,L02257,2026-08-17,Rejected,Changed plans
A02259,L02259,2026-08-03,Rejected,No availability
A02260,L02260,2026-08-24,Accepted,Pricing
A02261,L02261,2026-08-25,Rejected,Sales judgment
A02263,L02263,2026-08-01,Rejected,Room type
A02264,L02264,2026-08-25,Rejected,Changed plans
A02265,L02265,2026-08-13,Rejected,No availability
A02266,L02266,2026-08-12,Rejected,Room type
A02269,L02269,2026-07-28,Rejected,Changed plans
A02284,L02284,2026-08-19,Rejected,Changed plans
A02287,L02287,2026-08-18,Rejected,Recommendation fit
A02288,L02288,2026-08-18,Modified,Resident preference
A02290,L02290,2026-08-25,Accepted,Resident preference
A02293,L02293,2026-08-13,Rejected,Price
A02298,L02298,2026-08-14,Rejected,Changed plans
A02299,L02299,2026-08-18,Rejected,Resident preference
A02300,L02300,2026-08-19,Rejected,Other
A02303,L02303,2026-08-20,Accepted,Resident preference
A02305,L02305,2026-08-06,Rejected,Price
A02307,L02307,2026-07-28,Rejected,Commute
A02309,L02309,2026-08-05,Rejected,Room type
A02313,L02313,2026-08-09,Rejected,No availability
A02315,L02315,2026-08-17,Accepted,Other
A02317,L02317,2026-08-26,Accepted,Sales judgment
A02322,L02322,2026-08-13,Modified,Other
A02323,L02323,2026-08-27,Rejected,Sales judgment
A02327,L02327,2026-08-09,Rejected,No availability
A02328,L02328,2026-08-26,Rejected,Resident preference
A02329,L02329,2026-08-25,Modified,Resident preference
A02330,L02330,2026-08-17,Rejected,No availability
A02332,L02332,2026-08-24,Rejected,Other
A02335,L02335,2026-08-20,Rejected,No availability
A02336,L02336,2026-08-13,Rejected,Delayed follow-up
A02339,L02339,2026-07-29,Rejected,Other
A02340,L02340,2026-08-09,Rejected,Delayed follow-up
A02342,L02342,2026-08-22,Rejected,Other
A02343,L02343,2026-08-21,Rejected,Room type
A02345,L02345,2026-08-05,Rejected,Changed plans
A02346,L02346,2026-08-14,Modified,Other
A02348,L02348,2026-08-22,Rejected,Inventory
A02351,L02351,2026-08-27,Modified,Inventory
A02352,L02352,2026-08-22,Rejected,No availability
A02353,L02353,2026-08-18,Rejected,Delayed follow-up
A02354,L02354,2026-08-13,Rejected,Other
A02359,L02359,2026-08-13,Modified,Pricing
A02360,L02360,2026-08-26,Rejected,Changed plans
A02362,L02362,2026-08-14,Accepted,Pricing
A02363,L02363,2026-08-21,Accepted,Other
A02364,L02364,2026-07-28,Rejected,Property preference
A02366,L02366,2026-08-13,Rejected,Recommendation fit
A02368,L02368,2026-08-17,Rejected,Room type
A02369,L02369,2026-08-21,Rejected,Price
A02373,L02373,2026-08-20,Rejected,Recommendation fit
A02375,L02375,2026-07-28,Rejected,No availability
A02376,L02376,2026-08-21,Rejected,Other
A02377,L02377,2026-08-21,Rejected,Price
A02382,L02382,2026-07-29,Rejected,Room type
A02388,L02388,2026-08-17,Accepted,Inventory
A02391,L02391,2026-08-20,Rejected,Property preference
A02393,L02393,2026-08-24,Rejected,Sales judgment
A02396,L02396,2026-08-13,Rejected,Changed plans
A02397,L02397,2026-07-30,Rejected,Price
A02398,L02398,2026-08-10,Rejected,No availability
A02402,L02402,2026-08-22,Rejected,No availability
A02405,L02405,2026-08-22,Modified,Recommendation fit
A02407,L02407,2026-08-24,Rejected,Delayed follow-up
A02408,L02408,2026-08-24,Rejected,Property preference
A02417,L02417,2026-08-12,Modified,Other
A02420,L02420,2026-08-19,Rejected,Commute
A02422,L02422,2026-08-16,Accepted,Pricing
A02423,L02423,2026-08-02,Rejected,Other
A02424,L02424,2026-08-22,Accepted,Sales judgment
A02425,L02425,2026-08-19,Accepted,Pricing
A02427,L02427,2026-08-23,Rejected,Other
A02430,L02430,2026-08-22,Rejected,Price
A02431,L02431,2026-08-12,Rejected,Delayed follow-up
A02432,L02432,2026-08-19,Modified,Sales judgment
A02440,L02440,2026-08-14,Accepted,Recommendation fit
A02441,L02441,2026-07-28,Rejected,Delayed follow-up
A02443,L02443,2026-08-07,Rejected,Price
A02444,L02444,2026-08-20,Modified,Pricing
A02445,L02445,2026-08-26,Rejected,Changed plans
A02449,L02449,2026-08-15,Rejected,Pricing
A02451,L02451,2026-08-15,Rejected,Other
A02452,L02452,2026-07-31,Rejected,No availability
A02455,L02455,2026-08-20,Accepted,Other
A02457,L02457,2026-08-18,Rejected,Price
A02459,L02459,2026-08-19,Modified,Pricing
A02461,L02461,2026-08-20,Rejected,Pricing
A02462,L02462,2026-08-27,Rejected,Delayed follow-up
A02464,L02464,2026-08-18,Rejected,No availability
A02465,L02465,2026-08-24,Rejected,No availability
A02469,L02469,2026-08-18,Accepted,Other
A02473,L02473,2026-08-08,Rejected,Room type
A02474,L02474,2026-08-18,Rejected,Sales judgment
A02481,L02481,2026-08-03,Rejected,Price
A02482,L02482,2026-08-27,Modified,Inventory
A02484,L02484,2026-08-09,Rejected,Property preference
A02491,L02491,2026-08-24,Rejected,Other
A02496,L02496,2026-08-23,Rejected,Pricing
A02512,L02512,2026-08-23,Rejected,Recommendation fit
A02513,L02513,2026-08-24,Accepted,Sales judgment
A02516,L02516,2026-08-25,Rejected,Other
A02519,L02519,2026-08-21,Modified,Inventory
A02523,L02523,2026-08-19,Rejected,Other
A02525,L02525,2026-08-17,Modified,Sales judgment
A02528,L02528,2026-08-14,Rejected,Delayed follow-up
A02531,L02531,2026-08-02,Rejected,Room type
A02534,L02534,2026-08-20,Accepted,Other
A02536,L02536,2026-08-02,Rejected,Other
A02537,L02537,2026-08-03,Rejected,Property preference
A02539,L02539,2026-07-29,Rejected,Changed plans
A02542,L02542,2026-08-20,Rejected,No availability
A02543,L02543,2026-08-23,Rejected,Commute
A02544,L02544,2026-08-19,Rejected,Other
A02546,L02546,2026-08-02,Rejected,Property preference
A02550,L02550,2026-07-31,Rejected,Property preference
A02551,L02551,2026-08-15,Rejected,Sales judgment
A02552,L02552,2026-07-30,Rejected,Price
A02556,L02556,2026-08-16,Rejected,Other
A02557,L02557,2026-08-14,Accepted,Inventory
A02558,L02558,2026-08-16,Rejected,Commute
A02559,L02559,2026-08-14,Modified,Sales judgment
A02560,L02560,2026-08-15,Rejected,No availability
A02562,L02562,2026-07-31,Rejected,Changed plans
A02565,L02565,2026-08-23,Rejected,Room type
A02567,L02567,2026-08-12,Rejected,Resident preference
A02570,L02570,2026-08-26,Rejected,Commute
A02572,L02572,2026-07-30,Rejected,Price
A02573,L02573,2026-08-19,Modified,Sales judgment
A02574,L02574,2026-07-31,Rejected,Other
A02577,L02577,2026-08-21,Rejected,Other
A02580,L02580,2026-08-19,Modified,Inventory
A02581,L02581,2026-08-21,Rejected,No availability
A02586,L02586,2026-08-18,Modified,Resident preference
A02590,L02590,2026-08-17,Modified,Other
A02591,L02591,2026-08-12,Modified,Sales judgment
A02592,L02592,2026-07-31,Rejected,Room type
A02598,L02598,2026-08-05,Rejected,Commute
A02601,L02601,2026-08-22,Rejected,Recommendation fit
A02602,L02602,2026-08-13,Rejected,No availability
A02603,L02603,2026-08-27,Accepted,Resident preference
A02604,L02604,2026-08-20,Rejected,Price
A02605,L02605,2026-08-20,Rejected,Recommendation fit
A02606,L02606,2026-08-13,Rejected,Room type
A02608,L02608,2026-08-08,Rejected,No availability
A02612,L02612,2026-08-07,Rejected,Room type
A02613,L02613,2026-08-18,Rejected,Room type
A02614,L02614,2026-08-17,Modified,Pricing
A02616,L02616,2026-08-27,Rejected,Room type
A02617,L02617,2026-08-26,Rejected,Other
A02619,L02619,2026-08-18,Rejected,Inventory
A02621,L02621,2026-08-15,Rejected,Pricing
A02623,L02623,2026-08-08,Rejected,No availability
A02627,L02627,2026-08-23,Rejected,Delayed follow-up
A02629,L02629,2026-08-15,Accepted,Pricing
A02633,L02633,2026-08-26,Modified,Recommendation fit
A02634,L02634,2026-08-06,Rejected,Delayed follow-up
A02636,L02636,2026-08-21,Rejected,Property preference
A02640,L02640,2026-08-12,Rejected,Price
A02641,L02641,2026-08-25,Rejected,No availability
A02646,L02646,2026-08-18,Accepted,Sales judgment
A02648,L02648,2026-07-30,Rejected,No availability
A02650,L02650,2026-08-20,Accepted,Pricing
A02651,L02651,2026-08-25,Rejected,Sales judgment
A02652,L02652,2026-08-09,Rejected,Delayed follow-up
A02653,L02653,2026-08-13,Modified,Resident preference
A02657,L02657,2026-08-19,Rejected,Commute
A02658,L02658,2026-08-17,Rejected,Room type
A02661,L02661,2026-08-20,Rejected,Inventory
A02662,L02662,2026-08-18,Accepted,Sales judgment
A02666,L02666,2026-08-09,Rejected,Delayed follow-up
A02672,L02672,2026-08-03,Rejected,Room type
A02675,L02675,2026-08-10,Rejected,Property preference
A02677,L02677,2026-08-01,Rejected,Price
A02678,L02678,2026-08-26,Accepted,Inventory
A02679,L02679,2026-08-18,Rejected,Room type
A02681,L02681,2026-08-24,Modified,Pricing
A02682,L02682,2026-08-22,Rejected,Commute
A02691,L02691,2026-08-22,Rejected,Resident preference
A02692,L02692,2026-08-06,Rejected,Delayed follow-up
A02696,L02696,2026-07-30,Rejected,Commute
A02697,L02697,2026-08-18,Modified,Sales judgment
A02698,L02698,2026-08-24,Rejected,Other
A02699,L02699,2026-08-19,Rejected,Changed plans
A02701,L02701,2026-08-27,Rejected,Room type
A02706,L02706,2026-08-25,Rejected,No availability
A02707,L02707,2026-08-26,Rejected,Property preference
A02711,L02711,2026-08-23,Rejected,Changed plans
A02713,L02713,2026-08-24,Rejected,Inventory
A02715,L02715,2026-08-23,Rejected,Pricing
A02716,L02716,2026-08-03,Rejected,Delayed follow-up
A02718,L02718,2026-08-20,Accepted,Inventory
A02719,L02719,2026-08-09,Rejected,Other
A02721,L02721,2026-08-19,Rejected,Property preference
A02722,L02722,2026-08-19,Accepted,Inventory
A02723,L02723,2026-08-06,Rejected,Changed plans
A02724,L02724,2026-08-18,Modified,Pricing
A02726,L02726,2026-08-23,Modified,Other
A02727,L02727,2026-08-14,Rejected,Room type
A02728,L02728,2026-08-22,Modified,Inventory
A02729,L02729,2026-08-03,Rejected,Commute
A02730,L02730,2026-08-17,Rejected,Room type
A02733,L02733,2026-08-13,Accepted,Resident preference
A02735,L02735,2026-08-19,Modified,Other
A02737,L02737,2026-08-18,Rejected,Commute
A02739,L02739,2026-08-22,Accepted,Resident preference
A02741,L02741,2026-08-13,Accepted,Inventory
A02744,L02744,2026-08-16,Rejected,Commute
A02746,L02746,2026-08-12,Rejected,Resident preference
A02747,L02747,2026-08-16,Accepted,Pricing
A02750,L02750,2026-08-15,Rejected,Resident preference
A02751,L02751,2026-08-08,Rejected,Commute
A02752,L02752,2026-08-03,Rejected,Commute
A02756,L02756,2026-08-22,Accepted,Other
A02757,L02757,2026-08-14,Accepted,Sales judgment
A02758,L02758,2026-07-28,Rejected,Changed plans
A02759,L02759,2026-08-19,Modified,Inventory
A02760,L02760,2026-07-31,Rejected,Other
A02763,L02763,2026-08-16,Rejected,Other
A02767,L02767,2026-08-25,Accepted,Pricing
A02769,L02769,2026-08-04,Rejected,Delayed follow-up
A02772,L02772,2026-08-18,Rejected,Sales judgment
A02773,L02773,2026-08-07,Rejected,No availability
A02774,L02774,2026-08-12,Modified,Pricing
A02775,L02775,2026-08-16,Rejected,Changed plans
A02776,L02776,2026-08-16,Rejected,Inventory
A02778,L02778,2026-08-19,Rejected,No availability
A02779,L02779,2026-08-12,Rejected,Room type
A02780,L02780,2026-08-16,Rejected,Resident preference
A02782,L02782,2026-08-22,Rejected,Commute
A02784,L02784,2026-07-30,Rejected,Delayed follow-up
A02785,L02785,2026-08-14,Rejected,Delayed follow-up
A02786,L02786,2026-08-14,Rejected,Commute
A02788,L02788,2026-08-24,Rejected,Price
A02792,L02792,2026-08-19,Rejected,Commute
A02793,L02793,2026-08-05,Rejected,Commute
A02797,L02797,2026-08-05,Rejected,Delayed follow-up
A02799,L02799,2026-08-26,Accepted,Inventory
A02800,L02800,2026-08-03,Rejected,Price
A02803,L02803,2026-08-13,Rejected,Changed plans
A02804,L02804,2026-08-11,Rejected,Commute
A02806,L02806,2026-08-18,Modified,Recommendation fit
A02809,L02809,2026-08-12,Modified,Other
A02810,L02810,2026-08-04,Rejected,Property preference
A02812,L02812,2026-08-12,Rejected,Price
A02818,L02818,2026-08-22,Rejected,Pricing
A02819,L02819,2026-08-11,Rejected,Changed plans
A02820,L02820,2026-08-27,Rejected,Inventory
A02821,L02821,2026-08-22,Accepted,Other
A02822,L02822,2026-08-17,Accepted,Other
A02823,L02823,2026-08-13,Rejected,Commute
A02824,L02824,2026-08-01,Rejected,Changed plans
A02825,L02825,2026-08-03,Rejected,Property preference
A02826,L02826,2026-08-10,Rejected,Delayed follow-up
A02828,L02828,2026-08-14,Modified,Other
A02829,L02829,2026-08-20,Accepted,Sales judgment
A02830,L02830,2026-08-24,Rejected,No availability
A02831,L02831,2026-08-06,Rejected,Delayed follow-up
A02833,L02833,2026-08-15,Modified,Pricing
A02836,L02836,2026-08-13,Rejected,Recommendation fit
A02837,L02837,2026-08-23,Rejected,Recommendation fit
A02839,L02839,2026-08-10,Rejected,Other
A02845,L02845,2026-08-17,Rejected,Price
A02847,L02847,2026-08-12,Rejected,Recommendation fit
A02848,L02848,2026-08-02,Rejected,Room type
A02850,L02850,2026-08-22,Rejected,Other
A02851,L02851,2026-08-27,Rejected,Other
A02855,L02855,2026-08-18,Rejected,Other
A02856,L02856,2026-08-14,Rejected,No availability
A02862,L02862,2026-07-31,Rejected,Room type
A02863,L02863,2026-08-15,Rejected,Recommendation fit
A02865,L02865,2026-08-13,Rejected,Pricing
A02866,L02866,2026-08-17,Rejected,Property preference
A02868,L02868,2026-08-24,Accepted,Resident preference
A02869,L02869,2026-08-01,Rejected,Other
A02870,L02870,2026-08-18,Rejected,Delayed follow-up
A02872,L02872,2026-08-16,Rejected,Pricing
A02873,L02873,2026-08-23,Rejected,Price
A02875,L02875,2026-08-21,Rejected,Commute
A02882,L02882,2026-08-12,Rejected,Delayed follow-up
A02886,L02886,2026-08-25,Modified,Other
A02887,L02887,2026-08-27,Rejected,Room type
A02890,L02890,2026-07-29,Rejected,Commute
A02893,L02893,2026-08-16,Rejected,Other
A02894,L02894,2026-08-14,Modified,Other
A02902,L02902,2026-08-27,Rejected,Sales judgment
A02903,L02903,2026-08-24,Accepted,Recommendation fit
A02906,L02906,2026-07-31,Rejected,No availability
A02913,L02913,2026-08-26,Rejected,Changed plans
A02915,L02915,2026-08-22,Modified,Resident preference
A02920,L02920,2026-07-29,Rejected,Changed plans
A02924,L02924,2026-08-26,Modified,Recommendation fit
A02931,L02931,2026-08-19,Modified,Inventory
A02933,L02933,2026-08-23,Rejected,No availability
A02934,L02934,2026-08-20,Rejected,Recommendation fit
A02935,L02935,2026-08-16,Rejected,Sales judgment
A02936,L02936,2026-07-31,Rejected,Changed plans
A02937,L02937,2026-08-22,Accepted,Inventory
A02938,L02938,2026-08-26,Rejected,Room type
A02939,L02939,2026-08-15,Rejected,Changed plans
A02940,L02940,2026-08-18,Rejected,Pricing
A02943,L02943,2026-08-20,Rejected,Other
A02944,L02944,2026-08-24,Rejected,Property preference
A02948,L02948,2026-08-25,Rejected,Room type
A02953,L02953,2026-08-27,Modified,Sales judgment
A02958,L02958,2026-08-03,Rejected,Changed plans
A02966,L02966,2026-08-19,Rejected,Other
A02968,L02968,2026-08-04,Rejected,Price
A02969,L02969,2026-08-19,Accepted,Other
A02970,L02970,2026-07-31,Rejected,Property preference
A02971,L02971,2026-08-20,Modified,Resident preference
A02973,L02973,2026-08-18,Accepted,Inventory
A02974,L02974,2026-07-28,Rejected,Delayed follow-up
A02976,L02976,2026-08-23,Accepted,Inventory
A02977,L02977,2026-08-13,Accepted,Sales judgment
A02984,L02984,2026-08-26,Accepted,Pricing
A02988,L02988,2026-08-06,Rejected,Changed plans
A02992,L02992,2026-08-18,Accepted,Resident preference
A02997,L02997,2026-08-16,Modified,Recommendation fit
A02998,L02998,2026-08-12,Modified,Sales judgment
A02999,L02999,2026-08-19,Modified,Pricing
A03001,L03001,2026-08-27,Accepted,Other
A03003,L03003,2026-08-22,Modified,Resident preference
A03004,L03004,2026-08-21,Modified,Pricing
A03005,L03005,2026-08-19,Accepted,Recommendation fit
A03006,L03006,2026-08-24,Rejected,Property preference
A03010,L03010,2026-08-26,Rejected,Sales judgment
A03011,L03011,2026-08-16,Accepted,Sales judgment
A03017,L03017,2026-08-08,Rejected,No availability
A03019,L03019,2026-08-25,Accepted,Pricing
A03020,L03020,2026-08-24,Modified,Recommendation fit
A03022,L03022,2026-07-28,Rejected,Room type
A03024,L03024,2026-08-21,Accepted,Sales judgment
A03025,L03025,2026-08-24,Accepted,Other
A03027,L03027,2026-08-27,Rejected,Recommendation fit
A03028,L03028,2026-08-12,Modified,Sales judgment
A03029,L03029,2026-08-16,Rejected,Sales judgment
A03033,L03033,2026-08-22,Accepted,Sales judgment
A03034,L03034,2026-08-09,Rejected,Commute
A03036,L03036,2026-08-23,Rejected,Inventory
A03037,L03037,2026-08-03,Rejected,Commute
A03042,L03042,2026-08-08,Rejected,Delayed follow-up
A03045,L03045,2026-08-17,Rejected,Commute
A03047,L03047,2026-08-17,Accepted,Inventory
A03049,L03049,2026-08-27,Rejected,No availability
A03050,L03050,2026-08-20,Rejected,Other
A03051,L03051,2026-08-21,Accepted,Recommendation fit
A03052,L03052,2026-08-19,Rejected,Price
A03054,L03054,2026-07-28,Rejected,Price
A03056,L03056,2026-08-26,Accepted,Sales judgment
A03058,L03058,2026-08-11,Rejected,No availability
A03059,L03059,2026-08-07,Rejected,Delayed follow-up
A03061,L03061,2026-08-19,Rejected,Price
A03062,L03062,2026-08-14,Rejected,Inventory
A03064,L03064,2026-08-20,Rejected,Property preference
A03066,L03066,2026-08-12,Rejected,Resident preference
A03068,L03068,2026-08-04,Rejected,Changed plans
A03069,L03069,2026-08-14,Accepted,Pricing
A03070,L03070,2026-08-19,Accepted,Other
A03072,L03072,2026-08-14,Rejected,Sales judgment
A03074,L03074,2026-08-27,Rejected,Property preference
A03075,L03075,2026-08-07,Rejected,Room type
A03083,L03083,2026-08-02,Rejected,Property preference
A03084,L03084,2026-08-11,Rejected,Other
A03087,L03087,2026-08-22,Rejected,Changed plans
A03089,L03089,2026-07-28,Rejected,Delayed follow-up
A03090,L03090,2026-08-27,Accepted,Other
A03091,L03091,2026-08-19,Accepted,Recommendation fit
A03092,L03092,2026-08-24,Modified,Other
A03093,L03093,2026-08-16,Rejected,No availability
A03094,L03094,2026-08-25,Rejected,Changed plans
A03095,L03095,2026-08-13,Accepted,Other
A03097,L03097,2026-07-28,Rejected,Property preference
A03098,L03098,2026-08-17,Rejected,No availability
A03099,L03099,2026-08-15,Rejected,Property preference
A03101,L03101,2026-08-17,Modified,Other
A03103,L03103,2026-08-23,Modified,Inventory
A03104,L03104,2026-08-22,Rejected,Sales judgment
A03107,L03107,2026-08-01,Rejected,Changed plans
A03108,L03108,2026-08-17,Rejected,No availability
A03109,L03109,2026-07-28,Rejected,Room type
A03110,L03110,2026-08-08,Rejected,No availability
A03112,L03112,2026-08-26,Rejected,Inventory
A03114,L03114,2026-08-04,Rejected,Property preference
A03115,L03115,2026-08-12,Rejected,Commute
A03117,L03117,2026-08-23,Accepted,Recommendation fit
A03120,L03120,2026-08-23,Modified,Other
A03122,L03122,2026-08-22,Modified,Sales judgment
A03123,L03123,2026-08-27,Rejected,Room type
A03124,L03124,2026-08-21,Modified,Recommendation fit
A03125,L03125,2026-08-26,Rejected,Commute
A03129,L03129,2026-08-02,Rejected,Room type
A03134,L03134,2026-08-27,Rejected,Changed plans
A03137,L03137,2026-08-24,Accepted,Sales judgment
A03138,L03138,2026-08-21,Accepted,Other
A03140,L03140,2026-08-03,Rejected,No availability
A03144,L03144,2026-08-18,Accepted,Recommendation fit
A03145,L03145,2026-08-22,Modified,Sales judgment
A03149,L03149,2026-08-09,Rejected,Delayed follow-up
A03150,L03150,2026-08-27,Rejected,Delayed follow-up
A03151,L03151,2026-08-26,Rejected,Room type
A03152,L03152,2026-08-11,Rejected,Delayed follow-up
A03153,L03153,2026-08-18,Rejected,Sales judgment
A03157,L03157,2026-08-24,Modified,Recommendation fit
A03160,L03160,2026-08-16,Rejected,Delayed follow-up
A03161,L03161,2026-08-17,Accepted,Recommendation fit
A03163,L03163,2026-08-17,Accepted,Other
A03164,L03164,2026-08-09,Rejected,Commute
A03167,L03167,2026-08-17,Rejected,Other
A03168,L03168,2026-08-22,Rejected,Sales judgment
A03169,L03169,2026-08-15,Rejected,Price
A03170,L03170,2026-08-24,Rejected,Recommendation fit
A03174,L03174,2026-08-01,Rejected,No availability
A03175,L03175,2026-08-21,Rejected,Sales judgment
A03177,L03177,2026-07-28,Rejected,Property preference
A03178,L03178,2026-08-03,Rejected,Changed plans
A03183,L03183,2026-08-09,Rejected,No availability
A03184,L03184,2026-08-22,Rejected,No availability
A03185,L03185,2026-08-21,Rejected,Pricing
A03186,L03186,2026-08-18,Rejected,Property preference
A03187,L03187,2026-08-23,Rejected,Price
A03191,L03191,2026-07-30,Rejected,No availability
A03192,L03192,2026-08-18,Rejected,Room type
A03193,L03193,2026-08-12,Rejected,Room type
A03197,L03197,2026-07-31,Rejected,Room type
A03198,L03198,2026-08-23,Rejected,Other
A03200,L03200,2026-08-10,Rejected,No availability
A03201,L03201,2026-08-12,Rejected,Delayed follow-up
A03202,L03202,2026-08-05,Rejected,Property preference
A03204,L03204,2026-08-22,Rejected,Property preference
A03205,L03205,2026-08-19,Rejected,Other
A03207,L03207,2026-08-04,Rejected,Delayed follow-up
A03213,L03213,2026-08-21,Modified,Recommendation fit
A03218,L03218,2026-08-03,Rejected,Property preference
A03221,L03221,2026-08-02,Rejected,Room type
A03222,L03222,2026-08-22,Rejected,Delayed follow-up
A03224,L03224,2026-08-22,Modified,Sales judgment
A03225,L03225,2026-08-14,Rejected,Changed plans
A03227,L03227,2026-08-02,Rejected,Price
A03229,L03229,2026-08-20,Rejected,Property preference
A03230,L03230,2026-08-01,Rejected,Other
A03231,L03231,2026-08-10,Rejected,Room type
A03234,L03234,2026-08-06,Rejected,Price
A03235,L03235,2026-08-12,Rejected,Recommendation fit
A03237,L03237,2026-08-17,Accepted,Pricing
A03238,L03238,2026-08-12,Modified,Resident preference
A03242,L03242,2026-08-12,Rejected,Delayed follow-up
A03247,L03247,2026-08-25,Rejected,Other
A03248,L03248,2026-08-26,Accepted,Resident preference
A03253,L03253,2026-08-11,Rejected,Commute
A03254,L03254,2026-08-23,Rejected,Room type
A03259,L03259,2026-08-15,Rejected,Other
A03260,L03260,2026-08-22,Accepted,Recommendation fit
A03261,L03261,2026-08-09,Rejected,Price
A03262,L03262,2026-08-20,Accepted,Resident preference
A03263,L03263,2026-08-18,Modified,Sales judgment
A03269,L03269,2026-08-26,Rejected,Resident preference
A03272,L03272,2026-08-25,Accepted,Inventory
A03273,L03273,2026-08-19,Rejected,Recommendation fit
A03275,L03275,2026-08-26,Modified,Pricing
A03276,L03276,2026-08-13,Rejected,No availability
A03277,L03277,2026-08-26,Rejected,Other
A03278,L03278,2026-08-18,Modified,Recommendation fit
A03279,L03279,2026-08-02,Rejected,Delayed follow-up
A03280,L03280,2026-08-05,Rejected,Other
A03282,L03282,2026-08-13,Accepted,Inventory
A03287,L03287,2026-08-21,Rejected,Recommendation fit
A03290,L03290,2026-08-25,Rejected,Commute
A03291,L03291,2026-08-02,Rejected,Property preference
A03292,L03292,2026-08-20,Rejected,Delayed follow-up
A03294,L03294,2026-07-29,Rejected,Room type
A03297,L03297,2026-08-17,Modified,Other
A03300,L03300,2026-08-22,Accepted,Pricing
A03304,L03304,2026-08-20,Modified,Other
A03305,L03305,2026-08-16,Accepted,Pricing
A03306,L03306,2026-08-26,Rejected,Other
A03309,L03309,2026-08-04,Rejected,Delayed follow-up
A03310,L03310,2026-08-21,Rejected,Recommendation fit
A03311,L03311,2026-08-25,Modified,Sales judgment
A03314,L03314,2026-08-06,Rejected,No availability
A03315,L03315,2026-08-24,Rejected,Delayed follow-up
A03317,L03317,2026-07-30,Rejected,No availability
A03318,L03318,2026-08-13,Modified,Other
A03320,L03320,2026-08-16,Rejected,Property preference
A03322,L03322,2026-07-30,Rejected,Delayed follow-up
A03323,L03323,2026-08-14,Rejected,Room type
A03326,L03326,2026-08-18,Rejected,No availability
A03329,L03329,2026-08-12,Rejected,Other
A03330,L03330,2026-08-24,Rejected,Other
A03331,L03331,2026-08-09,Rejected,Commute
A03332,L03332,2026-08-13,Rejected,Price
A03333,L03333,2026-08-15,Modified,Sales judgment
A03335,L03335,2026-08-05,Rejected,Price
A03336,L03336,2026-08-05,Rejected,Other
A03339,L03339,2026-08-23,Modified,Pricing
A03340,L03340,2026-08-23,Modified,Other
A03341,L03341,2026-08-25,Modified,Recommendation fit
A03342,L03342,2026-08-08,Rejected,Other
A03344,L03344,2026-08-19,Rejected,Other
A03349,L03349,2026-08-06,Rejected,Property preference
A03352,L03352,2026-08-21,Accepted,Other
A03354,L03354,2026-08-13,Modified,Resident preference
A03355,L03355,2026-08-12,Rejected,No availability
A03356,L03356,2026-08-22,Rejected,Other
A03358,L03358,2026-08-17,Rejected,Sales judgment
A03359,L03359,2026-08-01,Rejected,Changed plans
A03367,L03367,2026-08-20,Accepted,Other
A03370,L03370,2026-08-25,Accepted,Resident preference
A03371,L03371,2026-08-19,Rejected,No availability
A03373,L03373,2026-08-04,Rejected,No availability
A03375,L03375,2026-08-01,Rejected,Commute
A03379,L03379,2026-08-07,Rejected,Price
A03381,L03381,2026-08-23,Rejected,Room type
A03386,L03386,2026-08-04,Rejected,Room type
A03387,L03387,2026-08-11,Rejected,No availability
A03389,L03389,2026-08-09,Rejected,Room type
A03390,L03390,2026-07-30,Rejected,Commute
A03391,L03391,2026-08-06,Rejected,Room type
A03392,L03392,2026-08-07,Rejected,Property preference
A03394,L03394,2026-08-23,Modified,Resident preference
A03396,L03396,2026-08-23,Rejected,Price
A03400,L03400,2026-08-16,Rejected,No availability
A03403,L03403,2026-08-04,Rejected,Room type
A03406,L03406,2026-08-20,Rejected,Pricing
A03412,L03412,2026-08-23,Rejected,Other
A03414,L03414,2026-08-24,Rejected,Other
A03415,L03415,2026-08-14,Modified,Sales judgment
A03416,L03416,2026-08-20,Rejected,No availability
A03418,L03418,2026-08-01,Rejected,Property preference
A03419,L03419,2026-08-17,Rejected,No availability
A03421,L03421,2026-08-04,Rejected,Changed plans
A03422,L03422,2026-07-29,Rejected,Property preference
A03424,L03424,2026-08-05,Rejected,Delayed follow-up
A03425,L03425,2026-08-10,Rejected,Other
A03426,L03426,2026-08-12,Rejected,Other
A03427,L03427,2026-08-16,Rejected,Resident preference
A03432,L03432,2026-08-03,Rejected,Property preference
A03436,L03436,2026-08-15,Rejected,Room type
A03437,L03437,2026-08-21,Modified,Sales judgment
A03438,L03438,2026-08-17,Rejected,Commute
A03439,L03439,2026-08-13,Modified,Inventory
A03441,L03441,2026-07-29,Rejected,Price
A03444,L03444,2026-08-26,Modified,Recommendation fit
A03446,L03446,2026-08-22,Rejected,Delayed follow-up
A03448,L03448,2026-08-24,Rejected,Commute
A03449,L03449,2026-08-23,Rejected,Resident preference
A03455,L03455,2026-08-07,Rejected,No availability
A03457,L03457,2026-08-26,Rejected,Other
A03461,L03461,2026-08-27,Modified,Inventory
A03463,L03463,2026-08-26,Accepted,Recommendation fit
A03468,L03468,2026-08-24,Modified,Resident preference
A03470,L03470,2026-08-02,Rejected,Delayed follow-up
A03472,L03472,2026-08-25,Modified,Recommendation fit
A03475,L03475,2026-08-03,Rejected,Delayed follow-up
A03476,L03476,2026-08-16,Rejected,Other
A03477,L03477,2026-08-25,Rejected,Inventory
A03481,L03481,2026-08-26,Accepted,Sales judgment
A03484,L03484,2026-08-18,Rejected,Pricing
A03485,L03485,2026-08-24,Rejected,Room type
A03492,L03492,2026-08-22,Modified,Inventory
A03493,L03493,2026-08-19,Rejected,No availability
A03494,L03494,2026-08-15,Rejected,Price
A03495,L03495,2026-08-19,Modified,Other
A03496,L03496,2026-08-19,Modified,Recommendation fit
A03498,L03498,2026-08-23,Modified,Inventory
A03503,L03503,2026-08-17,Rejected,Room type
A03504,L03504,2026-08-25,Rejected,Delayed follow-up
A03507,L03507,2026-08-01,Rejected,No availability
A03508,L03508,2026-07-29,Rejected,Changed plans
A03510,L03510,2026-08-17,Rejected,Price
A03511,L03511,2026-08-23,Modified,Sales judgment
A03512,L03512,2026-08-10,Rejected,Room type
A03513,L03513,2026-08-13,Modified,Pricing
A03514,L03514,2026-08-09,Rejected,Price
A03516,L03516,2026-08-21,Modified,Resident preference
A03518,L03518,2026-08-19,Modified,Other
A03520,L03520,2026-08-18,Accepted,Recommendation fit
A03521,L03521,2026-08-25,Accepted,Other
A03523,L03523,2026-08-19,Modified,Resident preference
A03527,L03527,2026-08-04,Rejected,Delayed follow-up
A03528,L03528,2026-08-17,Rejected,Commute
A03529,L03529,2026-08-21,Accepted,Pricing
A03530,L03530,2026-08-15,Rejected,Changed plans
A03531,L03531,2026-08-04,Rejected,Delayed follow-up
A03532,L03532,2026-08-01,Rejected,Commute
A03534,L03534,2026-08-23,Rejected,No availability
A03536,L03536,2026-08-11,Rejected,Changed plans
A03537,L03537,2026-08-26,Rejected,Pricing
A03538,L03538,2026-08-21,Accepted,Inventory
A03541,L03541,2026-08-25,Accepted,Sales judgment
A03542,L03542,2026-07-28,Rejected,Delayed follow-up
A03543,L03543,2026-08-19,Rejected,Property preference
A03545,L03545,2026-08-10,Rejected,No availability
A03548,L03548,2026-08-24,Accepted,Sales judgment
A03550,L03550,2026-08-25,Modified,Other
A03552,L03552,2026-08-18,Rejected,No availability
A03553,L03553,2026-08-13,Rejected,Room type
A03554,L03554,2026-07-28,Rejected,Delayed follow-up
A03561,L03561,2026-08-25,Rejected,Resident preference
A03564,L03564,2026-08-18,Rejected,Room type
A03566,L03566,2026-08-25,Rejected,Resident preference
A03574,L03574,2026-08-21,Rejected,Changed plans
A03576,L03576,2026-08-11,Rejected,Price
A03578,L03578,2026-08-12,Rejected,Room type
A03580,L03580,2026-08-20,Rejected,Price
A03581,L03581,2026-08-07,Rejected,Other
A03582,L03582,2026-08-18,Rejected,Changed plans
A03583,L03583,2026-08-22,Modified,Sales judgment
A03588,L03588,2026-08-02,Rejected,No availability
A03589,L03589,2026-08-12,Rejected,Other
A03590,L03590,2026-08-04,Rejected,Other
A03592,L03592,2026-08-03,Rejected,Other
A03595,L03595,2026-08-13,Rejected,Pricing
A03597,L03597,2026-08-04,Rejected,Property preference
A03599,L03599,2026-08-21,Rejected,Room type
A03601,L03601,2026-08-14,Rejected,Property preference
A03603,L03603,2026-08-16,Rejected,Changed plans
A03605,L03605,2026-08-21,Modified,Pricing
A03611,L03611,2026-08-13,Rejected,Sales judgment
A03618,L03618,2026-08-06,Rejected,Property preference
A03622,L03622,2026-08-22,Rejected,Recommendation fit
A03623,L03623,2026-08-01,Rejected,Property preference
A03624,L03624,2026-07-29,Rejected,Price
A03626,L03626,2026-08-21,Rejected,No availability
A03630,L03630,2026-07-28,Rejected,Other
A03632,L03632,2026-08-10,Rejected,Other
A03633,L03633,2026-08-26,Rejected,Pricing
A03636,L03636,2026-08-19,Rejected,Delayed follow-up
A03638,L03638,2026-08-24,Rejected,Room type
A03639,L03639,2026-08-20,Rejected,Other
A03641,L03641,2026-07-29,Rejected,No availability
A03642,L03642,2026-08-27,Rejected,Other
A03643,L03643,2026-07-28,Rejected,No availability
A03644,L03644,2026-08-07,Rejected,Other
A03646,L03646,2026-08-12,Rejected,Delayed follow-up
A03648,L03648,2026-08-24,Rejected,Changed plans
A03649,L03649,2026-07-30,Rejected,Room type
A03651,L03651,2026-08-24,Rejected,Changed plans
A03652,L03652,2026-08-27,Rejected,Price
A03654,L03654,2026-08-23,Rejected,Price
A03655,L03655,2026-08-27,Accepted,Sales judgment
A03659,L03659,2026-08-21,Modified,Inventory
A03660,L03660,2026-08-04,Rejected,Other
A03663,L03663,2026-08-19,Rejected,Resident preference
A03664,L03664,2026-08-26,Accepted,Pricing
A03668,L03668,2026-08-23,Rejected,Property preference
A03670,L03670,2026-08-12,Rejected,Delayed follow-up
A03671,L03671,2026-08-06,Rejected,Other
A03672,L03672,2026-08-02,Rejected,Delayed follow-up
A03677,L03677,2026-08-11,Rejected,Changed plans
A03684,L03684,2026-08-23,Modified,Resident preference
A03686,L03686,2026-08-24,Modified,Inventory
A03689,L03689,2026-08-18,Modified,Recommendation fit
A03692,L03692,2026-08-06,Rejected,Price
A03693,L03693,2026-08-21,Rejected,Room type
A03694,L03694,2026-08-19,Accepted,Other
A03695,L03695,2026-08-21,Accepted,Sales judgment
A03699,L03699,2026-08-25,Modified,Resident preference
A03701,L03701,2026-08-01,Rejected,No availability
A03703,L03703,2026-08-02,Rejected,Delayed follow-up
A03706,L03706,2026-08-22,Rejected,Sales judgment
A03708,L03708,2026-08-18,Rejected,Resident preference
A03711,L03711,2026-08-18,Rejected,Recommendation fit
A03718,L03718,2026-08-20,Rejected,Room type
A03719,L03719,2026-08-22,Accepted,Pricing
A03720,L03720,2026-07-31,Rejected,Other
A03721,L03721,2026-08-08,Rejected,Commute
A03723,L03723,2026-08-15,Rejected,Delayed follow-up
A03724,L03724,2026-08-15,Modified,Recommendation fit
A03726,L03726,2026-08-02,Rejected,Delayed follow-up
A03727,L03727,2026-07-31,Rejected,Changed plans
A03729,L03729,2026-08-19,Rejected,Other
A03731,L03731,2026-08-04,Rejected,Property preference
A03732,L03732,2026-08-25,Rejected,Property preference
A03733,L03733,2026-08-09,Rejected,Room type
A03734,L03734,2026-08-18,Rejected,Other
A03736,L03736,2026-08-14,Accepted,Recommendation fit
A03737,L03737,2026-08-14,Rejected,Other
A03739,L03739,2026-08-11,Rejected,Room type
A03742,L03742,2026-08-25,Rejected,Room type
A03745,L03745,2026-07-31,Rejected,Room type
A03748,L03748,2026-08-19,Rejected,Resident preference
A03749,L03749,2026-08-02,Rejected,Room type
A03750,L03750,2026-08-17,Modified,Resident preference
A03751,L03751,2026-08-16,Rejected,Price
A03752,L03752,2026-08-26,Accepted,Pricing
A03753,L03753,2026-08-26,Rejected,Price
A03754,L03754,2026-08-14,Rejected,Other
A03755,L03755,2026-08-05,Rejected,Delayed follow-up
A03765,L03765,2026-08-18,Modified,Sales judgment
A03769,L03769,2026-08-07,Rejected,Room type
A03770,L03770,2026-08-22,Rejected,Delayed follow-up
A03771,L03771,2026-08-23,Rejected,No availability
A03773,L03773,2026-08-05,Rejected,Property preference
A03778,L03778,2026-08-01,Rejected,Changed plans
A03782,L03782,2026-08-21,Modified,Recommendation fit
A03783,L03783,2026-08-27,Rejected,Delayed follow-up
A03785,L03785,2026-08-13,Modified,Other
A03788,L03788,2026-08-01,Rejected,No availability
A03789,L03789,2026-08-04,Rejected,Price
A03791,L03791,2026-08-01,Rejected,No availability
A03792,L03792,2026-07-28,Rejected,Property preference
A03795,L03795,2026-08-20,Rejected,Room type
A03796,L03796,2026-07-28,Rejected,Changed plans
A03798,L03798,2026-08-04,Rejected,Price
A03801,L03801,2026-08-01,Rejected,Room type
A03802,L03802,2026-08-21,Modified,Pricing
A03803,L03803,2026-08-14,Rejected,No availability
A03804,L03804,2026-08-07,Rejected,Commute
A03810,L03810,2026-07-29,Rejected,No availability
A03811,L03811,2026-08-05,Rejected,Property preference
A03814,L03814,2026-08-13,Rejected,Resident preference
A03815,L03815,2026-08-15,Accepted,Pricing
A03816,L03816,2026-08-17,Rejected,Changed plans
A03817,L03817,2026-08-24,Rejected,Resident preference
A03823,L03823,2026-08-12,Accepted,Inventory
A03829,L03829,2026-08-24,Modified,Pricing
A03831,L03831,2026-08-26,Accepted,Sales judgment
A03833,L03833,2026-08-05,Rejected,Property preference
A03834,L03834,2026-08-16,Modified,Sales judgment
A03835,L03835,2026-08-09,Rejected,Delayed follow-up
A03836,L03836,2026-08-25,Rejected,Resident preference
A03839,L03839,2026-08-23,Modified,Recommendation fit
A03842,L03842,2026-08-19,Rejected,Other
A03844,L03844,2026-08-11,Rejected,Changed plans
A03846,L03846,2026-08-21,Rejected,Other
A03849,L03849,2026-08-09,Rejected,Property preference
A03850,L03850,2026-08-13,Rejected,Property preference
A03854,L03854,2026-08-13,Rejected,Recommendation fit
A03858,L03858,2026-08-16,Rejected,Sales judgment
A03859,L03859,2026-08-21,Modified,Other
A03860,L03860,2026-08-03,Rejected,Property preference
A03863,L03863,2026-08-18,Rejected,Recommendation fit
A03864,L03864,2026-08-17,Accepted,Inventory
A03865,L03865,2026-08-03,Rejected,Commute
A03867,L03867,2026-08-12,Accepted,Recommendation fit
A03877,L03877,2026-07-29,Rejected,Room type
A03880,L03880,2026-07-31,Rejected,No availability
A03881,L03881,2026-08-21,Modified,Sales judgment
A03883,L03883,2026-08-14,Modified,Inventory
A03889,L03889,2026-07-31,Rejected,Property preference
A03894,L03894,2026-08-04,Rejected,Other
A03896,L03896,2026-08-25,Accepted,Recommendation fit
A03898,L03898,2026-08-19,Rejected,No availability
A03899,L03899,2026-08-20,Rejected,Pricing
A03901,L03901,2026-08-16,Accepted,Pricing
A03903,L03903,2026-07-28,Rejected,Other
A03906,L03906,2026-08-26,Modified,Resident preference
A03907,L03907,2026-08-07,Rejected,Delayed follow-up
A03910,L03910,2026-08-20,Rejected,Room type
A03915,L03915,2026-07-28,Rejected,Property preference
A03916,L03916,2026-08-13,Rejected,Changed plans
A03919,L03919,2026-08-16,Rejected,Commute
A03923,L03923,2026-07-31,Rejected,Commute
A03925,L03925,2026-08-22,Rejected,Room type
A03928,L03928,2026-08-12,Modified,Other
A03931,L03931,2026-08-17,Rejected,Price
A03932,L03932,2026-08-13,Accepted,Other
A03934,L03934,2026-08-26,Rejected,Price
A03936,L03936,2026-08-15,Modified,Recommendation fit
A03937,L03937,2026-08-12,Accepted,Sales judgment
A03938,L03938,2026-08-25,Rejected,Delayed follow-up
A03939,L03939,2026-08-25,Accepted,Resident preference
A03940,L03940,2026-08-22,Rejected,Other
A03941,L03941,2026-08-23,Rejected,Inventory
A03943,L03943,2026-08-23,Rejected,Recommendation fit
A03944,L03944,2026-08-19,Rejected,Price
A03945,L03945,2026-08-14,Rejected,Recommendation fit
A03946,L03946,2026-08-14,Rejected,Delayed follow-up
A03950,L03950,2026-08-06,Rejected,No availability
A03952,L03952,2026-08-15,Accepted,Other
A03955,L03955,2026-08-01,Rejected,Room type
A03956,L03956,2026-08-21,Rejected,Changed plans
A03957,L03957,2026-08-18,Accepted,Inventory
A03958,L03958,2026-08-20,Modified,Sales judgment
A03959,L03959,2026-08-25,Rejected,Commute
A03960,L03960,2026-07-29,Rejected,Other
A03963,L03963,2026-07-31,Rejected,Price
A03965,L03965,2026-08-09,Rejected,Price
A03976,L03976,2026-08-25,Accepted,Other
A03977,L03977,2026-08-22,Rejected,Resident preference
A03979,L03979,2026-08-17,Modified,Resident preference
A03984,L03984,2026-08-14,Rejected,No availability
A03989,L03989,2026-08-07,Rejected,Price
A03990,L03990,2026-08-15,Modified,Sales judgment
A03991,L03991,2026-08-13,Rejected,Commute
A03992,L03992,2026-08-08,Rejected,Commute
A03993,L03993,2026-08-16,Rejected,Changed plans
A03994,L03994,2026-08-22,Rejected,Property preference
A03996,L03996,2026-08-17,Rejected,Pricing
A03998,L03998,2026-08-23,Rejected,Pricing
A04001,L04001,2026-08-11,Rejected,Property preference
A04008,L04008,2026-08-03,Rejected,Other
A04009,L04009,2026-08-14,Rejected,Room type
A04010,L04010,2026-08-18,Modified,Pricing
A04015,L04015,2026-08-24,Accepted,Recommendation fit
A04016,L04016,2026-08-04,Rejected,Property preference
A04019,L04019,2026-08-23,Accepted,Sales judgment
A04021,L04021,2026-08-27,Rejected,Changed plans
A04025,L04025,2026-08-20,Rejected,Changed plans
A04026,L04026,2026-08-19,Rejected,Commute
A04032,L04032,2026-08-17,Rejected,Delayed follow-up
A04033,L04033,2026-08-03,Rejected,Commute
A04034,L04034,2026-08-24,Accepted,Other
A04035,L04035,2026-08-02,Rejected,Commute
A04039,L04039,2026-08-25,Rejected,Other
A04040,L04040,2026-08-20,Modified,Resident preference
A04042,L04042,2026-08-23,Accepted,Resident preference
A04044,L04044,2026-08-18,Rejected,Other
A04045,L04045,2026-08-23,Accepted,Recommendation fit
A04048,L04048,2026-08-24,Modified,Other
A04049,L04049,2026-07-30,Rejected,Price
A04050,L04050,2026-08-15,Modified,Other
A04051,L04051,2026-08-07,Rejected,Other
A04055,L04055,2026-07-31,Rejected,Room type
A04059,L04059,2026-08-18,Rejected,Property preference
A04067,L04067,2026-08-23,Accepted,Other
A04068,L04068,2026-08-21,Rejected,Other
A04072,L04072,2026-08-22,Rejected,No availability
A04073,L04073,2026-08-23,Modified,Sales judgment
A04074,L04074,2026-08-22,Rejected,Sales judgment
A04075,L04075,2026-08-07,Rejected,Commute
A04077,L04077,2026-08-10,Rejected,Commute
A04078,L04078,2026-08-25,Modified,Sales judgment
A04079,L04079,2026-08-16,Rejected,Delayed follow-up
A04084,L04084,2026-08-05,Rejected,Property preference
A04086,L04086,2026-08-12,Modified,Recommendation fit
A04087,L04087,2026-07-28,Rejected,Price
A04089,L04089,2026-08-15,Rejected,Inventory
A04091,L04091,2026-08-05,Rejected,Room type
A04094,L04094,2026-08-25,Rejected,Other
A04096,L04096,2026-08-17,Modified,Inventory
A04097,L04097,2026-08-18,Rejected,Sales judgment
A04100,L04100,2026-08-27,Accepted,Resident preference
A04104,L04104,2026-08-20,Rejected,Room type
A04107,L04107,2026-07-29,Rejected,Room type
A04108,L04108,2026-08-13,Modified,Inventory
A04113,L04113,2026-08-24,Rejected,Sales judgment
A04114,L04114,2026-08-17,Modified,Other
A04115,L04115,2026-07-29,Rejected,Price
A04116,L04116,2026-08-23,Rejected,Delayed follow-up
A04117,L04117,2026-08-23,Modified,Resident preference
A04121,L04121,2026-08-16,Rejected,Property preference
A04122,L04122,2026-08-18,Rejected,Delayed follow-up
A04125,L04125,2026-07-28,Rejected,Price
A04126,L04126,2026-08-26,Rejected,Changed plans
A04128,L04128,2026-08-19,Rejected,Inventory
A04130,L04130,2026-08-05,Rejected,Delayed follow-up
A04131,L04131,2026-08-22,Rejected,Resident preference
A04132,L04132,2026-08-25,Rejected,Sales judgment
A04134,L04134,2026-08-25,Rejected,Delayed follow-up
A04135,L04135,2026-08-26,Rejected,Other
A04136,L04136,2026-08-24,Rejected,Sales judgment
A04137,L04137,2026-08-27,Rejected,Room type
A04138,L04138,2026-08-15,Accepted,Sales judgment
A04139,L04139,2026-08-11,Rejected,Commute
A04142,L04142,2026-08-19,Modified,Pricing
A04144,L04144,2026-08-26,Rejected,Room type
A04145,L04145,2026-08-09,Rejected,Room type
A04149,L04149,2026-08-25,Accepted,Pricing
A04150,L04150,2026-08-27,Rejected,Price
A04155,L04155,2026-08-16,Accepted,Inventory
A04156,L04156,2026-08-17,Accepted,Pricing
A04161,L04161,2026-08-13,Modified,Other
A04163,L04163,2026-08-23,Rejected,Commute
A04164,L04164,2026-08-09,Rejected,Commute
A04166,L04166,2026-08-05,Rejected,Commute
A04169,L04169,2026-08-12,Accepted,Resident preference
A04170,L04170,2026-08-27,Rejected,Changed plans
A04171,L04171,2026-08-13,Accepted,Sales judgment
A04173,L04173,2026-08-26,Rejected,Other
A04174,L04174,2026-08-27,Rejected,Room type
A04177,L04177,2026-08-23,Modified,Recommendation fit
A04178,L04178,2026-08-26,Modified,Inventory
A04179,L04179,2026-08-04,Rejected,Changed plans
A04180,L04180,2026-08-08,Rejected,No availability
A04183,L04183,2026-08-12,Accepted,Sales judgment
A04184,L04184,2026-08-17,Accepted,Pricing
A04185,L04185,2026-08-25,Rejected,Inventory
A04186,L04186,2026-08-25,Rejected,Price
A04187,L04187,2026-08-22,Modified,Sales judgment
A04188,L04188,2026-08-24,Rejected,Changed plans
A04189,L04189,2026-08-09,Rejected,No availability
A04195,L04195,2026-08-19,Rejected,Commute
A04197,L04197,2026-08-04,Rejected,Price
A04199,L04199,2026-08-23,Rejected,Pricing
A04203,L04203,2026-08-12,Modified,Recommendation fit
A04204,L04204,2026-08-01,Rejected,No availability
A04205,L04205,2026-08-01,Rejected,Changed plans
A04208,L04208,2026-08-08,Rejected,Price
A04211,L04211,2026-08-27,Rejected,Recommendation fit
A04212,L04212,2026-08-03,Rejected,Room type
A04213,L04213,2026-08-13,Rejected,Changed plans
A04214,L04214,2026-08-06,Rejected,Delayed follow-up
A04216,L04216,2026-08-11,Rejected,Other
A04217,L04217,2026-08-12,Rejected,Property preference
A04218,L04218,2026-08-25,Rejected,Price
A04219,L04219,2026-08-17,Accepted,Recommendation fit
A04220,L04220,2026-08-14,Rejected,Delayed follow-up
A04221,L04221,2026-08-15,Modified,Recommendation fit
A04222,L04222,2026-08-03,Rejected,Commute
A04223,L04223,2026-08-12,Rejected,Commute
A04225,L04225,2026-07-31,Rejected,Property preference
A04229,L04229,2026-08-23,Rejected,Price
A04231,L04231,2026-08-03,Rejected,Commute
A04232,L04232,2026-08-25,Rejected,Recommendation fit
A04241,L04241,2026-08-20,Rejected,Commute
A04242,L04242,2026-08-23,Accepted,Recommendation fit
A04243,L04243,2026-08-20,Rejected,Recommendation fit
A04245,L04245,2026-08-22,Modified,Recommendation fit
A04249,L04249,2026-08-13,Rejected,Room type
A04251,L04251,2026-08-08,Rejected,Commute
A04252,L04252,2026-08-18,Modified,Resident preference
A04255,L04255,2026-07-31,Rejected,Delayed follow-up
A04256,L04256,2026-08-27,Modified,Resident preference
A04257,L04257,2026-08-22,Modified,Inventory
A04259,L04259,2026-08-22,Rejected,No availability
A04262,L04262,2026-08-25,Rejected,Other
A04270,L04270,2026-08-26,Accepted,Recommendation fit
A04271,L04271,2026-08-23,Modified,Pricing
A04272,L04272,2026-08-01,Rejected,Room type
A04273,L04273,2026-08-19,Accepted,Sales judgment
A04274,L04274,2026-08-05,Rejected,Room type
A04275,L04275,2026-08-09,Rejected,Commute
A04276,L04276,2026-08-21,Rejected,Recommendation fit
A04277,L04277,2026-08-23,Rejected,Price
A04279,L04279,2026-08-24,Accepted,Resident preference
A04280,L04280,2026-08-20,Rejected,Pricing
A04282,L04282,2026-08-20,Accepted,Sales judgment
A04283,L04283,2026-08-08,Rejected,Commute
A04286,L04286,2026-08-13,Accepted,Recommendation fit
A04290,L04290,2026-08-12,Rejected,Sales judgment
A04291,L04291,2026-08-15,Rejected,Recommendation fit
A04294,L04294,2026-08-15,Rejected,No availability
A04296,L04296,2026-08-23,Accepted,Resident preference
A04297,L04297,2026-08-19,Rejected,Pricing
A04303,L04303,2026-08-11,Rejected,Room type
A04307,L04307,2026-08-12,Rejected,No availability
A04308,L04308,2026-08-22,Accepted,Recommendation fit
A04310,L04310,2026-08-13,Rejected,Pricing
A04312,L04312,2026-08-19,Rejected,Other
A04314,L04314,2026-08-26,Rejected,Delayed follow-up
A04315,L04315,2026-08-22,Accepted,Inventory
A04316,L04316,2026-08-21,Modified,Resident preference
A04317,L04317,2026-08-18,Rejected,Other
A04319,L04319,2026-08-12,Rejected,Delayed follow-up
A04324,L04324,2026-08-20,Rejected,Other
A04326,L04326,2026-08-19,Accepted,Pricing
A04327,L04327,2026-08-26,Rejected,Delayed follow-up
A04328,L04328,2026-08-08,Rejected,No availability
A04330,L04330,2026-08-01,Rejected,Other
A04333,L04333,2026-08-18,Rejected,Resident preference
A04334,L04334,2026-08-15,Rejected,Room type
A04336,L04336,2026-08-19,Rejected,Property preference
A04339,L04339,2026-08-21,Accepted,Recommendation fit
A04341,L04341,2026-08-15,Accepted,Inventory
A04342,L04342,2026-08-27,Rejected,Commute
A04343,L04343,2026-08-24,Modified,Recommendation fit
A04346,L04346,2026-08-17,Accepted,Recommendation fit
A04349,L04349,2026-08-08,Rejected,Price
A04350,L04350,2026-08-15,Rejected,Sales judgment
A04351,L04351,2026-08-19,Accepted,Pricing
A04356,L04356,2026-08-18,Rejected,Property preference
A04360,L04360,2026-08-20,Rejected,Other
A04361,L04361,2026-08-08,Rejected,Property preference
A04362,L04362,2026-08-25,Accepted,Other
A04365,L04365,2026-08-19,Rejected,Other
A04370,L04370,2026-08-07,Rejected,Commute
A04371,L04371,2026-08-17,Rejected,Pricing
A04372,L04372,2026-08-13,Rejected,Commute
A04373,L04373,2026-08-10,Rejected,Changed plans
A04375,L04375,2026-08-25,Rejected,No availability
A04376,L04376,2026-08-17,Modified,Resident preference
A04379,L04379,2026-08-13,Rejected,Pricing
A04380,L04380,2026-08-02,Rejected,Delayed follow-up
A04381,L04381,2026-08-23,Rejected,No availability
A04382,L04382,2026-08-06,Rejected,Delayed follow-up
A04383,L04383,2026-08-26,Rejected,Property preference
A04385,L04385,2026-08-14,Accepted,Inventory
A04386,L04386,2026-08-13,Rejected,Price
A04387,L04387,2026-08-19,Rejected,Recommendation fit
A04393,L04393,2026-08-16,Rejected,Property preference
A04394,L04394,2026-08-24,Rejected,Property preference
A04401,L04401,2026-08-24,Rejected,No availability
A04402,L04402,2026-08-08,Rejected,Property preference
A04405,L04405,2026-07-29,Rejected,No availability
A04406,L04406,2026-08-10,Rejected,Delayed follow-up
A04407,L04407,2026-08-26,Accepted,Resident preference
A04409,L04409,2026-08-13,Rejected,No availability
A04410,L04410,2026-08-08,Rejected,No availability
A04411,L04411,2026-08-20,Accepted,Pricing
A04413,L04413,2026-08-21,Rejected,No availability
A04414,L04414,2026-08-23,Rejected,Delayed follow-up
A04415,L04415,2026-08-09,Rejected,Delayed follow-up
A04418,L04418,2026-08-18,Rejected,Property preference
A04419,L04419,2026-08-22,Rejected,Property preference
A04421,L04421,2026-08-27,Accepted,Other
A04423,L04423,2026-08-07,Rejected,No availability
A04427,L04427,2026-08-13,Modified,Pricing
A04429,L04429,2026-08-16,Rejected,Price
A04432,L04432,2026-08-25,Modified,Other
A04433,L04433,2026-08-03,Rejected,Changed plans
A04436,L04436,2026-08-14,Modified,Other
A04437,L04437,2026-08-06,Rejected,Price
A04438,L04438,2026-08-23,Modified,Recommendation fit
A04440,L04440,2026-08-20,Rejected,Commute
A04445,L04445,2026-08-16,Accepted,Resident preference
A04446,L04446,2026-07-28,Rejected,Property preference
A04447,L04447,2026-08-20,Rejected,Inventory
A04449,L04449,2026-08-23,Modified,Pricing
A04450,L04450,2026-08-04,Rejected,Price
A04451,L04451,2026-08-14,Rejected,Property preference
A04452,L04452,2026-08-12,Accepted,Recommendation fit
A04454,L04454,2026-08-21,Accepted,Resident preference
A04459,L04459,2026-08-06,Rejected,Delayed follow-up
A04460,L04460,2026-08-11,Rejected,Other
A04463,L04463,2026-08-07,Rejected,Price
A04464,L04464,2026-08-15,Modified,Resident preference
A04466,L04466,2026-08-20,Modified,Pricing
A04468,L04468,2026-08-13,Accepted,Pricing
A04470,L04470,2026-08-22,Rejected,Other
A04471,L04471,2026-08-12,Rejected,Room type
A04472,L04472,2026-08-26,Modified,Resident preference
A04473,L04473,2026-08-17,Accepted,Inventory
A04475,L04475,2026-08-12,Rejected,Resident preference
A04485,L04485,2026-08-13,Accepted,Other
A04487,L04487,2026-08-09,Rejected,Other
A04491,L04491,2026-08-25,Accepted,Pricing
A04493,L04493,2026-08-08,Rejected,Delayed follow-up
A04494,L04494,2026-08-21,Rejected,Room type
A04495,L04495,2026-08-10,Rejected,Property preference
A04497,L04497,2026-08-16,Modified,Pricing
A04502,L04502,2026-08-12,Rejected,Recommendation fit
A04506,L04506,2026-08-12,Rejected,Changed plans
A04508,L04508,2026-08-24,Rejected,Changed plans
A04509,L04509,2026-08-04,Rejected,Other
A04512,L04512,2026-08-09,Rejected,Price
A04515,L04515,2026-08-20,Modified,Recommendation fit
A04518,L04518,2026-08-13,Rejected,No availability
A04519,L04519,2026-08-27,Modified,Sales judgment
A04521,L04521,2026-08-13,Rejected,Property preference
A04522,L04522,2026-08-21,Accepted,Resident preference
A04525,L04525,2026-08-26,Rejected,Property preference
A04528,L04528,2026-08-19,Rejected,Price
A04529,L04529,2026-08-01,Rejected,Room type
A04531,L04531,2026-08-12,Rejected,Pricing
A04532,L04532,2026-08-12,Rejected,Changed plans
A04537,L04537,2026-08-19,Modified,Recommendation fit
A04547,L04547,2026-08-25,Modified,Inventory
A04550,L04550,2026-08-23,Rejected,Commute
A04551,L04551,2026-08-26,Rejected,Pricing
A04556,L04556,2026-08-27,Rejected,No availability
A04557,L04557,2026-08-04,Rejected,Price
A04558,L04558,2026-08-20,Accepted,Inventory
A04560,L04560,2026-07-28,Rejected,Other
A04561,L04561,2026-07-28,Rejected,Price
A04562,L04562,2026-08-08,Rejected,Room type
A04564,L04564,2026-08-17,Modified,Inventory
A04565,L04565,2026-08-13,Rejected,Commute
A04567,L04567,2026-08-10,Rejected,Property preference
A04569,L04569,2026-08-25,Rejected,Property preference
A04571,L04571,2026-08-25,Rejected,Recommendation fit
A04577,L04577,2026-08-19,Rejected,Other
A04578,L04578,2026-08-04,Rejected,Commute
A04579,L04579,2026-08-22,Modified,Recommendation fit
A04586,L04586,2026-08-20,Modified,Sales judgment
A04588,L04588,2026-08-16,Rejected,Delayed follow-up
A04591,L04591,2026-08-17,Rejected,Commute
A04592,L04592,2026-07-30,Rejected,Delayed follow-up
A04596,L04596,2026-08-21,Accepted,Other
A04597,L04597,2026-08-15,Rejected,Inventory
A04598,L04598,2026-08-23,Modified,Recommendation fit
A04600,L04600,2026-08-27,Rejected,Recommendation fit
A04603,L04603,2026-08-24,Modified,Other
A04604,L04604,2026-08-23,Accepted,Other
A04606,L04606,2026-08-15,Rejected,Inventory
A04608,L04608,2026-08-12,Rejected,Changed plans
A04611,L04611,2026-08-20,Accepted,Pricing
A04612,L04612,2026-07-30,Rejected,No availability
A04613,L04613,2026-08-16,Rejected,Price
A04614,L04614,2026-08-22,Modified,Resident preference
A04615,L04615,2026-08-22,Accepted,Other
A04616,L04616,2026-08-26,Rejected,Inventory
A04617,L04617,2026-08-22,Rejected,Resident preference
A04618,L04618,2026-08-06,Rejected,Price
A04619,L04619,2026-08-25,Rejected,Resident preference
A04620,L04620,2026-08-14,Rejected,Changed plans
A04622,L04622,2026-08-20,Rejected,Changed plans
A04623,L04623,2026-08-03,Rejected,Room type
A04635,L04635,2026-08-06,Rejected,Commute
A04638,L04638,2026-08-06,Rejected,Changed plans
A04639,L04639,2026-07-28,Rejected,Price
A04642,L04642,2026-08-15,Modified,Inventory
A04643,L04643,2026-07-28,Rejected,Delayed follow-up
A04644,L04644,2026-08-22,Rejected,Sales judgment
A04645,L04645,2026-08-21,Rejected,Sales judgment
A04649,L04649,2026-08-21,Modified,Sales judgment
A04651,L04651,2026-08-12,Accepted,Inventory
A04654,L04654,2026-08-06,Rejected,Other
A04655,L04655,2026-08-07,Rejected,Price
A04656,L04656,2026-08-24,Rejected,Changed plans
A04658,L04658,2026-08-18,Modified,Sales judgment
A04659,L04659,2026-07-30,Rejected,No availability
A04667,L04667,2026-08-16,Modified,Resident preference
A04669,L04669,2026-08-19,Rejected,Resident preference
A04671,L04671,2026-08-27,Rejected,Commute
A04672,L04672,2026-08-21,Modified,Inventory
A04676,L04676,2026-08-13,Accepted,Other
A04677,L04677,2026-08-19,Accepted,Sales judgment
A04679,L04679,2026-08-18,Modified,Other
A04680,L04680,2026-08-19,Rejected,Pricing
A04682,L04682,2026-08-08,Rejected,Price
A04684,L04684,2026-08-24,Rejected,Commute
A04685,L04685,2026-08-25,Rejected,Pricing
A04686,L04686,2026-08-06,Rejected,Delayed follow-up
A04694,L04694,2026-08-25,Modified,Pricing
A04695,L04695,2026-08-22,Accepted,Recommendation fit
A04698,L04698,2026-08-15,Rejected,Pricing
A04699,L04699,2026-08-27,Rejected,Other
A04704,L04704,2026-08-22,Modified,Sales judgment
A04705,L04705,2026-08-22,Rejected,Other
A04706,L04706,2026-08-08,Rejected,Other
A04708,L04708,2026-08-12,Modified,Resident preference
A04710,L04710,2026-08-12,Rejected,Property preference
A04711,L04711,2026-08-26,Rejected,Other
A04713,L04713,2026-08-18,Modified,Resident preference
A04716,L04716,2026-08-23,Accepted,Inventory
A04717,L04717,2026-08-20,Rejected,Property preference
A04721,L04721,2026-08-23,Rejected,Commute
A04723,L04723,2026-07-29,Rejected,Price
A04724,L04724,2026-08-14,Rejected,Commute
A04725,L04725,2026-08-09,Rejected,Delayed follow-up
A04728,L04728,2026-07-31,Rejected,Price
A04729,L04729,2026-08-23,Rejected,Room type
A04730,L04730,2026-08-24,Modified,Pricing
A04735,L04735,2026-08-23,Rejected,Changed plans
A04736,L04736,2026-08-13,Rejected,Sales judgment
A04737,L04737,2026-07-29,Rejected,Price
A04740,L04740,2026-08-22,Rejected,Delayed follow-up
A04742,L04742,2026-08-01,Rejected,Commute
A04743,L04743,2026-07-31,Rejected,Changed plans
A04746,L04746,2026-08-01,Rejected,No availability
A04747,L04747,2026-08-21,Rejected,Inventory
A04753,L04753,2026-08-15,Modified,Other
A04754,L04754,2026-07-29,Rejected,No availability
A04756,L04756,2026-08-09,Rejected,Commute
A04759,L04759,2026-08-19,Modified,Other
A04760,L04760,2026-08-11,Rejected,Room type
A04761,L04761,2026-08-14,Rejected,Property preference
A04762,L04762,2026-08-27,Rejected,No availability
A04763,L04763,2026-08-16,Rejected,Property preference
A04764,L04764,2026-08-24,Rejected,Sales judgment
A04767,L04767,2026-08-21,Rejected,Other
A04773,L04773,2026-08-11,Rejected,Price
A04776,L04776,2026-08-23,Rejected,Price
A04780,L04780,2026-08-21,Accepted,Other
A04781,L04781,2026-08-27,Modified,Inventory
A04790,L04790,2026-08-11,Rejected,Other
A04793,L04793,2026-07-31,Rejected,Property preference
A04794,L04794,2026-08-05,Rejected,Commute
A04797,L04797,2026-08-17,Modified,Sales judgment
A04798,L04798,2026-08-27,Rejected,Other
A04801,L04801,2026-08-05,Rejected,No availability
A04802,L04802,2026-08-04,Rejected,Delayed follow-up
A04804,L04804,2026-08-12,Accepted,Pricing
A04811,L04811,2026-08-22,Modified,Inventory
A04812,L04812,2026-08-20,Rejected,Other
A04823,L04823,2026-08-06,Rejected,Changed plans
A04824,L04824,2026-07-30,Rejected,Price
A04829,L04829,2026-07-28,Rejected,No availability
A04834,L04834,2026-08-06,Rejected,Room type
A04835,L04835,2026-08-22,Accepted,Recommendation fit
A04836,L04836,2026-08-17,Rejected,Other
A04840,L04840,2026-08-18,Modified,Inventory
A04841,L04841,2026-08-21,Rejected,Recommendation fit
A04848,L04848,2026-08-07,Rejected,No availability
A04851,L04851,2026-08-02,Rejected,Commute
A04854,L04854,2026-08-04,Rejected,Other
A04855,L04855,2026-08-05,Rejected,Price
A04857,L04857,2026-08-17,Rejected,Commute
A04860,L04860,2026-07-28,Rejected,Room type
A04862,L04862,2026-08-15,Rejected,No availability
A04865,L04865,2026-08-06,Rejected,Room type
A04866,L04866,2026-07-30,Rejected,Other
A04867,L04867,2026-08-15,Accepted,Other
A04877,L04877,2026-08-17,Accepted,Sales judgment
A04878,L04878,2026-07-31,Rejected,No availability
A04879,L04879,2026-07-30,Rejected,Room type
A04888,L04888,2026-08-25,Modified,Inventory
A04889,L04889,2026-08-13,Accepted,Resident preference
A04894,L04894,2026-08-12,Rejected,Changed plans
A04895,L04895,2026-08-20,Rejected,Changed plans
A04896,L04896,2026-08-16,Rejected,Room type
A04899,L04899,2026-08-18,Rejected,Property preference
A04900,L04900,2026-08-16,Rejected,Pricing
A04902,L04902,2026-08-12,Accepted,Pricing
A04905,L04905,2026-08-07,Rejected,Price
A04907,L04907,2026-08-05,Rejected,Price
A04908,L04908,2026-08-14,Accepted,Other
A04911,L04911,2026-08-23,Accepted,Inventory
A04912,L04912,2026-08-04,Rejected,Price
A04914,L04914,2026-08-05,Rejected,Property preference
A04917,L04917,2026-08-12,Accepted,Inventory
A04920,L04920,2026-08-04,Rejected,Delayed follow-up
A04925,L04925,2026-08-17,Rejected,No availability
A04928,L04928,2026-08-01,Rejected,Changed plans
A04929,L04929,2026-08-14,Accepted,Resident preference
A04930,L04930,2026-08-15,Modified,Other
A04932,L04932,2026-08-11,Rejected,Price
A04935,L04935,2026-08-17,Accepted,Sales judgment
A04937,L04937,2026-08-16,Rejected,Changed plans
A04939,L04939,2026-08-18,Rejected,Commute
A04941,L04941,2026-08-11,Rejected,Changed plans
A04943,L04943,2026-08-13,Rejected,Recommendation fit
A04944,L04944,2026-08-21,Rejected,Delayed follow-up
A04945,L04945,2026-08-12,Modified,Recommendation fit
A04946,L04946,2026-08-12,Rejected,Changed plans
A04947,L04947,2026-08-16,Modified,Resident preference
A04949,L04949,2026-07-29,Rejected,Changed plans
A04951,L04951,2026-08-02,Rejected,No availability
A04952,L04952,2026-08-17,Rejected,Other
A04953,L04953,2026-08-24,Rejected,No availability
A04955,L04955,2026-07-29,Rejected,Commute
A04957,L04957,2026-08-03,Rejected,Commute
A04960,L04960,2026-08-25,Modified,Inventory
A04965,L04965,2026-08-22,Rejected,Other
A04970,L04970,2026-08-22,Rejected,Changed plans
A04975,L04975,2026-08-26,Rejected,Property preference
A04977,L04977,2026-08-11,Rejected,Changed plans
A04979,L04979,2026-08-09,Rejected,No availability
A04982,L04982,2026-08-13,Rejected,Delayed follow-up
A04988,L04988,2026-08-21,Rejected,Commute
A04989,L04989,2026-08-21,Rejected,No availability
A04990,L04990,2026-08-19,Rejected,Commute
A04991,L04991,2026-08-23,Rejected,Resident preference
A04993,L04993,2026-08-22,Rejected,Recommendation fit
A05004,L05004,2026-08-08,Rejected,Delayed follow-up
A05005,L05005,2026-08-27,Rejected,Changed plans
A05006,L05006,2026-08-11,Rejected,No availability
A05012,L05012,2026-08-03,Rejected,No availability
A05014,L05014,2026-08-19,Accepted,Other
A05025,L05025,2026-08-17,Modified,Inventory
A05026,L05026,2026-08-20,Modified,Resident preference
A05027,L05027,2026-08-25,Rejected,Other
A05028,L05028,2026-08-09,Rejected,Property preference
A05029,L05029,2026-08-13,Rejected,Delayed follow-up
A05031,L05031,2026-08-06,Rejected,No availability
A05032,L05032,2026-08-03,Rejected,Other
A05033,L05033,2026-08-12,Rejected,Property preference
A05034,L05034,2026-08-16,Rejected,No availability
A05038,L05038,2026-08-20,Rejected,Resident preference
A05040,L05040,2026-08-26,Rejected,Price
A05049,L05049,2026-08-03,Rejected,Changed plans
A05052,L05052,2026-08-20,Rejected,Room type
A05055,L05055,2026-08-10,Rejected,Price
A05060,L05060,2026-08-12,Accepted,Recommendation fit
A05062,L05062,2026-08-22,Rejected,Resident preference
A05063,L05063,2026-08-19,Rejected,Commute
A05064,L05064,2026-08-07,Rejected,Other
A05071,L05071,2026-08-06,Rejected,Commute
A05072,L05072,2026-08-27,Accepted,Other
A05073,L05073,2026-08-21,Rejected,Recommendation fit
A05076,L05076,2026-07-29,Rejected,Other
A05077,L05077,2026-08-20,Rejected,No availability
A05078,L05078,2026-08-24,Modified,Inventory
A05079,L05079,2026-08-01,Rejected,Changed plans
A05080,L05080,2026-08-08,Rejected,Delayed follow-up
A05083,L05083,2026-08-05,Rejected,Price
A05086,L05086,2026-08-22,Rejected,Delayed follow-up
A05088,L05088,2026-08-12,Rejected,Recommendation fit
A05092,L05092,2026-08-17,Rejected,Recommendation fit
A05098,L05098,2026-08-18,Rejected,Recommendation fit
A05102,L05102,2026-08-25,Modified,Other
A05104,L05104,2026-08-12,Modified,Inventory
A05105,L05105,2026-08-01,Rejected,Room type
A05107,L05107,2026-07-30,Rejected,Changed plans
A05113,L05113,2026-08-16,Rejected,Commute
A05115,L05115,2026-08-17,Modified,Pricing
A05121,L05121,2026-08-09,Rejected,Delayed follow-up
A05126,L05126,2026-08-08,Rejected,Changed plans
A05127,L05127,2026-08-13,Rejected,No availability
A05130,L05130,2026-08-23,Modified,Resident preference
A05131,L05131,2026-08-05,Rejected,Price
A05135,L05135,2026-08-25,Accepted,Inventory
A05138,L05138,2026-07-30,Rejected,No availability
A05139,L05139,2026-08-23,Accepted,Pricing
A05140,L05140,2026-08-15,Rejected,Commute
A05143,L05143,2026-07-31,Rejected,Price
A05150,L05150,2026-08-12,Rejected,Price
A05153,L05153,2026-08-23,Rejected,No availability
A05156,L05156,2026-08-21,Rejected,Commute
A05157,L05157,2026-08-23,Rejected,Commute
A05162,L05162,2026-08-06,Rejected,Price
A05163,L05163,2026-08-20,Modified,Other
A05165,L05165,2026-08-05,Rejected,Price
A05168,L05168,2026-08-15,Rejected,Commute
A05169,L05169,2026-07-28,Rejected,Delayed follow-up
A05171,L05171,2026-08-27,Rejected,No availability
A05177,L05177,2026-08-27,Accepted,Recommendation fit
A05179,L05179,2026-08-20,Rejected,No availability
A05180,L05180,2026-08-02,Rejected,Commute
A05182,L05182,2026-08-15,Rejected,Price
A05187,L05187,2026-08-20,Rejected,Changed plans
A05188,L05188,2026-08-12,Modified,Resident preference
A05189,L05189,2026-08-24,Rejected,Room type
A05191,L05191,2026-08-09,Rejected,Room type
A05192,L05192,2026-08-18,Modified,Inventory
A05193,L05193,2026-07-28,Rejected,Commute
A05194,L05194,2026-08-20,Modified,Recommendation fit
A05198,L05198,2026-08-24,Rejected,Inventory
A05200,L05200,2026-08-21,Rejected,Other
A05207,L05207,2026-08-24,Modified,Recommendation fit
A05210,L05210,2026-08-19,Rejected,Changed plans
A05216,L05216,2026-08-20,Rejected,No availability
A05217,L05217,2026-08-12,Rejected,Price
A05219,L05219,2026-08-06,Rejected,Room type
A05220,L05220,2026-08-12,Rejected,Property preference
A05222,L05222,2026-08-02,Rejected,Other
A05226,L05226,2026-08-22,Accepted,Inventory
A05227,L05227,2026-08-13,Rejected,Inventory
A05230,L05230,2026-08-26,Rejected,Sales judgment
A05231,L05231,2026-08-23,Rejected,Room type
A05232,L05232,2026-08-23,Rejected,Changed plans
A05233,L05233,2026-08-27,Accepted,Resident preference
A05235,L05235,2026-08-01,Rejected,Other
A05237,L05237,2026-08-19,Accepted,Other
A05240,L05240,2026-08-14,Rejected,Sales judgment
A05241,L05241,2026-08-27,Rejected,No availability
A05242,L05242,2026-08-04,Rejected,Room type
A05246,L05246,2026-08-07,Rejected,Commute
A05249,L05249,2026-07-30,Rejected,Other
A05250,L05250,2026-08-13,Rejected,Other
A05254,L05254,2026-08-03,Rejected,Other
A05255,L05255,2026-08-17,Modified,Inventory
A05258,L05258,2026-08-25,Rejected,Sales judgment
A05262,L05262,2026-08-19,Modified,Recommendation fit
A05264,L05264,2026-08-21,Modified,Sales judgment
A05267,L05267,2026-08-27,Rejected,Other
A05268,L05268,2026-08-17,Modified,Other
A05272,L05272,2026-08-10,Rejected,Commute
A05273,L05273,2026-08-18,Modified,Resident preference
A05275,L05275,2026-08-11,Rejected,Price
A05276,L05276,2026-08-07,Rejected,Price
A05279,L05279,2026-08-13,Rejected,Price
A05285,L05285,2026-08-05,Rejected,Commute
A05289,L05289,2026-08-26,Rejected,Resident preference
A05290,L05290,2026-08-23,Rejected,Sales judgment
A05291,L05291,2026-08-01,Rejected,Other
A05293,L05293,2026-08-07,Rejected,Price
A05295,L05295,2026-08-04,Rejected,Commute
A05296,L05296,2026-08-16,Accepted,Inventory
A05302,L05302,2026-08-14,Modified,Inventory
A05303,L05303,2026-08-08,Rejected,Other
A05305,L05305,2026-08-13,Rejected,Delayed follow-up
A05308,L05308,2026-08-15,Accepted,Resident preference
A05311,L05311,2026-08-22,Rejected,Other
A05312,L05312,2026-08-15,Rejected,Other
A05316,L05316,2026-08-21,Modified,Resident preference
A05320,L05320,2026-07-29,Rejected,Changed plans
A05321,L05321,2026-08-21,Accepted,Recommendation fit
A05322,L05322,2026-07-28,Rejected,No availability
A05323,L05323,2026-07-31,Rejected,Changed plans
A05326,L05326,2026-08-16,Modified,Sales judgment
A05327,L05327,2026-08-19,Rejected,Commute
A05329,L05329,2026-08-17,Rejected,Room type
A05330,L05330,2026-08-12,Rejected,Delayed follow-up
A05332,L05332,2026-08-21,Rejected,Commute
A05333,L05333,2026-08-15,Rejected,Pricing
A05334,L05334,2026-08-03,Rejected,Delayed follow-up
A05335,L05335,2026-08-14,Accepted,Resident preference
A05336,L05336,2026-08-15,Accepted,Pricing
A05337,L05337,2026-08-16,Rejected,Price
A05338,L05338,2026-08-18,Modified,Inventory
A05341,L05341,2026-08-23,Rejected,Property preference
A05342,L05342,2026-08-02,Rejected,Price
A05343,L05343,2026-08-21,Rejected,Sales judgment
A05345,L05345,2026-08-13,Accepted,Pricing
A05346,L05346,2026-08-18,Accepted,Pricing
A05348,L05348,2026-08-25,Rejected,Price
A05351,L05351,2026-08-12,Modified,Resident preference
A05352,L05352,2026-08-25,Rejected,Room type
A05354,L05354,2026-08-06,Rejected,Delayed follow-up
A05355,L05355,2026-08-01,Rejected,Property preference
A05357,L05357,2026-08-15,Rejected,Other
A05359,L05359,2026-08-21,Rejected,Delayed follow-up
A05362,L05362,2026-08-08,Rejected,Changed plans
A05364,L05364,2026-08-16,Modified,Pricing
A05367,L05367,2026-08-14,Accepted,Resident preference
A05370,L05370,2026-08-10,Rejected,Commute
A05371,L05371,2026-08-07,Rejected,Changed plans
A05373,L05373,2026-08-27,Rejected,Room type
A05375,L05375,2026-08-26,Rejected,Price
A05376,L05376,2026-08-25,Accepted,Other
A05381,L05381,2026-08-20,Rejected,Other
A05383,L05383,2026-08-24,Rejected,Price
A05386,L05386,2026-08-12,Accepted,Inventory
A05387,L05387,2026-08-12,Accepted,Inventory
A05389,L05389,2026-08-20,Rejected,Commute
A05390,L05390,2026-08-21,Rejected,Other
A05391,L05391,2026-07-29,Rejected,Delayed follow-up
A05392,L05392,2026-08-25,Rejected,Other
A05393,L05393,2026-08-27,Rejected,Changed plans
A05398,L05398,2026-08-04,Rejected,Price
A05402,L05402,2026-08-26,Accepted,Resident preference
A05405,L05405,2026-07-29,Rejected,Room type
A05408,L05408,2026-08-23,Rejected,Pricing
A05411,L05411,2026-08-18,Rejected,Room type
A05413,L05413,2026-08-12,Rejected,Sales judgment
A05414,L05414,2026-08-12,Rejected,Commute
A05418,L05418,2026-07-30,Rejected,Commute
A05421,L05421,2026-08-16,Rejected,Delayed follow-up
A05422,L05422,2026-08-13,Rejected,Delayed follow-up
A05423,L05423,2026-07-28,Rejected,Property preference
A05424,L05424,2026-08-18,Modified,Resident preference
A05427,L05427,2026-08-13,Rejected,Price
A05432,L05432,2026-08-23,Modified,Resident preference
A05433,L05433,2026-08-03,Rejected,No availability
A05438,L05438,2026-08-11,Rejected,Room type
A05440,L05440,2026-08-09,Rejected,Commute
A05441,L05441,2026-08-13,Rejected,Sales judgment
A05444,L05444,2026-08-11,Rejected,No availability
A05445,L05445,2026-08-18,Rejected,Sales judgment
A05446,L05446,2026-08-27,Modified,Pricing
A05448,L05448,2026-08-23,Rejected,Resident preference
A05450,L05450,2026-07-29,Rejected,Changed plans
A05452,L05452,2026-08-15,Accepted,Other
A05453,L05453,2026-08-13,Rejected,Other
A05454,L05454,2026-08-13,Modified,Pricing
A05455,L05455,2026-08-26,Rejected,Sales judgment
A05456,L05456,2026-08-22,Modified,Other
A05457,L05457,2026-08-20,Rejected,Resident preference
A05461,L05461,2026-08-16,Rejected,No availability
A05462,L05462,2026-08-01,Rejected,Other
A05463,L05463,2026-08-16,Accepted,Recommendation fit
A05464,L05464,2026-08-23,Rejected,Other
A05465,L05465,2026-07-28,Rejected,Other
A05467,L05467,2026-08-23,Rejected,No availability
A05471,L05471,2026-08-14,Rejected,Inventory
A05472,L05472,2026-08-06,Rejected,Delayed follow-up
A05476,L05476,2026-08-18,Rejected,Room type
A05478,L05478,2026-08-11,Rejected,No availability
A05480,L05480,2026-08-05,Rejected,Property preference
A05483,L05483,2026-08-19,Modified,Recommendation fit
A05484,L05484,2026-08-09,Rejected,No availability
A05489,L05489,2026-08-18,Rejected,Delayed follow-up
A05491,L05491,2026-08-12,Accepted,Other
A05493,L05493,2026-08-15,Rejected,Recommendation fit
A05497,L05497,2026-08-24,Rejected,Other
A05498,L05498,2026-08-12,Accepted,Resident preference
A05502,L05502,2026-08-13,Rejected,Room type
A05507,L05507,2026-08-12,Rejected,Commute
A05508,L05508,2026-08-04,Rejected,Delayed follow-up
A05509,L05509,2026-08-20,Rejected,Pricing
A05510,L05510,2026-08-18,Accepted,Recommendation fit
A05512,L05512,2026-08-19,Rejected,Changed plans
A05513,L05513,2026-08-16,Modified,Recommendation fit
A05514,L05514,2026-08-18,Accepted,Other
A05516,L05516,2026-08-10,Rejected,Room type
A05517,L05517,2026-07-30,Rejected,Commute
A05518,L05518,2026-08-19,Rejected,No availability
A05519,L05519,2026-08-22,Rejected,Price
A05521,L05521,2026-08-09,Rejected,Price
A05525,L05525,2026-08-23,Rejected,Property preference
A05526,L05526,2026-08-23,Accepted,Other
A05528,L05528,2026-08-20,Modified,Inventory
A05533,L05533,2026-08-16,Accepted,Recommendation fit
A05535,L05535,2026-08-14,Accepted,Pricing
A05536,L05536,2026-08-26,Accepted,Sales judgment
A05537,L05537,2026-08-17,Rejected,No availability
A05541,L05541,2026-08-27,Rejected,Changed plans
A05542,L05542,2026-08-22,Rejected,Room type
A05543,L05543,2026-07-31,Rejected,Price
A05544,L05544,2026-08-22,Rejected,Resident preference
A05548,L05548,2026-08-26,Modified,Pricing
A05549,L05549,2026-08-04,Rejected,No availability
A05551,L05551,2026-08-14,Rejected,Other
A05552,L05552,2026-08-15,Modified,Resident preference
A05554,L05554,2026-08-21,Rejected,Price
A05555,L05555,2026-08-13,Modified,Inventory
A05558,L05558,2026-07-30,Rejected,Delayed follow-up
A05561,L05561,2026-07-29,Rejected,Changed plans
A05562,L05562,2026-08-15,Modified,Inventory
A05565,L05565,2026-08-10,Rejected,Other
A05566,L05566,2026-08-13,Rejected,Resident preference
A05571,L05571,2026-08-17,Rejected,Delayed follow-up
A05572,L05572,2026-08-16,Rejected,Other
A05574,L05574,2026-08-19,Rejected,Other
A05575,L05575,2026-08-15,Rejected,Other
A05577,L05577,2026-08-01,Rejected,No availability
A05578,L05578,2026-08-03,Rejected,Other
A05582,L05582,2026-08-16,Rejected,Recommendation fit
A05584,L05584,2026-08-09,Rejected,Room type
A05585,L05585,2026-08-26,Rejected,Sales judgment
A05586,L05586,2026-08-15,Accepted,Recommendation fit
A05588,L05588,2026-08-25,Rejected,Other
A05589,L05589,2026-07-31,Rejected,Price
A05594,L05594,2026-08-24,Modified,Pricing
A05595,L05595,2026-08-18,Rejected,Delayed follow-up
A05597,L05597,2026-08-01,Rejected,Property preference
A05602,L05602,2026-08-17,Modified,Sales judgment
A05603,L05603,2026-08-05,Rejected,Property preference
A05605,L05605,2026-08-14,Accepted,Pricing
A05607,L05607,2026-08-19,Rejected,Other
A05608,L05608,2026-08-18,Accepted,Recommendation fit
A05609,L05609,2026-08-07,Rejected,Room type
A05611,L05611,2026-08-09,Rejected,Other
A05613,L05613,2026-07-30,Rejected,Property preference
A05614,L05614,2026-08-07,Rejected,Commute
A05616,L05616,2026-08-14,Rejected,Other
A05618,L05618,2026-08-12,Rejected,Recommendation fit
A05619,L05619,2026-08-16,Rejected,Price
A05622,L05622,2026-08-11,Rejected,Property preference
A05624,L05624,2026-08-27,Rejected,Delayed follow-up
A05628,L05628,2026-08-02,Rejected,Changed plans
A05629,L05629,2026-08-15,Rejected,Recommendation fit
A05631,L05631,2026-08-17,Modified,Recommendation fit
A05635,L05635,2026-08-01,Rejected,Price
A05636,L05636,2026-08-23,Accepted,Inventory
A05641,L05641,2026-08-19,Modified,Inventory
A05642,L05642,2026-07-29,Rejected,No availability
A05647,L05647,2026-08-10,Rejected,Delayed follow-up
A05648,L05648,2026-08-26,Rejected,No availability
A05649,L05649,2026-08-10,Rejected,Delayed follow-up
A05650,L05650,2026-08-25,Modified,Sales judgment
A05652,L05652,2026-08-08,Rejected,Other
A05653,L05653,2026-08-27,Accepted,Pricing
A05656,L05656,2026-08-22,Modified,Pricing
A05657,L05657,2026-07-30,Rejected,Other
A05659,L05659,2026-07-31,Rejected,Commute
A05660,L05660,2026-08-27,Rejected,Pricing
A05661,L05661,2026-08-21,Rejected,Pricing
A05668,L05668,2026-08-10,Rejected,Commute
A05674,L05674,2026-08-20,Rejected,Property preference
A05681,L05681,2026-08-26,Rejected,Commute
A05684,L05684,2026-08-14,Modified,Other
A05685,L05685,2026-08-21,Rejected,Pricing
A05687,L05687,2026-08-20,Modified,Resident preference
A05689,L05689,2026-08-12,Modified,Sales judgment
A05694,L05694,2026-08-09,Rejected,Other
A05696,L05696,2026-08-12,Accepted,Sales judgment
A05699,L05699,2026-08-16,Accepted,Inventory
A05702,L05702,2026-08-11,Rejected,Changed plans
A05703,L05703,2026-07-28,Rejected,Room type
A05705,L05705,2026-08-18,Rejected,Sales judgment
A05710,L05710,2026-07-29,Rejected,Changed plans
A05711,L05711,2026-08-27,Rejected,Changed plans
A05713,L05713,2026-08-19,Rejected,Changed plans
A05714,L05714,2026-08-01,Rejected,Commute
A05715,L05715,2026-08-13,Rejected,Recommendation fit
A05716,L05716,2026-08-11,Rejected,Other
A05717,L05717,2026-08-12,Rejected,Inventory
A05718,L05718,2026-08-10,Rejected,Room type
A05721,L05721,2026-08-07,Rejected,Delayed follow-up
A05722,L05722,2026-07-28,Rejected,Other
A05723,L05723,2026-08-19,Rejected,Property preference
A05725,L05725,2026-08-20,Modified,Recommendation fit
A05726,L05726,2026-08-23,Rejected,Commute
A05733,L05733,2026-08-10,Rejected,Delayed follow-up
A05734,L05734,2026-08-27,Rejected,Price
A05739,L05739,2026-08-12,Rejected,Sales judgment
A05745,L05745,2026-08-27,Accepted,Resident preference
A05747,L05747,2026-08-04,Rejected,Commute
A05748,L05748,2026-08-14,Accepted,Inventory
A05750,L05750,2026-08-14,Modified,Inventory
A05753,L05753,2026-08-08,Rejected,Other
A05754,L05754,2026-08-06,Rejected,Changed plans
A05755,L05755,2026-08-27,Accepted,Pricing
A05760,L05760,2026-08-16,Rejected,Changed plans
A05763,L05763,2026-08-10,Rejected,Room type
A05765,L05765,2026-08-17,Rejected,Commute
A05766,L05766,2026-07-31,Rejected,Changed plans
A05767,L05767,2026-08-17,Accepted,Pricing
A05769,L05769,2026-08-26,Rejected,Other
A05770,L05770,2026-08-19,Rejected,Sales judgment
A05771,L05771,2026-08-13,Accepted,Sales judgment
A05772,L05772,2026-08-05,Rejected,Room type
A05774,L05774,2026-08-23,Rejected,Delayed follow-up
A05779,L05779,2026-08-09,Rejected,Other
A05780,L05780,2026-08-18,Rejected,Pricing
A05781,L05781,2026-08-13,Rejected,Sales judgment
A05782,L05782,2026-08-15,Rejected,Recommendation fit
A05786,L05786,2026-08-25,Rejected,Changed plans
A05789,L05789,2026-08-13,Rejected,Other
A05791,L05791,2026-08-26,Modified,Inventory
A05792,L05792,2026-07-29,Rejected,Other
A05796,L05796,2026-08-21,Rejected,Other
A05797,L05797,2026-08-12,Accepted,Recommendation fit
A05798,L05798,2026-08-25,Modified,Resident preference
A05799,L05799,2026-07-29,Rejected,Property preference
A05800,L05800,2026-08-16,Rejected,Commute
A05801,L05801,2026-08-04,Rejected,No availability
A05802,L05802,2026-08-07,Rejected,Commute
A05809,L05809,2026-08-25,Rejected,Property preference
A05810,L05810,2026-08-25,Modified,Inventory
A05811,L05811,2026-08-05,Rejected,Price
A05812,L05812,2026-08-14,Rejected,Other
A05817,L05817,2026-08-17,Rejected,Delayed follow-up
A05822,L05822,2026-08-24,Rejected,No availability
A05823,L05823,2026-08-18,Modified,Resident preference
A05824,L05824,2026-08-18,Accepted,Recommendation fit
A05826,L05826,2026-08-27,Accepted,Other
A05828,L05828,2026-08-21,Accepted,Pricing
A05829,L05829,2026-08-15,Modified,Resident preference
A05830,L05830,2026-08-23,Rejected,Inventory
A05835,L05835,2026-08-16,Rejected,Pricing
A05838,L05838,2026-08-15,Rejected,Inventory
A05839,L05839,2026-08-15,Modified,Other
A05840,L05840,2026-08-25,Modified,Pricing
A05841,L05841,2026-08-19,Rejected,Resident preference
A05845,L05845,2026-08-24,Modified,Resident preference
A05848,L05848,2026-08-18,Rejected,Pricing
A05852,L05852,2026-08-27,Modified,Pricing
A05855,L05855,2026-08-23,Rejected,Property preference
A05857,L05857,2026-08-09,Rejected,Room type
A05858,L05858,2026-08-26,Accepted,Inventory
A05859,L05859,2026-08-22,Rejected,Price
A05865,L05865,2026-08-05,Rejected,No availability
A05870,L05870,2026-08-14,Modified,Other
A05871,L05871,2026-08-25,Accepted,Inventory
A05872,L05872,2026-08-18,Accepted,Recommendation fit
A05877,L05877,2026-08-16,Accepted,Recommendation fit
A05880,L05880,2026-08-12,Modified,Other
A05882,L05882,2026-08-12,Rejected,No availability
A05884,L05884,2026-08-24,Rejected,Other
A05885,L05885,2026-08-27,Rejected,Price
A05886,L05886,2026-08-04,Rejected,Delayed follow-up
A05887,L05887,2026-07-31,Rejected,Commute
A05890,L05890,2026-08-18,Rejected,Other
A05891,L05891,2026-08-24,Modified,Sales judgment
A05893,L05893,2026-08-26,Rejected,No availability
A05896,L05896,2026-08-19,Rejected,Property preference
A05897,L05897,2026-08-03,Rejected,Delayed follow-up
A05899,L05899,2026-08-05,Rejected,Commute
A05903,L05903,2026-08-17,Accepted,Other
A05905,L05905,2026-08-22,Accepted,Inventory
A05906,L05906,2026-08-08,Rejected,Other
A05907,L05907,2026-08-20,Accepted,Other
A05909,L05909,2026-08-18,Modified,Resident preference
A05910,L05910,2026-08-27,Rejected,Commute
A05912,L05912,2026-08-11,Rejected,Delayed follow-up
A05914,L05914,2026-08-16,Rejected,Recommendation fit
A05917,L05917,2026-08-11,Rejected,Price
A05919,L05919,2026-08-11,Rejected,Property preference
A05921,L05921,2026-08-13,Modified,Sales judgment
A05922,L05922,2026-08-10,Rejected,Property preference
A05924,L05924,2026-08-20,Rejected,Pricing
A05926,L05926,2026-08-05,Rejected,Other
A05927,L05927,2026-07-31,Rejected,Property preference
A05928,L05928,2026-08-27,Rejected,No availability
A05929,L05929,2026-08-15,Accepted,Other
A05931,L05931,2026-08-14,Rejected,No availability
A05933,L05933,2026-08-09,Rejected,Changed plans
A05934,L05934,2026-08-21,Modified,Inventory
A05937,L05937,2026-08-14,Rejected,Resident preference
A05940,L05940,2026-08-12,Rejected,Delayed follow-up
A05941,L05941,2026-08-24,Accepted,Pricing
A05942,L05942,2026-08-21,Rejected,Inventory
A05944,L05944,2026-08-08,Rejected,Commute
A05945,L05945,2026-08-02,Rejected,Room type
A05947,L05947,2026-08-11,Rejected,No availability
A05949,L05949,2026-08-14,Modified,Recommendation fit
A05950,L05950,2026-08-03,Rejected,No availability
A05951,L05951,2026-08-05,Rejected,Room type
A05954,L05954,2026-08-16,Rejected,Price
A05955,L05955,2026-08-08,Rejected,Other
A05960,L05960,2026-08-15,Rejected,Other
A05961,L05961,2026-08-25,Modified,Recommendation fit
A05962,L05962,2026-08-22,Modified,Sales judgment
A05963,L05963,2026-08-13,Accepted,Recommendation fit
A05965,L05965,2026-08-24,Rejected,Resident preference
A05968,L05968,2026-08-24,Rejected,Room type
A05969,L05969,2026-07-29,Rejected,Room type
A05973,L05973,2026-08-27,Accepted,Pricing
A05976,L05976,2026-08-05,Rejected,Delayed follow-up
A05978,L05978,2026-08-07,Rejected,Property preference
A05980,L05980,2026-08-11,Rejected,No availability
A05982,L05982,2026-08-05,Rejected,Delayed follow-up
A05984,L05984,2026-08-14,Rejected,Room type
A05985,L05985,2026-08-04,Rejected,Room type
A05986,L05986,2026-08-20,Rejected,Other
A05988,L05988,2026-08-16,Rejected,Price
A05991,L05991,2026-08-19,Modified,Other
A05993,L05993,2026-07-31,Rejected,Delayed follow-up
A05998,L05998,2026-08-16,Rejected,Commute
A06000,L06000,2026-08-23,Accepted,Recommendation fit
A06002,L06002,2026-08-14,Rejected,Delayed follow-up
A06003,L06003,2026-08-24,Rejected,Commute
A06004,L06004,2026-08-02,Rejected,Price
A06006,L06006,2026-08-24,Modified,Inventory
A06007,L06007,2026-07-31,Rejected,Property preference
A06008,L06008,2026-08-20,Rejected,Commute
A06011,L06011,2026-08-22,Rejected,Price
A06012,L06012,2026-08-26,Rejected,Other
A06013,L06013,2026-08-04,Rejected,Other
A06014,L06014,2026-08-27,Modified,Pricing
A06017,L06017,2026-08-27,Accepted,Pricing
A06021,L06021,2026-08-12,Rejected,Room type
A06022,L06022,2026-08-17,Rejected,No availability
A06023,L06023,2026-08-27,Rejected,Price
A06029,L06029,2026-08-11,Rejected,Changed plans
A06033,L06033,2026-08-21,Rejected,Recommendation fit
A06035,L06035,2026-08-10,Rejected,No availability
A06037,L06037,2026-08-23,Modified,Resident preference
A06038,L06038,2026-08-25,Rejected,Delayed follow-up
A06039,L06039,2026-08-15,Accepted,Pricing
A06040,L06040,2026-08-01,Rejected,Property preference
A06042,L06042,2026-08-17,Rejected,Other
A06049,L06049,2026-08-27,Modified,Resident preference
A06050,L06050,2026-08-23,Modified,Other
A06051,L06051,2026-07-30,Rejected,Price
A06057,L06057,2026-08-11,Rejected,Price
A06059,L06059,2026-08-20,Rejected,Commute
A06061,L06061,2026-08-24,Accepted,Pricing
A06062,L06062,2026-08-12,Rejected,Other
A06068,L06068,2026-08-12,Rejected,Changed plans
A06069,L06069,2026-08-21,Accepted,Recommendation fit
A06070,L06070,2026-08-12,Rejected,Property preference
A06072,L06072,2026-08-24,Rejected,No availability
A06074,L06074,2026-08-22,Rejected,Property preference
A06076,L06076,2026-08-16,Accepted,Recommendation fit
A06079,L06079,2026-08-18,Rejected,Changed plans
A06082,L06082,2026-08-19,Rejected,Sales judgment
A06083,L06083,2026-08-26,Rejected,Commute
A06084,L06084,2026-08-19,Accepted,Inventory
A06085,L06085,2026-08-04,Rejected,Room type
A06086,L06086,2026-07-31,Rejected,Room type
A06087,L06087,2026-08-23,Rejected,Changed plans
A06088,L06088,2026-08-23,Rejected,Room type
A06092,L06092,2026-08-19,Accepted,Sales judgment
A06093,L06093,2026-08-16,Accepted,Other
A06095,L06095,2026-08-20,Accepted,Resident preference
A06102,L06102,2026-08-22,Rejected,Other
A06103,L06103,2026-08-17,Modified,Resident preference
A06109,L06109,2026-08-12,Modified,Other
A06110,L06110,2026-08-23,Rejected,Inventory
A06113,L06113,2026-08-20,Rejected,Recommendation fit
A06116,L06116,2026-08-27,Accepted,Sales judgment
A06117,L06117,2026-08-08,Rejected,Changed plans
A06119,L06119,2026-08-18,Rejected,Changed plans
A06120,L06120,2026-08-21,Rejected,Other
A06122,L06122,2026-08-26,Rejected,Room type
A06123,L06123,2026-08-17,Modified,Recommendation fit
A06127,L06127,2026-08-13,Rejected,Room type
A06128,L06128,2026-08-21,Rejected,Price
A06131,L06131,2026-08-03,Rejected,Changed plans
A06132,L06132,2026-08-25,Rejected,No availability
A06133,L06133,2026-08-17,Rejected,Other
A06136,L06136,2026-08-17,Accepted,Other
A06141,L06141,2026-08-04,Rejected,Changed plans
A06144,L06144,2026-08-25,Accepted,Recommendation fit
A06146,L06146,2026-07-31,Rejected,Price
A06148,L06148,2026-08-17,Rejected,Delayed follow-up
A06151,L06151,2026-08-12,Rejected,Recommendation fit
A06152,L06152,2026-08-18,Rejected,Room type
A06154,L06154,2026-08-18,Rejected,Property preference
A06155,L06155,2026-08-24,Rejected,Resident preference
A06158,L06158,2026-08-06,Rejected,Commute
A06160,L06160,2026-08-13,Modified,Inventory
A06161,L06161,2026-07-28,Rejected,Delayed follow-up
A06163,L06163,2026-08-04,Rejected,Property preference
A06164,L06164,2026-08-17,Rejected,Room type
A06165,L06165,2026-08-22,Accepted,Sales judgment
A06166,L06166,2026-08-18,Accepted,Sales judgment
A06167,L06167,2026-08-20,Rejected,Changed plans
A06168,L06168,2026-08-15,Modified,Recommendation fit
A06169,L06169,2026-07-28,Rejected,No availability
A06170,L06170,2026-08-16,Modified,Inventory
A06173,L06173,2026-08-23,Accepted,Recommendation fit
A06176,L06176,2026-08-24,Modified,Resident preference
A06179,L06179,2026-08-15,Modified,Resident preference
A06180,L06180,2026-08-25,Rejected,Property preference
A06183,L06183,2026-08-19,Rejected,Other
A06184,L06184,2026-08-19,Accepted,Resident preference
A06185,L06185,2026-08-20,Accepted,Recommendation fit
A06187,L06187,2026-08-23,Rejected,Resident preference
A06191,L06191,2026-08-12,Rejected,Sales judgment
A06194,L06194,2026-08-03,Rejected,Property preference
A06198,L06198,2026-08-03,Rejected,Other
A06201,L06201,2026-08-14,Rejected,Room type
A06203,L06203,2026-08-26,Accepted,Resident preference
A06204,L06204,2026-07-28,Rejected,No availability
A06205,L06205,2026-08-18,Rejected,Delayed follow-up
A06206,L06206,2026-08-16,Rejected,Room type
A06212,L06212,2026-08-21,Rejected,No availability
A06220,L06220,2026-08-17,Accepted,Recommendation fit
A06221,L06221,2026-08-18,Rejected,Property preference
A06222,L06222,2026-08-15,Modified,Other
A06226,L06226,2026-08-14,Accepted,Inventory
A06227,L06227,2026-08-19,Accepted,Recommendation fit
A06228,L06228,2026-08-13,Rejected,Pricing
A06232,L06232,2026-08-16,Rejected,No availability
A06233,L06233,2026-08-01,Rejected,Changed plans
A06237,L06237,2026-08-01,Rejected,Price
A06238,L06238,2026-08-05,Rejected,Other
A06240,L06240,2026-07-29,Rejected,No availability
A06242,L06242,2026-08-20,Rejected,Other
A06243,L06243,2026-08-10,Rejected,Other
A06245,L06245,2026-08-27,Accepted,Inventory
A06249,L06249,2026-08-21,Accepted,Inventory
A06254,L06254,2026-07-28,Rejected,Property preference
A06255,L06255,2026-08-24,Rejected,Price
A06257,L06257,2026-08-22,Rejected,Other
A06258,L06258,2026-08-23,Rejected,No availability
A06262,L06262,2026-08-06,Rejected,Changed plans
A06263,L06263,2026-08-21,Modified,Resident preference
A06265,L06265,2026-08-18,Rejected,Delayed follow-up
A06267,L06267,2026-08-16,Rejected,Inventory
A06270,L06270,2026-08-25,Modified,Other
A06271,L06271,2026-08-21,Rejected,Price
A06272,L06272,2026-08-26,Rejected,Property preference
A06274,L06274,2026-08-13,Modified,Inventory
A06275,L06275,2026-08-12,Rejected,Delayed follow-up
A06279,L06279,2026-08-18,Rejected,Price
A06281,L06281,2026-08-05,Rejected,Delayed follow-up
A06282,L06282,2026-08-23,Modified,Pricing
A06283,L06283,2026-08-17,Accepted,Resident preference
A06286,L06286,2026-08-12,Rejected,Changed plans
A06287,L06287,2026-08-23,Accepted,Sales judgment
A06288,L06288,2026-08-27,Rejected,Commute
A06290,L06290,2026-08-26,Rejected,No availability
A06294,L06294,2026-08-11,Rejected,Commute
A06298,L06298,2026-07-28,Rejected,No availability
A06303,L06303,2026-08-23,Modified,Sales judgment
A06307,L06307,2026-07-29,Rejected,Changed plans
A06308,L06308,2026-08-18,Rejected,Other
A06312,L06312,2026-08-18,Modified,Inventory
A06313,L06313,2026-08-24,Rejected,Other
A06314,L06314,2026-08-21,Rejected,Other
A06316,L06316,2026-08-27,Modified,Resident preference
A06317,L06317,2026-08-16,Rejected,Sales judgment
A06318,L06318,2026-08-15,Accepted,Recommendation fit
A06319,L06319,2026-08-11,Rejected,Commute
A06320,L06320,2026-08-11,Rejected,Changed plans
A06322,L06322,2026-08-13,Rejected,Commute
A06325,L06325,2026-08-15,Accepted,Sales judgment
A06326,L06326,2026-08-18,Accepted,Other
A06329,L06329,2026-08-01,Rejected,No availability
A06330,L06330,2026-08-27,Rejected,Other
A06333,L06333,2026-08-27,Rejected,Property preference
A06335,L06335,2026-07-28,Rejected,No availability
A06336,L06336,2026-08-21,Rejected,Recommendation fit
A06344,L06344,2026-08-14,Accepted,Sales judgment
A06345,L06345,2026-08-14,Accepted,Resident preference
A06346,L06346,2026-08-24,Rejected,Inventory
A06347,L06347,2026-07-29,Rejected,Other
A06351,L06351,2026-08-06,Rejected,No availability
A06356,L06356,2026-08-06,Rejected,Changed plans
A06358,L06358,2026-08-15,Rejected,Delayed follow-up
A06360,L06360,2026-08-22,Modified,Other
A06361,L06361,2026-08-11,Rejected,No availability
A06364,L06364,2026-07-30,Rejected,Property preference
A06365,L06365,2026-08-14,Rejected,Sales judgment
A06367,L06367,2026-08-26,Modified,Recommendation fit
A06376,L06376,2026-08-18,Rejected,No availability
A06378,L06378,2026-08-19,Rejected,Other
A06379,L06379,2026-08-21,Modified,Resident preference
A06380,L06380,2026-07-29,Rejected,Changed plans
A06382,L06382,2026-08-26,Rejected,Other
A06383,L06383,2026-08-15,Rejected,Inventory
A06384,L06384,2026-08-04,Rejected,Price
A06385,L06385,2026-08-26,Rejected,Commute
A06386,L06386,2026-07-31,Rejected,Changed plans
A06387,L06387,2026-08-02,Rejected,Changed plans
A06390,L06390,2026-07-31,Rejected,Delayed follow-up
A06391,L06391,2026-07-28,Rejected,Property preference
A06396,L06396,2026-08-27,Rejected,Pricing
A06400,L06400,2026-08-13,Accepted,Resident preference
A06401,L06401,2026-08-20,Rejected,Other
A06404,L06404,2026-08-14,Rejected,Property preference
A06405,L06405,2026-07-31,Rejected,Room type
A06406,L06406,2026-08-16,Accepted,Other
A06411,L06411,2026-07-29,Rejected,Room type
A06413,L06413,2026-07-29,Rejected,Delayed follow-up
A06414,L06414,2026-08-10,Rejected,Commute
A06415,L06415,2026-08-07,Rejected,No availability
A06418,L06418,2026-08-10,Rejected,Room type
A06419,L06419,2026-08-12,Modified,Sales judgment
A06423,L06423,2026-08-13,Modified,Recommendation fit
A06426,L06426,2026-08-11,Rejected,Room type
A06429,L06429,2026-08-27,Rejected,Other
A06431,L06431,2026-08-19,Rejected,Commute
A06432,L06432,2026-08-15,Rejected,Changed plans
A06433,L06433,2026-08-15,Accepted,Resident preference
A06435,L06435,2026-08-22,Modified,Sales judgment
A06442,L06442,2026-07-29,Rejected,Delayed follow-up
A06443,L06443,2026-08-09,Rejected,Changed plans
A06444,L06444,2026-08-03,Rejected,Room type
A06446,L06446,2026-08-25,Accepted,Recommendation fit
A06448,L06448,2026-08-06,Rejected,Price
A06449,L06449,2026-08-25,Accepted,Inventory
A06451,L06451,2026-08-15,Accepted,Recommendation fit
A06458,L06458,2026-08-27,Rejected,Price
A06459,L06459,2026-08-22,Accepted,Sales judgment
A06460,L06460,2026-08-11,Rejected,Property preference
A06461,L06461,2026-08-15,Modified,Sales judgment
A06463,L06463,2026-07-28,Rejected,Property preference
A06466,L06466,2026-08-04,Rejected,Changed plans
A06467,L06467,2026-08-24,Rejected,Other
A06468,L06468,2026-08-13,Rejected,Delayed follow-up
A06469,L06469,2026-08-24,Rejected,Other
A06470,L06470,2026-08-19,Rejected,Commute
A06471,L06471,2026-08-05,Rejected,Room type
A06474,L06474,2026-08-07,Rejected,Changed plans
A06475,L06475,2026-08-14,Accepted,Sales judgment
A06476,L06476,2026-08-04,Rejected,Changed plans
A06478,L06478,2026-08-11,Rejected,Commute
A06482,L06482,2026-08-25,Accepted,Other
A06484,L06484,2026-08-27,Accepted,Sales judgment
A06491,L06491,2026-08-23,Rejected,Recommendation fit
A06494,L06494,2026-08-13,Modified,Inventory
A06497,L06497,2026-08-25,Rejected,Changed plans
A06500,L06500,2026-08-19,Rejected,Inventory
A06508,L06508,2026-08-12,Modified,Pricing
A06509,L06509,2026-07-30,Rejected,No availability
A06510,L06510,2026-08-19,Accepted,Other
A06513,L06513,2026-08-24,Modified,Recommendation fit
A06517,L06517,2026-08-20,Rejected,Sales judgment
A06518,L06518,2026-08-15,Accepted,Other
A06519,L06519,2026-08-17,Rejected,Other
A06522,L06522,2026-08-16,Rejected,Commute
A06523,L06523,2026-08-13,Rejected,Room type
A06524,L06524,2026-08-23,Rejected,Other
A06525,L06525,2026-08-14,Modified,Inventory
A06527,L06527,2026-08-14,Rejected,Delayed follow-up
A06528,L06528,2026-08-20,Accepted,Resident preference
A06532,L06532,2026-08-20,Accepted,Other
A06536,L06536,2026-08-10,Rejected,Other
A06538,L06538,2026-08-04,Rejected,Commute
A06541,L06541,2026-08-03,Rejected,Changed plans
A06543,L06543,2026-08-27,Rejected,Other
A06546,L06546,2026-08-16,Rejected,Delayed follow-up
A06547,L06547,2026-07-28,Rejected,Property preference
A06548,L06548,2026-07-28,Rejected,Other
A06549,L06549,2026-08-18,Accepted,Other
A06551,L06551,2026-08-07,Rejected,Changed plans
A06553,L06553,2026-07-29,Rejected,Property preference
A06555,L06555,2026-08-13,Accepted,Pricing
A06556,L06556,2026-08-16,Modified,Resident preference
A06559,L06559,2026-08-17,Rejected,Sales judgment
A06560,L06560,2026-08-25,Rejected,Room type
A06562,L06562,2026-08-20,Rejected,Changed plans
A06563,L06563,2026-08-01,Rejected,Delayed follow-up
A06565,L06565,2026-08-12,Rejected,Price
A06569,L06569,2026-08-01,Rejected,Other
A06574,L06574,2026-08-15,Rejected,Changed plans
A06576,L06576,2026-08-20,Rejected,Other
A06580,L06580,2026-07-31,Rejected,Delayed follow-up
A06587,L06587,2026-08-16,Rejected,Delayed follow-up
A06592,L06592,2026-08-24,Rejected,No availability
A06594,L06594,2026-08-05,Rejected,Room type
A06595,L06595,2026-07-29,Rejected,Commute
A06596,L06596,2026-08-18,Rejected,Sales judgment
A06597,L06597,2026-08-07,Rejected,Price
A06598,L06598,2026-08-05,Rejected,Changed plans
A06601,L06601,2026-08-04,Rejected,No availability
A06603,L06603,2026-08-18,Rejected,Inventory
A06604,L06604,2026-08-02,Rejected,Property preference
A06605,L06605,2026-08-23,Accepted,Recommendation fit
A06609,L06609,2026-08-24,Accepted,Inventory
A06610,L06610,2026-08-25,Rejected,Other
A06613,L06613,2026-08-14,Rejected,Inventory
A06616,L06616,2026-08-24,Modified,Other
A06617,L06617,2026-08-11,Rejected,No availability
A06623,L06623,2026-08-17,Accepted,Resident preference
A06626,L06626,2026-08-14,Rejected,Commute
A06630,L06630,2026-08-22,Rejected,Resident preference
A06632,L06632,2026-08-19,Rejected,No availability
A06633,L06633,2026-08-26,Rejected,Other
A06634,L06634,2026-08-04,Rejected,Property preference
A06641,L06641,2026-08-06,Rejected,Commute
A06642,L06642,2026-08-23,Rejected,Changed plans
A06648,L06648,2026-08-10,Rejected,Room type
A06654,L06654,2026-08-12,Modified,Recommendation fit
A06655,L06655,2026-08-07,Rejected,Room type
A06657,L06657,2026-08-18,Rejected,Other
A06666,L06666,2026-08-11,Rejected,Property preference
A06668,L06668,2026-08-13,Rejected,Price
A06669,L06669,2026-08-26,Rejected,Room type
A06672,L06672,2026-08-14,Rejected,Commute
A06676,L06676,2026-08-04,Rejected,Other
A06677,L06677,2026-08-17,Rejected,Other
A06679,L06679,2026-08-04,Rejected,Price
A06680,L06680,2026-07-30,Rejected,Price
A06683,L06683,2026-08-18,Rejected,Inventory
A06684,L06684,2026-08-25,Rejected,Price
A06689,L06689,2026-08-14,Rejected,Room type
A06690,L06690,2026-08-23,Rejected,Other
A06694,L06694,2026-08-24,Accepted,Other
A06699,L06699,2026-08-13,Accepted,Pricing
A06700,L06700,2026-08-15,Accepted,Pricing
A06702,L06702,2026-08-14,Rejected,Pricing
A06706,L06706,2026-08-25,Rejected,Delayed follow-up
A06711,L06711,2026-08-22,Rejected,No availability
A06713,L06713,2026-08-27,Accepted,Pricing
A06716,L06716,2026-08-26,Rejected,Delayed follow-up
A06717,L06717,2026-08-21,Rejected,Room type
A06718,L06718,2026-08-17,Rejected,Other
A06719,L06719,2026-08-21,Rejected,Other
A06723,L06723,2026-08-18,Rejected,Delayed follow-up
A06724,L06724,2026-08-24,Modified,Recommendation fit
A06725,L06725,2026-08-12,Modified,Pricing
A06726,L06726,2026-08-16,Modified,Pricing
A06727,L06727,2026-08-15,Rejected,Price
A06728,L06728,2026-08-08,Rejected,Property preference
A06731,L06731,2026-08-25,Modified,Other
A06738,L06738,2026-08-09,Rejected,Room type
A06740,L06740,2026-08-04,Rejected,No availability
A06741,L06741,2026-08-23,Rejected,Resident preference
A06742,L06742,2026-08-07,Rejected,Property preference
A06743,L06743,2026-08-04,Rejected,Delayed follow-up
A06746,L06746,2026-08-05,Rejected,Property preference
A06747,L06747,2026-08-15,Rejected,Property preference
A06748,L06748,2026-08-23,Accepted,Other
A06755,L06755,2026-08-22,Rejected,Price
A06756,L06756,2026-08-19,Modified,Inventory
A06758,L06758,2026-07-29,Rejected,Room type
A06759,L06759,2026-08-25,Modified,Sales judgment
A06760,L06760,2026-08-18,Accepted,Recommendation fit
A06763,L06763,2026-08-24,Modified,Other
A06764,L06764,2026-08-01,Rejected,Room type
A06765,L06765,2026-08-16,Rejected,Resident preference
A06770,L06770,2026-08-21,Rejected,Delayed follow-up
A06772,L06772,2026-08-17,Rejected,Sales judgment
A06774,L06774,2026-08-12,Modified,Recommendation fit
A06778,L06778,2026-08-17,Modified,Pricing
A06779,L06779,2026-08-19,Accepted,Sales judgment
A06785,L06785,2026-08-20,Modified,Other
A06786,L06786,2026-08-18,Rejected,Delayed follow-up
A06789,L06789,2026-08-23,Rejected,Recommendation fit
A06792,L06792,2026-07-29,Rejected,Price
A06793,L06793,2026-08-15,Rejected,No availability
A06797,L06797,2026-08-24,Modified,Resident preference
A06798,L06798,2026-08-21,Modified,Recommendation fit
A06799,L06799,2026-08-24,Rejected,No availability
A06800,L06800,2026-07-28,Rejected,Changed plans
A06802,L06802,2026-08-13,Rejected,Property preference
A06804,L06804,2026-08-14,Rejected,Commute
A06809,L06809,2026-08-08,Rejected,No availability
A06814,L06814,2026-08-04,Rejected,Delayed follow-up
A06815,L06815,2026-08-12,Rejected,Other
A06820,L06820,2026-08-12,Accepted,Inventory
A06822,L06822,2026-08-15,Rejected,Commute
A06824,L06824,2026-07-28,Rejected,Commute
A06826,L06826,2026-08-16,Rejected,Sales judgment
A06827,L06827,2026-08-18,Rejected,Recommendation fit
A06831,L06831,2026-08-21,Accepted,Recommendation fit
A06834,L06834,2026-08-11,Rejected,Other
A06838,L06838,2026-08-16,Rejected,Price
A06839,L06839,2026-08-04,Rejected,Price
A06841,L06841,2026-08-23,Rejected,Pricing
A06846,L06846,2026-08-12,Rejected,Resident preference
A06847,L06847,2026-08-12,Modified,Recommendation fit
A06848,L06848,2026-08-21,Rejected,Changed plans
A06851,L06851,2026-08-26,Accepted,Resident preference
A06852,L06852,2026-08-21,Modified,Sales judgment
A06854,L06854,2026-08-22,Accepted,Sales judgment
A06855,L06855,2026-08-27,Rejected,Commute
A06858,L06858,2026-07-31,Rejected,No availability
A06859,L06859,2026-08-14,Rejected,Inventory
A06860,L06860,2026-08-14,Modified,Pricing
A06861,L06861,2026-08-03,Rejected,Room type
A06862,L06862,2026-07-31,Rejected,No availability
A06865,L06865,2026-07-30,Rejected,Room type
A06868,L06868,2026-08-27,Rejected,Pricing
A06870,L06870,2026-08-26,Modified,Inventory
A06873,L06873,2026-08-19,Accepted,Sales judgment
A06876,L06876,2026-08-20,Rejected,Commute
A06877,L06877,2026-08-17,Modified,Pricing
A06879,L06879,2026-08-14,Rejected,Inventory
A06882,L06882,2026-08-13,Rejected,No availability
A06885,L06885,2026-08-03,Rejected,Other
A06887,L06887,2026-08-22,Rejected,Commute
A06888,L06888,2026-08-25,Rejected,Other
A06889,L06889,2026-08-13,Rejected,Changed plans
A06891,L06891,2026-08-05,Rejected,Price
A06892,L06892,2026-08-16,Rejected,Recommendation fit
A06894,L06894,2026-08-10,Rejected,Room type
A06901,L06901,2026-08-18,Rejected,Inventory
A06904,L06904,2026-08-19,Rejected,Changed plans
A06905,L06905,2026-08-12,Rejected,Property preference
A06906,L06906,2026-08-02,Rejected,Other
A06908,L06908,2026-08-16,Accepted,Sales judgment
A06909,L06909,2026-07-30,Rejected,Room type
A06910,L06910,2026-08-24,Accepted,Inventory
A06913,L06913,2026-08-21,Rejected,Other
A06917,L06917,2026-08-14,Rejected,Recommendation fit
A06919,L06919,2026-08-23,Rejected,Delayed follow-up
A06923,L06923,2026-08-19,Rejected,Commute
A06928,L06928,2026-08-19,Rejected,Commute
A06934,L06934,2026-08-27,Rejected,Sales judgment
A06935,L06935,2026-08-13,Rejected,Delayed follow-up
A06937,L06937,2026-08-14,Rejected,Room type
A06940,L06940,2026-08-20,Rejected,No availability
A06941,L06941,2026-07-31,Rejected,Commute
A06942,L06942,2026-07-29,Rejected,Changed plans
A06943,L06943,2026-08-04,Rejected,Price
A06946,L06946,2026-08-12,Rejected,No availability
A06949,L06949,2026-08-26,Accepted,Inventory
A06951,L06951,2026-08-19,Accepted,Sales judgment
A06953,L06953,2026-08-17,Modified,Pricing
A06958,L06958,2026-08-03,Rejected,Property preference
A06961,L06961,2026-08-15,Rejected,Delayed follow-up
A06962,L06962,2026-08-27,Rejected,Sales judgment
A06963,L06963,2026-08-07,Rejected,Room type
A06964,L06964,2026-08-26,Rejected,Property preference
A06965,L06965,2026-08-19,Accepted,Resident preference
A06966,L06966,2026-08-26,Rejected,Sales judgment
A06968,L06968,2026-08-26,Rejected,Recommendation fit
A06970,L06970,2026-08-16,Rejected,Delayed follow-up
A06971,L06971,2026-08-04,Rejected,Property preference
A06972,L06972,2026-08-08,Rejected,Changed plans
A06973,L06973,2026-08-18,Accepted,Recommendation fit
A06974,L06974,2026-08-23,Rejected,Other
A06977,L06977,2026-07-28,Rejected,Changed plans
A06978,L06978,2026-08-23,Rejected,Commute
A06982,L06982,2026-08-12,Rejected,Other
A06983,L06983,2026-08-17,Rejected,Property preference
A06986,L06986,2026-08-20,Accepted,Recommendation fit
A06988,L06988,2026-08-25,Rejected,Resident preference
A06991,L06991,2026-08-06,Rejected,Room type
A06993,L06993,2026-08-23,Rejected,No availability
A06994,L06994,2026-08-14,Modified,Recommendation fit
A07006,L07006,2026-08-19,Rejected,Delayed follow-up
A07007,L07007,2026-08-20,Rejected,Delayed follow-up
A07008,L07008,2026-08-09,Rejected,No availability
A07010,L07010,2026-07-31,Rejected,Changed plans
A07011,L07011,2026-08-13,Accepted,Recommendation fit
A07013,L07013,2026-08-24,Accepted,Inventory
A07014,L07014,2026-08-05,Rejected,Commute
A07016,L07016,2026-08-16,Rejected,Changed plans
A07018,L07018,2026-08-02,Rejected,Changed plans
A07019,L07019,2026-08-15,Rejected,Delayed follow-up
A07021,L07021,2026-08-26,Accepted,Resident preference
A07022,L07022,2026-08-18,Rejected,Inventory
A07029,L07029,2026-08-27,Rejected,Room type
A07030,L07030,2026-08-21,Accepted,Inventory
A07032,L07032,2026-08-16,Rejected,Room type
A07033,L07033,2026-08-22,Accepted,Sales judgment
A07035,L07035,2026-08-22,Modified,Pricing
A07036,L07036,2026-08-07,Rejected,Other
A07038,L07038,2026-08-27,Rejected,Changed plans
A07042,L07042,2026-08-23,Accepted,Other
A07044,L07044,2026-08-16,Rejected,Price
A07047,L07047,2026-08-01,Rejected,Room type
A07049,L07049,2026-08-13,Rejected,Resident preference
A07050,L07050,2026-08-19,Modified,Pricing
A07052,L07052,2026-08-18,Rejected,Changed plans
A07059,L07059,2026-08-03,Rejected,Commute
A07064,L07064,2026-07-31,Rejected,No availability
A07065,L07065,2026-08-23,Rejected,Commute
A07067,L07067,2026-08-25,Rejected,Inventory
A07068,L07068,2026-08-12,Rejected,Other
A07069,L07069,2026-08-19,Accepted,Recommendation fit
A07071,L07071,2026-08-02,Rejected,Delayed follow-up
A07073,L07073,2026-07-29,Rejected,Price
A07074,L07074,2026-08-21,Rejected,Pricing
A07075,L07075,2026-08-17,Rejected,Inventory
A07076,L07076,2026-08-21,Rejected,Recommendation fit
A07081,L07081,2026-08-25,Modified,Inventory
A07084,L07084,2026-08-15,Rejected,Price
A07085,L07085,2026-08-15,Rejected,Inventory
A07086,L07086,2026-08-27,Modified,Resident preference
A07087,L07087,2026-08-01,Rejected,No availability
A07089,L07089,2026-08-13,Rejected,Changed plans
A07092,L07092,2026-08-11,Rejected,Delayed follow-up
A07093,L07093,2026-08-20,Rejected,Price
A07094,L07094,2026-08-15,Accepted,Inventory
A07096,L07096,2026-08-24,Rejected,Pricing
A07099,L07099,2026-08-17,Rejected,Commute
A07100,L07100,2026-08-11,Rejected,Price
A07103,L07103,2026-08-14,Accepted,Recommendation fit
A07104,L07104,2026-08-13,Rejected,Changed plans
A07106,L07106,2026-08-02,Rejected,Price
A07108,L07108,2026-08-20,Rejected,Commute
A07110,L07110,2026-08-25,Modified,Inventory
A07111,L07111,2026-08-08,Rejected,Room type
A07112,L07112,2026-08-21,Rejected,Resident preference
A07115,L07115,2026-08-18,Rejected,Other
A07117,L07117,2026-08-02,Rejected,No availability
A07121,L07121,2026-08-23,Rejected,Property preference
A07122,L07122,2026-08-21,Rejected,No availability
A07123,L07123,2026-08-26,Accepted,Pricing
A07124,L07124,2026-08-16,Modified,Inventory
A07125,L07125,2026-08-13,Rejected,Pricing
A07131,L07131,2026-08-14,Rejected,Pricing
A07137,L07137,2026-08-24,Rejected,Commute
A07138,L07138,2026-08-01,Rejected,Property preference
A07139,L07139,2026-08-17,Rejected,Property preference
A07140,L07140,2026-08-10,Rejected,Property preference
A07144,L07144,2026-08-19,Rejected,Pricing
A07151,L07151,2026-08-04,Rejected,Property preference
A07154,L07154,2026-08-26,Accepted,Inventory
A07155,L07155,2026-08-13,Accepted,Recommendation fit
A07157,L07157,2026-08-22,Rejected,Other
A07158,L07158,2026-07-30,Rejected,Room type
A07161,L07161,2026-08-23,Rejected,Other
A07162,L07162,2026-08-14,Accepted,Sales judgment
A07165,L07165,2026-08-05,Rejected,Property preference
A07166,L07166,2026-08-12,Accepted,Inventory
A07168,L07168,2026-08-11,Rejected,Room type
A07170,L07170,2026-08-02,Rejected,Other
A07176,L07176,2026-08-26,Rejected,Other
A07179,L07179,2026-08-07,Rejected,No availability
A07182,L07182,2026-08-02,Rejected,Price
A07185,L07185,2026-07-29,Rejected,Property preference
A07186,L07186,2026-08-03,Rejected,Price
A07188,L07188,2026-07-29,Rejected,Changed plans
A07189,L07189,2026-08-22,Rejected,Price
A07190,L07190,2026-08-24,Rejected,Price
A07191,L07191,2026-08-15,Accepted,Inventory
A07192,L07192,2026-08-17,Rejected,Other
A07193,L07193,2026-08-14,Accepted,Sales judgment
A07194,L07194,2026-08-26,Rejected,Delayed follow-up
A07195,L07195,2026-08-22,Accepted,Pricing
A07196,L07196,2026-08-27,Rejected,Sales judgment
A07201,L07201,2026-08-11,Rejected,No availability
A07204,L07204,2026-08-26,Rejected,Price
A07208,L07208,2026-08-15,Rejected,No availability
A07211,L07211,2026-08-15,Rejected,Room type
A07212,L07212,2026-08-04,Rejected,Delayed follow-up
A07214,L07214,2026-08-06,Rejected,Other
A07222,L07222,2026-08-19,Rejected,Room type
A07223,L07223,2026-08-17,Rejected,Commute
A07226,L07226,2026-08-12,Rejected,Resident preference
A07232,L07232,2026-08-21,Rejected,Sales judgment
A07235,L07235,2026-08-06,Rejected,Delayed follow-up
A07236,L07236,2026-08-19,Rejected,Other
A07238,L07238,2026-08-17,Rejected,Delayed follow-up
A07240,L07240,2026-08-14,Rejected,Recommendation fit
A07241,L07241,2026-07-28,Rejected,Commute
A07242,L07242,2026-08-14,Accepted,Recommendation fit
A07247,L07247,2026-08-26,Rejected,Other
A07248,L07248,2026-08-13,Rejected,Commute
A07249,L07249,2026-08-19,Rejected,Commute
A07250,L07250,2026-08-05,Rejected,No availability
A07252,L07252,2026-08-07,Rejected,Changed plans
A07253,L07253,2026-08-20,Accepted,Pricing
A07256,L07256,2026-08-27,Modified,Other
A07258,L07258,2026-08-08,Rejected,Commute
A07262,L07262,2026-08-11,Rejected,Room type
A07265,L07265,2026-08-27,Rejected,Inventory
A07269,L07269,2026-08-23,Rejected,Property preference
A07273,L07273,2026-07-31,Rejected,Delayed follow-up
A07275,L07275,2026-08-23,Modified,Recommendation fit
A07278,L07278,2026-07-29,Rejected,Price
A07281,L07281,2026-08-17,Rejected,Other
A07285,L07285,2026-08-15,Accepted,Inventory
A07287,L07287,2026-08-06,Rejected,Other
A07288,L07288,2026-08-27,Accepted,Resident preference
A07289,L07289,2026-08-10,Rejected,Delayed follow-up
A07290,L07290,2026-08-13,Modified,Sales judgment
A07291,L07291,2026-08-26,Modified,Inventory
A07293,L07293,2026-08-20,Rejected,Sales judgment
A07294,L07294,2026-08-09,Rejected,Commute
A07295,L07295,2026-08-17,Accepted,Sales judgment
A07296,L07296,2026-08-17,Rejected,Delayed follow-up
A07297,L07297,2026-08-22,Rejected,Inventory
A07299,L07299,2026-08-10,Rejected,Changed plans
A07300,L07300,2026-08-09,Rejected,Changed plans
A07302,L07302,2026-08-09,Rejected,Room type
A07304,L07304,2026-08-16,Accepted,Inventory
A07307,L07307,2026-08-12,Rejected,Changed plans
A07309,L07309,2026-08-04,Rejected,Changed plans
A07314,L07314,2026-08-11,Rejected,Property preference
A07315,L07315,2026-08-04,Rejected,Commute
A07316,L07316,2026-08-26,Modified,Inventory
A07317,L07317,2026-08-20,Modified,Resident preference
A07321,L07321,2026-08-22,Rejected,Sales judgment
A07324,L07324,2026-08-01,Rejected,Property preference
A07325,L07325,2026-08-17,Rejected,Other
A07326,L07326,2026-08-21,Accepted,Pricing
A07327,L07327,2026-08-16,Modified,Sales judgment
A07331,L07331,2026-08-01,Rejected,Commute
A07335,L07335,2026-08-14,Rejected,Inventory
A07337,L07337,2026-08-22,Modified,Recommendation fit
A07344,L07344,2026-08-19,Rejected,Recommendation fit
A07346,L07346,2026-08-17,Rejected,Property preference
A07349,L07349,2026-08-22,Modified,Resident preference
A07350,L07350,2026-08-15,Rejected,Delayed follow-up
A07351,L07351,2026-08-14,Modified,Sales judgment
A07352,L07352,2026-08-12,Rejected,Price
A07357,L07357,2026-08-25,Modified,Resident preference
A07359,L07359,2026-08-26,Accepted,Other
A07367,L07367,2026-08-18,Rejected,Commute
A07368,L07368,2026-08-20,Rejected,Price
A07369,L07369,2026-08-13,Modified,Sales judgment
A07373,L07373,2026-08-01,Rejected,Changed plans
A07374,L07374,2026-08-20,Rejected,Delayed follow-up
A07379,L07379,2026-08-09,Rejected,Commute
A07383,L07383,2026-08-25,Rejected,Property preference
A07384,L07384,2026-08-19,Rejected,Resident preference
A07385,L07385,2026-08-14,Rejected,Changed plans
A07386,L07386,2026-08-05,Rejected,Commute
A07388,L07388,2026-08-23,Rejected,Property preference
A07395,L07395,2026-08-14,Rejected,Sales judgment
A07397,L07397,2026-08-17,Rejected,Inventory
A07398,L07398,2026-08-18,Rejected,Property preference
A07399,L07399,2026-08-23,Accepted,Inventory
A07400,L07400,2026-08-16,Rejected,Recommendation fit
A07401,L07401,2026-08-09,Rejected,No availability
A07402,L07402,2026-08-21,Rejected,Room type
A07406,L07406,2026-08-20,Rejected,Price
A07407,L07407,2026-08-27,Rejected,Pricing
A07408,L07408,2026-08-20,Modified,Pricing
A07409,L07409,2026-08-15,Rejected,Price
A07410,L07410,2026-08-19,Accepted,Other
A07415,L07415,2026-08-03,Rejected,Price
A07416,L07416,2026-08-03,Rejected,Room type
A07421,L07421,2026-08-19,Modified,Pricing
A07422,L07422,2026-08-08,Rejected,Commute
A07423,L07423,2026-08-15,Rejected,Other
A07425,L07425,2026-08-22,Rejected,Sales judgment
A07427,L07427,2026-08-18,Accepted,Pricing
A07429,L07429,2026-08-07,Rejected,Changed plans
A07430,L07430,2026-08-11,Rejected,Changed plans
A07431,L07431,2026-08-21,Rejected,Changed plans
A07432,L07432,2026-08-08,Rejected,Property preference
A07436,L07436,2026-08-16,Rejected,Room type
A07438,L07438,2026-07-31,Rejected,Price
A07445,L07445,2026-08-12,Rejected,Pricing
A07448,L07448,2026-08-14,Rejected,No availability
A07449,L07449,2026-08-12,Rejected,Delayed follow-up
A07452,L07452,2026-07-28,Rejected,Other
A07453,L07453,2026-08-13,Rejected,Sales judgment
A07456,L07456,2026-08-19,Modified,Pricing
A07459,L07459,2026-08-25,Rejected,No availability
A07461,L07461,2026-08-14,Rejected,Property preference
A07462,L07462,2026-07-31,Rejected,Commute
A07463,L07463,2026-08-20,Rejected,Inventory
A07464,L07464,2026-08-05,Rejected,Changed plans
A07467,L07467,2026-08-19,Rejected,Price
A07470,L07470,2026-08-21,Rejected,Price
A07474,L07474,2026-08-25,Rejected,Resident preference
A07475,L07475,2026-08-20,Accepted,Resident preference
A07476,L07476,2026-08-05,Rejected,Delayed follow-up
A07478,L07478,2026-08-11,Rejected,Property preference
A07479,L07479,2026-08-14,Rejected,Other
A07484,L07484,2026-08-15,Modified,Inventory
A07486,L07486,2026-08-17,Rejected,Property preference
A07491,L07491,2026-08-27,Rejected,Price
A07492,L07492,2026-08-16,Rejected,No availability
A07494,L07494,2026-08-21,Rejected,Delayed follow-up
A07495,L07495,2026-08-14,Rejected,Resident preference
A07497,L07497,2026-08-21,Rejected,Property preference
A07499,L07499,2026-08-01,Rejected,Price
A07506,L07506,2026-08-17,Rejected,Changed plans
A07507,L07507,2026-08-08,Rejected,Commute
A07510,L07510,2026-08-14,Rejected,Room type
A07511,L07511,2026-08-17,Modified,Sales judgment
A07516,L07516,2026-08-15,Rejected,Other
A07519,L07519,2026-07-31,Rejected,Room type
A07529,L07529,2026-08-01,Rejected,Price
A07530,L07530,2026-08-14,Rejected,Property preference
A07533,L07533,2026-08-18,Rejected,Other
A07535,L07535,2026-08-10,Rejected,Delayed follow-up
A07541,L07541,2026-08-21,Rejected,Recommendation fit
A07546,L07546,2026-08-19,Rejected,Inventory
A07549,L07549,2026-08-24,Rejected,Recommendation fit
A07552,L07552,2026-08-15,Rejected,Room type
A07554,L07554,2026-08-20,Accepted,Pricing
A07555,L07555,2026-08-15,Modified,Recommendation fit
A07559,L07559,2026-08-12,Accepted,Other
A07562,L07562,2026-08-24,Modified,Other
A07569,L07569,2026-07-28,Rejected,Other
A07571,L07571,2026-08-06,Rejected,Changed plans
A07572,L07572,2026-08-16,Rejected,Room type
A07574,L07574,2026-08-17,Rejected,Changed plans
A07578,L07578,2026-08-14,Rejected,Pricing
A07579,L07579,2026-08-09,Rejected,Other
A07581,L07581,2026-08-27,Modified,Recommendation fit
A07582,L07582,2026-08-22,Rejected,Room type
A07585,L07585,2026-08-24,Rejected,Price
A07586,L07586,2026-08-16,Modified,Other
A07587,L07587,2026-08-04,Rejected,Commute
A07588,L07588,2026-08-16,Accepted,Pricing
A07589,L07589,2026-08-12,Accepted,Resident preference
A07590,L07590,2026-08-19,Rejected,Price
A07591,L07591,2026-08-13,Rejected,Pricing
A07595,L07595,2026-08-02,Rejected,Other
A07597,L07597,2026-07-29,Rejected,Delayed follow-up
A07598,L07598,2026-08-12,Rejected,Property preference
A07599,L07599,2026-08-16,Rejected,Price
A07601,L07601,2026-08-02,Rejected,Changed plans
A07602,L07602,2026-08-18,Rejected,Pricing
A07603,L07603,2026-08-16,Rejected,Property preference
A07604,L07604,2026-08-14,Modified,Inventory
A07606,L07606,2026-08-26,Modified,Other
A07607,L07607,2026-07-29,Rejected,Delayed follow-up
A07609,L07609,2026-08-12,Rejected,Changed plans
A07610,L07610,2026-08-24,Modified,Inventory
A07612,L07612,2026-08-19,Rejected,Other
A07613,L07613,2026-08-07,Rejected,Other
A07614,L07614,2026-08-15,Rejected,Other
A07617,L07617,2026-08-23,Rejected,No availability
A07622,L07622,2026-08-04,Rejected,Other
A07624,L07624,2026-08-24,Rejected,Pricing
A07627,L07627,2026-08-24,Rejected,Changed plans
A07628,L07628,2026-08-25,Rejected,Pricing
A07629,L07629,2026-08-06,Rejected,Room type
A07633,L07633,2026-08-01,Rejected,Property preference
A07637,L07637,2026-08-14,Rejected,Inventory
A07638,L07638,2026-08-07,Rejected,Changed plans
A07641,L07641,2026-08-12,Rejected,Property preference
A07642,L07642,2026-08-18,Modified,Other
A07645,L07645,2026-08-06,Rejected,Delayed follow-up
A07646,L07646,2026-08-18,Rejected,Delayed follow-up
A07648,L07648,2026-08-25,Rejected,Commute
A07649,L07649,2026-08-24,Rejected,Commute
A07653,L07653,2026-08-07,Rejected,Delayed follow-up
A07654,L07654,2026-08-20,Modified,Resident preference
A07655,L07655,2026-08-27,Modified,Sales judgment
A07658,L07658,2026-08-19,Modified,Pricing
A07659,L07659,2026-08-26,Rejected,Sales judgment
A07662,L07662,2026-07-28,Rejected,Other
A07663,L07663,2026-08-19,Accepted,Resident preference
A07665,L07665,2026-08-20,Modified,Sales judgment
A07667,L07667,2026-08-07,Rejected,Price
A07668,L07668,2026-07-28,Rejected,Other
A07669,L07669,2026-08-26,Accepted,Recommendation fit
A07670,L07670,2026-08-09,Rejected,Property preference
A07671,L07671,2026-08-21,Accepted,Resident preference
A07673,L07673,2026-08-15,Rejected,Recommendation fit
A07676,L07676,2026-08-26,Modified,Inventory
A07679,L07679,2026-08-19,Rejected,Price
A07684,L07684,2026-08-12,Modified,Resident preference
A07687,L07687,2026-08-12,Accepted,Sales judgment
A07692,L07692,2026-08-15,Accepted,Sales judgment
A07697,L07697,2026-08-17,Rejected,Property preference
A07699,L07699,2026-08-18,Rejected,Commute
A07700,L07700,2026-08-19,Rejected,No availability
A07701,L07701,2026-08-22,Modified,Resident preference
A07702,L07702,2026-08-03,Rejected,Changed plans
A07709,L07709,2026-08-18,Rejected,Other
A07711,L07711,2026-08-04,Rejected,Changed plans
A07714,L07714,2026-07-29,Rejected,Delayed follow-up
A07718,L07718,2026-08-25,Rejected,Resident preference
A07719,L07719,2026-08-02,Rejected,Room type
A07720,L07720,2026-08-04,Rejected,Property preference
A07721,L07721,2026-08-25,Rejected,Sales judgment
A07723,L07723,2026-08-05,Rejected,Other
A07728,L07728,2026-08-27,Rejected,Other
A07731,L07731,2026-08-24,Modified,Resident preference
A07732,L07732,2026-08-22,Modified,Recommendation fit
A07733,L07733,2026-07-30,Rejected,Room type
A07734,L07734,2026-08-01,Rejected,No availability
A07735,L07735,2026-08-12,Rejected,Commute
A07740,L07740,2026-08-20,Rejected,Resident preference
A07744,L07744,2026-08-25,Rejected,Price
A07749,L07749,2026-08-17,Rejected,Pricing
A07751,L07751,2026-08-24,Accepted,Resident preference
A07754,L07754,2026-08-15,Rejected,No availability
A07757,L07757,2026-08-12,Modified,Recommendation fit
A07758,L07758,2026-08-21,Rejected,No availability
A07759,L07759,2026-08-08,Rejected,Delayed follow-up
A07760,L07760,2026-07-29,Rejected,Price
A07763,L07763,2026-08-12,Rejected,Room type
A07764,L07764,2026-08-25,Modified,Recommendation fit
A07765,L07765,2026-08-17,Accepted,Inventory
A07766,L07766,2026-08-21,Rejected,Changed plans
A07767,L07767,2026-08-24,Modified,Sales judgment
A07770,L07770,2026-08-12,Accepted,Resident preference
A07773,L07773,2026-08-23,Rejected,Other
A07774,L07774,2026-08-24,Modified,Inventory
A07779,L07779,2026-08-05,Rejected,Price
A07781,L07781,2026-08-16,Rejected,Other
A07782,L07782,2026-07-30,Rejected,Commute
A07784,L07784,2026-08-19,Rejected,Other
A07786,L07786,2026-08-27,Accepted,Resident preference
A07787,L07787,2026-08-25,Accepted,Other
A07793,L07793,2026-08-25,Rejected,Resident preference
A07795,L07795,2026-08-25,Rejected,Delayed follow-up
A07796,L07796,2026-08-25,Rejected,Room type
A07799,L07799,2026-08-24,Modified,Recommendation fit
A07801,L07801,2026-08-25,Modified,Pricing
A07804,L07804,2026-08-16,Rejected,Recommendation fit
A07805,L07805,2026-08-27,Rejected,Resident preference
A07806,L07806,2026-08-11,Rejected,Property preference
A07808,L07808,2026-07-30,Rejected,Property preference
A07809,L07809,2026-08-15,Accepted,Sales judgment
A07810,L07810,2026-08-26,Rejected,Changed plans
A07816,L07816,2026-08-18,Accepted,Other
A07824,L07824,2026-08-13,Rejected,Pricing
A07825,L07825,2026-08-19,Rejected,Other
A07826,L07826,2026-08-12,Rejected,Resident preference
A07829,L07829,2026-08-15,Modified,Sales judgment
A07830,L07830,2026-08-06,Rejected,Commute
A07831,L07831,2026-08-24,Rejected,Room type
A07833,L07833,2026-07-29,Rejected,Commute
A07838,L07838,2026-08-20,Modified,Pricing
A07839,L07839,2026-08-11,Rejected,Room type
A07840,L07840,2026-07-30,Rejected,Changed plans
A07842,L07842,2026-07-28,Rejected,Room type
A07844,L07844,2026-07-31,Rejected,Changed plans
A07850,L07850,2026-07-31,Rejected,Other
A07851,L07851,2026-08-21,Modified,Recommendation fit
A07852,L07852,2026-08-14,Modified,Inventory
A07854,L07854,2026-08-25,Modified,Other
A07855,L07855,2026-08-16,Rejected,Changed plans
A07864,L07864,2026-08-02,Rejected,Other
A07866,L07866,2026-08-27,Rejected,Other
A07868,L07868,2026-08-27,Rejected,Delayed follow-up
A07869,L07869,2026-07-29,Rejected,No availability
A07871,L07871,2026-08-15,Rejected,Other
A07872,L07872,2026-08-18,Rejected,Other
A07877,L07877,2026-08-06,Rejected,Changed plans
A07879,L07879,2026-08-24,Rejected,Pricing
A07886,L07886,2026-08-03,Rejected,Changed plans
A07889,L07889,2026-08-22,Rejected,Delayed follow-up
A07892,L07892,2026-08-08,Rejected,Changed plans
A07893,L07893,2026-08-24,Modified,Recommendation fit
A07895,L07895,2026-08-21,Rejected,Resident preference
A07896,L07896,2026-07-29,Rejected,Room type
A07899,L07899,2026-08-10,Rejected,Property preference
A07900,L07900,2026-08-09,Rejected,Room type
A07903,L07903,2026-07-28,Rejected,Property preference
A07904,L07904,2026-08-14,Rejected,Commute
A07907,L07907,2026-08-25,Rejected,Other
A07909,L07909,2026-08-17,Modified,Sales judgment
A07911,L07911,2026-08-20,Rejected,No availability
A07912,L07912,2026-08-07,Rejected,Delayed follow-up
A07913,L07913,2026-08-23,Rejected,Other
A07915,L07915,2026-08-22,Rejected,Delayed follow-up
A07916,L07916,2026-08-12,Accepted,Sales judgment
A07918,L07918,2026-07-30,Rejected,No availability
A07919,L07919,2026-08-23,Modified,Other
A07924,L07924,2026-07-29,Rejected,No availability
A07925,L07925,2026-08-18,Accepted,Resident preference
A07926,L07926,2026-08-04,Rejected,Commute
A07927,L07927,2026-08-22,Modified,Other
A07930,L07930,2026-08-15,Accepted,Recommendation fit
A07934,L07934,2026-08-23,Rejected,Other
A07938,L07938,2026-08-25,Modified,Resident preference
A07941,L07941,2026-08-13,Rejected,Changed plans
A07942,L07942,2026-08-16,Accepted,Other
A07943,L07943,2026-08-19,Rejected,Property preference
A07948,L07948,2026-08-21,Rejected,Pricing
A07949,L07949,2026-08-23,Modified,Inventory
A07950,L07950,2026-08-16,Modified,Inventory
A07952,L07952,2026-08-01,Rejected,No availability
A07954,L07954,2026-08-20,Rejected,Delayed follow-up
A07955,L07955,2026-08-23,Modified,Resident preference
A07959,L07959,2026-08-21,Rejected,Commute
A07962,L07962,2026-07-28,Rejected,Delayed follow-up
A07964,L07964,2026-08-12,Rejected,Room type
A07965,L07965,2026-08-25,Accepted,Recommendation fit
A07966,L07966,2026-08-27,Modified,Recommendation fit
A07969,L07969,2026-08-13,Rejected,Inventory
A07972,L07972,2026-08-18,Modified,Inventory
A07973,L07973,2026-08-22,Rejected,Price
A07974,L07974,2026-08-08,Rejected,Delayed follow-up
A07975,L07975,2026-08-25,Modified,Resident preference
A07977,L07977,2026-08-24,Modified,Pricing
A07979,L07979,2026-08-03,Rejected,No availability
A07981,L07981,2026-08-05,Rejected,Property preference
A07994,L07994,2026-08-13,Modified,Sales judgment
A07998,L07998,2026-08-18,Rejected,Resident preference
A08002,L08002,2026-08-01,Rejected,Delayed follow-up
A08003,L08003,2026-07-29,Rejected,Other
A08005,L08005,2026-08-26,Rejected,Other
A08006,L08006,2026-08-13,Rejected,Resident preference
A08007,L08007,2026-08-01,Rejected,Property preference
A08008,L08008,2026-07-31,Rejected,No availability
A08011,L08011,2026-08-16,Accepted,Pricing
A08016,L08016,2026-08-11,Rejected,Price
A08018,L08018,2026-08-23,Modified,Sales judgment
A08019,L08019,2026-08-20,Rejected,Property preference
A08020,L08020,2026-08-15,Modified,Other
A08021,L08021,2026-08-01,Rejected,Other
A08025,L08025,2026-07-31,Rejected,Other
A08026,L08026,2026-08-19,Accepted,Other
A08027,L08027,2026-08-04,Rejected,Commute
A08028,L08028,2026-08-17,Modified,Inventory
A08029,L08029,2026-08-27,Rejected,Other
A08031,L08031,2026-08-22,Rejected,Inventory
A08033,L08033,2026-08-18,Modified,Other
A08034,L08034,2026-07-31,Rejected,Room type
A08036,L08036,2026-08-15,Modified,Inventory
A08037,L08037,2026-08-25,Rejected,Room type
A08039,L08039,2026-08-15,Rejected,Changed plans
A08040,L08040,2026-08-12,Modified,Sales judgment
A08045,L08045,2026-08-21,Rejected,Changed plans
A08046,L08046,2026-08-05,Rejected,Room type
A08048,L08048,2026-08-22,Rejected,Resident preference
A08049,L08049,2026-08-16,Rejected,Price
A08050,L08050,2026-08-26,Modified,Resident preference
A08052,L08052,2026-08-06,Rejected,Commute
A08056,L08056,2026-08-10,Rejected,Delayed follow-up
A08060,L08060,2026-08-03,Rejected,Delayed follow-up
A08061,L08061,2026-08-24,Rejected,No availability
A08065,L08065,2026-08-04,Rejected,Changed plans
A08066,L08066,2026-08-15,Rejected,Room type
A08067,L08067,2026-08-21,Accepted,Other
A08078,L08078,2026-08-27,Accepted,Recommendation fit
A08081,L08081,2026-08-25,Accepted,Sales judgment
A08089,L08089,2026-08-24,Modified,Other
A08091,L08091,2026-08-23,Rejected,Price
A08092,L08092,2026-08-24,Accepted,Pricing
A08094,L08094,2026-08-03,Rejected,Other
A08096,L08096,2026-07-29,Rejected,Commute
A08097,L08097,2026-08-18,Rejected,Other
A08099,L08099,2026-08-03,Rejected,Changed plans
A08102,L08102,2026-08-21,Modified,Inventory
A08103,L08103,2026-07-29,Rejected,Changed plans
A08105,L08105,2026-08-02,Rejected,No availability
A08106,L08106,2026-08-25,Modified,Recommendation fit
A08109,L08109,2026-08-27,Rejected,Pricing
A08113,L08113,2026-08-15,Modified,Other
A08114,L08114,2026-08-13,Accepted,Resident preference
A08118,L08118,2026-08-17,Accepted,Other
A08121,L08121,2026-08-19,Rejected,Delayed follow-up
A08123,L08123,2026-08-22,Rejected,Inventory
A08124,L08124,2026-08-23,Rejected,No availability
A08126,L08126,2026-08-27,Modified,Inventory
A08129,L08129,2026-08-22,Modified,Other
A08130,L08130,2026-08-23,Rejected,Other
A08131,L08131,2026-07-29,Rejected,Room type
A08137,L08137,2026-08-23,Rejected,Room type
A08140,L08140,2026-08-14,Rejected,Other
A08142,L08142,2026-08-03,Rejected,Property preference
A08144,L08144,2026-08-15,Rejected,Commute
A08148,L08148,2026-08-17,Rejected,Resident preference
A08150,L08150,2026-07-29,Rejected,Commute
A08151,L08151,2026-08-20,Modified,Pricing
A08154,L08154,2026-08-25,Rejected,Delayed follow-up
A08157,L08157,2026-08-09,Rejected,Room type
A08158,L08158,2026-08-20,Rejected,No availability
A08160,L08160,2026-08-22,Accepted,Resident preference
A08161,L08161,2026-08-08,Rejected,Other
A08163,L08163,2026-08-13,Rejected,Other
A08164,L08164,2026-08-15,Accepted,Pricing
A08165,L08165,2026-08-23,Rejected,Other
A08166,L08166,2026-08-16,Accepted,Other
A08168,L08168,2026-08-22,Rejected,Commute
A08169,L08169,2026-08-03,Rejected,Commute
A08171,L08171,2026-08-06,Rejected,Price
A08176,L08176,2026-08-19,Rejected,Pricing
A08177,L08177,2026-08-13,Rejected,Other
A08180,L08180,2026-08-26,Rejected,Other
A08182,L08182,2026-08-11,Rejected,Delayed follow-up
A08183,L08183,2026-08-14,Modified,Inventory
A08186,L08186,2026-08-16,Rejected,Sales judgment
A08189,L08189,2026-08-04,Rejected,Commute
A08190,L08190,2026-08-11,Rejected,Property preference
A08192,L08192,2026-08-17,Rejected,Delayed follow-up
A08195,L08195,2026-08-18,Accepted,Other
A08196,L08196,2026-08-12,Modified,Recommendation fit
A08197,L08197,2026-08-15,Rejected,Recommendation fit
A08198,L08198,2026-08-06,Rejected,Property preference
A08200,L08200,2026-08-25,Modified,Resident preference
A08202,L08202,2026-08-15,Rejected,Pricing
A08203,L08203,2026-08-08,Rejected,Changed plans
A08208,L08208,2026-08-23,Accepted,Resident preference
A08209,L08209,2026-08-18,Rejected,Other
A08210,L08210,2026-08-21,Rejected,Other
A08211,L08211,2026-08-27,Modified,Recommendation fit
A08212,L08212,2026-08-26,Modified,Resident preference
A08215,L08215,2026-08-15,Rejected,No availability
A08216,L08216,2026-08-15,Rejected,Other
A08218,L08218,2026-08-13,Rejected,Recommendation fit
A08221,L08221,2026-08-18,Rejected,Price
A08222,L08222,2026-08-20,Rejected,Inventory
A08224,L08224,2026-08-14,Rejected,Property preference
A08230,L08230,2026-08-21,Rejected,Recommendation fit
A08233,L08233,2026-07-29,Rejected,Other
A08234,L08234,2026-08-19,Rejected,Pricing
A08235,L08235,2026-08-16,Rejected,Changed plans
A08237,L08237,2026-08-27,Rejected,Room type
A08241,L08241,2026-08-18,Rejected,No availability
A08244,L08244,2026-08-02,Rejected,Other
A08247,L08247,2026-07-30,Rejected,Room type
A08248,L08248,2026-08-15,Modified,Pricing
A08251,L08251,2026-08-13,Rejected,Property preference
A08252,L08252,2026-08-19,Accepted,Inventory
A08259,L08259,2026-08-17,Rejected,Other
A08261,L08261,2026-08-06,Rejected,Room type
A08262,L08262,2026-08-11,Rejected,Property preference
A08263,L08263,2026-08-10,Rejected,Delayed follow-up
A08266,L08266,2026-08-24,Rejected,Other
A08267,L08267,2026-08-04,Rejected,Delayed follow-up
A08269,L08269,2026-08-18,Accepted,Sales judgment
A08271,L08271,2026-08-18,Rejected,Property preference
A08273,L08273,2026-08-23,Rejected,Room type
A08274,L08274,2026-08-05,Rejected,Property preference
A08276,L08276,2026-08-23,Accepted,Sales judgment
A08279,L08279,2026-08-26,Modified,Resident preference
A08282,L08282,2026-08-24,Rejected,Property preference
A08288,L08288,2026-08-14,Accepted,Recommendation fit
A08292,L08292,2026-08-16,Rejected,Pricing
A08294,L08294,2026-08-18,Rejected,Inventory
A08295,L08295,2026-08-21,Rejected,Recommendation fit
A08296,L08296,2026-08-22,Modified,Recommendation fit
A08297,L08297,2026-08-08,Rejected,Delayed follow-up
A08298,L08298,2026-08-15,Rejected,Other
A08302,L08302,2026-08-24,Rejected,Inventory
A08303,L08303,2026-08-25,Rejected,Price
A08304,L08304,2026-08-15,Rejected,Other
A08306,L08306,2026-08-22,Rejected,Resident preference
A08311,L08311,2026-08-19,Rejected,Other
A08313,L08313,2026-07-30,Rejected,Commute
A08315,L08315,2026-08-21,Rejected,Pricing
A08322,L08322,2026-08-12,Rejected,Commute
A08323,L08323,2026-08-23,Rejected,Sales judgment
A08324,L08324,2026-08-21,Accepted,Other
A08325,L08325,2026-08-01,Rejected,Commute
A08328,L08328,2026-08-16,Accepted,Inventory
A08329,L08329,2026-07-31,Rejected,Room type
A08331,L08331,2026-08-13,Rejected,Room type
A08332,L08332,2026-07-30,Rejected,Property preference
A08334,L08334,2026-08-26,Rejected,Price
A08335,L08335,2026-08-26,Accepted,Inventory
A08339,L08339,2026-08-14,Rejected,Property preference
A08341,L08341,2026-08-20,Accepted,Sales judgment
A08342,L08342,2026-08-15,Modified,Recommendation fit
A08344,L08344,2026-08-15,Modified,Recommendation fit
A08348,L08348,2026-08-07,Rejected,Property preference
A08349,L08349,2026-08-06,Rejected,Commute
A08351,L08351,2026-07-28,Rejected,Property preference
A08354,L08354,2026-08-22,Modified,Pricing
A08360,L08360,2026-08-27,Rejected,Room type
A08361,L08361,2026-07-31,Rejected,Price
A08362,L08362,2026-08-11,Rejected,Room type
A08363,L08363,2026-08-19,Accepted,Pricing
A08364,L08364,2026-08-23,Modified,Recommendation fit
A08366,L08366,2026-08-16,Rejected,Other
A08368,L08368,2026-08-06,Rejected,Room type
A08369,L08369,2026-08-17,Rejected,Commute
A08382,L08382,2026-08-14,Modified,Sales judgment
A08383,L08383,2026-08-25,Rejected,Property preference
A08384,L08384,2026-08-08,Rejected,Changed plans
A08386,L08386,2026-08-15,Modified,Recommendation fit
A08387,L08387,2026-07-29,Rejected,Price
A08397,L08397,2026-08-09,Rejected,Price
A08402,L08402,2026-08-12,Rejected,Pricing
A08403,L08403,2026-08-21,Rejected,Resident preference
A08404,L08404,2026-08-14,Rejected,Resident preference
A08405,L08405,2026-08-27,Accepted,Pricing
A08406,L08406,2026-08-14,Accepted,Sales judgment
A08407,L08407,2026-08-22,Modified,Pricing
A08408,L08408,2026-08-24,Accepted,Inventory
A08410,L08410,2026-08-24,Accepted,Recommendation fit
A08412,L08412,2026-08-02,Rejected,Property preference
A08414,L08414,2026-08-25,Rejected,Recommendation fit
A08417,L08417,2026-08-18,Modified,Sales judgment
A08418,L08418,2026-08-22,Rejected,Other
A08420,L08420,2026-08-03,Rejected,Room type
A08421,L08421,2026-08-04,Rejected,No availability
A08424,L08424,2026-08-23,Accepted,Sales judgment
A08429,L08429,2026-08-15,Accepted,Sales judgment
A08431,L08431,2026-08-26,Rejected,Price
A08432,L08432,2026-08-17,Rejected,Other
A08434,L08434,2026-08-19,Accepted,Inventory
A08435,L08435,2026-08-08,Rejected,Property preference
A08437,L08437,2026-08-20,Modified,Sales judgment
A08438,L08438,2026-08-26,Accepted,Resident preference
A08439,L08439,2026-08-03,Rejected,No availability
A08440,L08440,2026-08-05,Rejected,No availability
A08446,L08446,2026-08-13,Rejected,Other
A08449,L08449,2026-08-13,Accepted,Recommendation fit
A08452,L08452,2026-08-21,Rejected,Other
A08453,L08453,2026-08-08,Rejected,Delayed follow-up
A08454,L08454,2026-08-16,Rejected,Price
A08455,L08455,2026-08-20,Rejected,Property preference
A08459,L08459,2026-08-12,Modified,Sales judgment
A08460,L08460,2026-08-11,Rejected,Price
A08464,L08464,2026-08-16,Rejected,Room type
A08466,L08466,2026-08-15,Rejected,Inventory
A08472,L08472,2026-08-27,Rejected,Price
A08475,L08475,2026-08-14,Rejected,Price
A08477,L08477,2026-08-14,Accepted,Recommendation fit
A08479,L08479,2026-08-22,Modified,Resident preference
A08485,L08485,2026-08-05,Rejected,Delayed follow-up
A08491,L08491,2026-08-20,Accepted,Sales judgment
A08492,L08492,2026-07-31,Rejected,Property preference
A08493,L08493,2026-08-07,Rejected,No availability
A08498,L08498,2026-08-15,Rejected,Room type
A08499,L08499,2026-08-22,Modified,Recommendation fit
A08501,L08501,2026-08-25,Rejected,Delayed follow-up
A08502,L08502,2026-08-26,Modified,Other
A08504,L08504,2026-08-16,Rejected,Resident preference
A08507,L08507,2026-07-31,Rejected,Other
A08508,L08508,2026-08-23,Accepted,Pricing
A08510,L08510,2026-08-20,Accepted,Recommendation fit
A08515,L08515,2026-08-23,Modified,Pricing
A08516,L08516,2026-08-25,Modified,Inventory
A08517,L08517,2026-08-19,Rejected,Sales judgment
A08518,L08518,2026-08-21,Rejected,No availability
A08520,L08520,2026-08-05,Rejected,Delayed follow-up
A08521,L08521,2026-08-25,Rejected,Inventory
A08522,L08522,2026-08-24,Modified,Inventory
A08527,L08527,2026-08-24,Rejected,Other
A08530,L08530,2026-08-14,Rejected,Other
A08531,L08531,2026-07-30,Rejected,Property preference
A08533,L08533,2026-08-02,Rejected,Delayed follow-up
A08535,L08535,2026-08-25,Modified,Recommendation fit
A08537,L08537,2026-08-05,Rejected,Property preference
A08540,L08540,2026-08-17,Rejected,Sales judgment
A08541,L08541,2026-08-14,Modified,Inventory
A08542,L08542,2026-08-18,Accepted,Recommendation fit
A08543,L08543,2026-08-25,Rejected,Property preference
A08544,L08544,2026-08-27,Rejected,Changed plans
A08545,L08545,2026-08-23,Rejected,Delayed follow-up
A08546,L08546,2026-08-23,Accepted,Inventory
A08550,L08550,2026-08-16,Rejected,Changed plans
A08551,L08551,2026-08-20,Rejected,Other
A08552,L08552,2026-08-13,Rejected,Changed plans
A08556,L08556,2026-08-07,Rejected,Other
A08560,L08560,2026-08-27,Rejected,Other
A08561,L08561,2026-08-10,Rejected,Changed plans
A08564,L08564,2026-08-12,Rejected,Sales judgment
A08565,L08565,2026-08-03,Rejected,Commute
A08566,L08566,2026-08-16,Modified,Resident preference
A08568,L08568,2026-08-18,Accepted,Sales judgment
A08570,L08570,2026-08-22,Rejected,Delayed follow-up
A08572,L08572,2026-08-18,Rejected,Sales judgment
A08573,L08573,2026-08-27,Accepted,Recommendation fit
A08574,L08574,2026-07-28,Rejected,Room type
A08582,L08582,2026-08-24,Rejected,Room type
A08583,L08583,2026-07-31,Rejected,Property preference
A08589,L08589,2026-08-27,Rejected,Property preference
A08592,L08592,2026-08-23,Rejected,Sales judgment
A08594,L08594,2026-08-12,Modified,Sales judgment
A08596,L08596,2026-08-06,Rejected,Other
A08598,L08598,2026-08-06,Rejected,No availability
A08600,L08600,2026-08-17,Rejected,Room type
A08603,L08603,2026-07-31,Rejected,Changed plans
A08604,L08604,2026-08-18,Accepted,Recommendation fit
A08605,L08605,2026-08-21,Modified,Pricing
A08606,L08606,2026-08-08,Rejected,Delayed follow-up
A08609,L08609,2026-08-27,Rejected,Inventory
A08610,L08610,2026-08-24,Rejected,Room type
A08612,L08612,2026-08-20,Rejected,Inventory
A08613,L08613,2026-08-24,Accepted,Recommendation fit
A08616,L08616,2026-08-26,Modified,Pricing
A08621,L08621,2026-08-03,Rejected,Changed plans
A08626,L08626,2026-08-26,Rejected,Commute
A08627,L08627,2026-08-04,Rejected,Delayed follow-up
A08631,L08631,2026-08-09,Rejected,Price
A08635,L08635,2026-08-16,Rejected,Commute
A08636,L08636,2026-08-08,Rejected,Commute
A08637,L08637,2026-08-15,Accepted,Pricing
A08640,L08640,2026-07-29,Rejected,Price
A08641,L08641,2026-08-12,Rejected,No availability
A08642,L08642,2026-08-15,Rejected,Pricing
A08652,L08652,2026-08-22,Rejected,No availability
A08655,L08655,2026-08-17,Rejected,Sales judgment
A08656,L08656,2026-08-27,Rejected,Commute
A08660,L08660,2026-08-22,Rejected,Sales judgment
A08662,L08662,2026-08-20,Rejected,No availability
A08663,L08663,2026-08-16,Rejected,Recommendation fit
A08665,L08665,2026-07-28,Rejected,Commute
A08667,L08667,2026-08-01,Rejected,Commute
A08670,L08670,2026-08-26,Rejected,No availability
A08675,L08675,2026-08-15,Rejected,Room type
A08677,L08677,2026-08-13,Rejected,Inventory
A08679,L08679,2026-08-10,Rejected,Delayed follow-up
A08680,L08680,2026-07-30,Rejected,Room type
A08686,L08686,2026-08-17,Accepted,Resident preference
A08692,L08692,2026-08-27,Accepted,Sales judgment
A08694,L08694,2026-08-02,Rejected,Price
A08695,L08695,2026-08-19,Accepted,Inventory
A08697,L08697,2026-08-27,Modified,Sales judgment
A08698,L08698,2026-08-11,Rejected,Changed plans
A08699,L08699,2026-08-14,Rejected,Resident preference
A08702,L08702,2026-08-01,Rejected,Room type
A08712,L08712,2026-08-22,Accepted,Sales judgment
A08714,L08714,2026-08-21,Accepted,Pricing
A08724,L08724,2026-08-24,Accepted,Recommendation fit
A08727,L08727,2026-08-19,Modified,Pricing
A08731,L08731,2026-08-17,Rejected,Other
A08734,L08734,2026-08-13,Modified,Pricing
A08736,L08736,2026-08-02,Rejected,Price
A08737,L08737,2026-08-05,Rejected,Room type
A08738,L08738,2026-08-27,Rejected,Changed plans
A08740,L08740,2026-08-17,Accepted,Inventory
A08742,L08742,2026-08-27,Modified,Recommendation fit
A08744,L08744,2026-08-22,Rejected,Price
A08745,L08745,2026-08-27,Rejected,Commute
A08747,L08747,2026-08-25,Accepted,Pricing
A08753,L08753,2026-08-14,Rejected,Price
A08755,L08755,2026-08-22,Rejected,Property preference
A08757,L08757,2026-08-13,Modified,Sales judgment
A08758,L08758,2026-07-30,Rejected,No availability
A08759,L08759,2026-08-22,Rejected,Property preference
A08760,L08760,2026-08-16,Modified,Recommendation fit
A08761,L08761,2026-08-25,Rejected,Commute
A08762,L08762,2026-08-24,Accepted,Sales judgment
A08763,L08763,2026-08-24,Accepted,Inventory
A08764,L08764,2026-07-30,Rejected,No availability
A08765,L08765,2026-08-27,Modified,Recommendation fit
A08766,L08766,2026-08-13,Rejected,Pricing
A08767,L08767,2026-08-22,Rejected,Changed plans
A08770,L08770,2026-08-15,Accepted,Recommendation fit
A08771,L08771,2026-08-20,Modified,Recommendation fit
A08776,L08776,2026-08-23,Rejected,Recommendation fit
A08777,L08777,2026-08-24,Rejected,Other
A08778,L08778,2026-08-08,Rejected,Delayed follow-up
A08781,L08781,2026-08-11,Rejected,No availability
A08782,L08782,2026-08-23,Accepted,Recommendation fit
A08783,L08783,2026-08-12,Modified,Other
A08784,L08784,2026-07-29,Rejected,Changed plans
A08786,L08786,2026-08-19,Rejected,Pricing
A08790,L08790,2026-08-21,Rejected,Price
A08792,L08792,2026-08-12,Rejected,Pricing
A08796,L08796,2026-08-13,Rejected,Room type
A08798,L08798,2026-08-01,Rejected,Other
A08799,L08799,2026-08-18,Modified,Inventory
A08804,L08804,2026-08-11,Rejected,Changed plans
A08806,L08806,2026-08-24,Accepted,Inventory
A08807,L08807,2026-08-18,Rejected,Recommendation fit
A08810,L08810,2026-08-23,Rejected,Pricing
A08811,L08811,2026-08-20,Rejected,Property preference
A08812,L08812,2026-07-31,Rejected,Room type
A08814,L08814,2026-08-26,Rejected,No availability
A08822,L08822,2026-08-27,Modified,Resident preference
A08828,L08828,2026-08-27,Rejected,No availability
A08830,L08830,2026-08-20,Accepted,Other
A08833,L08833,2026-08-02,Rejected,Commute
A08834,L08834,2026-08-20,Rejected,Pricing
A08835,L08835,2026-08-24,Rejected,Other
A08836,L08836,2026-08-27,Rejected,Changed plans
A08838,L08838,2026-08-05,Rejected,Delayed follow-up
A08839,L08839,2026-08-20,Accepted,Recommendation fit
A08840,L08840,2026-08-23,Accepted,Other
A08842,L08842,2026-08-05,Rejected,Changed plans
A08844,L08844,2026-07-28,Rejected,No availability
A08845,L08845,2026-08-15,Rejected,Delayed follow-up
A08848,L08848,2026-08-26,Rejected,Pricing
A08853,L08853,2026-08-27,Modified,Pricing
A08854,L08854,2026-08-02,Rejected,Commute
A08856,L08856,2026-08-17,Rejected,Changed plans
A08858,L08858,2026-08-20,Accepted,Recommendation fit
A08859,L08859,2026-08-11,Rejected,Other
A08862,L08862,2026-08-08,Rejected,Changed plans
A08865,L08865,2026-08-24,Rejected,Other
A08867,L08867,2026-08-13,Rejected,Other
A08868,L08868,2026-08-13,Accepted,Pricing
A08869,L08869,2026-08-17,Modified,Pricing
A08870,L08870,2026-08-16,Rejected,Price
A08877,L08877,2026-08-02,Rejected,Delayed follow-up
A08878,L08878,2026-08-04,Rejected,Commute
A08879,L08879,2026-08-15,Rejected,Property preference
A08881,L08881,2026-08-12,Rejected,Property preference
A08884,L08884,2026-08-24,Rejected,Sales judgment
A08885,L08885,2026-08-13,Rejected,Other
A08895,L08895,2026-08-17,Accepted,Pricing
A08897,L08897,2026-08-19,Accepted,Inventory
A08901,L08901,2026-08-23,Modified,Other
A08902,L08902,2026-08-18,Modified,Resident preference
A08903,L08903,2026-08-18,Rejected,Sales judgment
A08904,L08904,2026-08-14,Accepted,Inventory
A08905,L08905,2026-08-24,Rejected,Delayed follow-up
A08910,L08910,2026-08-22,Rejected,Pricing
A08911,L08911,2026-08-11,Rejected,Price
A08915,L08915,2026-08-27,Modified,Other
A08925,L08925,2026-08-21,Rejected,No availability
A08928,L08928,2026-08-22,Rejected,Inventory
A08933,L08933,2026-08-24,Rejected,Room type
A08941,L08941,2026-08-21,Accepted,Recommendation fit
A08945,L08945,2026-08-04,Rejected,Changed plans
A08949,L08949,2026-08-17,Rejected,Property preference
A08950,L08950,2026-08-21,Rejected,Property preference
A08952,L08952,2026-08-01,Rejected,Changed plans
A08953,L08953,2026-08-15,Accepted,Recommendation fit
A08957,L08957,2026-08-23,Rejected,Recommendation fit
A08961,L08961,2026-08-19,Rejected,Recommendation fit
A08962,L08962,2026-08-03,Rejected,Room type
A08964,L08964,2026-08-12,Accepted,Pricing
A08965,L08965,2026-08-05,Rejected,Room type
A08969,L08969,2026-07-28,Rejected,Delayed follow-up
A08970,L08970,2026-08-09,Rejected,Price
A08971,L08971,2026-08-15,Modified,Resident preference
A08979,L08979,2026-07-31,Rejected,Delayed follow-up
A08980,L08980,2026-08-21,Modified,Resident preference
A08983,L08983,2026-08-11,Rejected,Room type
A08985,L08985,2026-08-19,Rejected,Changed plans
A08986,L08986,2026-08-17,Modified,Resident preference
A08993,L08993,2026-08-15,Modified,Resident preference
A08997,L08997,2026-08-15,Rejected,Resident preference
A08998,L08998,2026-08-10,Rejected,No availability
A08999,L08999,2026-08-21,Rejected,Property preference
A09000,L09000,2026-08-25,Accepted,Inventory
A09001,L09001,2026-08-25,Rejected,No availability
A09002,L09002,2026-08-15,Accepted,Sales judgment
A09007,L09007,2026-08-25,Accepted,Resident preference
A09009,L09009,2026-08-01,Rejected,No availability
A09012,L09012,2026-08-10,Rejected,Property preference
A09014,L09014,2026-08-13,Accepted,Pricing
A09015,L09015,2026-08-12,Rejected,Changed plans
A09017,L09017,2026-08-13,Modified,Inventory
A09022,L09022,2026-08-21,Rejected,Delayed follow-up
A09026,L09026,2026-08-13,Accepted,Inventory
A09027,L09027,2026-07-31,Rejected,No availability
A09028,L09028,2026-08-09,Rejected,Changed plans
A09029,L09029,2026-08-02,Rejected,Other
A09037,L09037,2026-08-19,Rejected,No availability
A09040,L09040,2026-08-20,Rejected,Room type
A09041,L09041,2026-08-20,Rejected,Pricing
A09042,L09042,2026-08-25,Rejected,Property preference
A09045,L09045,2026-08-17,Rejected,No availability
A09046,L09046,2026-08-13,Accepted,Inventory
A09047,L09047,2026-08-12,Modified,Resident preference
A09049,L09049,2026-08-26,Rejected,Pricing
A09051,L09051,2026-08-12,Modified,Other
A09057,L09057,2026-08-23,Rejected,Sales judgment
A09058,L09058,2026-08-17,Rejected,Other
A09060,L09060,2026-08-24,Rejected,Changed plans
A09063,L09063,2026-08-22,Rejected,Changed plans
A09064,L09064,2026-08-10,Rejected,Other
A09065,L09065,2026-08-19,Accepted,Pricing
A09066,L09066,2026-08-24,Rejected,Commute
A09068,L09068,2026-08-03,Rejected,Other
A09076,L09076,2026-08-16,Rejected,Price
A09078,L09078,2026-08-27,Rejected,No availability
A09079,L09079,2026-08-22,Rejected,Inventory
A09080,L09080,2026-08-16,Rejected,Commute
A09081,L09081,2026-08-18,Rejected,Delayed follow-up
A09084,L09084,2026-08-26,Rejected,Other
A09089,L09089,2026-08-10,Rejected,No availability
A09091,L09091,2026-08-15,Accepted,Pricing
A09092,L09092,2026-08-23,Rejected,Sales judgment
A09094,L09094,2026-08-25,Rejected,Inventory
A09095,L09095,2026-08-22,Modified,Recommendation fit
A09096,L09096,2026-08-23,Rejected,Delayed follow-up
A09098,L09098,2026-08-09,Rejected,Price
A09102,L09102,2026-08-21,Rejected,Changed plans
A09104,L09104,2026-08-03,Rejected,Commute
A09106,L09106,2026-08-16,Rejected,Changed plans
A09107,L09107,2026-08-21,Rejected,Commute
A09109,L09109,2026-08-13,Modified,Pricing
A09110,L09110,2026-08-26,Rejected,Changed plans
A09112,L09112,2026-08-11,Rejected,No availability
A09113,L09113,2026-08-20,Rejected,Resident preference
A09114,L09114,2026-08-27,Rejected,Sales judgment
A09115,L09115,2026-08-20,Rejected,Property preference
A09116,L09116,2026-08-25,Rejected,Pricing
A09122,L09122,2026-08-25,Accepted,Sales judgment
A09128,L09128,2026-08-22,Rejected,Delayed follow-up
A09131,L09131,2026-08-25,Modified,Resident preference
A09133,L09133,2026-08-15,Accepted,Pricing
A09134,L09134,2026-08-27,Accepted,Sales judgment
A09139,L09139,2026-08-03,Rejected,Price
A09140,L09140,2026-08-14,Rejected,Other
A09143,L09143,2026-08-22,Modified,Inventory
A09144,L09144,2026-08-20,Rejected,Delayed follow-up
A09145,L09145,2026-08-12,Rejected,Price
A09147,L09147,2026-08-17,Rejected,Sales judgment
A09148,L09148,2026-07-28,Rejected,Delayed follow-up
A09149,L09149,2026-08-13,Rejected,Inventory
A09150,L09150,2026-08-11,Rejected,Room type
A09151,L09151,2026-08-03,Rejected,Commute
A09152,L09152,2026-08-13,Rejected,Recommendation fit
A09154,L09154,2026-07-30,Rejected,Room type
A09155,L09155,2026-08-05,Rejected,Delayed follow-up
A09157,L09157,2026-07-31,Rejected,No availability
A09160,L09160,2026-08-06,Rejected,Property preference
A09162,L09162,2026-08-19,Rejected,Resident preference
A09164,L09164,2026-08-22,Rejected,Delayed follow-up
A09170,L09170,2026-08-21,Rejected,Price
A09175,L09175,2026-08-04,Rejected,Delayed follow-up
A09181,L09181,2026-08-16,Rejected,Resident preference
A09182,L09182,2026-08-10,Rejected,Price
A09184,L09184,2026-08-09,Rejected,Changed plans
A09187,L09187,2026-07-31,Rejected,No availability
A09190,L09190,2026-08-16,Rejected,Sales judgment
A09194,L09194,2026-08-13,Accepted,Pricing
A09196,L09196,2026-08-22,Rejected,Changed plans
A09197,L09197,2026-08-15,Rejected,Other
A09199,L09199,2026-08-26,Rejected,Recommendation fit
A09201,L09201,2026-08-26,Rejected,Sales judgment
A09203,L09203,2026-08-01,Rejected,Commute
A09204,L09204,2026-08-12,Rejected,Price
A09209,L09209,2026-08-13,Rejected,Property preference
A09215,L09215,2026-08-24,Modified,Sales judgment
A09216,L09216,2026-08-02,Rejected,Other
A09219,L09219,2026-08-06,Rejected,No availability
A09221,L09221,2026-08-05,Rejected,Property preference
A09222,L09222,2026-08-04,Rejected,Delayed follow-up
A09232,L09232,2026-08-19,Modified,Sales judgment
A09233,L09233,2026-08-02,Rejected,Commute
A09234,L09234,2026-08-22,Rejected,Property preference
A09236,L09236,2026-08-21,Rejected,Commute
A09238,L09238,2026-08-17,Modified,Pricing
A09243,L09243,2026-08-03,Rejected,No availability
A09246,L09246,2026-07-31,Rejected,Other
A09252,L09252,2026-08-07,Rejected,Room type
A09253,L09253,2026-08-04,Rejected,Changed plans
A09254,L09254,2026-08-15,Rejected,Price
A09255,L09255,2026-08-21,Rejected,Property preference
A09258,L09258,2026-08-13,Accepted,Inventory
A09259,L09259,2026-08-26,Rejected,Property preference
A09263,L09263,2026-08-17,Rejected,Pricing
A09265,L09265,2026-08-01,Rejected,Room type
A09266,L09266,2026-08-16,Rejected,No availability
A09267,L09267,2026-08-25,Modified,Sales judgment
A09269,L09269,2026-08-19,Accepted,Other
A09270,L09270,2026-08-13,Accepted,Inventory
A09271,L09271,2026-08-14,Accepted,Inventory
A09276,L09276,2026-08-14,Accepted,Resident preference
A09277,L09277,2026-08-11,Rejected,Property preference
A09282,L09282,2026-08-24,Rejected,Price
A09283,L09283,2026-08-15,Rejected,Pricing
A09285,L09285,2026-07-28,Rejected,Property preference
A09289,L09289,2026-07-28,Rejected,No availability
A09293,L09293,2026-08-24,Rejected,Commute
A09294,L09294,2026-08-03,Rejected,Delayed follow-up
A09298,L09298,2026-07-31,Rejected,Commute
A09299,L09299,2026-08-25,Rejected,Recommendation fit
A09301,L09301,2026-08-20,Modified,Resident preference
A09303,L09303,2026-08-12,Rejected,Commute
A09305,L09305,2026-08-14,Rejected,Commute
A09307,L09307,2026-07-29,Rejected,Other
A09313,L09313,2026-08-06,Rejected,No availability
A09319,L09319,2026-08-18,Rejected,Changed plans
A09324,L09324,2026-07-29,Rejected,Room type
A09326,L09326,2026-08-13,Modified,Inventory
A09328,L09328,2026-08-14,Accepted,Pricing
A09330,L09330,2026-08-27,Accepted,Pricing
A09334,L09334,2026-08-24,Rejected,Sales judgment
A09335,L09335,2026-08-24,Rejected,Changed plans
A09336,L09336,2026-08-13,Rejected,Property preference
A09341,L09341,2026-08-19,Accepted,Other
A09343,L09343,2026-07-29,Rejected,Property preference
A09346,L09346,2026-08-23,Modified,Inventory
A09347,L09347,2026-07-30,Rejected,Other
A09348,L09348,2026-08-08,Rejected,Other
A09349,L09349,2026-08-18,Modified,Recommendation fit
A09350,L09350,2026-08-03,Rejected,Room type
A09351,L09351,2026-08-04,Rejected,Property preference
A09354,L09354,2026-08-12,Rejected,Other
A09360,L09360,2026-08-27,Modified,Sales judgment
A09361,L09361,2026-08-10,Rejected,No availability
A09363,L09363,2026-08-24,Rejected,Delayed follow-up
A09366,L09366,2026-08-11,Rejected,Delayed follow-up
A09368,L09368,2026-08-03,Rejected,Room type
A09370,L09370,2026-08-01,Rejected,Changed plans
A09373,L09373,2026-08-23,Accepted,Sales judgment
A09375,L09375,2026-08-24,Rejected,Pricing
A09376,L09376,2026-07-31,Rejected,Price
A09379,L09379,2026-08-07,Rejected,No availability
A09384,L09384,2026-07-28,Rejected,Changed plans
A09386,L09386,2026-08-20,Rejected,Delayed follow-up
A09387,L09387,2026-08-25,Modified,Resident preference
A09390,L09390,2026-08-18,Rejected,Delayed follow-up
A09391,L09391,2026-08-21,Rejected,Pricing
A09392,L09392,2026-07-31,Rejected,Room type
A09397,L09397,2026-08-09,Rejected,Price
A09404,L09404,2026-08-06,Rejected,Changed plans
A09405,L09405,2026-08-13,Accepted,Pricing
A09406,L09406,2026-08-09,Rejected,Price
A09407,L09407,2026-08-22,Rejected,Other
A09411,L09411,2026-08-19,Rejected,Delayed follow-up
A09412,L09412,2026-08-21,Modified,Pricing
A09413,L09413,2026-08-11,Rejected,No availability
A09414,L09414,2026-07-30,Rejected,Commute
A09416,L09416,2026-07-29,Rejected,No availability
A09419,L09419,2026-08-02,Rejected,Other
A09421,L09421,2026-08-25,Rejected,Price
A09426,L09426,2026-08-27,Accepted,Other
A09428,L09428,2026-08-24,Rejected,Other
A09430,L09430,2026-08-08,Rejected,Other
A09431,L09431,2026-08-03,Rejected,Commute
A09433,L09433,2026-08-26,Rejected,No availability
A09434,L09434,2026-08-13,Accepted,Recommendation fit
A09435,L09435,2026-08-12,Accepted,Other
A09439,L09439,2026-08-14,Rejected,Price
A09441,L09441,2026-08-05,Rejected,Property preference
A09443,L09443,2026-08-17,Rejected,Delayed follow-up
A09445,L09445,2026-08-20,Modified,Inventory
A09450,L09450,2026-08-19,Rejected,Changed plans
A09452,L09452,2026-08-13,Rejected,Delayed follow-up
A09454,L09454,2026-08-17,Rejected,Delayed follow-up
A09455,L09455,2026-08-13,Rejected,Price
A09458,L09458,2026-08-27,Rejected,Other
A09459,L09459,2026-08-25,Accepted,Other
A09460,L09460,2026-08-27,Modified,Inventory
A09462,L09462,2026-08-21,Rejected,Inventory
A09464,L09464,2026-08-16,Rejected,Changed plans
A09466,L09466,2026-08-24,Rejected,Room type
A09468,L09468,2026-08-10,Rejected,Property preference
A09472,L09472,2026-08-20,Rejected,Pricing
A09475,L09475,2026-07-28,Rejected,No availability
A09476,L09476,2026-08-21,Modified,Sales judgment
A09478,L09478,2026-08-05,Rejected,No availability
A09479,L09479,2026-08-20,Rejected,Price
A09482,L09482,2026-08-13,Accepted,Pricing
A09484,L09484,2026-08-10,Rejected,Price
A09488,L09488,2026-08-18,Rejected,Changed plans
A09489,L09489,2026-08-16,Accepted,Other
A09491,L09491,2026-08-21,Rejected,Sales judgment
A09493,L09493,2026-08-20,Rejected,Room type
A09494,L09494,2026-08-22,Accepted,Pricing
A09496,L09496,2026-08-07,Rejected,Commute
A09497,L09497,2026-08-26,Modified,Sales judgment
A09500,L09500,2026-08-26,Modified,Pricing
A09501,L09501,2026-08-15,Rejected,No availability
A09503,L09503,2026-08-20,Modified,Resident preference
A09510,L09510,2026-08-20,Rejected,No availability
A09511,L09511,2026-08-25,Accepted,Resident preference
A09513,L09513,2026-08-18,Rejected,Other
A09517,L09517,2026-08-13,Rejected,Delayed follow-up
A09519,L09519,2026-08-26,Rejected,Property preference
A09520,L09520,2026-08-23,Rejected,Delayed follow-up
A09521,L09521,2026-08-23,Rejected,No availability
A09522,L09522,2026-08-25,Rejected,Resident preference
A09525,L09525,2026-08-04,Rejected,Commute
A09527,L09527,2026-08-27,Accepted,Resident preference
A09536,L09536,2026-08-04,Rejected,Delayed follow-up
A09542,L09542,2026-08-23,Modified,Recommendation fit
A09543,L09543,2026-08-16,Modified,Sales judgment
A09545,L09545,2026-08-24,Modified,Resident preference
A09546,L09546,2026-08-03,Rejected,Property preference
A09548,L09548,2026-08-18,Rejected,Resident preference
A09550,L09550,2026-08-23,Modified,Sales judgment
A09554,L09554,2026-08-01,Rejected,Other
A09557,L09557,2026-08-25,Rejected,No availability
A09559,L09559,2026-08-03,Rejected,Price
A09563,L09563,2026-07-28,Rejected,Changed plans
A09564,L09564,2026-08-24,Modified,Recommendation fit
A09565,L09565,2026-08-27,Modified,Inventory
A09567,L09567,2026-08-17,Modified,Sales judgment
A09569,L09569,2026-08-06,Rejected,Room type
A09570,L09570,2026-08-16,Rejected,Resident preference
A09571,L09571,2026-08-18,Rejected,Property preference
A09572,L09572,2026-08-12,Modified,Other
A09573,L09573,2026-08-25,Rejected,Commute
A09575,L09575,2026-08-03,Rejected,Commute
A09576,L09576,2026-08-20,Rejected,Other
A09577,L09577,2026-08-16,Rejected,Property preference
A09578,L09578,2026-08-05,Rejected,Delayed follow-up
A09581,L09581,2026-08-08,Rejected,Price
A09583,L09583,2026-08-23,Accepted,Inventory
A09584,L09584,2026-08-02,Rejected,Property preference
A09585,L09585,2026-08-14,Rejected,Delayed follow-up
A09590,L09590,2026-08-07,Rejected,Changed plans
A09592,L09592,2026-08-26,Rejected,Pricing
A09594,L09594,2026-08-25,Rejected,Commute
A09595,L09595,2026-08-23,Accepted,Recommendation fit
A09596,L09596,2026-07-30,Rejected,Delayed follow-up
A09598,L09598,2026-08-20,Modified,Pricing
A09599,L09599,2026-07-28,Rejected,No availability
A09602,L09602,2026-08-24,Modified,Pricing
A09605,L09605,2026-08-14,Rejected,Other
A09606,L09606,2026-08-08,Rejected,Property preference
A09610,L09610,2026-08-02,Rejected,Commute
A09611,L09611,2026-08-13,Modified,Resident preference
A09615,L09615,2026-08-22,Rejected,Changed plans
A09617,L09617,2026-08-16,Rejected,Changed plans
A09619,L09619,2026-08-17,Rejected,Sales judgment
A09622,L09622,2026-08-18,Accepted,Resident preference
A09624,L09624,2026-08-10,Rejected,Other
A09625,L09625,2026-08-13,Rejected,Other
A09629,L09629,2026-08-13,Accepted,Sales judgment
A09630,L09630,2026-08-23,Rejected,Commute
A09632,L09632,2026-08-24,Accepted,Pricing
A09634,L09634,2026-08-22,Accepted,Resident preference
A09636,L09636,2026-08-18,Modified,Recommendation fit
A09637,L09637,2026-08-10,Rejected,No availability
A09641,L09641,2026-08-09,Rejected,Delayed follow-up
A09643,L09643,2026-07-31,Rejected,Delayed follow-up
A09644,L09644,2026-08-19,Rejected,Changed plans
A09645,L09645,2026-08-10,Rejected,Price
A09648,L09648,2026-08-17,Accepted,Recommendation fit
A09650,L09650,2026-08-16,Rejected,Recommendation fit
A09651,L09651,2026-08-09,Rejected,Property preference
A09652,L09652,2026-08-13,Rejected,Changed plans
A09654,L09654,2026-07-28,Rejected,Property preference
A09655,L09655,2026-08-21,Rejected,Room type
A09656,L09656,2026-08-19,Accepted,Resident preference
A09657,L09657,2026-08-17,Modified,Sales judgment
A09661,L09661,2026-08-23,Rejected,Property preference
A09663,L09663,2026-08-15,Rejected,Delayed follow-up
A09664,L09664,2026-08-18,Rejected,No availability
A09666,L09666,2026-08-13,Rejected,Price
A09671,L09671,2026-08-23,Accepted,Resident preference
A09674,L09674,2026-08-11,Rejected,Property preference
A09676,L09676,2026-08-22,Modified,Pricing
A09679,L09679,2026-08-09,Rejected,Price
A09682,L09682,2026-08-27,Accepted,Inventory
A09686,L09686,2026-08-04,Rejected,Delayed follow-up
A09688,L09688,2026-08-24,Modified,Other
A09689,L09689,2026-08-12,Rejected,Property preference
A09692,L09692,2026-08-19,Modified,Pricing
A09694,L09694,2026-08-01,Rejected,Property preference
A09696,L09696,2026-08-19,Modified,Recommendation fit
A09698,L09698,2026-08-18,Rejected,Sales judgment
A09701,L09701,2026-08-15,Accepted,Inventory
A09702,L09702,2026-08-19,Rejected,Pricing
A09703,L09703,2026-08-26,Accepted,Sales judgment
A09705,L09705,2026-08-13,Rejected,Property preference
A09706,L09706,2026-08-10,Rejected,Room type
A09707,L09707,2026-08-08,Rejected,Room type
A09708,L09708,2026-07-30,Rejected,Other
A09709,L09709,2026-08-20,Accepted,Other
A09712,L09712,2026-08-11,Rejected,Property preference
A09713,L09713,2026-08-19,Modified,Inventory
A09716,L09716,2026-08-19,Accepted,Resident preference
A09717,L09717,2026-08-18,Rejected,Changed plans
A09719,L09719,2026-08-03,Rejected,Delayed follow-up
A09721,L09721,2026-08-16,Rejected,Changed plans
A09722,L09722,2026-08-08,Rejected,Room type
A09724,L09724,2026-08-17,Rejected,Pricing
A09726,L09726,2026-08-24,Rejected,Price
A09728,L09728,2026-08-23,Modified,Recommendation fit
A09732,L09732,2026-08-15,Rejected,Inventory
A09733,L09733,2026-07-30,Rejected,Property preference
A09734,L09734,2026-08-26,Rejected,Recommendation fit
A09737,L09737,2026-08-26,Rejected,Room type
A09741,L09741,2026-08-02,Rejected,Property preference
A09743,L09743,2026-08-22,Rejected,Property preference
A09745,L09745,2026-08-03,Rejected,Changed plans
A09750,L09750,2026-08-10,Rejected,Changed plans
A09752,L09752,2026-08-10,Rejected,No availability
A09753,L09753,2026-08-26,Modified,Recommendation fit
A09755,L09755,2026-08-24,Rejected,Room type
A09760,L09760,2026-08-16,Rejected,Changed plans
A09761,L09761,2026-08-23,Modified,Inventory
A09768,L09768,2026-08-15,Rejected,Changed plans
A09769,L09769,2026-08-19,Rejected,Inventory
A09773,L09773,2026-08-13,Rejected,Price
A09779,L09779,2026-08-26,Accepted,Sales judgment
A09780,L09780,2026-08-17,Rejected,Price
A09786,L09786,2026-08-13,Rejected,Room type
A09788,L09788,2026-08-15,Modified,Sales judgment
A09793,L09793,2026-08-10,Rejected,Changed plans
A09794,L09794,2026-08-24,Accepted,Inventory
A09796,L09796,2026-08-19,Rejected,Property preference
A09797,L09797,2026-07-28,Rejected,Other
A09802,L09802,2026-08-04,Rejected,No availability
A09803,L09803,2026-08-22,Rejected,No availability
A09806,L09806,2026-08-16,Accepted,Resident preference
A09811,L09811,2026-08-16,Accepted,Pricing
A09812,L09812,2026-08-12,Rejected,Other
A09813,L09813,2026-08-23,Rejected,Room type
A09817,L09817,2026-08-23,Modified,Pricing
A09820,L09820,2026-08-02,Rejected,No availability
A09821,L09821,2026-08-11,Rejected,Changed plans
A09822,L09822,2026-08-19,Rejected,Property preference
A09824,L09824,2026-08-04,Rejected,No availability
A09826,L09826,2026-08-12,Rejected,No availability
A09828,L09828,2026-08-18,Rejected,Resident preference
A09829,L09829,2026-07-29,Rejected,Delayed follow-up
A09832,L09832,2026-07-31,Rejected,Price
A09836,L09836,2026-08-09,Rejected,Delayed follow-up
A09837,L09837,2026-08-03,Rejected,Other
A09841,L09841,2026-08-01,Rejected,Room type
A09842,L09842,2026-08-21,Rejected,Price
A09843,L09843,2026-08-19,Rejected,Changed plans
A09846,L09846,2026-08-20,Rejected,No availability
A09848,L09848,2026-08-13,Accepted,Sales judgment
A09852,L09852,2026-08-16,Modified,Sales judgment
A09855,L09855,2026-08-08,Rejected,Changed plans
A09859,L09859,2026-08-03,Rejected,Other
A09861,L09861,2026-08-04,Rejected,Changed plans
A09864,L09864,2026-08-08,Rejected,Commute
A09865,L09865,2026-08-23,Rejected,Delayed follow-up
A09867,L09867,2026-08-11,Rejected,Property preference
A09869,L09869,2026-08-27,Modified,Recommendation fit
A09871,L09871,2026-07-28,Rejected,Price
A09874,L09874,2026-08-17,Rejected,Other
A09876,L09876,2026-08-14,Accepted,Sales judgment
A09877,L09877,2026-08-12,Rejected,Changed plans
A09880,L09880,2026-08-12,Rejected,Resident preference
A09883,L09883,2026-08-12,Rejected,No availability
A09885,L09885,2026-08-25,Accepted,Other
A09888,L09888,2026-08-26,Rejected,Recommendation fit
A09889,L09889,2026-08-25,Accepted,Pricing
A09891,L09891,2026-08-20,Rejected,Price
A09893,L09893,2026-08-09,Rejected,Commute
A09894,L09894,2026-08-14,Accepted,Recommendation fit
A09895,L09895,2026-08-07,Rejected,Delayed follow-up
A09896,L09896,2026-08-10,Rejected,Property preference
A09898,L09898,2026-08-19,Modified,Pricing
A09899,L09899,2026-08-27,Rejected,Room type
A09900,L09900,2026-08-26,Accepted,Resident preference
A09901,L09901,2026-08-05,Rejected,Delayed follow-up
A09902,L09902,2026-08-06,Rejected,Delayed follow-up
A09905,L09905,2026-08-23,Rejected,Inventory
A09907,L09907,2026-08-26,Accepted,Resident preference
A09909,L09909,2026-08-06,Rejected,Property preference
A09910,L09910,2026-08-22,Rejected,Commute
A09911,L09911,2026-08-22,Rejected,Property preference
A09913,L09913,2026-08-16,Modified,Resident preference
A09915,L09915,2026-07-28,Rejected,Room type
A09917,L09917,2026-08-26,Modified,Recommendation fit
A09918,L09918,2026-08-22,Accepted,Pricing
A09923,L09923,2026-08-15,Rejected,Other
A09929,L09929,2026-07-28,Rejected,Delayed follow-up
A09930,L09930,2026-08-20,Modified,Pricing
A09931,L09931,2026-08-12,Modified,Other
A09932,L09932,2026-08-10,Rejected,Changed plans
A09935,L09935,2026-08-18,Rejected,Recommendation fit
A09941,L09941,2026-08-23,Rejected,Price
A09943,L09943,2026-08-26,Accepted,Other
A09945,L09945,2026-08-18,Rejected,Resident preference
A09948,L09948,2026-08-13,Rejected,Recommendation fit
A09949,L09949,2026-08-27,Rejected,Other
A09950,L09950,2026-07-31,Rejected,Room type
A09951,L09951,2026-08-11,Rejected,Room type
A09954,L09954,2026-08-27,Rejected,Delayed follow-up
A09955,L09955,2026-08-24,Rejected,Pricing
A09957,L09957,2026-08-17,Rejected,Price
A09959,L09959,2026-08-08,Rejected,Price
A09960,L09960,2026-08-14,Rejected,Recommendation fit
A09961,L09961,2026-08-18,Rejected,Commute
A09964,L09964,2026-08-04,Rejected,Property preference
A09970,L09970,2026-08-13,Rejected,Pricing
A09975,L09975,2026-08-21,Rejected,Commute
A09978,L09978,2026-08-09,Rejected,Property preference
A09979,L09979,2026-08-21,Rejected,Changed plans
A09984,L09984,2026-08-20,Rejected,Delayed follow-up
A09986,L09986,2026-08-26,Rejected,No availability
A09987,L09987,2026-07-29,Rejected,Changed plans
A09993,L09993,2026-08-15,Accepted,Sales judgment
A09994,L09994,2026-08-17,Accepted,Pricing
A09995,L09995,2026-07-31,Rejected,No availability
A10006,L10006,2026-08-13,Accepted,Sales judgment
A10009,L10009,2026-07-30,Rejected,Room type
A10010,L10010,2026-08-21,Modified,Other
A10011,L10011,2026-08-07,Rejected,Property preference
A10014,L10014,2026-08-10,Rejected,Property preference
A10020,L10020,2026-08-27,Rejected,Other
A10021,L10021,2026-08-25,Modified,Sales judgment
A10022,L10022,2026-08-08,Rejected,Delayed follow-up
A10023,L10023,2026-08-10,Rejected,No availability
A10027,L10027,2026-08-03,Rejected,Delayed follow-up
A10028,L10028,2026-08-17,Accepted,Pricing
A10031,L10031,2026-08-12,Rejected,Other
A10032,L10032,2026-08-19,Rejected,Recommendation fit
A10037,L10037,2026-08-20,Accepted,Inventory
A10039,L10039,2026-08-14,Rejected,Room type
A10040,L10040,2026-07-28,Rejected,Property preference
A10044,L10044,2026-08-25,Rejected,Changed plans
A10050,L10050,2026-07-28,Rejected,Room type
A10052,L10052,2026-08-26,Rejected,Changed plans
A10054,L10054,2026-08-25,Rejected,Other
A10055,L10055,2026-08-20,Accepted,Other
A10056,L10056,2026-08-01,Rejected,No availability
A10057,L10057,2026-08-05,Rejected,Other
A10058,L10058,2026-08-20,Rejected,Sales judgment
A10061,L10061,2026-08-01,Rejected,No availability
A10063,L10063,2026-08-27,Rejected,Delayed follow-up
A10064,L10064,2026-08-15,Rejected,Other
A10072,L10072,2026-07-28,Rejected,Price
A10079,L10079,2026-08-03,Rejected,No availability
A10080,L10080,2026-08-09,Rejected,Property preference
A10081,L10081,2026-08-23,Rejected,No availability
A10082,L10082,2026-08-21,Modified,Sales judgment
A10084,L10084,2026-08-18,Rejected,Delayed follow-up
A10085,L10085,2026-08-26,Rejected,Changed plans
A10087,L10087,2026-07-28,Rejected,Room type
A10089,L10089,2026-08-27,Rejected,Other
A10093,L10093,2026-08-16,Modified,Pricing
A10094,L10094,2026-08-19,Rejected,Commute
A10096,L10096,2026-08-22,Modified,Recommendation fit
A10097,L10097,2026-08-14,Rejected,Pricing
A10099,L10099,2026-08-13,Rejected,No availability
A10100,L10100,2026-08-22,Rejected,Commute
A10101,L10101,2026-08-12,Rejected,Room type
A10102,L10102,2026-08-19,Modified,Inventory
A10103,L10103,2026-08-02,Rejected,Property preference
A10105,L10105,2026-08-12,Accepted,Recommendation fit
A10106,L10106,2026-08-17,Rejected,Room type
A10109,L10109,2026-08-18,Rejected,Other
A10110,L10110,2026-08-01,Rejected,Changed plans
A10112,L10112,2026-08-27,Rejected,Recommendation fit
A10114,L10114,2026-08-25,Rejected,Changed plans
A10116,L10116,2026-08-26,Rejected,Inventory
A10117,L10117,2026-08-17,Rejected,Sales judgment
A10118,L10118,2026-08-20,Rejected,Room type
A10121,L10121,2026-08-22,Rejected,Room type
A10122,L10122,2026-07-28,Rejected,Price
A10124,L10124,2026-08-19,Rejected,Room type
A10130,L10130,2026-08-16,Modified,Inventory
A10137,L10137,2026-08-26,Modified,Other
A10140,L10140,2026-08-21,Rejected,Other
A10141,L10141,2026-08-19,Rejected,Price
A10142,L10142,2026-08-22,Rejected,No availability
A10146,L10146,2026-08-25,Rejected,Other
A10147,L10147,2026-07-30,Rejected,Room type
A10148,L10148,2026-08-27,Rejected,Price
A10149,L10149,2026-08-21,Rejected,Other
A10151,L10151,2026-08-13,Accepted,Sales judgment
A10152,L10152,2026-08-10,Rejected,Other
A10158,L10158,2026-08-13,Rejected,Changed plans
A10159,L10159,2026-08-01,Rejected,Delayed follow-up
A10161,L10161,2026-08-21,Modified,Inventory
A10163,L10163,2026-07-29,Rejected,Commute
A10167,L10167,2026-08-03,Rejected,Delayed follow-up
A10171,L10171,2026-08-19,Rejected,Pricing
A10179,L10179,2026-08-24,Accepted,Recommendation fit
A10181,L10181,2026-08-11,Rejected,Property preference
A10184,L10184,2026-07-29,Rejected,Room type
A10192,L10192,2026-08-26,Rejected,Sales judgment
A10194,L10194,2026-08-12,Modified,Pricing
A10200,L10200,2026-07-31,Rejected,Property preference
A10201,L10201,2026-08-10,Rejected,Other
A10202,L10202,2026-08-12,Rejected,Price
A10203,L10203,2026-08-24,Rejected,Pricing
A10204,L10204,2026-08-25,Accepted,Sales judgment
A10205,L10205,2026-08-24,Accepted,Pricing
A10209,L10209,2026-08-06,Rejected,Commute
A10210,L10210,2026-08-22,Rejected,Sales judgment
A10211,L10211,2026-08-27,Accepted,Other
A10212,L10212,2026-08-17,Rejected,Other
A10214,L10214,2026-08-12,Modified,Sales judgment
A10215,L10215,2026-08-16,Rejected,Sales judgment
A10216,L10216,2026-08-23,Modified,Inventory
A10217,L10217,2026-07-30,Rejected,No availability
A10219,L10219,2026-08-13,Modified,Recommendation fit
A10223,L10223,2026-08-16,Rejected,Price
A10225,L10225,2026-08-12,Accepted,Inventory
A10228,L10228,2026-08-13,Rejected,Changed plans
A10229,L10229,2026-08-18,Rejected,Price
A10235,L10235,2026-08-11,Rejected,Property preference
A10238,L10238,2026-08-15,Rejected,Property preference
A10239,L10239,2026-08-27,Rejected,No availability
A10253,L10253,2026-08-22,Rejected,Commute
A10254,L10254,2026-08-21,Modified,Resident preference
A10258,L10258,2026-08-24,Modified,Sales judgment
A10259,L10259,2026-08-16,Accepted,Pricing
A10261,L10261,2026-08-24,Rejected,Room type
A10263,L10263,2026-08-19,Modified,Sales judgment
A10264,L10264,2026-08-26,Rejected,No availability
A10266,L10266,2026-08-02,Rejected,Commute
A10267,L10267,2026-08-05,Rejected,Delayed follow-up
A10268,L10268,2026-08-22,Accepted,Resident preference
A10270,L10270,2026-08-13,Accepted,Recommendation fit
A10271,L10271,2026-08-17,Modified,Resident preference
A10272,L10272,2026-07-31,Rejected,Property preference
A10274,L10274,2026-08-04,Rejected,No availability
A10280,L10280,2026-08-27,Rejected,Commute
A10281,L10281,2026-08-18,Accepted,Recommendation fit
A10282,L10282,2026-08-23,Rejected,Recommendation fit
A10286,L10286,2026-08-19,Rejected,Changed plans
A10287,L10287,2026-08-25,Rejected,Other
A10288,L10288,2026-08-06,Rejected,Price
A10290,L10290,2026-08-01,Rejected,Commute
A10291,L10291,2026-08-22,Accepted,Sales judgment
A10295,L10295,2026-08-14,Rejected,Room type
A10296,L10296,2026-08-20,Accepted,Other
A10299,L10299,2026-08-24,Rejected,Room type
A10300,L10300,2026-07-30,Rejected,Commute
A10303,L10303,2026-07-29,Rejected,Commute
A10304,L10304,2026-08-19,Accepted,Recommendation fit
A10305,L10305,2026-08-12,Rejected,Price
A10311,L10311,2026-08-23,Rejected,Sales judgment
A10312,L10312,2026-08-04,Rejected,Property preference
A10316,L10316,2026-08-27,Accepted,Other
A10317,L10317,2026-08-22,Accepted,Resident preference
A10318,L10318,2026-08-05,Rejected,Room type
A10319,L10319,2026-08-23,Rejected,Property preference
A10323,L10323,2026-08-04,Rejected,Price
A10325,L10325,2026-08-08,Rejected,Room type
A10331,L10331,2026-08-19,Modified,Pricing
A10334,L10334,2026-08-05,Rejected,Room type
A10338,L10338,2026-08-16,Rejected,Commute
A10339,L10339,2026-08-22,Rejected,Other
A10344,L10344,2026-08-02,Rejected,Other
A10350,L10350,2026-08-17,Accepted,Pricing
A10351,L10351,2026-08-21,Rejected,Other
A10353,L10353,2026-08-15,Modified,Recommendation fit
A10355,L10355,2026-07-31,Rejected,Commute
A10356,L10356,2026-08-20,Accepted,Sales judgment
A10358,L10358,2026-08-18,Rejected,Changed plans
A10359,L10359,2026-07-28,Rejected,Delayed follow-up
A10360,L10360,2026-08-18,Rejected,Changed plans
A10361,L10361,2026-08-07,Rejected,Changed plans
A10362,L10362,2026-08-18,Rejected,Property preference
A10363,L10363,2026-08-20,Rejected,Price
A10365,L10365,2026-08-09,Rejected,Room type
A10369,L10369,2026-08-17,Rejected,Changed plans
A10370,L10370,2026-08-27,Accepted,Pricing
A10372,L10372,2026-08-14,Rejected,Price
A10373,L10373,2026-08-10,Rejected,Other
A10377,L10377,2026-07-31,Rejected,Commute
A10379,L10379,2026-08-12,Modified,Other
A10383,L10383,2026-08-24,Rejected,Sales judgment
A10388,L10388,2026-08-21,Rejected,Other
A10391,L10391,2026-08-27,Accepted,Inventory
A10393,L10393,2026-08-17,Rejected,Recommendation fit
A10394,L10394,2026-08-06,Rejected,Delayed follow-up
A10395,L10395,2026-08-11,Rejected,No availability
A10400,L10400,2026-08-03,Rejected,No availability
A10401,L10401,2026-08-02,Rejected,No availability
A10402,L10402,2026-07-30,Rejected,Property preference
A10404,L10404,2026-08-20,Rejected,Commute
A10405,L10405,2026-08-20,Rejected,Recommendation fit
A10407,L10407,2026-08-09,Rejected,Delayed follow-up
A10410,L10410,2026-08-26,Rejected,Delayed follow-up
A10413,L10413,2026-08-13,Rejected,Other
A10415,L10415,2026-08-13,Rejected,Room type
A10416,L10416,2026-08-04,Rejected,Changed plans
A10417,L10417,2026-08-21,Rejected,Recommendation fit
A10418,L10418,2026-08-16,Rejected,Property preference
A10423,L10423,2026-08-16,Rejected,Sales judgment
A10426,L10426,2026-08-19,Accepted,Sales judgment
A10429,L10429,2026-08-12,Rejected,Commute
A10430,L10430,2026-08-14,Rejected,Resident preference
A10432,L10432,2026-08-17,Modified,Pricing
A10434,L10434,2026-07-30,Rejected,Commute
A10435,L10435,2026-08-08,Rejected,Property preference
A10436,L10436,2026-08-16,Rejected,Resident preference
A10442,L10442,2026-08-02,Rejected,Other
A10443,L10443,2026-08-07,Rejected,Room type
A10445,L10445,2026-08-15,Rejected,Sales judgment
A10453,L10453,2026-08-20,Rejected,No availability
A10455,L10455,2026-08-18,Rejected,Recommendation fit
A10457,L10457,2026-08-02,Rejected,No availability
A10460,L10460,2026-08-25,Rejected,Inventory
A10461,L10461,2026-08-18,Rejected,Room type
A10463,L10463,2026-08-26,Accepted,Sales judgment
A10465,L10465,2026-08-23,Modified,Inventory
A10466,L10466,2026-08-18,Modified,Other
A10472,L10472,2026-08-01,Rejected,Delayed follow-up
A10474,L10474,2026-08-14,Rejected,Changed plans
A10475,L10475,2026-08-21,Modified,Resident preference
A10476,L10476,2026-08-13,Modified,Pricing
A10477,L10477,2026-08-22,Rejected,Room type
A10478,L10478,2026-08-15,Rejected,Sales judgment
A10479,L10479,2026-08-19,Rejected,Delayed follow-up
A10482,L10482,2026-08-20,Accepted,Recommendation fit
A10484,L10484,2026-08-19,Rejected,Changed plans
A10485,L10485,2026-08-27,Accepted,Resident preference
A10489,L10489,2026-08-24,Accepted,Sales judgment
A10491,L10491,2026-08-02,Rejected,Commute
A10497,L10497,2026-07-31,Rejected,Property preference
A10499,L10499,2026-08-19,Rejected,Delayed follow-up
A10500,L10500,2026-08-04,Rejected,Property preference
A10502,L10502,2026-08-09,Rejected,Delayed follow-up
A10507,L10507,2026-08-25,Rejected,Changed plans
A10510,L10510,2026-08-11,Rejected,Delayed follow-up
A10512,L10512,2026-08-21,Modified,Resident preference
A10513,L10513,2026-08-16,Rejected,Pricing
A10514,L10514,2026-08-03,Rejected,Room type
A10516,L10516,2026-08-08,Rejected,Room type
A10517,L10517,2026-08-24,Rejected,Changed plans
A10518,L10518,2026-07-31,Rejected,Price
A10520,L10520,2026-08-12,Rejected,Property preference
A10521,L10521,2026-08-24,Rejected,Sales judgment
A10524,L10524,2026-08-22,Rejected,Price
A10527,L10527,2026-07-29,Rejected,No availability
A10529,L10529,2026-08-18,Rejected,Room type
A10530,L10530,2026-07-31,Rejected,Price
A10531,L10531,2026-07-30,Rejected,Room type
A10532,L10532,2026-08-24,Accepted,Pricing
A10533,L10533,2026-08-08,Rejected,Room type
A10535,L10535,2026-08-15,Rejected,Property preference
A10537,L10537,2026-08-21,Rejected,No availability
A10539,L10539,2026-08-06,Rejected,Delayed follow-up
A10543,L10543,2026-08-25,Accepted,Recommendation fit
A10544,L10544,2026-08-23,Rejected,Inventory
A10546,L10546,2026-08-27,Rejected,Commute
A10550,L10550,2026-08-17,Rejected,Changed plans
A10552,L10552,2026-08-24,Modified,Other
A10553,L10553,2026-08-18,Modified,Sales judgment
A10559,L10559,2026-08-15,Rejected,Property preference
A10564,L10564,2026-08-16,Modified,Resident preference
A10565,L10565,2026-08-12,Rejected,No availability
A10568,L10568,2026-08-16,Rejected,No availability
A10570,L10570,2026-08-16,Rejected,Other
A10572,L10572,2026-08-12,Accepted,Inventory
A10573,L10573,2026-08-25,Rejected,Price
A10574,L10574,2026-08-13,Rejected,Room type
A10577,L10577,2026-08-19,Modified,Pricing
A10578,L10578,2026-08-11,Rejected,Delayed follow-up
A10583,L10583,2026-08-02,Rejected,Delayed follow-up
A10584,L10584,2026-08-15,Rejected,Pricing
A10586,L10586,2026-08-22,Accepted,Inventory
A10589,L10589,2026-08-21,Rejected,Price
A10590,L10590,2026-08-21,Rejected,Room type
A10591,L10591,2026-08-13,Rejected,Sales judgment
A10594,L10594,2026-08-18,Rejected,Delayed follow-up
A10595,L10595,2026-08-20,Rejected,Room type
A10596,L10596,2026-08-08,Rejected,Price
A10597,L10597,2026-08-15,Accepted,Resident preference
A10600,L10600,2026-08-17,Rejected,Delayed follow-up
A10601,L10601,2026-08-09,Rejected,No availability
A10603,L10603,2026-08-18,Rejected,Changed plans
A10607,L10607,2026-08-21,Rejected,Commute
A10608,L10608,2026-08-16,Rejected,Property preference
A10611,L10611,2026-08-26,Rejected,Changed plans
A10612,L10612,2026-08-01,Rejected,Delayed follow-up
A10615,L10615,2026-08-18,Rejected,Commute
A10617,L10617,2026-08-21,Modified,Resident preference
A10618,L10618,2026-08-21,Modified,Other
A10619,L10619,2026-07-28,Rejected,Changed plans
A10620,L10620,2026-08-14,Accepted,Sales judgment
A10621,L10621,2026-08-26,Modified,Inventory
A10622,L10622,2026-08-27,Rejected,Property preference
A10623,L10623,2026-08-24,Accepted,Sales judgment
A10624,L10624,2026-08-27,Rejected,No availability
A10625,L10625,2026-08-16,Rejected,Room type
A10628,L10628,2026-08-12,Rejected,Room type
A10629,L10629,2026-08-16,Rejected,Commute
A10630,L10630,2026-08-27,Modified,Sales judgment
A10631,L10631,2026-08-27,Modified,Resident preference
A10632,L10632,2026-08-15,Modified,Sales judgment
A10636,L10636,2026-08-09,Rejected,Property preference
A10640,L10640,2026-07-29,Rejected,No availability
A10641,L10641,2026-08-25,Accepted,Inventory
A10646,L10646,2026-08-20,Rejected,Room type
A10647,L10647,2026-08-04,Rejected,Changed plans
A10649,L10649,2026-08-25,Accepted,Inventory
A10650,L10650,2026-08-18,Modified,Pricing
A10651,L10651,2026-08-26,Modified,Other
A10652,L10652,2026-08-22,Modified,Inventory
A10653,L10653,2026-08-12,Rejected,Recommendation fit
A10654,L10654,2026-08-23,Rejected,Delayed follow-up
A10655,L10655,2026-08-22,Rejected,Price
A10657,L10657,2026-08-20,Accepted,Recommendation fit
A10659,L10659,2026-08-06,Rejected,Delayed follow-up
A10660,L10660,2026-08-19,Rejected,Commute
A10665,L10665,2026-07-28,Rejected,Other
A10666,L10666,2026-08-10,Rejected,Changed plans
A10668,L10668,2026-08-19,Rejected,Property preference
A10670,L10670,2026-08-21,Rejected,Pricing
A10672,L10672,2026-08-12,Accepted,Pricing
A10674,L10674,2026-08-21,Rejected,Other
A10675,L10675,2026-08-22,Rejected,Property preference
A10677,L10677,2026-08-25,Rejected,Delayed follow-up
A10678,L10678,2026-08-15,Rejected,Room type
A10679,L10679,2026-08-11,Rejected,No availability
A10681,L10681,2026-08-13,Accepted,Resident preference
A10684,L10684,2026-08-23,Accepted,Pricing
A10685,L10685,2026-08-07,Rejected,Property preference
A10688,L10688,2026-08-05,Rejected,Other
A10690,L10690,2026-08-10,Rejected,No availability
A10691,L10691,2026-08-12,Rejected,Resident preference
A10692,L10692,2026-08-12,Rejected,Property preference
A10693,L10693,2026-08-08,Rejected,Price
A10696,L10696,2026-08-19,Rejected,Commute
A10697,L10697,2026-08-21,Rejected,Property preference
A10698,L10698,2026-08-12,Modified,Inventory
A10700,L10700,2026-07-31,Rejected,No availability
A10704,L10704,2026-08-11,Rejected,Price
A10706,L10706,2026-08-01,Rejected,Property preference
A10711,L10711,2026-08-01,Rejected,Commute
A10714,L10714,2026-08-24,Modified,Other
A10716,L10716,2026-08-25,Rejected,Price
A10717,L10717,2026-07-28,Rejected,Commute
A10721,L10721,2026-08-24,Rejected,Recommendation fit
A10722,L10722,2026-08-14,Rejected,Other
A10725,L10725,2026-08-20,Accepted,Sales judgment
A10727,L10727,2026-08-26,Rejected,Other
A10729,L10729,2026-08-22,Accepted,Resident preference
A10731,L10731,2026-08-19,Modified,Sales judgment
A10735,L10735,2026-08-23,Modified,Sales judgment
A10737,L10737,2026-08-25,Modified,Other
A10741,L10741,2026-08-27,Accepted,Resident preference
A10742,L10742,2026-08-14,Rejected,Changed plans
A10743,L10743,2026-08-16,Accepted,Sales judgment
A10744,L10744,2026-08-07,Rejected,Room type
A10745,L10745,2026-08-18,Rejected,Resident preference
A10747,L10747,2026-08-18,Rejected,Other
A10748,L10748,2026-08-24,Rejected,Property preference
A10749,L10749,2026-08-11,Rejected,Price
A10750,L10750,2026-08-13,Accepted,Inventory
A10755,L10755,2026-08-17,Modified,Recommendation fit
A10757,L10757,2026-08-01,Rejected,Other
A10758,L10758,2026-07-29,Rejected,Commute
A10760,L10760,2026-08-11,Rejected,Room type
A10761,L10761,2026-08-25,Modified,Pricing
A10763,L10763,2026-08-14,Rejected,Price
A10764,L10764,2026-08-11,Rejected,Property preference
A10767,L10767,2026-08-23,Accepted,Other
A10769,L10769,2026-08-12,Modified,Inventory
A10770,L10770,2026-08-15,Accepted,Pricing
A10772,L10772,2026-08-16,Accepted,Recommendation fit
A10776,L10776,2026-08-20,Modified,Sales judgment
A10778,L10778,2026-08-12,Rejected,Inventory
A10781,L10781,2026-08-12,Rejected,Resident preference
A10783,L10783,2026-08-09,Rejected,Price
A10784,L10784,2026-08-24,Accepted,Other
A10786,L10786,2026-08-20,Rejected,Property preference
A10789,L10789,2026-08-03,Rejected,Price
A10790,L10790,2026-08-18,Rejected,Other
A10791,L10791,2026-08-18,Rejected,Commute
A10793,L10793,2026-08-11,Rejected,Price
A10795,L10795,2026-08-10,Rejected,Property preference
A10797,L10797,2026-07-28,Rejected,Other
A10798,L10798,2026-07-29,Rejected,Commute
A10800,L10800,2026-07-30,Rejected,Other
A10805,L10805,2026-08-23,Rejected,Changed plans
A10807,L10807,2026-08-20,Modified,Sales judgment
A10809,L10809,2026-08-16,Rejected,Other
A10812,L10812,2026-08-20,Modified,Pricing
A10814,L10814,2026-08-13,Rejected,Price
A10816,L10816,2026-08-15,Rejected,Other
A10817,L10817,2026-08-18,Rejected,No availability
A10821,L10821,2026-08-12,Accepted,Other
A10824,L10824,2026-08-11,Rejected,Room type
A10825,L10825,2026-08-24,Rejected,Delayed follow-up
A10830,L10830,2026-08-20,Rejected,Price
A10832,L10832,2026-08-14,Accepted,Resident preference
A10833,L10833,2026-07-29,Rejected,No availability
A10834,L10834,2026-08-24,Modified,Inventory
A10839,L10839,2026-08-15,Rejected,Changed plans
A10842,L10842,2026-08-21,Rejected,Commute
A10845,L10845,2026-08-14,Rejected,Commute
A10846,L10846,2026-08-13,Rejected,Property preference
A10847,L10847,2026-08-12,Accepted,Resident preference
A10848,L10848,2026-08-05,Rejected,Price
A10849,L10849,2026-08-17,Accepted,Other
A10850,L10850,2026-08-09,Rejected,Property preference
A10852,L10852,2026-08-26,Modified,Pricing
A10854,L10854,2026-08-05,Rejected,Delayed follow-up
A10856,L10856,2026-08-15,Rejected,Property preference
A10860,L10860,2026-08-24,Modified,Recommendation fit
A10862,L10862,2026-08-01,Rejected,Room type
A10863,L10863,2026-08-18,Accepted,Other
A10865,L10865,2026-08-07,Rejected,Commute
A10871,L10871,2026-08-16,Accepted,Sales judgment
A10878,L10878,2026-08-18,Rejected,Room type
A10880,L10880,2026-08-21,Modified,Inventory
A10882,L10882,2026-08-03,Rejected,Delayed follow-up
A10884,L10884,2026-08-05,Rejected,Delayed follow-up
A10885,L10885,2026-08-08,Rejected,Property preference
A10886,L10886,2026-08-05,Rejected,Room type
A10887,L10887,2026-08-27,Modified,Inventory
A10891,L10891,2026-08-06,Rejected,Commute
A10895,L10895,2026-08-13,Rejected,Pricing
A10897,L10897,2026-07-29,Rejected,Property preference
A10898,L10898,2026-08-02,Rejected,Room type
A10899,L10899,2026-08-13,Accepted,Recommendation fit
A10900,L10900,2026-08-21,Rejected,Pricing
A10901,L10901,2026-08-15,Modified,Other
A10904,L10904,2026-08-19,Rejected,Price
A10905,L10905,2026-08-17,Modified,Pricing
A10906,L10906,2026-08-12,Rejected,Other
A10911,L10911,2026-08-19,Rejected,Pricing
A10913,L10913,2026-08-16,Rejected,Recommendation fit
A10915,L10915,2026-08-25,Rejected,Sales judgment
A10916,L10916,2026-08-26,Rejected,Price
A10917,L10917,2026-08-11,Rejected,Room type
A10918,L10918,2026-08-20,Rejected,No availability
A10923,L10923,2026-08-26,Rejected,Room type
A10926,L10926,2026-08-16,Accepted,Pricing
A10927,L10927,2026-08-25,Accepted,Other
A10929,L10929,2026-08-10,Rejected,Delayed follow-up
A10931,L10931,2026-08-20,Accepted,Sales judgment
A10932,L10932,2026-08-24,Modified,Resident preference
A10934,L10934,2026-08-13,Modified,Resident preference
A10938,L10938,2026-08-19,Rejected,Property preference
A10939,L10939,2026-08-22,Rejected,Changed plans
A10943,L10943,2026-08-15,Rejected,Room type
A10946,L10946,2026-07-30,Rejected,Commute
A10947,L10947,2026-08-23,Modified,Other
A10952,L10952,2026-08-06,Rejected,Price
A10953,L10953,2026-08-13,Accepted,Recommendation fit
A10954,L10954,2026-08-14,Rejected,Changed plans
A10955,L10955,2026-08-13,Modified,Inventory
A10956,L10956,2026-08-14,Accepted,Inventory
A10960,L10960,2026-08-17,Rejected,Commute
A10963,L10963,2026-08-03,Rejected,Commute
A10968,L10968,2026-08-23,Rejected,Room type
A10972,L10972,2026-08-27,Rejected,Delayed follow-up
A10974,L10974,2026-08-19,Accepted,Other
A10975,L10975,2026-08-17,Rejected,Property preference
A10978,L10978,2026-08-23,Rejected,Other
A10980,L10980,2026-08-01,Rejected,Room type
A10981,L10981,2026-08-01,Rejected,Price
A10982,L10982,2026-08-19,Modified,Pricing
A10985,L10985,2026-08-21,Accepted,Resident preference
A10986,L10986,2026-08-13,Modified,Recommendation fit
A10989,L10989,2026-08-17,Rejected,Delayed follow-up
A10992,L10992,2026-08-19,Modified,Pricing
A10994,L10994,2026-07-29,Rejected,Commute
A10998,L10998,2026-07-30,Rejected,Price
A11001,L11001,2026-08-25,Modified,Other
A11002,L11002,2026-07-31,Rejected,Changed plans
A11007,L11007,2026-08-07,Rejected,Room type
A11008,L11008,2026-07-30,Rejected,Commute
A11014,L11014,2026-07-28,Rejected,Other
A11018,L11018,2026-08-21,Accepted,Inventory
A11021,L11021,2026-08-14,Rejected,Inventory
A11024,L11024,2026-08-15,Modified,Pricing
A11025,L11025,2026-08-22,Rejected,Recommendation fit
A11026,L11026,2026-08-16,Rejected,Delayed follow-up
A11028,L11028,2026-08-18,Accepted,Other
A11031,L11031,2026-08-23,Rejected,Delayed follow-up
A11036,L11036,2026-08-24,Accepted,Other
A11040,L11040,2026-08-15,Modified,Recommendation fit
A11042,L11042,2026-08-14,Rejected,Inventory
A11044,L11044,2026-08-03,Rejected,No availability
A11046,L11046,2026-08-21,Accepted,Sales judgment
A11047,L11047,2026-08-01,Rejected,Delayed follow-up
A11050,L11050,2026-07-31,Rejected,Room type
A11051,L11051,2026-08-19,Rejected,No availability
A11057,L11057,2026-08-15,Rejected,Changed plans
A11058,L11058,2026-08-23,Accepted,Inventory
A11066,L11066,2026-08-17,Modified,Pricing
A11071,L11071,2026-08-20,Modified,Pricing
A11072,L11072,2026-08-24,Rejected,Room type
A11075,L11075,2026-08-27,Modified,Resident preference
A11076,L11076,2026-08-22,Accepted,Other
A11079,L11079,2026-08-17,Rejected,Price
A11081,L11081,2026-08-01,Rejected,No availability
A11083,L11083,2026-08-08,Rejected,Other
A11092,L11092,2026-08-10,Rejected,No availability
A11095,L11095,2026-08-09,Rejected,Room type
A11098,L11098,2026-08-23,Rejected,Commute
A11100,L11100,2026-08-11,Rejected,Delayed follow-up
A11101,L11101,2026-08-17,Modified,Sales judgment
A11102,L11102,2026-08-12,Rejected,Price
A11106,L11106,2026-08-12,Accepted,Pricing
A11109,L11109,2026-08-05,Rejected,Property preference
A11110,L11110,2026-08-22,Rejected,Sales judgment
A11111,L11111,2026-08-02,Rejected,Delayed follow-up
A11117,L11117,2026-08-19,Rejected,Changed plans
A11118,L11118,2026-08-25,Modified,Inventory
A11120,L11120,2026-08-13,Rejected,Other
A11125,L11125,2026-08-20,Rejected,Sales judgment
A11128,L11128,2026-08-08,Rejected,Commute
A11132,L11132,2026-08-21,Rejected,Pricing
A11133,L11133,2026-08-21,Rejected,Property preference
A11135,L11135,2026-08-20,Accepted,Recommendation fit
A11137,L11137,2026-08-16,Rejected,Recommendation fit
A11140,L11140,2026-08-13,Rejected,Other
A11141,L11141,2026-08-08,Rejected,Room type
A11143,L11143,2026-08-13,Rejected,Property preference
A11146,L11146,2026-08-03,Rejected,Other
A11150,L11150,2026-08-14,Rejected,Other
A11151,L11151,2026-08-18,Modified,Recommendation fit
A11153,L11153,2026-08-13,Modified,Sales judgment
A11163,L11163,2026-08-13,Modified,Recommendation fit
A11164,L11164,2026-08-19,Rejected,Changed plans
A11168,L11168,2026-07-28,Rejected,Changed plans
A11169,L11169,2026-08-09,Rejected,Room type
A11170,L11170,2026-08-19,Rejected,Price
A11171,L11171,2026-07-30,Rejected,Property preference
A11174,L11174,2026-08-19,Accepted,Recommendation fit
A11182,L11182,2026-08-15,Rejected,Other
A11184,L11184,2026-08-15,Rejected,Room type
A11185,L11185,2026-08-11,Rejected,Commute
A11188,L11188,2026-08-24,Modified,Other
A11189,L11189,2026-08-11,Rejected,Changed plans
A11190,L11190,2026-08-23,Rejected,Room type
A11191,L11191,2026-08-15,Modified,Resident preference
A11192,L11192,2026-08-18,Accepted,Sales judgment
A11197,L11197,2026-08-03,Rejected,Price
A11198,L11198,2026-08-21,Modified,Resident preference
A11203,L11203,2026-07-31,Rejected,Other
A11204,L11204,2026-08-12,Modified,Other
A11205,L11205,2026-08-19,Accepted,Recommendation fit
A11207,L11207,2026-08-25,Rejected,Resident preference
A11208,L11208,2026-08-05,Rejected,Price
A11213,L11213,2026-08-09,Rejected,Delayed follow-up
A11221,L11221,2026-08-21,Accepted,Resident preference
A11223,L11223,2026-08-13,Rejected,Commute
A11230,L11230,2026-08-09,Rejected,Property preference
A11231,L11231,2026-08-03,Rejected,Room type
A11235,L11235,2026-08-13,Rejected,Resident preference
A11240,L11240,2026-08-17,Modified,Other
A11243,L11243,2026-08-09,Rejected,No availability
A11247,L11247,2026-08-09,Rejected,Other
A11248,L11248,2026-08-13,Modified,Resident preference
A11249,L11249,2026-08-26,Modified,Resident preference
A11251,L11251,2026-08-16,Modified,Inventory
A11253,L11253,2026-08-15,Accepted,Inventory
A11254,L11254,2026-08-10,Rejected,Commute
A11257,L11257,2026-08-20,Accepted,Pricing
A11258,L11258,2026-08-13,Rejected,Changed plans
A11264,L11264,2026-08-01,Rejected,Changed plans
A11265,L11265,2026-08-23,Accepted,Recommendation fit
A11278,L11278,2026-08-22,Rejected,Property preference
A11282,L11282,2026-08-27,Rejected,Price
A11283,L11283,2026-08-19,Modified,Resident preference
A11284,L11284,2026-08-26,Rejected,Property preference
A11285,L11285,2026-08-11,Rejected,Delayed follow-up
A11286,L11286,2026-08-01,Rejected,Delayed follow-up
A11287,L11287,2026-08-21,Accepted,Resident preference
A11290,L11290,2026-08-20,Accepted,Inventory
A11291,L11291,2026-08-26,Rejected,Other
A11293,L11293,2026-08-01,Rejected,Price
A11296,L11296,2026-07-31,Rejected,Price
A11301,L11301,2026-08-12,Accepted,Pricing
A11302,L11302,2026-08-10,Rejected,Changed plans
A11303,L11303,2026-08-07,Rejected,Price
A11304,L11304,2026-08-26,Rejected,Changed plans
A11306,L11306,2026-08-04,Rejected,Room type
A11307,L11307,2026-07-29,Rejected,Price
A11308,L11308,2026-08-21,Accepted,Pricing
A11309,L11309,2026-08-18,Rejected,Inventory
A11313,L11313,2026-08-20,Modified,Sales judgment
A11315,L11315,2026-08-27,Rejected,Sales judgment
A11318,L11318,2026-08-09,Rejected,Room type
A11320,L11320,2026-08-20,Accepted,Recommendation fit
A11321,L11321,2026-08-25,Rejected,Resident preference
A11322,L11322,2026-07-31,Rejected,Changed plans
A11327,L11327,2026-08-27,Rejected,Room type
A11328,L11328,2026-08-18,Modified,Inventory
A11329,L11329,2026-08-02,Rejected,Price
A11333,L11333,2026-08-23,Rejected,Room type
A11337,L11337,2026-08-25,Accepted,Inventory
A11338,L11338,2026-08-12,Modified,Inventory
A11340,L11340,2026-08-09,Rejected,Price
A11342,L11342,2026-07-31,Rejected,Delayed follow-up
A11345,L11345,2026-08-10,Rejected,Changed plans
A11346,L11346,2026-08-20,Modified,Inventory
A11349,L11349,2026-08-22,Rejected,Other
A11352,L11352,2026-08-13,Rejected,No availability
A11357,L11357,2026-08-17,Rejected,Delayed follow-up
A11359,L11359,2026-07-31,Rejected,Property preference
A11360,L11360,2026-07-29,Rejected,Commute
A11362,L11362,2026-08-13,Accepted,Resident preference
A11363,L11363,2026-08-15,Accepted,Sales judgment
A11365,L11365,2026-08-18,Rejected,Delayed follow-up
A11366,L11366,2026-08-26,Rejected,Recommendation fit
A11370,L11370,2026-08-20,Rejected,Delayed follow-up
A11371,L11371,2026-08-14,Accepted,Inventory
A11372,L11372,2026-08-06,Rejected,Commute
A11375,L11375,2026-08-14,Rejected,Sales judgment
A11376,L11376,2026-08-27,Rejected,Room type
A11378,L11378,2026-08-25,Rejected,No availability
A11381,L11381,2026-08-13,Rejected,Commute
A11385,L11385,2026-08-10,Rejected,Changed plans
A11387,L11387,2026-08-20,Rejected,No availability
A11392,L11392,2026-08-26,Rejected,Price
A11396,L11396,2026-08-21,Rejected,Sales judgment
A11397,L11397,2026-08-19,Rejected,Room type
A11399,L11399,2026-08-25,Rejected,Changed plans
A11402,L11402,2026-08-22,Rejected,Price
A11403,L11403,2026-08-23,Rejected,Property preference
A11406,L11406,2026-08-16,Rejected,Commute
A11408,L11408,2026-08-19,Rejected,Pricing
A11412,L11412,2026-08-21,Rejected,Price
A11416,L11416,2026-08-25,Rejected,Other
A11417,L11417,2026-08-15,Rejected,Delayed follow-up
A11420,L11420,2026-08-19,Modified,Pricing
A11421,L11421,2026-08-21,Rejected,Price
A11422,L11422,2026-08-12,Rejected,Delayed follow-up
A11426,L11426,2026-08-14,Modified,Other
A11427,L11427,2026-08-12,Modified,Pricing
A11429,L11429,2026-08-21,Accepted,Pricing
A11432,L11432,2026-08-13,Rejected,Price
A11434,L11434,2026-08-03,Rejected,Property preference
A11435,L11435,2026-08-19,Rejected,Recommendation fit
A11436,L11436,2026-08-16,Accepted,Resident preference
A11438,L11438,2026-08-09,Rejected,Delayed follow-up
A11439,L11439,2026-08-22,Modified,Recommendation fit
A11442,L11442,2026-08-20,Accepted,Inventory
A11446,L11446,2026-08-20,Rejected,Resident preference
A11452,L11452,2026-08-27,Accepted,Pricing
A11458,L11458,2026-08-13,Rejected,Delayed follow-up
A11459,L11459,2026-08-18,Rejected,Delayed follow-up
A11460,L11460,2026-07-28,Rejected,Commute
A11461,L11461,2026-08-14,Rejected,Other
A11462,L11462,2026-08-14,Rejected,Price
A11463,L11463,2026-08-23,Rejected,Delayed follow-up
A11465,L11465,2026-08-26,Rejected,Commute
A11468,L11468,2026-07-30,Rejected,Other
A11474,L11474,2026-08-26,Rejected,Recommendation fit
A11476,L11476,2026-07-29,Rejected,Property preference
A11478,L11478,2026-08-18,Rejected,Room type
A11481,L11481,2026-08-27,Rejected,Other
A11483,L11483,2026-08-23,Accepted,Inventory
A11486,L11486,2026-08-27,Modified,Inventory
A11489,L11489,2026-08-12,Rejected,Room type
A11491,L11491,2026-08-21,Modified,Pricing
A11494,L11494,2026-08-23,Rejected,Resident preference
A11496,L11496,2026-08-22,Accepted,Pricing
A11497,L11497,2026-08-15,Rejected,Other
A11499,L11499,2026-08-09,Rejected,Delayed follow-up
A11509,L11509,2026-08-26,Rejected,Price
A11511,L11511,2026-08-17,Rejected,No availability
A11516,L11516,2026-08-04,Rejected,Room type
A11517,L11517,2026-07-29,Rejected,Property preference
A11518,L11518,2026-08-23,Rejected,Resident preference
A11521,L11521,2026-08-01,Rejected,Delayed follow-up
A11523,L11523,2026-08-23,Accepted,Resident preference
A11524,L11524,2026-08-20,Rejected,Other
A11525,L11525,2026-08-08,Rejected,Room type
A11527,L11527,2026-08-21,Accepted,Inventory
A11528,L11528,2026-08-25,Rejected,Property preference
A11531,L11531,2026-08-14,Rejected,Other
A11534,L11534,2026-08-26,Rejected,Property preference
A11535,L11535,2026-08-27,Rejected,Price
A11537,L11537,2026-08-19,Rejected,Commute
A11539,L11539,2026-07-28,Rejected,Commute
A11540,L11540,2026-07-29,Rejected,Price
A11543,L11543,2026-08-07,Rejected,No availability
A11544,L11544,2026-08-04,Rejected,Delayed follow-up
A11545,L11545,2026-08-16,Rejected,Delayed follow-up
A11548,L11548,2026-07-30,Rejected,Property preference
A11549,L11549,2026-08-16,Rejected,Inventory
A11551,L11551,2026-08-20,Rejected,Inventory
A11554,L11554,2026-08-15,Rejected,Pricing
A11555,L11555,2026-08-06,Rejected,Room type
A11558,L11558,2026-08-13,Rejected,Room type
A11560,L11560,2026-08-15,Rejected,Delayed follow-up
A11561,L11561,2026-08-15,Accepted,Pricing
A11562,L11562,2026-08-24,Rejected,Recommendation fit
A11565,L11565,2026-08-22,Accepted,Resident preference
A11566,L11566,2026-08-23,Modified,Resident preference
A11568,L11568,2026-08-21,Accepted,Recommendation fit
A11569,L11569,2026-08-20,Rejected,Delayed follow-up
A11572,L11572,2026-08-19,Rejected,Pricing
A11576,L11576,2026-08-18,Rejected,Other
A11577,L11577,2026-08-20,Rejected,Changed plans
A11578,L11578,2026-08-13,Rejected,Delayed follow-up
A11581,L11581,2026-08-23,Modified,Inventory
A11582,L11582,2026-08-07,Rejected,Delayed follow-up
A11585,L11585,2026-08-16,Accepted,Inventory
A11586,L11586,2026-08-25,Accepted,Inventory
A11589,L11589,2026-08-11,Rejected,Changed plans
A11591,L11591,2026-08-19,Rejected,Inventory
A11592,L11592,2026-08-15,Rejected,Pricing
A11594,L11594,2026-07-28,Rejected,Property preference
A11595,L11595,2026-08-23,Rejected,Commute
A11596,L11596,2026-08-12,Accepted,Pricing
A11598,L11598,2026-08-14,Accepted,Recommendation fit
A11599,L11599,2026-08-17,Modified,Pricing
A11600,L11600,2026-08-07,Rejected,No availability
A11602,L11602,2026-08-12,Modified,Other
A11604,L11604,2026-08-25,Rejected,No availability
A11605,L11605,2026-07-30,Rejected,Price
A11606,L11606,2026-08-24,Modified,Resident preference
A11607,L11607,2026-08-16,Rejected,Sales judgment
A11609,L11609,2026-08-27,Rejected,Other
A11611,L11611,2026-08-25,Rejected,Other
A11612,L11612,2026-08-24,Rejected,Pricing
A11613,L11613,2026-08-07,Rejected,Changed plans
A11615,L11615,2026-08-12,Rejected,Commute
A11616,L11616,2026-07-28,Rejected,Delayed follow-up
A11617,L11617,2026-08-23,Rejected,Other
A11622,L11622,2026-08-07,Rejected,Price
A11625,L11625,2026-08-11,Rejected,Price
A11626,L11626,2026-08-19,Accepted,Resident preference
A11629,L11629,2026-08-15,Modified,Other
A11635,L11635,2026-08-07,Rejected,Delayed follow-up
A11637,L11637,2026-08-15,Modified,Resident preference
A11641,L11641,2026-08-14,Rejected,Commute
A11642,L11642,2026-08-09,Rejected,Room type
A11648,L11648,2026-08-04,Rejected,Changed plans
A11651,L11651,2026-08-20,Accepted,Pricing
A11653,L11653,2026-07-29,Rejected,Property preference
A11656,L11656,2026-07-30,Rejected,Changed plans
A11662,L11662,2026-08-26,Rejected,No availability
A11668,L11668,2026-08-17,Rejected,Commute
A11669,L11669,2026-08-19,Accepted,Recommendation fit
A11670,L11670,2026-08-24,Accepted,Inventory
A11674,L11674,2026-08-25,Rejected,Pricing
A11676,L11676,2026-08-04,Rejected,Price
A11678,L11678,2026-07-29,Rejected,Property preference
A11682,L11682,2026-08-09,Rejected,Changed plans
A11685,L11685,2026-08-27,Rejected,No availability
A11686,L11686,2026-08-08,Rejected,Delayed follow-up
A11687,L11687,2026-08-20,Rejected,Other
A11688,L11688,2026-08-19,Modified,Other
A11689,L11689,2026-08-27,Rejected,Room type
A11696,L11696,2026-08-10,Rejected,Delayed follow-up
A11698,L11698,2026-08-24,Modified,Resident preference
A11702,L11702,2026-08-24,Rejected,Delayed follow-up
A11704,L11704,2026-08-26,Rejected,Price
A11705,L11705,2026-08-19,Rejected,Delayed follow-up
A11706,L11706,2026-08-22,Modified,Recommendation fit
A11709,L11709,2026-08-21,Rejected,Inventory
A11710,L11710,2026-08-21,Accepted,Other
A11714,L11714,2026-08-25,Accepted,Pricing
A11716,L11716,2026-08-03,Rejected,No availability
A11717,L11717,2026-08-25,Rejected,Pricing
A11718,L11718,2026-08-27,Modified,Sales judgment
A11719,L11719,2026-08-22,Accepted,Resident preference
A11720,L11720,2026-08-16,Rejected,Sales judgment
A11722,L11722,2026-08-22,Rejected,Resident preference
A11725,L11725,2026-08-17,Rejected,Recommendation fit
A11726,L11726,2026-08-13,Accepted,Resident preference
A11729,L11729,2026-08-23,Rejected,Commute
A11730,L11730,2026-08-23,Rejected,Delayed follow-up
A11731,L11731,2026-08-24,Accepted,Pricing
A11733,L11733,2026-08-19,Rejected,No availability
A11736,L11736,2026-08-15,Accepted,Sales judgment
A11739,L11739,2026-08-08,Rejected,Room type
A11740,L11740,2026-08-22,Modified,Resident preference
A11743,L11743,2026-08-27,Rejected,Recommendation fit
A11744,L11744,2026-08-14,Rejected,Delayed follow-up
A11745,L11745,2026-08-12,Rejected,Changed plans
A11746,L11746,2026-08-15,Rejected,Other
A11747,L11747,2026-08-17,Modified,Recommendation fit
A11750,L11750,2026-08-11,Rejected,Changed plans
A11755,L11755,2026-08-17,Accepted,Inventory
A11756,L11756,2026-08-03,Rejected,Changed plans
A11760,L11760,2026-07-31,Rejected,Price
A11761,L11761,2026-08-20,Modified,Recommendation fit
A11762,L11762,2026-08-27,Rejected,Property preference
A11763,L11763,2026-07-29,Rejected,Delayed follow-up
A11764,L11764,2026-07-28,Rejected,Changed plans
A11766,L11766,2026-08-23,Rejected,Commute
A11770,L11770,2026-08-16,Rejected,Commute
A11773,L11773,2026-08-06,Rejected,Price
A11774,L11774,2026-08-02,Rejected,Commute
A11776,L11776,2026-08-16,Rejected,Commute
A11781,L11781,2026-08-22,Accepted,Resident preference
A11783,L11783,2026-08-03,Rejected,Other
A11784,L11784,2026-07-28,Rejected,Room type
A11785,L11785,2026-08-01,Rejected,Delayed follow-up
A11786,L11786,2026-08-13,Rejected,Recommendation fit
A11788,L11788,2026-08-14,Rejected,Room type
A11791,L11791,2026-08-20,Accepted,Other
A11792,L11792,2026-08-13,Rejected,Recommendation fit
A11793,L11793,2026-07-29,Rejected,Price
A11794,L11794,2026-08-25,Modified,Pricing
A11796,L11796,2026-08-07,Rejected,No availability
A11799,L11799,2026-08-21,Modified,Resident preference
A11803,L11803,2026-08-19,Rejected,Pricing
A11805,L11805,2026-08-24,Modified,Inventory
A11808,L11808,2026-08-27,Rejected,No availability
A11809,L11809,2026-08-10,Rejected,Delayed follow-up
A11812,L11812,2026-08-16,Rejected,Commute
A11813,L11813,2026-08-12,Rejected,Property preference
A11819,L11819,2026-08-09,Rejected,Commute
A11822,L11822,2026-08-15,Accepted,Sales judgment
A11823,L11823,2026-08-23,Rejected,Pricing
A11824,L11824,2026-08-03,Rejected,Commute
A11826,L11826,2026-08-22,Rejected,Other
A11827,L11827,2026-07-28,Rejected,Commute
A11828,L11828,2026-08-18,Rejected,No availability
A11830,L11830,2026-08-12,Rejected,Price
A11831,L11831,2026-08-18,Rejected,Room type
A11838,L11838,2026-08-09,Rejected,Delayed follow-up
A11839,L11839,2026-08-19,Rejected,Pricing
A11844,L11844,2026-08-02,Rejected,Property preference
A11845,L11845,2026-08-25,Accepted,Other
A11847,L11847,2026-08-03,Rejected,Other
A11848,L11848,2026-08-27,Rejected,Price
A11851,L11851,2026-08-13,Rejected,Other
A11853,L11853,2026-08-12,Rejected,Sales judgment
A11854,L11854,2026-08-21,Rejected,Pricing
A11857,L11857,2026-08-25,Rejected,Sales judgment
A11858,L11858,2026-08-25,Rejected,No availability
A11861,L11861,2026-08-20,Modified,Sales judgment
A11862,L11862,2026-08-11,Rejected,Room type
A11864,L11864,2026-08-04,Rejected,Room type
A11865,L11865,2026-08-21,Rejected,Commute
A11871,L11871,2026-08-20,Rejected,Room type
A11873,L11873,2026-08-27,Modified,Pricing
A11874,L11874,2026-08-12,Rejected,No availability
A11875,L11875,2026-08-08,Rejected,Price
A11876,L11876,2026-08-27,Rejected,Changed plans
A11880,L11880,2026-08-27,Rejected,Pricing
A11885,L11885,2026-08-03,Rejected,Room type
A11888,L11888,2026-07-29,Rejected,Delayed follow-up
A11890,L11890,2026-07-28,Rejected,Property preference
A11892,L11892,2026-08-21,Modified,Pricing
A11896,L11896,2026-08-21,Rejected,Room type
A11899,L11899,2026-08-17,Accepted,Resident preference
A11900,L11900,2026-08-13,Rejected,Changed plans
A11903,L11903,2026-07-31,Rejected,Room type
A11910,L11910,2026-08-07,Rejected,No availability
A11914,L11914,2026-08-26,Accepted,Pricing
A11915,L11915,2026-08-22,Modified,Other
A11918,L11918,2026-08-25,Rejected,Delayed follow-up
A11920,L11920,2026-08-08,Rejected,Changed plans
A11928,L11928,2026-08-14,Accepted,Sales judgment
A11929,L11929,2026-08-19,Rejected,Recommendation fit
A11930,L11930,2026-07-29,Rejected,Property preference
A11931,L11931,2026-08-13,Rejected,Property preference
A11934,L11934,2026-08-26,Accepted,Inventory
A11939,L11939,2026-08-21,Rejected,Room type
A11944,L11944,2026-08-26,Rejected,Other
A11945,L11945,2026-08-01,Rejected,Room type
A11946,L11946,2026-08-06,Rejected,Commute
A11949,L11949,2026-08-26,Modified,Inventory
A11951,L11951,2026-08-20,Modified,Resident preference
A11953,L11953,2026-08-09,Rejected,Other
A11954,L11954,2026-08-21,Rejected,Sales judgment
A11955,L11955,2026-08-13,Modified,Resident preference
A11958,L11958,2026-08-17,Accepted,Inventory
A11960,L11960,2026-08-18,Rejected,Other
A11961,L11961,2026-08-16,Rejected,Commute
A11962,L11962,2026-08-02,Rejected,Price
A11968,L11968,2026-08-20,Accepted,Resident preference
A11970,L11970,2026-08-01,Rejected,No availability
A11972,L11972,2026-08-15,Rejected,Commute
A11973,L11973,2026-08-09,Rejected,Commute
A11976,L11976,2026-08-25,Rejected,Other
A11977,L11977,2026-08-18,Rejected,Inventory
A11978,L11978,2026-08-17,Rejected,Other
A11980,L11980,2026-07-28,Rejected,Property preference
A11984,L11984,2026-08-13,Rejected,Commute
A11986,L11986,2026-08-17,Modified,Other
A11988,L11988,2026-08-26,Rejected,Room type
A11990,L11990,2026-08-04,Rejected,Delayed follow-up
A11992,L11992,2026-08-17,Rejected,No availability
A11993,L11993,2026-08-07,Rejected,Changed plans
A11994,L11994,2026-08-21,Rejected,Commute
A11995,L11995,2026-08-23,Modified,Recommendation fit
A11996,L11996,2026-08-24,Rejected,Room type
A11997,L11997,2026-07-31,Rejected,Room type
A12001,L12001,2026-07-30,Rejected,Property preference
A12004,L12004,2026-08-17,Rejected,Price
A12007,L12007,2026-08-27,Rejected,Other
A12009,L12009,2026-07-30,Rejected,Delayed follow-up
A12011,L12011,2026-07-29,Rejected,Property preference
A12013,L12013,2026-08-23,Rejected,Room type
A12015,L12015,2026-07-29,Rejected,Price
A12017,L12017,2026-07-29,Rejected,No availability
A12018,L12018,2026-08-17,Modified,Inventory
A12021,L12021,2026-08-27,Rejected,No availability
A12022,L12022,2026-08-02,Rejected,Commute
A12025,L12025,2026-08-20,Rejected,Changed plans
A12026,L12026,2026-08-13,Accepted,Inventory
A12028,L12028,2026-08-23,Rejected,Property preference
A12032,L12032,2026-08-19,Modified,Inventory
A12033,L12033,2026-08-25,Accepted,Pricing
A12035,L12035,2026-08-24,Rejected,Changed plans
A12036,L12036,2026-08-03,Rejected,Changed plans
A12037,L12037,2026-08-08,Rejected,No availability
A12043,L12043,2026-07-30,Rejected,Price
A12044,L12044,2026-07-28,Rejected,Delayed follow-up
A12047,L12047,2026-08-18,Rejected,Inventory
A12049,L12049,2026-08-17,Modified,Sales judgment
A12050,L12050,2026-08-20,Modified,Recommendation fit
A12051,L12051,2026-07-30,Rejected,Property preference
A12053,L12053,2026-08-27,Rejected,Commute
A12054,L12054,2026-08-19,Rejected,Commute
A12058,L12058,2026-08-23,Rejected,Price
A12062,L12062,2026-08-17,Accepted,Resident preference
A12064,L12064,2026-08-02,Rejected,Changed plans
A12065,L12065,2026-08-25,Accepted,Sales judgment
A12069,L12069,2026-08-05,Rejected,Delayed follow-up
A12081,L12081,2026-08-04,Rejected,Delayed follow-up
A12082,L12082,2026-08-12,Rejected,Recommendation fit
A12083,L12083,2026-08-15,Rejected,Price
A12084,L12084,2026-07-29,Rejected,Other
A12092,L12092,2026-08-13,Accepted,Resident preference
A12093,L12093,2026-08-06,Rejected,Delayed follow-up
A12094,L12094,2026-08-04,Rejected,Other
A12099,L12099,2026-08-26,Rejected,No availability
A12100,L12100,2026-07-31,Rejected,Delayed follow-up
A12102,L12102,2026-08-18,Rejected,Commute
A12105,L12105,2026-08-21,Modified,Sales judgment
A12106,L12106,2026-08-01,Rejected,Commute
A12107,L12107,2026-08-25,Rejected,No availability
A12111,L12111,2026-08-17,Rejected,Price
A12112,L12112,2026-08-22,Accepted,Sales judgment
A12113,L12113,2026-08-15,Rejected,Delayed follow-up
A12116,L12116,2026-08-05,Rejected,Commute
A12117,L12117,2026-08-02,Rejected,Other
A12120,L12120,2026-08-22,Rejected,Changed plans
A12123,L12123,2026-08-01,Rejected,Changed plans
A12125,L12125,2026-08-20,Accepted,Recommendation fit
A12130,L12130,2026-08-27,Accepted,Inventory
A12131,L12131,2026-08-15,Modified,Resident preference
A12133,L12133,2026-08-20,Accepted,Inventory
A12134,L12134,2026-07-31,Rejected,Room type
A12136,L12136,2026-08-13,Rejected,Delayed follow-up
A12139,L12139,2026-08-08,Rejected,Price
A12143,L12143,2026-08-19,Accepted,Resident preference
A12144,L12144,2026-08-20,Rejected,Commute
A12150,L12150,2026-08-26,Modified,Inventory
A12151,L12151,2026-08-14,Rejected,Commute
A12152,L12152,2026-08-19,Rejected,Resident preference
A12154,L12154,2026-08-15,Rejected,Commute
A12158,L12158,2026-08-25,Rejected,Commute
A12159,L12159,2026-07-28,Rejected,Price
A12160,L12160,2026-08-24,Modified,Pricing
A12163,L12163,2026-08-15,Rejected,Other
A12164,L12164,2026-08-23,Modified,Resident preference
A12167,L12167,2026-08-10,Rejected,Changed plans
A12168,L12168,2026-08-12,Rejected,No availability
A12169,L12169,2026-08-17,Accepted,Pricing
A12171,L12171,2026-08-24,Modified,Pricing
A12173,L12173,2026-08-23,Accepted,Recommendation fit
A12179,L12179,2026-08-21,Rejected,Recommendation fit
A12180,L12180,2026-08-16,Accepted,Recommendation fit
A12181,L12181,2026-08-22,Rejected,Price
A12182,L12182,2026-08-25,Modified,Recommendation fit
A12187,L12187,2026-08-17,Modified,Pricing
A12188,L12188,2026-08-05,Rejected,No availability
A12189,L12189,2026-08-07,Rejected,Property preference
A12194,L12194,2026-08-06,Rejected,No availability
A12195,L12195,2026-08-17,Rejected,Delayed follow-up
A12196,L12196,2026-07-28,Rejected,Price
A12199,L12199,2026-08-18,Accepted,Inventory
A12200,L12200,2026-08-10,Rejected,Changed plans
A12202,L12202,2026-08-11,Rejected,No availability
A12203,L12203,2026-08-14,Accepted,Recommendation fit
A12205,L12205,2026-08-20,Rejected,Other
A12206,L12206,2026-08-26,Modified,Other
A12208,L12208,2026-08-12,Modified,Pricing
A12209,L12209,2026-08-24,Accepted,Inventory
A12212,L12212,2026-08-02,Rejected,Delayed follow-up
A12213,L12213,2026-08-16,Rejected,Commute
A12214,L12214,2026-08-27,Accepted,Inventory
A12217,L12217,2026-08-14,Rejected,Price
A12219,L12219,2026-08-14,Modified,Other
A12222,L12222,2026-08-06,Rejected,Price
A12223,L12223,2026-08-22,Accepted,Inventory
A12224,L12224,2026-07-28,Rejected,Room type
A12225,L12225,2026-08-01,Rejected,No availability
A12226,L12226,2026-08-16,Rejected,Room type
A12227,L12227,2026-08-17,Rejected,Resident preference
A12232,L12232,2026-08-07,Rejected,Changed plans
A12233,L12233,2026-07-28,Rejected,Other
A12234,L12234,2026-07-30,Rejected,Other
A12239,L12239,2026-08-04,Rejected,Property preference
A12240,L12240,2026-08-26,Accepted,Inventory
A12241,L12241,2026-08-27,Rejected,Resident preference
A12243,L12243,2026-08-18,Rejected,Sales judgment
A12253,L12253,2026-08-13,Accepted,Other
A12254,L12254,2026-08-26,Rejected,Other
A12255,L12255,2026-07-30,Rejected,Price
A12256,L12256,2026-08-03,Rejected,Delayed follow-up
A12257,L12257,2026-08-04,Rejected,Price
A12258,L12258,2026-08-20,Rejected,Room type
A12260,L12260,2026-08-25,Rejected,Delayed follow-up
A12261,L12261,2026-08-12,Rejected,Room type
A12263,L12263,2026-08-06,Rejected,Room type
A12264,L12264,2026-08-20,Rejected,Changed plans
A12265,L12265,2026-08-01,Rejected,Delayed follow-up
A12266,L12266,2026-08-09,Rejected,Room type
A12267,L12267,2026-08-12,Rejected,Property preference
A12269,L12269,2026-08-20,Rejected,Inventory
A12272,L12272,2026-08-16,Rejected,Commute
A12274,L12274,2026-08-17,Rejected,Price
A12275,L12275,2026-08-27,Rejected,Pricing
A12276,L12276,2026-07-30,Rejected,Changed plans
A12278,L12278,2026-08-12,Rejected,Price
A12279,L12279,2026-08-19,Rejected,Changed plans
A12280,L12280,2026-08-11,Rejected,Commute
A12285,L12285,2026-08-26,Accepted,Sales judgment
A12286,L12286,2026-08-27,Rejected,Other
A12287,L12287,2026-08-08,Rejected,Changed plans
A12288,L12288,2026-07-31,Rejected,Property preference
A12292,L12292,2026-08-19,Rejected,Property preference
A12293,L12293,2026-08-04,Rejected,Property preference
A12295,L12295,2026-08-25,Rejected,Room type
A12297,L12297,2026-08-18,Rejected,Other
A12299,L12299,2026-08-25,Rejected,Sales judgment
A12300,L12300,2026-08-03,Rejected,Changed plans
A12301,L12301,2026-08-26,Rejected,Commute
A12302,L12302,2026-08-05,Rejected,Property preference
A12307,L12307,2026-08-13,Rejected,Pricing
A12309,L12309,2026-07-31,Rejected,Property preference
A12312,L12312,2026-07-30,Rejected,Property preference
A12316,L12316,2026-08-01,Rejected,Changed plans
A12319,L12319,2026-08-24,Modified,Pricing
A12320,L12320,2026-07-30,Rejected,Room type
A12321,L12321,2026-08-04,Rejected,Delayed follow-up
A12322,L12322,2026-07-30,Rejected,Property preference
A12326,L12326,2026-08-27,Modified,Other
A12332,L12332,2026-08-14,Rejected,Property preference
A12334,L12334,2026-08-06,Rejected,Changed plans
A12336,L12336,2026-08-10,Rejected,Delayed follow-up
A12337,L12337,2026-08-15,Accepted,Inventory
A12340,L12340,2026-08-08,Rejected,Commute
A12343,L12343,2026-08-27,Modified,Sales judgment
A12346,L12346,2026-08-15,Modified,Inventory
A12349,L12349,2026-08-07,Rejected,Other
A12354,L12354,2026-08-27,Modified,Pricing
A12355,L12355,2026-08-20,Rejected,Commute
A12359,L12359,2026-08-15,Modified,Pricing
A12360,L12360,2026-08-13,Rejected,Other
A12363,L12363,2026-08-21,Accepted,Resident preference
A12365,L12365,2026-08-02,Rejected,Commute
A12369,L12369,2026-08-13,Rejected,Changed plans
A12379,L12379,2026-08-26,Modified,Other
A12380,L12380,2026-08-13,Rejected,Changed plans
A12381,L12381,2026-08-20,Accepted,Pricing
A12382,L12382,2026-08-12,Rejected,Recommendation fit
A12385,L12385,2026-08-15,Modified,Pricing
A12389,L12389,2026-08-17,Modified,Other
A12390,L12390,2026-08-01,Rejected,Price
A12393,L12393,2026-08-20,Rejected,Inventory
A12397,L12397,2026-08-19,Modified,Inventory
A12400,L12400,2026-08-11,Rejected,Property preference
A12401,L12401,2026-08-17,Rejected,Property preference
A12404,L12404,2026-08-26,Rejected,Recommendation fit
A12406,L12406,2026-08-25,Rejected,Other
A12407,L12407,2026-07-30,Rejected,Delayed follow-up
A12408,L12408,2026-08-04,Rejected,Delayed follow-up
A12411,L12411,2026-08-18,Rejected,Room type
A12413,L12413,2026-08-04,Rejected,Changed plans
A12417,L12417,2026-08-18,Rejected,Changed plans
A12419,L12419,2026-08-08,Rejected,Other
A12420,L12420,2026-08-22,Rejected,Other
A12423,L12423,2026-08-21,Rejected,Pricing
A12424,L12424,2026-07-30,Rejected,Changed plans
A12425,L12425,2026-08-14,Accepted,Inventory
A12428,L12428,2026-08-21,Rejected,Commute
A12432,L12432,2026-08-23,Rejected,Price
A12433,L12433,2026-07-31,Rejected,Property preference
A12435,L12435,2026-08-26,Rejected,Recommendation fit
A12437,L12437,2026-08-14,Modified,Sales judgment
A12438,L12438,2026-08-26,Rejected,Changed plans
A12441,L12441,2026-08-15,Rejected,Recommendation fit
A12445,L12445,2026-07-30,Rejected,Property preference
A12450,L12450,2026-08-12,Accepted,Recommendation fit
A12451,L12451,2026-08-13,Modified,Inventory
A12455,L12455,2026-08-06,Rejected,Price
A12458,L12458,2026-08-22,Modified,Resident preference
A12459,L12459,2026-08-01,Rejected,Price
A12462,L12462,2026-08-21,Modified,Sales judgment
A12463,L12463,2026-08-27,Rejected,No availability
A12467,L12467,2026-08-12,Accepted,Recommendation fit
A12468,L12468,2026-08-16,Rejected,Recommendation fit
A12469,L12469,2026-08-14,Accepted,Pricing
A12471,L12471,2026-08-21,Accepted,Sales judgment
A12472,L12472,2026-08-10,Rejected,Room type
A12473,L12473,2026-08-21,Rejected,Room type
A12477,L12477,2026-08-01,Rejected,Delayed follow-up
A12481,L12481,2026-08-06,Rejected,Changed plans
A12482,L12482,2026-08-06,Rejected,Commute
A12484,L12484,2026-08-24,Rejected,Pricing
A12485,L12485,2026-08-02,Rejected,Price
A12490,L12490,2026-08-26,Rejected,Sales judgment
A12492,L12492,2026-08-24,Modified,Resident preference
A12494,L12494,2026-08-22,Rejected,Commute
A12496,L12496,2026-08-15,Rejected,No availability
A12497,L12497,2026-08-23,Rejected,Resident preference
A12498,L12498,2026-07-30,Rejected,Property preference
A12504,L12504,2026-08-26,Rejected,No availability
A12508,L12508,2026-08-14,Modified,Sales judgment
A12509,L12509,2026-08-18,Rejected,Other
A12514,L12514,2026-08-12,Rejected,Commute
A12515,L12515,2026-08-12,Accepted,Resident preference
A12517,L12517,2026-07-28,Rejected,Delayed follow-up
A12519,L12519,2026-08-17,Accepted,Inventory
A12520,L12520,2026-08-19,Accepted,Inventory
A12522,L12522,2026-08-22,Rejected,Changed plans
A12524,L12524,2026-08-27,Modified,Pricing
A12525,L12525,2026-08-21,Accepted,Recommendation fit
A12527,L12527,2026-08-20,Rejected,Resident preference
A12528,L12528,2026-08-11,Rejected,Delayed follow-up
A12530,L12530,2026-07-29,Rejected,Commute
A12533,L12533,2026-08-22,Rejected,Delayed follow-up
A12538,L12538,2026-08-25,Modified,Inventory
A12540,L12540,2026-08-13,Modified,Resident preference
A12541,L12541,2026-07-28,Rejected,Room type
A12544,L12544,2026-08-07,Rejected,Price
A12545,L12545,2026-08-24,Rejected,No availability
A12546,L12546,2026-08-18,Rejected,Room type
A12548,L12548,2026-08-25,Rejected,Changed plans
A12550,L12550,2026-08-13,Modified,Recommendation fit
A12551,L12551,2026-08-01,Rejected,Price
A12552,L12552,2026-08-21,Rejected,Property preference
A12554,L12554,2026-08-26,Rejected,No availability
A12556,L12556,2026-08-14,Rejected,Other
A12557,L12557,2026-08-17,Rejected,Changed plans
A12560,L12560,2026-08-22,Accepted,Inventory
A12566,L12566,2026-08-24,Modified,Sales judgment
A12569,L12569,2026-08-21,Rejected,Commute
A12571,L12571,2026-08-02,Rejected,Property preference
A12572,L12572,2026-08-05,Rejected,Changed plans
A12577,L12577,2026-08-15,Accepted,Resident preference
A12578,L12578,2026-08-06,Rejected,Other
A12579,L12579,2026-08-04,Rejected,Changed plans
A12583,L12583,2026-08-23,Rejected,Room type
A12584,L12584,2026-08-24,Modified,Recommendation fit
A12586,L12586,2026-07-29,Rejected,No availability
A12587,L12587,2026-08-15,Modified,Other
A12588,L12588,2026-08-06,Rejected,Commute
A12589,L12589,2026-08-16,Modified,Resident preference
A12590,L12590,2026-08-25,Accepted,Other
A12593,L12593,2026-08-12,Rejected,Room type
A12594,L12594,2026-08-26,Accepted,Inventory
A12598,L12598,2026-08-19,Rejected,Sales judgment
A12603,L12603,2026-08-19,Rejected,Recommendation fit
A12604,L12604,2026-08-19,Accepted,Sales judgment
A12605,L12605,2026-08-24,Rejected,Changed plans
A12606,L12606,2026-08-23,Rejected,Price
A12607,L12607,2026-08-25,Rejected,Changed plans
A12608,L12608,2026-08-09,Rejected,Delayed follow-up
A12612,L12612,2026-08-23,Rejected,Pricing
A12617,L12617,2026-07-31,Rejected,Room type
A12621,L12621,2026-08-08,Rejected,No availability
A12624,L12624,2026-08-19,Rejected,Room type
A12625,L12625,2026-08-19,Rejected,Other
A12627,L12627,2026-08-11,Rejected,Commute
A12628,L12628,2026-08-17,Rejected,Property preference
A12629,L12629,2026-08-14,Rejected,Commute
A12630,L12630,2026-08-24,Rejected,Price
A12632,L12632,2026-08-26,Modified,Recommendation fit
A12636,L12636,2026-08-20,Accepted,Other
A12640,L12640,2026-08-09,Rejected,Price
A12641,L12641,2026-08-06,Rejected,Commute
A12642,L12642,2026-08-19,Modified,Pricing
A12643,L12643,2026-08-25,Rejected,Other
A12645,L12645,2026-07-30,Rejected,Commute
A12650,L12650,2026-08-12,Rejected,Price
A12653,L12653,2026-07-31,Rejected,No availability
A12654,L12654,2026-08-11,Rejected,Changed plans
A12655,L12655,2026-08-26,Modified,Sales judgment
A12657,L12657,2026-08-16,Rejected,Recommendation fit
A12658,L12658,2026-08-11,Rejected,No availability
A12660,L12660,2026-08-27,Rejected,Commute
A12665,L12665,2026-08-25,Modified,Recommendation fit
A12668,L12668,2026-08-23,Rejected,Property preference
A12670,L12670,2026-08-26,Rejected,No availability
A12674,L12674,2026-08-02,Rejected,Commute
A12677,L12677,2026-08-15,Accepted,Sales judgment
A12679,L12679,2026-08-10,Rejected,Delayed follow-up
A12682,L12682,2026-08-16,Modified,Resident preference
A12688,L12688,2026-08-19,Rejected,Other
A12690,L12690,2026-08-26,Rejected,Recommendation fit
A12692,L12692,2026-08-19,Rejected,Other
A12694,L12694,2026-08-16,Rejected,Price
A12695,L12695,2026-08-12,Rejected,Other
A12697,L12697,2026-07-28,Rejected,Delayed follow-up
A12699,L12699,2026-08-13,Rejected,Delayed follow-up
A12702,L12702,2026-08-24,Rejected,Other
A12703,L12703,2026-08-23,Rejected,Price
A12704,L12704,2026-08-03,Rejected,Commute
A12705,L12705,2026-08-05,Rejected,Delayed follow-up
A12706,L12706,2026-08-27,Rejected,Delayed follow-up
A12708,L12708,2026-08-16,Modified,Resident preference
A12711,L12711,2026-08-20,Modified,Recommendation fit
A12712,L12712,2026-08-26,Rejected,Changed plans
A12713,L12713,2026-08-24,Modified,Sales judgment
A12714,L12714,2026-08-25,Rejected,Price
A12719,L12719,2026-08-06,Rejected,Property preference
A12720,L12720,2026-08-15,Accepted,Inventory
A12722,L12722,2026-08-13,Rejected,Sales judgment
A12724,L12724,2026-08-18,Rejected,Commute
A12725,L12725,2026-08-14,Rejected,Property preference
A12726,L12726,2026-08-24,Rejected,Price
A12729,L12729,2026-08-19,Rejected,No availability
A12730,L12730,2026-08-08,Rejected,Property preference
A12732,L12732,2026-08-26,Rejected,No availability
A12733,L12733,2026-08-17,Accepted,Other
A12734,L12734,2026-08-09,Rejected,Commute
A12735,L12735,2026-08-02,Rejected,Changed plans
A12736,L12736,2026-08-23,Accepted,Resident preference
A12737,L12737,2026-08-17,Rejected,Changed plans
A12741,L12741,2026-08-07,Rejected,Commute
A12745,L12745,2026-08-22,Rejected,Other
A12747,L12747,2026-08-17,Accepted,Inventory
A12748,L12748,2026-08-16,Rejected,Commute
A12751,L12751,2026-08-19,Rejected,Other
A12757,L12757,2026-08-22,Modified,Inventory
A12763,L12763,2026-08-19,Accepted,Recommendation fit
A12764,L12764,2026-08-12,Rejected,No availability
A12765,L12765,2026-08-13,Rejected,Changed plans
A12769,L12769,2026-08-24,Rejected,Other
A12770,L12770,2026-08-13,Modified,Pricing
A12773,L12773,2026-08-04,Rejected,Room type
A12781,L12781,2026-08-27,Rejected,No availability
A12789,L12789,2026-08-27,Rejected,No availability
A12795,L12795,2026-08-27,Rejected,No availability
A12796,L12796,2026-07-30,Rejected,Changed plans
A12799,L12799,2026-08-13,Rejected,No availability
A12800,L12800,2026-08-06,Rejected,Other
A12801,L12801,2026-08-15,Accepted,Recommendation fit
A12806,L12806,2026-08-13,Rejected,Resident preference
A12809,L12809,2026-08-08,Rejected,Delayed follow-up
A12812,L12812,2026-07-31,Rejected,Other
A12814,L12814,2026-08-20,Accepted,Recommendation fit
A12815,L12815,2026-08-23,Rejected,Other
A12820,L12820,2026-08-01,Rejected,Other
A12825,L12825,2026-08-14,Rejected,Commute
A12827,L12827,2026-08-13,Accepted,Recommendation fit
A12828,L12828,2026-08-26,Modified,Inventory
A12829,L12829,2026-08-19,Accepted,Other
A12832,L12832,2026-07-29,Rejected,Delayed follow-up
A12833,L12833,2026-08-25,Rejected,Delayed follow-up
A12836,L12836,2026-08-17,Modified,Inventory
A12837,L12837,2026-08-14,Rejected,Sales judgment
A12840,L12840,2026-08-17,Rejected,Recommendation fit
A12842,L12842,2026-08-27,Rejected,Price
A12843,L12843,2026-08-12,Rejected,Changed plans
A12847,L12847,2026-08-20,Rejected,Recommendation fit
A12848,L12848,2026-08-23,Rejected,Room type
A12849,L12849,2026-08-04,Rejected,Changed plans
A12854,L12854,2026-08-23,Accepted,Recommendation fit
A12855,L12855,2026-08-27,Rejected,Changed plans
A12863,L12863,2026-08-12,Accepted,Resident preference
A12864,L12864,2026-08-22,Rejected,Changed plans
A12866,L12866,2026-08-19,Modified,Inventory
A12873,L12873,2026-08-07,Rejected,Other
A12877,L12877,2026-08-14,Modified,Resident preference
A12879,L12879,2026-08-11,Rejected,Property preference
A12880,L12880,2026-08-16,Modified,Recommendation fit
A12883,L12883,2026-08-12,Modified,Inventory
A12884,L12884,2026-08-20,Accepted,Resident preference
A12886,L12886,2026-08-21,Modified,Other
A12890,L12890,2026-08-16,Modified,Inventory
A12891,L12891,2026-08-22,Modified,Recommendation fit
A12892,L12892,2026-08-14,Rejected,Room type
A12896,L12896,2026-08-14,Rejected,Commute
A12899,L12899,2026-08-22,Modified,Inventory
A12905,L12905,2026-08-26,Rejected,Property preference
A12906,L12906,2026-08-22,Rejected,Room type
A12910,L12910,2026-08-16,Rejected,Room type
A12912,L12912,2026-08-19,Modified,Resident preference
A12917,L12917,2026-08-07,Rejected,Room type
A12918,L12918,2026-07-28,Rejected,Other
A12920,L12920,2026-08-18,Modified,Pricing
A12923,L12923,2026-08-15,Rejected,Sales judgment
A12925,L12925,2026-08-18,Rejected,Room type
A12926,L12926,2026-08-25,Rejected,Resident preference
A12928,L12928,2026-08-15,Rejected,No availability
A12929,L12929,2026-08-16,Rejected,Other
A12930,L12930,2026-08-01,Rejected,No availability
A12934,L12934,2026-08-19,Rejected,Resident preference
A12935,L12935,2026-08-18,Rejected,Recommendation fit
A12937,L12937,2026-08-17,Rejected,Room type
A12939,L12939,2026-08-21,Rejected,Property preference
A12941,L12941,2026-08-04,Rejected,Delayed follow-up
A12943,L12943,2026-08-20,Rejected,Resident preference
A12944,L12944,2026-08-21,Accepted,Pricing
A12946,L12946,2026-08-19,Rejected,Inventory
A12948,L12948,2026-08-02,Rejected,Delayed follow-up
A12949,L12949,2026-07-29,Rejected,Property preference
A12952,L12952,2026-07-29,Rejected,Commute
A12953,L12953,2026-07-30,Rejected,Property preference
A12954,L12954,2026-08-15,Rejected,Pricing
A12955,L12955,2026-08-24,Rejected,Price
A12957,L12957,2026-08-23,Accepted,Inventory
A12961,L12961,2026-08-23,Accepted,Other
A12962,L12962,2026-08-05,Rejected,Other
A12967,L12967,2026-08-27,Accepted,Pricing
A12969,L12969,2026-08-09,Rejected,Property preference
A12973,L12973,2026-08-05,Rejected,Room type
A12976,L12976,2026-08-02,Rejected,Price
A12978,L12978,2026-08-27,Rejected,Commute
A12980,L12980,2026-08-27,Rejected,Price
A12981,L12981,2026-08-05,Rejected,Commute
A12983,L12983,2026-08-25,Accepted,Recommendation fit
A12984,L12984,2026-08-03,Rejected,Delayed follow-up
A12986,L12986,2026-08-09,Rejected,No availability
A12994,L12994,2026-08-24,Modified,Recommendation fit
A13001,L13001,2026-08-08,Rejected,Other
A13002,L13002,2026-08-17,Rejected,Changed plans
A13008,L13008,2026-08-27,Rejected,Property preference
A13012,L13012,2026-08-20,Modified,Inventory
A13016,L13016,2026-08-22,Modified,Inventory
A13017,L13017,2026-07-28,Rejected,Property preference
A13018,L13018,2026-08-18,Modified,Inventory
A13021,L13021,2026-08-08,Rejected,Property preference
A13023,L13023,2026-08-18,Rejected,Changed plans
A13027,L13027,2026-08-17,Modified,Sales judgment
A13028,L13028,2026-08-17,Modified,Recommendation fit
A13030,L13030,2026-08-21,Accepted,Resident preference
A13031,L13031,2026-08-12,Rejected,Commute
A13036,L13036,2026-08-13,Rejected,Price
A13038,L13038,2026-08-02,Rejected,Changed plans
A13039,L13039,2026-08-10,Rejected,Other
A13041,L13041,2026-08-13,Accepted,Sales judgment
A13045,L13045,2026-08-14,Rejected,Resident preference
A13048,L13048,2026-08-19,Modified,Other
A13049,L13049,2026-07-31,Rejected,Commute
A13050,L13050,2026-08-03,Rejected,Other
A13051,L13051,2026-07-28,Rejected,Price
A13058,L13058,2026-08-27,Modified,Sales judgment
A13064,L13064,2026-08-18,Rejected,Delayed follow-up
A13065,L13065,2026-08-04,Rejected,Property preference
A13067,L13067,2026-08-05,Rejected,Price
A13070,L13070,2026-08-10,Rejected,Room type
A13071,L13071,2026-08-12,Rejected,Other
A13073,L13073,2026-08-15,Rejected,Room type
A13075,L13075,2026-08-23,Accepted,Pricing
A13076,L13076,2026-08-12,Rejected,Sales judgment
A13077,L13077,2026-08-01,Rejected,Price
A13078,L13078,2026-08-23,Rejected,Changed plans
A13079,L13079,2026-08-09,Rejected,Changed plans
A13084,L13084,2026-08-07,Rejected,No availability
A13085,L13085,2026-08-07,Rejected,Changed plans
A13086,L13086,2026-08-05,Rejected,Room type
A13087,L13087,2026-08-10,Rejected,Delayed follow-up
A13088,L13088,2026-08-12,Rejected,Room type
A13089,L13089,2026-08-11,Rejected,Property preference
A13092,L13092,2026-08-19,Modified,Pricing
A13094,L13094,2026-08-14,Rejected,Changed plans
A13096,L13096,2026-08-12,Rejected,Pricing
A13099,L13099,2026-08-22,Accepted,Resident preference
A13100,L13100,2026-08-06,Rejected,Changed plans
A13104,L13104,2026-08-13,Rejected,Commute
A13106,L13106,2026-08-25,Rejected,Room type
A13109,L13109,2026-08-20,Rejected,Commute
A13111,L13111,2026-08-25,Rejected,Pricing
A13114,L13114,2026-08-19,Modified,Sales judgment
A13115,L13115,2026-08-21,Rejected,Room type
A13116,L13116,2026-08-16,Modified,Resident preference
A13117,L13117,2026-08-22,Accepted,Pricing
A13118,L13118,2026-08-16,Rejected,Property preference
A13121,L13121,2026-08-22,Rejected,Delayed follow-up
A13123,L13123,2026-08-20,Modified,Recommendation fit
A13126,L13126,2026-08-13,Rejected,Room type
A13127,L13127,2026-08-15,Accepted,Pricing
A13128,L13128,2026-08-12,Modified,Inventory
A13131,L13131,2026-08-05,Rejected,Price
A13132,L13132,2026-08-25,Modified,Pricing
A13134,L13134,2026-08-25,Rejected,Resident preference
A13135,L13135,2026-08-04,Rejected,Room type
A13137,L13137,2026-08-20,Rejected,Recommendation fit
A13139,L13139,2026-08-01,Rejected,Changed plans
A13140,L13140,2026-08-25,Rejected,Changed plans
A13141,L13141,2026-08-14,Modified,Other
A13150,L13150,2026-08-13,Modified,Other
A13151,L13151,2026-08-27,Rejected,Commute
A13152,L13152,2026-08-24,Modified,Pricing
A13154,L13154,2026-08-07,Rejected,No availability
A13155,L13155,2026-08-25,Rejected,Other
A13156,L13156,2026-08-14,Modified,Pricing
A13157,L13157,2026-07-30,Rejected,Changed plans
A13158,L13158,2026-08-15,Accepted,Resident preference
A13159,L13159,2026-08-24,Modified,Resident preference
A13160,L13160,2026-08-05,Rejected,No availability
A13161,L13161,2026-08-12,Rejected,Pricing
A13162,L13162,2026-08-16,Rejected,Price
A13163,L13163,2026-08-25,Accepted,Sales judgment
A13166,L13166,2026-08-15,Rejected,Changed plans
A13167,L13167,2026-08-22,Rejected,Recommendation fit
A13168,L13168,2026-08-15,Rejected,Commute
A13169,L13169,2026-08-14,Rejected,Room type
A13170,L13170,2026-08-02,Rejected,No availability
A13171,L13171,2026-08-13,Modified,Recommendation fit
A13172,L13172,2026-08-22,Rejected,No availability
A13173,L13173,2026-08-22,Rejected,Inventory
A13174,L13174,2026-08-26,Accepted,Other
A13175,L13175,2026-08-20,Rejected,Changed plans
A13178,L13178,2026-08-24,Rejected,Room type
A13179,L13179,2026-08-20,Accepted,Inventory
A13182,L13182,2026-08-20,Rejected,Price
A13183,L13183,2026-08-27,Rejected,Inventory
A13193,L13193,2026-08-17,Rejected,Price
A13196,L13196,2026-08-23,Rejected,Room type
A13205,L13205,2026-08-19,Rejected,Delayed follow-up
A13206,L13206,2026-08-23,Rejected,Other
A13210,L13210,2026-08-09,Rejected,Other
A13212,L13212,2026-08-04,Rejected,Delayed follow-up
A13213,L13213,2026-08-02,Rejected,Room type
A13217,L13217,2026-08-13,Rejected,Changed plans
A13218,L13218,2026-08-14,Modified,Inventory
A13220,L13220,2026-08-19,Rejected,Price
A13223,L13223,2026-08-03,Rejected,Commute
A13227,L13227,2026-07-31,Rejected,Other
A13233,L13233,2026-08-01,Rejected,Room type
A13234,L13234,2026-08-02,Rejected,Changed plans
A13241,L13241,2026-08-17,Accepted,Sales judgment
A13242,L13242,2026-08-11,Rejected,Property preference
A13243,L13243,2026-07-29,Rejected,Commute
A13249,L13249,2026-08-05,Rejected,Price
A13250,L13250,2026-08-15,Rejected,No availability
A13257,L13257,2026-08-18,Modified,Other
A13260,L13260,2026-08-25,Rejected,Resident preference
A13264,L13264,2026-08-24,Modified,Pricing
A13265,L13265,2026-08-24,Rejected,Price
A13271,L13271,2026-08-19,Rejected,Recommendation fit
A13272,L13272,2026-08-18,Rejected,Sales judgment
A13274,L13274,2026-08-27,Rejected,Other
A13276,L13276,2026-08-19,Rejected,Other
A13278,L13278,2026-08-25,Rejected,Price
A13279,L13279,2026-08-14,Accepted,Sales judgment
A13280,L13280,2026-08-04,Rejected,Property preference
A13281,L13281,2026-07-30,Rejected,Commute
A13286,L13286,2026-08-23,Rejected,Other
A13291,L13291,2026-08-23,Accepted,Resident preference
A13292,L13292,2026-08-25,Rejected,Changed plans
A13294,L13294,2026-08-02,Rejected,Price
A13297,L13297,2026-08-12,Rejected,Room type
A13298,L13298,2026-08-10,Rejected,Delayed follow-up
A13299,L13299,2026-08-01,Rejected,Delayed follow-up
A13303,L13303,2026-08-27,Rejected,Recommendation fit
A13304,L13304,2026-07-28,Rejected,Changed plans
A13307,L13307,2026-08-27,Rejected,Other
A13311,L13311,2026-08-11,Rejected,No availability
A13314,L13314,2026-08-12,Accepted,Resident preference
A13317,L13317,2026-08-03,Rejected,Property preference
A13318,L13318,2026-08-06,Rejected,Property preference
A13319,L13319,2026-08-18,Rejected,Changed plans
A13320,L13320,2026-08-15,Accepted,Recommendation fit
A13322,L13322,2026-07-30,Rejected,Delayed follow-up
A13323,L13323,2026-08-18,Rejected,Price
A13324,L13324,2026-08-22,Rejected,Changed plans
A13326,L13326,2026-08-21,Rejected,Price
A13329,L13329,2026-08-25,Rejected,Resident preference
A13331,L13331,2026-08-17,Rejected,Other
A13334,L13334,2026-08-23,Modified,Recommendation fit
A13335,L13335,2026-08-23,Rejected,Price
A13338,L13338,2026-08-18,Rejected,Delayed follow-up
A13342,L13342,2026-08-16,Rejected,Other
A13343,L13343,2026-08-10,Rejected,Changed plans
A13345,L13345,2026-08-20,Rejected,Inventory
A13347,L13347,2026-08-07,Rejected,Room type
A13348,L13348,2026-08-23,Modified,Resident preference
A13349,L13349,2026-08-05,Rejected,No availability
A13351,L13351,2026-08-20,Modified,Pricing
A13352,L13352,2026-08-21,Rejected,Property preference
A13361,L13361,2026-08-04,Rejected,Commute
A13362,L13362,2026-08-26,Rejected,Other
A13365,L13365,2026-08-21,Rejected,Room type
A13366,L13366,2026-08-27,Modified,Other
A13367,L13367,2026-08-25,Accepted,Resident preference
A13369,L13369,2026-08-17,Rejected,Commute
A13371,L13371,2026-08-21,Modified,Other
A13379,L13379,2026-08-15,Rejected,Inventory
A13380,L13380,2026-08-13,Rejected,Pricing
A13382,L13382,2026-08-14,Rejected,No availability
A13383,L13383,2026-08-16,Modified,Resident preference
A13384,L13384,2026-08-12,Rejected,Resident preference
A13386,L13386,2026-08-17,Rejected,Resident preference
A13387,L13387,2026-08-01,Rejected,Other
A13388,L13388,2026-08-27,Modified,Sales judgment
A13397,L13397,2026-08-21,Modified,Recommendation fit
A13399,L13399,2026-08-21,Rejected,Commute
A13400,L13400,2026-08-21,Rejected,No availability
A13404,L13404,2026-08-15,Rejected,Room type
A13406,L13406,2026-08-18,Modified,Inventory
A13407,L13407,2026-08-25,Rejected,No availability
A13408,L13408,2026-08-14,Modified,Other
A13413,L13413,2026-08-25,Modified,Pricing
A13414,L13414,2026-08-14,Modified,Inventory
A13415,L13415,2026-07-31,Rejected,Other
A13416,L13416,2026-08-24,Rejected,Other
A13417,L13417,2026-08-26,Modified,Sales judgment
A13420,L13420,2026-08-10,Rejected,Room type
A13427,L13427,2026-08-26,Rejected,Resident preference
A13429,L13429,2026-08-23,Rejected,Room type
A13430,L13430,2026-08-27,Rejected,Other
A13431,L13431,2026-08-27,Rejected,Price
A13433,L13433,2026-08-15,Accepted,Resident preference
A13434,L13434,2026-08-15,Rejected,Room type
A13435,L13435,2026-08-11,Rejected,Other
A13436,L13436,2026-07-28,Rejected,Other
A13438,L13438,2026-08-20,Modified,Pricing
A13439,L13439,2026-08-08,Rejected,Room type
A13441,L13441,2026-08-03,Rejected,Commute
A13442,L13442,2026-08-24,Rejected,Changed plans
A13446,L13446,2026-08-18,Rejected,Inventory
A13448,L13448,2026-08-09,Rejected,Commute
A13449,L13449,2026-07-31,Rejected,Price
A13452,L13452,2026-08-22,Rejected,Other
A13456,L13456,2026-07-29,Rejected,Price
A13457,L13457,2026-08-20,Accepted,Sales judgment
A13458,L13458,2026-08-18,Accepted,Other
A13462,L13462,2026-08-22,Rejected,Recommendation fit
A13463,L13463,2026-08-19,Rejected,Other
A13464,L13464,2026-08-11,Rejected,Room type
A13466,L13466,2026-08-17,Rejected,No availability
A13468,L13468,2026-08-13,Rejected,Inventory
A13471,L13471,2026-08-15,Rejected,Property preference
A13479,L13479,2026-08-18,Rejected,Other
A13481,L13481,2026-08-18,Modified,Other
A13482,L13482,2026-08-26,Rejected,Price
A13486,L13486,2026-07-29,Rejected,Delayed follow-up
A13487,L13487,2026-08-17,Accepted,Sales judgment
A13488,L13488,2026-08-09,Rejected,Delayed follow-up
A13489,L13489,2026-08-27,Rejected,Property preference
A13490,L13490,2026-08-13,Modified,Sales judgment
A13491,L13491,2026-08-21,Rejected,Sales judgment
A13492,L13492,2026-07-31,Rejected,No availability
A13493,L13493,2026-08-23,Rejected,Other
A13496,L13496,2026-07-29,Rejected,Commute
A13498,L13498,2026-07-29,Rejected,Price
A13504,L13504,2026-08-16,Rejected,Resident preference
A13505,L13505,2026-08-09,Rejected,Commute
A13506,L13506,2026-08-13,Modified,Recommendation fit
A13509,L13509,2026-07-28,Rejected,Delayed follow-up
A13511,L13511,2026-08-11,Rejected,Commute
A13513,L13513,2026-08-18,Accepted,Inventory
A13516,L13516,2026-08-20,Accepted,Inventory
A13518,L13518,2026-08-02,Rejected,Commute
A13520,L13520,2026-08-21,Accepted,Sales judgment
A13521,L13521,2026-08-17,Rejected,Recommendation fit
A13526,L13526,2026-08-17,Rejected,Other
A13527,L13527,2026-08-19,Modified,Other
A13528,L13528,2026-08-23,Rejected,Sales judgment
A13530,L13530,2026-08-25,Accepted,Sales judgment
A13532,L13532,2026-08-18,Rejected,Commute
A13534,L13534,2026-08-22,Rejected,Changed plans
A13536,L13536,2026-08-21,Accepted,Inventory
A13538,L13538,2026-08-06,Rejected,Property preference
A13539,L13539,2026-08-15,Rejected,Recommendation fit
A13542,L13542,2026-08-16,Modified,Other
A13547,L13547,2026-08-13,Rejected,Commute
A13548,L13548,2026-08-09,Rejected,Price
A13551,L13551,2026-08-25,Rejected,Delayed follow-up
A13552,L13552,2026-08-08,Rejected,Room type
A13553,L13553,2026-08-13,Rejected,Commute
A13555,L13555,2026-08-18,Accepted,Other
A13556,L13556,2026-08-07,Rejected,Property preference
A13557,L13557,2026-07-29,Rejected,Other
A13559,L13559,2026-08-12,Accepted,Recommendation fit
A13560,L13560,2026-08-24,Rejected,Property preference
A13567,L13567,2026-07-31,Rejected,Room type
A13568,L13568,2026-08-13,Rejected,Room type
A13570,L13570,2026-08-09,Rejected,Commute
A13571,L13571,2026-08-16,Accepted,Pricing
A13572,L13572,2026-08-18,Accepted,Sales judgment
A13573,L13573,2026-08-15,Rejected,No availability
A13574,L13574,2026-08-18,Rejected,Property preference
A13575,L13575,2026-08-25,Rejected,Changed plans
A13576,L13576,2026-08-23,Rejected,Changed plans
A13580,L13580,2026-08-08,Rejected,Price
A13581,L13581,2026-08-13,Rejected,Recommendation fit
A13582,L13582,2026-08-08,Rejected,Commute
A13583,L13583,2026-08-09,Rejected,Commute
A13584,L13584,2026-08-15,Accepted,Resident preference
A13585,L13585,2026-08-18,Rejected,Other
A13586,L13586,2026-08-13,Accepted,Resident preference
A13587,L13587,2026-08-03,Rejected,Delayed follow-up
A13592,L13592,2026-08-18,Accepted,Sales judgment
A13593,L13593,2026-08-15,Rejected,Sales judgment
A13595,L13595,2026-08-12,Modified,Resident preference
A13596,L13596,2026-08-07,Rejected,Price
A13597,L13597,2026-08-19,Rejected,Other
A13599,L13599,2026-08-04,Rejected,Changed plans
A13601,L13601,2026-08-12,Rejected,Property preference
A13602,L13602,2026-08-15,Rejected,Sales judgment
A13605,L13605,2026-08-22,Accepted,Inventory
A13606,L13606,2026-08-20,Modified,Sales judgment
A13609,L13609,2026-08-13,Modified,Other
A13612,L13612,2026-08-18,Accepted,Recommendation fit
A13613,L13613,2026-07-30,Rejected,Delayed follow-up
A13617,L13617,2026-08-16,Modified,Resident preference
A13618,L13618,2026-08-25,Rejected,No availability
A13619,L13619,2026-08-27,Rejected,Other
A13622,L13622,2026-08-14,Rejected,No availability
A13623,L13623,2026-08-13,Modified,Other
A13624,L13624,2026-08-10,Rejected,Other
A13625,L13625,2026-08-17,Rejected,No availability
A13626,L13626,2026-08-25,Rejected,Recommendation fit
A13628,L13628,2026-08-04,Rejected,Property preference
A13630,L13630,2026-08-01,Rejected,Commute
A13632,L13632,2026-08-16,Accepted,Inventory
A13633,L13633,2026-08-12,Modified,Resident preference
A13640,L13640,2026-08-04,Rejected,Other
A13644,L13644,2026-08-12,Rejected,Price
A13647,L13647,2026-08-20,Modified,Other
A13651,L13651,2026-08-12,Rejected,Changed plans
A13652,L13652,2026-07-28,Rejected,Changed plans
A13654,L13654,2026-08-04,Rejected,No availability
A13657,L13657,2026-08-11,Rejected,Room type
A13660,L13660,2026-08-04,Rejected,Other
A13663,L13663,2026-08-27,Rejected,Changed plans
A13665,L13665,2026-08-16,Modified,Recommendation fit
A13666,L13666,2026-08-23,Rejected,Delayed follow-up
A13668,L13668,2026-08-09,Rejected,Room type
A13670,L13670,2026-08-25,Rejected,Delayed follow-up
A13673,L13673,2026-08-11,Rejected,Delayed follow-up
A13675,L13675,2026-07-28,Rejected,Property preference
A13677,L13677,2026-08-21,Rejected,Recommendation fit
A13680,L13680,2026-08-26,Modified,Recommendation fit
A13681,L13681,2026-08-12,Rejected,Recommendation fit
A13683,L13683,2026-08-27,Rejected,Other
A13684,L13684,2026-08-05,Rejected,Other
A13687,L13687,2026-08-01,Rejected,Delayed follow-up
A13688,L13688,2026-08-11,Rejected,Room type
A13689,L13689,2026-08-03,Rejected,Delayed follow-up
A13691,L13691,2026-08-25,Rejected,Other
A13692,L13692,2026-08-24,Rejected,Other
A13693,L13693,2026-08-12,Modified,Recommendation fit
A13694,L13694,2026-08-15,Accepted,Other
A13695,L13695,2026-08-18,Rejected,Room type
A13697,L13697,2026-08-14,Accepted,Sales judgment
A13698,L13698,2026-08-17,Rejected,Commute
A13700,L13700,2026-08-17,Rejected,Delayed follow-up
A13701,L13701,2026-08-20,Modified,Inventory
A13702,L13702,2026-08-23,Rejected,Property preference
A13703,L13703,2026-08-25,Rejected,Price
A13704,L13704,2026-08-08,Rejected,No availability
A13706,L13706,2026-08-06,Rejected,Changed plans
A13712,L13712,2026-08-17,Accepted,Resident preference
A13715,L13715,2026-07-31,Rejected,Other
A13717,L13717,2026-07-29,Rejected,Room type
A13718,L13718,2026-08-21,Rejected,Resident preference
A13721,L13721,2026-08-11,Rejected,Commute
A13722,L13722,2026-08-24,Rejected,Property preference
A13726,L13726,2026-07-29,Rejected,Price
A13728,L13728,2026-08-11,Rejected,Other
A13732,L13732,2026-08-15,Modified,Inventory
A13733,L13733,2026-08-27,Rejected,Resident preference
A13740,L13740,2026-08-02,Rejected,Price
A13741,L13741,2026-08-05,Rejected,Price
A13742,L13742,2026-08-23,Accepted,Sales judgment
A13743,L13743,2026-08-15,Rejected,Commute
A13750,L13750,2026-08-14,Modified,Pricing
A13751,L13751,2026-08-22,Rejected,Commute
A13754,L13754,2026-08-06,Rejected,No availability
A13755,L13755,2026-07-28,Rejected,Price
A13758,L13758,2026-08-19,Rejected,Recommendation fit
A13760,L13760,2026-08-17,Modified,Resident preference
A13762,L13762,2026-08-11,Rejected,Room type
A13764,L13764,2026-08-23,Accepted,Recommendation fit
A13767,L13767,2026-08-04,Rejected,Property preference
A13769,L13769,2026-08-22,Accepted,Resident preference
A13771,L13771,2026-08-05,Rejected,No availability
A13773,L13773,2026-08-12,Rejected,Resident preference
A13775,L13775,2026-08-24,Rejected,Recommendation fit
A13776,L13776,2026-08-12,Rejected,Property preference
A13777,L13777,2026-08-21,Accepted,Inventory
A13778,L13778,2026-08-06,Rejected,Commute
A13779,L13779,2026-08-07,Rejected,No availability
A13780,L13780,2026-08-12,Rejected,Commute
A13781,L13781,2026-08-22,Rejected,No availability
A13783,L13783,2026-08-25,Rejected,Room type
A13787,L13787,2026-08-12,Rejected,Price
A13790,L13790,2026-08-09,Rejected,Room type
A13792,L13792,2026-08-19,Rejected,Changed plans
A13793,L13793,2026-08-22,Accepted,Other
A13794,L13794,2026-07-29,Rejected,Delayed follow-up
A13795,L13795,2026-08-15,Rejected,Other
A13796,L13796,2026-08-15,Rejected,Property preference
A13800,L13800,2026-08-25,Rejected,Other
A13802,L13802,2026-08-17,Modified,Inventory
A13804,L13804,2026-08-09,Rejected,Property preference
A13805,L13805,2026-08-22,Rejected,Other
A13806,L13806,2026-08-14,Rejected,Other
A13807,L13807,2026-08-17,Rejected,Other
A13809,L13809,2026-08-26,Rejected,Property preference
A13810,L13810,2026-08-21,Rejected,Pricing
A13812,L13812,2026-08-20,Rejected,Changed plans
A13813,L13813,2026-08-18,Modified,Sales judgment
A13817,L13817,2026-08-26,Rejected,Resident preference
A13818,L13818,2026-08-17,Accepted,Other
A13819,L13819,2026-08-20,Rejected,Inventory
A13823,L13823,2026-07-29,Rejected,Other
A13826,L13826,2026-08-16,Rejected,Delayed follow-up
A13827,L13827,2026-08-09,Rejected,No availability
A13828,L13828,2026-08-23,Rejected,No availability
A13829,L13829,2026-07-29,Rejected,Delayed follow-up
A13830,L13830,2026-08-01,Rejected,Other
A13832,L13832,2026-08-26,Accepted,Recommendation fit
A13834,L13834,2026-08-17,Rejected,Commute
A13835,L13835,2026-08-17,Rejected,No availability
A13837,L13837,2026-08-17,Accepted,Pricing
A13840,L13840,2026-08-16,Rejected,Resident preference
A13847,L13847,2026-08-10,Rejected,No availability
A13852,L13852,2026-08-25,Accepted,Other
A13853,L13853,2026-08-19,Rejected,Inventory
A13855,L13855,2026-08-20,Accepted,Recommendation fit
A13858,L13858,2026-08-21,Rejected,Property preference
A13859,L13859,2026-08-07,Rejected,Commute
A13861,L13861,2026-08-12,Rejected,Changed plans
A13863,L13863,2026-08-08,Rejected,Room type
A13867,L13867,2026-08-08,Rejected,Commute
A13870,L13870,2026-08-25,Modified,Resident preference
A13876,L13876,2026-08-04,Rejected,Commute
A13878,L13878,2026-08-21,Rejected,Other
A13881,L13881,2026-08-15,Rejected,Property preference
A13882,L13882,2026-08-27,Rejected,No availability
A13884,L13884,2026-08-20,Modified,Recommendation fit
A13885,L13885,2026-08-20,Rejected,Changed plans
A13886,L13886,2026-08-08,Rejected,Other
A13888,L13888,2026-08-25,Rejected,Resident preference
A13889,L13889,2026-08-27,Rejected,Price
A13890,L13890,2026-08-07,Rejected,No availability
A13892,L13892,2026-08-10,Rejected,Other
A13893,L13893,2026-08-06,Rejected,No availability
A13894,L13894,2026-08-11,Rejected,Room type
A13895,L13895,2026-07-31,Rejected,Commute
A13897,L13897,2026-08-15,Rejected,Room type
A13898,L13898,2026-08-16,Rejected,Room type
A13900,L13900,2026-08-04,Rejected,Room type
A13903,L13903,2026-08-16,Rejected,Resident preference
A13904,L13904,2026-08-02,Rejected,Commute
A13906,L13906,2026-08-15,Rejected,Price
A13907,L13907,2026-08-20,Accepted,Resident preference
A13910,L13910,2026-08-24,Rejected,Price
A13912,L13912,2026-08-15,Accepted,Other
A13913,L13913,2026-08-12,Modified,Inventory
A13914,L13914,2026-08-17,Rejected,Other
A13917,L13917,2026-08-11,Rejected,No availability
A13918,L13918,2026-08-15,Rejected,Price
A13919,L13919,2026-08-18,Modified,Resident preference
A13920,L13920,2026-08-10,Rejected,Property preference
A13923,L13923,2026-08-17,Rejected,Property preference
A13924,L13924,2026-08-24,Rejected,Resident preference
A13928,L13928,2026-08-15,Rejected,Room type
A13933,L13933,2026-08-16,Modified,Inventory
A13934,L13934,2026-08-27,Accepted,Resident preference
A13936,L13936,2026-08-02,Rejected,Changed plans
A13937,L13937,2026-08-12,Modified,Resident preference
A13938,L13938,2026-08-21,Modified,Sales judgment
A13939,L13939,2026-08-14,Rejected,Resident preference
A13940,L13940,2026-08-22,Rejected,Recommendation fit
A13942,L13942,2026-08-16,Rejected,Inventory
A13943,L13943,2026-08-26,Accepted,Pricing
A13944,L13944,2026-08-21,Rejected,Other
A13946,L13946,2026-08-25,Modified,Resident preference
A13947,L13947,2026-08-11,Rejected,No availability
A13948,L13948,2026-08-25,Accepted,Resident preference
A13949,L13949,2026-08-03,Rejected,Property preference
A13950,L13950,2026-08-26,Rejected,Inventory
A13951,L13951,2026-08-01,Rejected,Commute
A13953,L13953,2026-08-20,Rejected,Property preference
A13955,L13955,2026-08-21,Modified,Pricing
A13956,L13956,2026-08-20,Rejected,Inventory
A13957,L13957,2026-08-22,Rejected,Price
A13958,L13958,2026-08-04,Rejected,Property preference
A13961,L13961,2026-08-27,Accepted,Inventory
A13966,L13966,2026-08-14,Modified,Recommendation fit
A13969,L13969,2026-08-13,Accepted,Sales judgment
A13970,L13970,2026-07-28,Rejected,Other
A13978,L13978,2026-08-14,Rejected,Changed plans
A13984,L13984,2026-08-07,Rejected,Changed plans
A13985,L13985,2026-08-25,Rejected,Property preference
A13988,L13988,2026-08-14,Rejected,Other
A13989,L13989,2026-08-06,Rejected,Commute
A13990,L13990,2026-08-18,Rejected,Delayed follow-up
A13991,L13991,2026-08-15,Rejected,Recommendation fit
A13992,L13992,2026-08-26,Rejected,Inventory
A13994,L13994,2026-08-05,Rejected,Price
A13995,L13995,2026-08-20,Modified,Sales judgment
A13997,L13997,2026-08-02,Rejected,Delayed follow-up
A13998,L13998,2026-07-29,Rejected,Price
A13999,L13999,2026-08-08,Rejected,Changed plans
A14000,L14000,2026-08-21,Rejected,Commute
A14003,L14003,2026-08-25,Modified,Recommendation fit
A14004,L14004,2026-08-11,Rejected,Delayed follow-up
A14008,L14008,2026-08-09,Rejected,Room type
A14009,L14009,2026-08-09,Rejected,Room type
A14013,L14013,2026-08-03,Rejected,No availability
A14014,L14014,2026-08-07,Rejected,Delayed follow-up
A14016,L14016,2026-08-27,Modified,Recommendation fit
A14020,L14020,2026-08-20,Accepted,Resident preference
A14021,L14021,2026-08-13,Accepted,Resident preference
A14025,L14025,2026-08-02,Rejected,Changed plans
A14030,L14030,2026-08-22,Accepted,Other
A14031,L14031,2026-08-14,Rejected,Resident preference
A14032,L14032,2026-08-02,Rejected,Price
A14034,L14034,2026-08-24,Rejected,Commute
A14039,L14039,2026-08-24,Rejected,Property preference
A14040,L14040,2026-08-19,Rejected,Changed plans
A14042,L14042,2026-08-17,Modified,Resident preference
A14043,L14043,2026-08-02,Rejected,Price
A14045,L14045,2026-08-13,Rejected,Other
A14046,L14046,2026-08-27,Rejected,Price
A14048,L14048,2026-07-30,Rejected,Other
A14053,L14053,2026-08-04,Rejected,Property preference
A14054,L14054,2026-08-13,Rejected,Changed plans
A14055,L14055,2026-08-23,Rejected,Other
A14057,L14057,2026-08-17,Rejected,Price
A14058,L14058,2026-08-15,Modified,Recommendation fit
A14062,L14062,2026-08-22,Rejected,Recommendation fit
A14067,L14067,2026-07-29,Rejected,No availability
A14068,L14068,2026-08-12,Rejected,Commute
A14071,L14071,2026-07-28,Rejected,Other
A14073,L14073,2026-08-01,Rejected,Price
A14076,L14076,2026-07-31,Rejected,Other
A14077,L14077,2026-08-25,Rejected,No availability
A14078,L14078,2026-08-26,Modified,Inventory
A14084,L14084,2026-08-16,Rejected,Commute
A14087,L14087,2026-08-03,Rejected,Price
A14090,L14090,2026-08-11,Rejected,Price
A14093,L14093,2026-08-26,Rejected,Sales judgment
A14094,L14094,2026-08-01,Rejected,Changed plans
A14100,L14100,2026-08-04,Rejected,Changed plans
A14101,L14101,2026-07-29,Rejected,Delayed follow-up
A14109,L14109,2026-08-17,Rejected,Inventory
A14110,L14110,2026-08-13,Modified,Inventory
A14113,L14113,2026-08-12,Modified,Sales judgment
A14119,L14119,2026-08-24,Rejected,Delayed follow-up
A14120,L14120,2026-08-22,Rejected,Commute
A14121,L14121,2026-08-11,Rejected,Price
A14127,L14127,2026-08-05,Rejected,Room type
A14128,L14128,2026-08-07,Rejected,Price
A14130,L14130,2026-08-05,Rejected,Delayed follow-up
A14134,L14134,2026-08-20,Rejected,Pricing
A14137,L14137,2026-08-11,Rejected,Commute
A14138,L14138,2026-08-27,Rejected,Resident preference
A14144,L14144,2026-08-10,Rejected,Delayed follow-up
A14146,L14146,2026-08-23,Accepted,Inventory
A14147,L14147,2026-08-19,Rejected,Property preference
A14149,L14149,2026-08-16,Rejected,Price
A14150,L14150,2026-08-18,Rejected,Pricing
A14156,L14156,2026-08-18,Rejected,Other
A14157,L14157,2026-08-13,Rejected,Delayed follow-up
A14158,L14158,2026-08-21,Rejected,Other
A14161,L14161,2026-08-23,Modified,Recommendation fit
A14162,L14162,2026-08-24,Accepted,Other
A14164,L14164,2026-08-06,Rejected,Commute
A14168,L14168,2026-08-12,Rejected,Changed plans
A14169,L14169,2026-08-17,Accepted,Recommendation fit
A14170,L14170,2026-08-06,Rejected,Price
A14173,L14173,2026-08-13,Rejected,Commute
A14175,L14175,2026-08-12,Modified,Other
A14177,L14177,2026-08-13,Rejected,Property preference
A14180,L14180,2026-08-04,Rejected,Delayed follow-up
A14181,L14181,2026-08-14,Modified,Other
A14183,L14183,2026-08-22,Rejected,Room type
A14184,L14184,2026-08-05,Rejected,Delayed follow-up
A14185,L14185,2026-07-30,Rejected,Changed plans
A14186,L14186,2026-07-29,Rejected,Other
A14188,L14188,2026-08-03,Rejected,Room type
A14190,L14190,2026-08-14,Rejected,Recommendation fit
A14191,L14191,2026-08-14,Rejected,Delayed follow-up
A14193,L14193,2026-08-18,Modified,Resident preference
A14194,L14194,2026-08-23,Modified,Resident preference
A14196,L14196,2026-08-27,Rejected,Changed plans
A14199,L14199,2026-08-25,Rejected,Pricing
A14200,L14200,2026-08-05,Rejected,Room type
A14205,L14205,2026-08-19,Modified,Resident preference
A14209,L14209,2026-08-13,Accepted,Recommendation fit
A14212,L14212,2026-08-13,Rejected,No availability
A14215,L14215,2026-08-07,Rejected,Other
A14216,L14216,2026-08-03,Rejected,Other
A14219,L14219,2026-08-26,Accepted,Inventory
A14222,L14222,2026-07-28,Rejected,Delayed follow-up
A14227,L14227,2026-08-09,Rejected,Property preference
A14229,L14229,2026-08-09,Rejected,Delayed follow-up
A14232,L14232,2026-08-14,Rejected,Room type
A14240,L14240,2026-08-04,Rejected,Room type
A14241,L14241,2026-08-19,Rejected,Changed plans
A14244,L14244,2026-08-12,Accepted,Sales judgment
A14246,L14246,2026-08-25,Modified,Other
A14248,L14248,2026-08-18,Accepted,Pricing
A14249,L14249,2026-08-26,Modified,Inventory
A14250,L14250,2026-08-24,Rejected,Price
A14252,L14252,2026-08-19,Modified,Recommendation fit
A14256,L14256,2026-08-05,Rejected,Delayed follow-up
A14257,L14257,2026-08-04,Rejected,Other
A14258,L14258,2026-08-22,Rejected,Commute
A14259,L14259,2026-08-25,Accepted,Other
A14262,L14262,2026-08-23,Modified,Inventory
A14265,L14265,2026-08-17,Accepted,Other
A14268,L14268,2026-08-27,Modified,Resident preference
A14271,L14271,2026-08-06,Rejected,Commute
A14273,L14273,2026-08-18,Accepted,Inventory
A14274,L14274,2026-08-17,Accepted,Other
A14278,L14278,2026-08-07,Rejected,No availability
A14279,L14279,2026-08-21,Rejected,Delayed follow-up
A14280,L14280,2026-08-20,Accepted,Other
A14282,L14282,2026-08-27,Accepted,Sales judgment
A14284,L14284,2026-08-26,Modified,Resident preference
A14289,L14289,2026-08-16,Rejected,Other
A14290,L14290,2026-08-14,Modified,Pricing
A14292,L14292,2026-08-20,Accepted,Other
A14293,L14293,2026-08-25,Rejected,Other
A14295,L14295,2026-07-29,Rejected,Commute
A14296,L14296,2026-08-20,Rejected,Other
A14301,L14301,2026-08-04,Rejected,Delayed follow-up
A14308,L14308,2026-07-31,Rejected,Other
A14310,L14310,2026-08-06,Rejected,Delayed follow-up
A14313,L14313,2026-08-04,Rejected,Delayed follow-up
A14325,L14325,2026-08-13,Rejected,Other
A14326,L14326,2026-08-27,Accepted,Resident preference
A14327,L14327,2026-08-12,Rejected,Room type
A14329,L14329,2026-08-03,Rejected,Changed plans
A14330,L14330,2026-08-18,Rejected,Price
A14334,L14334,2026-08-22,Rejected,No availability
A14335,L14335,2026-08-26,Rejected,Room type
A14336,L14336,2026-08-09,Rejected,Room type
A14338,L14338,2026-08-18,Rejected,Delayed follow-up
A14340,L14340,2026-08-16,Rejected,Price
A14342,L14342,2026-08-21,Modified,Resident preference
A14345,L14345,2026-08-20,Rejected,Changed plans
A14349,L14349,2026-08-11,Rejected,Price
A14350,L14350,2026-08-11,Rejected,Commute
A14354,L14354,2026-08-09,Rejected,Commute
A14355,L14355,2026-08-09,Rejected,No availability
A14362,L14362,2026-08-20,Modified,Recommendation fit
A14365,L14365,2026-08-26,Rejected,Commute
A14369,L14369,2026-08-24,Modified,Recommendation fit
A14371,L14371,2026-07-30,Rejected,No availability
A14373,L14373,2026-08-19,Modified,Resident preference
A14374,L14374,2026-07-28,Rejected,No availability
A14375,L14375,2026-08-21,Accepted,Other
A14380,L14380,2026-08-05,Rejected,Other
A14383,L14383,2026-08-19,Rejected,Price
A14385,L14385,2026-08-01,Rejected,Changed plans
A14387,L14387,2026-08-19,Rejected,Room type
A14390,L14390,2026-08-24,Modified,Sales judgment
A14392,L14392,2026-08-13,Rejected,Delayed follow-up
A14393,L14393,2026-08-22,Rejected,Room type
A14399,L14399,2026-08-21,Rejected,Commute
A14400,L14400,2026-08-23,Rejected,Delayed follow-up
A14402,L14402,2026-08-23,Modified,Resident preference
A14403,L14403,2026-08-18,Rejected,No availability
A14404,L14404,2026-08-17,Rejected,No availability
A14409,L14409,2026-08-12,Accepted,Recommendation fit
A14420,L14420,2026-07-31,Rejected,Commute
A14422,L14422,2026-08-13,Accepted,Sales judgment
A14426,L14426,2026-07-28,Rejected,No availability
A14429,L14429,2026-08-12,Rejected,Changed plans
A14430,L14430,2026-08-12,Rejected,Room type
A14431,L14431,2026-08-13,Accepted,Sales judgment
A14432,L14432,2026-07-30,Rejected,Commute
A14433,L14433,2026-08-24,Rejected,No availability
A14437,L14437,2026-08-16,Rejected,Pricing
A14439,L14439,2026-08-20,Rejected,Room type
A14442,L14442,2026-08-16,Accepted,Resident preference
A14443,L14443,2026-08-23,Rejected,Recommendation fit
A14444,L14444,2026-08-10,Rejected,Price
A14446,L14446,2026-08-17,Modified,Other
A14449,L14449,2026-08-01,Rejected,Delayed follow-up
A14451,L14451,2026-08-27,Rejected,Commute
A14452,L14452,2026-08-18,Rejected,Other
A14455,L14455,2026-08-19,Rejected,Price
A14463,L14463,2026-08-20,Accepted,Pricing
A14466,L14466,2026-08-07,Rejected,Delayed follow-up
A14468,L14468,2026-07-28,Rejected,Price
A14469,L14469,2026-08-27,Rejected,Inventory
A14471,L14471,2026-08-02,Rejected,Price
A14472,L14472,2026-08-23,Rejected,Property preference
A14475,L14475,2026-08-12,Accepted,Other
A14477,L14477,2026-08-22,Rejected,Delayed follow-up
A14484,L14484,2026-07-29,Rejected,Delayed follow-up
A14486,L14486,2026-08-20,Rejected,Room type
A14488,L14488,2026-07-29,Rejected,Changed plans
A14491,L14491,2026-08-16,Rejected,Property preference
A14493,L14493,2026-08-05,Rejected,Delayed follow-up
A14494,L14494,2026-08-27,Accepted,Recommendation fit
A14498,L14498,2026-08-06,Rejected,Other
A14502,L14502,2026-08-11,Rejected,No availability
A14505,L14505,2026-08-05,Rejected,Changed plans
A14506,L14506,2026-08-02,Rejected,Price
A14508,L14508,2026-08-20,Modified,Other
A14509,L14509,2026-08-16,Modified,Resident preference
A14511,L14511,2026-08-23,Rejected,Recommendation fit
A14513,L14513,2026-08-14,Modified,Pricing
A14514,L14514,2026-08-12,Accepted,Sales judgment
A14515,L14515,2026-08-21,Accepted,Inventory
A14516,L14516,2026-08-17,Rejected,Room type
A14517,L14517,2026-08-12,Rejected,Price
A14519,L14519,2026-08-17,Rejected,No availability
A14522,L14522,2026-08-23,Rejected,Property preference
A14523,L14523,2026-08-09,Rejected,Room type
A14528,L14528,2026-08-03,Rejected,Changed plans
A14529,L14529,2026-08-13,Rejected,Room type
A14530,L14530,2026-08-17,Rejected,No availability
A14532,L14532,2026-08-13,Modified,Resident preference
A14533,L14533,2026-08-25,Modified,Resident preference
A14535,L14535,2026-08-17,Accepted,Sales judgment
A14538,L14538,2026-08-23,Rejected,Other
A14540,L14540,2026-08-16,Accepted,Other
A14541,L14541,2026-08-13,Accepted,Recommendation fit
A14543,L14543,2026-08-23,Rejected,Room type
A14544,L14544,2026-08-05,Rejected,No availability
A14550,L14550,2026-08-15,Rejected,Property preference
A14551,L14551,2026-08-06,Rejected,Commute
A14553,L14553,2026-08-03,Rejected,Property preference
A14555,L14555,2026-08-16,Rejected,Inventory
A14557,L14557,2026-07-28,Rejected,No availability
A14560,L14560,2026-07-29,Rejected,Room type
A14563,L14563,2026-07-30,Rejected,Price
A14564,L14564,2026-07-29,Rejected,Property preference
A14565,L14565,2026-08-18,Modified,Other
A14566,L14566,2026-08-18,Accepted,Resident preference
A14568,L14568,2026-08-23,Rejected,Resident preference
A14569,L14569,2026-08-24,Rejected,Other
A14571,L14571,2026-08-22,Modified,Resident preference
A14573,L14573,2026-08-21,Accepted,Recommendation fit
A14576,L14576,2026-08-06,Rejected,Price
A14580,L14580,2026-08-06,Rejected,Changed plans
A14581,L14581,2026-07-29,Rejected,Price
A14586,L14586,2026-08-14,Accepted,Resident preference
A14587,L14587,2026-08-14,Rejected,Other
A14589,L14589,2026-08-10,Rejected,Other
A14593,L14593,2026-08-18,Rejected,Recommendation fit
A14595,L14595,2026-08-25,Rejected,Commute
A14596,L14596,2026-08-20,Modified,Resident preference
A14599,L14599,2026-08-26,Rejected,Delayed follow-up
A14601,L14601,2026-08-16,Rejected,Recommendation fit
A14602,L14602,2026-08-15,Accepted,Resident preference
A14605,L14605,2026-08-10,Rejected,Price
A14610,L14610,2026-08-05,Rejected,Changed plans
A14612,L14612,2026-08-21,Rejected,Property preference
A14614,L14614,2026-08-23,Modified,Other
A14615,L14615,2026-07-28,Rejected,Commute
A14616,L14616,2026-08-24,Modified,Sales judgment
A14619,L14619,2026-08-27,Rejected,No availability
A14620,L14620,2026-08-03,Rejected,Delayed follow-up
A14624,L14624,2026-08-16,Accepted,Sales judgment
A14626,L14626,2026-08-16,Accepted,Resident preference
A14627,L14627,2026-08-03,Rejected,Price
A14630,L14630,2026-08-14,Rejected,Room type
A14632,L14632,2026-08-20,Accepted,Other
A14633,L14633,2026-08-23,Modified,Resident preference
A14637,L14637,2026-08-04,Rejected,No availability
A14641,L14641,2026-08-23,Modified,Sales judgment
A14642,L14642,2026-08-20,Rejected,Pricing
A14644,L14644,2026-08-22,Rejected,Inventory
A14645,L14645,2026-08-20,Rejected,Sales judgment
A14646,L14646,2026-08-26,Accepted,Sales judgment
A14650,L14650,2026-08-18,Rejected,Other
A14653,L14653,2026-08-20,Accepted,Recommendation fit
A14656,L14656,2026-07-28,Rejected,Price
A14657,L14657,2026-08-23,Accepted,Recommendation fit
A14661,L14661,2026-08-10,Rejected,Other
A14664,L14664,2026-08-15,Rejected,Recommendation fit
A14665,L14665,2026-08-01,Rejected,Property preference
A14668,L14668,2026-08-26,Modified,Resident preference
A14671,L14671,2026-07-29,Rejected,Delayed follow-up
A14672,L14672,2026-08-22,Rejected,Resident preference
A14678,L14678,2026-08-25,Accepted,Inventory
A14681,L14681,2026-08-11,Rejected,Price
A14684,L14684,2026-08-02,Rejected,Other
A14685,L14685,2026-08-16,Rejected,Sales judgment
A14686,L14686,2026-08-10,Rejected,Room type
A14687,L14687,2026-08-21,Modified,Resident preference
A14691,L14691,2026-08-24,Rejected,Commute
A14696,L14696,2026-08-12,Rejected,No availability
A14697,L14697,2026-07-28,Rejected,Changed plans
A14699,L14699,2026-08-25,Rejected,No availability
A14701,L14701,2026-08-15,Rejected,Sales judgment
A14710,L14710,2026-08-21,Rejected,Resident preference
A14714,L14714,2026-08-27,Modified,Resident preference
A14715,L14715,2026-08-17,Rejected,Room type
A14716,L14716,2026-08-17,Rejected,Delayed follow-up
A14719,L14719,2026-08-08,Rejected,Delayed follow-up
A14726,L14726,2026-08-21,Rejected,Other
A14728,L14728,2026-07-31,Rejected,No availability
A14730,L14730,2026-08-26,Modified,Inventory
A14731,L14731,2026-08-23,Rejected,Commute
A14733,L14733,2026-08-08,Rejected,Price
A14734,L14734,2026-08-17,Rejected,Commute
A14738,L14738,2026-08-04,Rejected,Delayed follow-up
A14741,L14741,2026-08-20,Modified,Pricing
A14743,L14743,2026-08-05,Rejected,Price
A14744,L14744,2026-08-20,Modified,Resident preference
A14745,L14745,2026-08-14,Accepted,Sales judgment
A14746,L14746,2026-07-31,Rejected,Changed plans
A14747,L14747,2026-07-28,Rejected,No availability
A14749,L14749,2026-08-08,Rejected,Commute
A14751,L14751,2026-07-30,Rejected,No availability
A14756,L14756,2026-08-19,Accepted,Recommendation fit
A14757,L14757,2026-08-26,Rejected,Commute
A14759,L14759,2026-08-24,Accepted,Pricing
A14762,L14762,2026-08-03,Rejected,Room type
A14764,L14764,2026-08-22,Rejected,Price
A14771,L14771,2026-08-12,Accepted,Other
A14773,L14773,2026-08-16,Rejected,Property preference
A14783,L14783,2026-08-05,Rejected,Other
A14785,L14785,2026-08-06,Rejected,Delayed follow-up
A14786,L14786,2026-08-21,Modified,Inventory
A14790,L14790,2026-08-17,Rejected,Inventory
A14794,L14794,2026-08-13,Modified,Sales judgment
A14795,L14795,2026-08-14,Accepted,Pricing
A14796,L14796,2026-08-06,Rejected,No availability
A14801,L14801,2026-08-21,Accepted,Pricing
A14803,L14803,2026-08-16,Accepted,Recommendation fit
A14804,L14804,2026-08-24,Accepted,Sales judgment
A14813,L14813,2026-08-23,Rejected,Inventory
A14819,L14819,2026-08-24,Accepted,Resident preference
A14820,L14820,2026-08-17,Modified,Sales judgment
A14822,L14822,2026-08-27,Rejected,Other
A14823,L14823,2026-08-07,Rejected,No availability
A14826,L14826,2026-08-01,Rejected,No availability
A14830,L14830,2026-08-13,Rejected,Other
A14832,L14832,2026-08-12,Modified,Inventory
A14833,L14833,2026-08-08,Rejected,Price
A14834,L14834,2026-08-17,Rejected,Sales judgment
A14838,L14838,2026-08-25,Rejected,Commute
A14839,L14839,2026-08-21,Modified,Resident preference
A14841,L14841,2026-08-14,Rejected,Price
A14843,L14843,2026-08-06,Rejected,Delayed follow-up
A14845,L14845,2026-08-09,Rejected,Delayed follow-up
A14846,L14846,2026-08-19,Modified,Sales judgment
A14847,L14847,2026-08-06,Rejected,Room type
A14850,L14850,2026-08-02,Rejected,No availability
A14856,L14856,2026-08-15,Modified,Other
A14857,L14857,2026-08-18,Rejected,Changed plans
A14859,L14859,2026-08-25,Rejected,Recommendation fit
A14862,L14862,2026-08-27,Rejected,Delayed follow-up
A14863,L14863,2026-08-19,Accepted,Pricing
A14864,L14864,2026-08-22,Accepted,Other
A14866,L14866,2026-08-20,Rejected,Delayed follow-up
A14871,L14871,2026-08-23,Modified,Sales judgment
A14873,L14873,2026-08-21,Modified,Recommendation fit
A14876,L14876,2026-08-26,Rejected,Inventory
A14880,L14880,2026-08-15,Accepted,Inventory
A14881,L14881,2026-08-20,Accepted,Inventory
A14885,L14885,2026-08-27,Rejected,Room type
A14891,L14891,2026-08-24,Rejected,Recommendation fit
A14892,L14892,2026-08-18,Accepted,Inventory
A14895,L14895,2026-08-16,Rejected,Delayed follow-up
A14896,L14896,2026-08-12,Rejected,Commute
A14900,L14900,2026-08-01,Rejected,Changed plans
A14901,L14901,2026-08-14,Rejected,Property preference
A14902,L14902,2026-08-18,Rejected,Inventory
A14903,L14903,2026-08-19,Modified,Resident preference
A14910,L14910,2026-08-19,Accepted,Pricing
A14911,L14911,2026-08-24,Rejected,Sales judgment
A14912,L14912,2026-08-14,Accepted,Other
A14917,L14917,2026-08-23,Rejected,No availability
A14925,L14925,2026-08-08,Rejected,Delayed follow-up
A14926,L14926,2026-07-30,Rejected,No availability
A14929,L14929,2026-08-18,Accepted,Sales judgment
A14936,L14936,2026-08-20,Rejected,Sales judgment
A14937,L14937,2026-08-13,Accepted,Inventory
A14938,L14938,2026-08-11,Rejected,Room type
A14941,L14941,2026-07-28,Rejected,Other
A14942,L14942,2026-08-19,Modified,Sales judgment
A14944,L14944,2026-08-18,Rejected,Property preference
A14945,L14945,2026-08-27,Rejected,Delayed follow-up
A14946,L14946,2026-08-12,Rejected,Other
A14949,L14949,2026-08-24,Rejected,No availability
A14950,L14950,2026-08-08,Rejected,Property preference
A14952,L14952,2026-08-13,Accepted,Other
A14954,L14954,2026-08-24,Accepted,Pricing
A14955,L14955,2026-07-28,Rejected,Property preference
A14957,L14957,2026-07-31,Rejected,Commute
A14958,L14958,2026-08-21,Rejected,Commute
A14960,L14960,2026-08-20,Rejected,Price
A14964,L14964,2026-08-21,Modified,Pricing
A14965,L14965,2026-08-27,Rejected,Pricing
A14967,L14967,2026-07-28,Rejected,Room type
A14968,L14968,2026-08-13,Rejected,Delayed follow-up
A14969,L14969,2026-08-06,Rejected,Delayed follow-up
A14970,L14970,2026-08-07,Rejected,Property preference
A14971,L14971,2026-08-27,Rejected,Pricing
A14977,L14977,2026-08-20,Rejected,Property preference
A14978,L14978,2026-08-22,Rejected,Room type
A14984,L14984,2026-08-10,Rejected,Other
A14991,L14991,2026-08-17,Rejected,Other
A14992,L14992,2026-08-01,Rejected,Property preference
A14994,L14994,2026-08-25,Rejected,Property preference
A14995,L14995,2026-08-19,Rejected,Commute
A14996,L14996,2026-08-17,Rejected,Price
A14997,L14997,2026-08-21,Rejected,Recommendation fit
A15000,L15000,2026-08-03,Rejected,Price
A15001,L15001,2026-08-19,Modified,Sales judgment
A15002,L15002,2026-08-05,Rejected,Price
A15003,L15003,2026-07-29,Rejected,Room type
A15004,L15004,2026-08-20,Accepted,Recommendation fit
A15005,L15005,2026-08-23,Rejected,Changed plans
A15013,L15013,2026-08-12,Rejected,No availability
A15015,L15015,2026-08-17,Accepted,Resident preference
A15017,L15017,2026-08-16,Rejected,Other
A15018,L15018,2026-08-25,Accepted,Recommendation fit
A15019,L15019,2026-08-12,Accepted,Sales judgment
A15022,L15022,2026-08-11,Rejected,Commute
A15027,L15027,2026-07-30,Rejected,Changed plans
A15028,L15028,2026-08-13,Modified,Recommendation fit
A15030,L15030,2026-08-05,Rejected,Property preference
A15033,L15033,2026-08-08,Rejected,Commute
A15040,L15040,2026-08-27,Modified,Resident preference
A15041,L15041,2026-08-21,Rejected,Room type
A15044,L15044,2026-08-10,Rejected,Room type
A15046,L15046,2026-08-24,Rejected,Property preference
A15048,L15048,2026-08-18,Rejected,Recommendation fit
A15049,L15049,2026-08-14,Rejected,Room type
A15050,L15050,2026-08-23,Rejected,Recommendation fit
A15051,L15051,2026-08-18,Modified,Resident preference
A15056,L15056,2026-08-25,Rejected,Room type
A15057,L15057,2026-08-13,Rejected,Property preference
A15059,L15059,2026-08-21,Modified,Inventory
A15061,L15061,2026-08-21,Modified,Inventory
A15062,L15062,2026-08-22,Rejected,Delayed follow-up
A15066,L15066,2026-08-21,Modified,Recommendation fit
A15069,L15069,2026-08-04,Rejected,Changed plans
A15070,L15070,2026-08-13,Rejected,Property preference
A15071,L15071,2026-07-29,Rejected,Price
A15074,L15074,2026-08-12,Modified,Recommendation fit
A15075,L15075,2026-08-10,Rejected,Delayed follow-up
A15076,L15076,2026-08-22,Accepted,Pricing
A15077,L15077,2026-08-26,Rejected,Other
A15079,L15079,2026-07-30,Rejected,Changed plans
A15084,L15084,2026-08-12,Rejected,Commute
A15085,L15085,2026-08-13,Rejected,Recommendation fit
A15087,L15087,2026-08-23,Rejected,No availability
A15088,L15088,2026-08-10,Rejected,No availability
A15089,L15089,2026-08-19,Rejected,Sales judgment
A15090,L15090,2026-08-05,Rejected,Delayed follow-up
A15092,L15092,2026-08-18,Accepted,Pricing
A15093,L15093,2026-08-14,Modified,Resident preference
A15094,L15094,2026-08-08,Rejected,No availability
A15106,L15106,2026-08-03,Rejected,Delayed follow-up
A15111,L15111,2026-08-12,Modified,Other
A15114,L15114,2026-08-23,Rejected,Inventory
A15120,L15120,2026-08-21,Rejected,Pricing
A15121,L15121,2026-08-16,Rejected,No availability
A15123,L15123,2026-08-14,Modified,Recommendation fit
A15124,L15124,2026-08-19,Rejected,Property preference
A15125,L15125,2026-08-14,Modified,Recommendation fit
A15127,L15127,2026-08-27,Accepted,Other
A15129,L15129,2026-08-02,Rejected,Changed plans
A15131,L15131,2026-08-14,Rejected,Commute
A15134,L15134,2026-08-25,Rejected,Property preference
A15137,L15137,2026-08-14,Rejected,Sales judgment
A15139,L15139,2026-08-17,Modified,Recommendation fit
A15144,L15144,2026-08-23,Rejected,Property preference
A15145,L15145,2026-08-12,Rejected,Inventory
A15148,L15148,2026-07-31,Rejected,Other
A15149,L15149,2026-08-08,Rejected,Delayed follow-up
A15153,L15153,2026-08-17,Rejected,Delayed follow-up
A15157,L15157,2026-08-12,Rejected,No availability
A15161,L15161,2026-08-18,Accepted,Pricing
A15162,L15162,2026-08-08,Rejected,Room type
A15168,L15168,2026-08-05,Rejected,Property preference
A15170,L15170,2026-08-23,Modified,Pricing
A15172,L15172,2026-08-11,Rejected,Property preference
A15175,L15175,2026-07-28,Rejected,Property preference
A15179,L15179,2026-08-17,Rejected,Commute
A15184,L15184,2026-08-06,Rejected,Other
A15186,L15186,2026-08-26,Rejected,Sales judgment
A15188,L15188,2026-08-03,Rejected,No availability
A15190,L15190,2026-08-27,Modified,Resident preference
A15193,L15193,2026-08-07,Rejected,Commute
A15194,L15194,2026-07-31,Rejected,Room type
A15196,L15196,2026-07-29,Rejected,Property preference
A15199,L15199,2026-08-19,Modified,Other
A15200,L15200,2026-08-13,Rejected,Property preference
A15201,L15201,2026-08-01,Rejected,Price
A15202,L15202,2026-08-18,Rejected,Inventory
A15205,L15205,2026-08-25,Rejected,Delayed follow-up
A15207,L15207,2026-08-24,Rejected,Pricing
A15208,L15208,2026-08-18,Accepted,Pricing
A15210,L15210,2026-08-17,Rejected,Property preference
A15212,L15212,2026-08-10,Rejected,Room type
A15214,L15214,2026-08-25,Rejected,Changed plans
A15217,L15217,2026-08-27,Accepted,Inventory
A15219,L15219,2026-08-15,Rejected,Changed plans
A15221,L15221,2026-08-22,Accepted,Sales judgment
A15222,L15222,2026-08-06,Rejected,Other
A15224,L15224,2026-08-26,Rejected,Resident preference
A15225,L15225,2026-08-21,Rejected,Other
A15227,L15227,2026-08-09,Rejected,Room type
A15228,L15228,2026-08-23,Rejected,Commute
A15231,L15231,2026-08-18,Rejected,Commute
A15232,L15232,2026-08-22,Accepted,Other
A15234,L15234,2026-08-15,Rejected,Inventory
A15237,L15237,2026-08-23,Rejected,Other
A15240,L15240,2026-07-28,Rejected,Delayed follow-up
A15241,L15241,2026-08-15,Rejected,Inventory
A15242,L15242,2026-08-12,Rejected,No availability
A15245,L15245,2026-08-21,Rejected,Price
A15246,L15246,2026-08-21,Rejected,Room type
A15247,L15247,2026-08-13,Rejected,Room type
A15249,L15249,2026-08-22,Rejected,Other
A15251,L15251,2026-08-05,Rejected,Room type
A15256,L15256,2026-08-25,Modified,Recommendation fit
A15257,L15257,2026-08-16,Rejected,Other
A15258,L15258,2026-08-04,Rejected,No availability
A15261,L15261,2026-07-30,Rejected,Delayed follow-up
A15262,L15262,2026-08-21,Rejected,Room type
A15263,L15263,2026-08-21,Rejected,Inventory
A15264,L15264,2026-08-23,Accepted,Recommendation fit
A15266,L15266,2026-08-05,Rejected,Price
A15267,L15267,2026-08-19,Accepted,Pricing
A15269,L15269,2026-08-25,Rejected,Delayed follow-up
A15270,L15270,2026-08-15,Accepted,Pricing
A15271,L15271,2026-08-16,Modified,Inventory
A15273,L15273,2026-08-25,Accepted,Other
A15274,L15274,2026-08-14,Modified,Sales judgment
A15275,L15275,2026-08-24,Rejected,Commute
A15276,L15276,2026-07-28,Rejected,Changed plans
A15277,L15277,2026-08-24,Accepted,Recommendation fit
A15280,L15280,2026-08-04,Rejected,Commute
A15282,L15282,2026-08-18,Modified,Resident preference
A15283,L15283,2026-08-17,Rejected,Commute
A15284,L15284,2026-08-12,Rejected,Delayed follow-up
A15285,L15285,2026-08-25,Rejected,Sales judgment
A15288,L15288,2026-08-15,Rejected,No availability
A15289,L15289,2026-08-15,Rejected,Recommendation fit
A15293,L15293,2026-08-18,Rejected,Price
A15295,L15295,2026-08-25,Rejected,No availability
A15296,L15296,2026-08-15,Modified,Pricing
A15297,L15297,2026-08-09,Rejected,Delayed follow-up
A15301,L15301,2026-08-16,Rejected,Inventory
A15302,L15302,2026-08-07,Rejected,Delayed follow-up
A15305,L15305,2026-08-27,Rejected,Recommendation fit
A15308,L15308,2026-08-19,Rejected,Changed plans
A15311,L15311,2026-08-23,Rejected,Changed plans
A15312,L15312,2026-08-21,Accepted,Inventory
A15314,L15314,2026-08-12,Modified,Other
A15316,L15316,2026-07-31,Rejected,Commute
A15320,L15320,2026-08-13,Modified,Recommendation fit
A15322,L15322,2026-08-17,Accepted,Recommendation fit
A15324,L15324,2026-08-06,Rejected,Property preference
A15325,L15325,2026-08-19,Rejected,Price
A15328,L15328,2026-08-19,Modified,Resident preference
A15329,L15329,2026-08-15,Accepted,Pricing
A15330,L15330,2026-08-06,Rejected,Commute
A15334,L15334,2026-08-13,Rejected,Changed plans
A15337,L15337,2026-08-17,Rejected,Resident preference
A15338,L15338,2026-08-13,Rejected,Changed plans
A15339,L15339,2026-08-17,Rejected,Resident preference
A15342,L15342,2026-08-03,Rejected,No availability
A15343,L15343,2026-08-26,Accepted,Sales judgment
A15344,L15344,2026-08-25,Rejected,Delayed follow-up
A15347,L15347,2026-08-23,Rejected,Recommendation fit
A15349,L15349,2026-08-26,Accepted,Pricing
A15350,L15350,2026-08-21,Accepted,Pricing
A15355,L15355,2026-08-23,Rejected,Changed plans
A15359,L15359,2026-08-27,Rejected,Recommendation fit
A15367,L15367,2026-08-19,Modified,Recommendation fit
A15368,L15368,2026-08-27,Modified,Recommendation fit
A15369,L15369,2026-08-19,Rejected,Room type
A15374,L15374,2026-08-20,Rejected,Price
A15375,L15375,2026-08-26,Rejected,Delayed follow-up
A15379,L15379,2026-08-10,Rejected,Changed plans
A15380,L15380,2026-08-24,Rejected,Other
A15381,L15381,2026-08-25,Rejected,No availability
A15383,L15383,2026-08-22,Rejected,Price
A15387,L15387,2026-08-01,Rejected,Property preference
A15391,L15391,2026-08-15,Rejected,No availability
A15392,L15392,2026-08-05,Rejected,Commute
A15393,L15393,2026-08-18,Rejected,Property preference
A15396,L15396,2026-08-20,Rejected,Delayed follow-up
A15397,L15397,2026-08-18,Rejected,Room type
A15398,L15398,2026-08-23,Accepted,Recommendation fit
A15400,L15400,2026-08-14,Rejected,Delayed follow-up
A15401,L15401,2026-08-25,Rejected,Room type
A15403,L15403,2026-08-23,Rejected,Sales judgment
A15410,L15410,2026-08-15,Rejected,Property preference
A15416,L15416,2026-07-31,Rejected,Property preference
A15418,L15418,2026-08-14,Accepted,Sales judgment
A15420,L15420,2026-08-20,Rejected,No availability
A15421,L15421,2026-08-26,Rejected,Other
A15422,L15422,2026-07-31,Rejected,Price
A15423,L15423,2026-08-14,Modified,Pricing
A15427,L15427,2026-08-19,Rejected,Other
A15428,L15428,2026-08-26,Rejected,Resident preference
A15430,L15430,2026-08-16,Rejected,Price
A15431,L15431,2026-08-25,Rejected,Inventory
A15433,L15433,2026-08-26,Rejected,Property preference
A15434,L15434,2026-08-13,Rejected,Commute
A15435,L15435,2026-08-27,Rejected,Property preference
A15436,L15436,2026-08-04,Rejected,Changed plans
A15440,L15440,2026-08-01,Rejected,Delayed follow-up
A15441,L15441,2026-07-30,Rejected,Delayed follow-up
A15443,L15443,2026-08-13,Rejected,Other
A15446,L15446,2026-08-22,Modified,Recommendation fit
A15448,L15448,2026-08-17,Rejected,Sales judgment
A15449,L15449,2026-08-16,Modified,Resident preference
A15452,L15452,2026-08-15,Rejected,Price
A15455,L15455,2026-08-23,Rejected,Other
A15460,L15460,2026-08-16,Rejected,Changed plans
A15461,L15461,2026-08-14,Rejected,Other
A15462,L15462,2026-08-27,Rejected,Delayed follow-up
A15463,L15463,2026-08-04,Rejected,Price
A15469,L15469,2026-08-19,Rejected,Changed plans
A15470,L15470,2026-08-23,Modified,Recommendation fit
A15471,L15471,2026-08-27,Accepted,Recommendation fit
A15472,L15472,2026-08-24,Rejected,Room type
A15477,L15477,2026-08-18,Rejected,Room type
A15479,L15479,2026-08-24,Modified,Recommendation fit
A15483,L15483,2026-08-24,Rejected,Other
A15484,L15484,2026-08-07,Rejected,Price
A15488,L15488,2026-08-21,Accepted,Recommendation fit
A15489,L15489,2026-08-26,Rejected,Other
A15494,L15494,2026-08-18,Accepted,Inventory
A15497,L15497,2026-08-25,Rejected,Resident preference
A15499,L15499,2026-08-27,Rejected,Pricing
A15502,L15502,2026-08-08,Rejected,Changed plans
A15503,L15503,2026-08-20,Rejected,Sales judgment
A15504,L15504,2026-08-18,Rejected,No availability
A15507,L15507,2026-08-18,Accepted,Resident preference
A15509,L15509,2026-08-16,Rejected,Delayed follow-up
A15510,L15510,2026-08-25,Accepted,Recommendation fit
A15511,L15511,2026-08-14,Accepted,Resident preference
A15512,L15512,2026-08-11,Rejected,Delayed follow-up
A15513,L15513,2026-08-10,Rejected,Property preference
A15514,L15514,2026-08-05,Rejected,Room type
A15518,L15518,2026-08-21,Modified,Other
A15519,L15519,2026-08-03,Rejected,Delayed follow-up
A15522,L15522,2026-08-16,Rejected,Recommendation fit
A15524,L15524,2026-08-26,Rejected,Property preference
A15527,L15527,2026-08-16,Rejected,Commute
A15528,L15528,2026-08-05,Rejected,Room type
A15530,L15530,2026-08-27,Accepted,Pricing
A15536,L15536,2026-08-20,Rejected,Inventory
A15538,L15538,2026-08-08,Rejected,Price
A15541,L15541,2026-08-14,Modified,Recommendation fit
A15543,L15543,2026-08-14,Rejected,Other
A15547,L15547,2026-08-09,Rejected,Commute
A15549,L15549,2026-08-11,Rejected,Property preference
A15550,L15550,2026-08-16,Modified,Recommendation fit
A15553,L15553,2026-08-16,Rejected,No availability
A15555,L15555,2026-08-23,Rejected,Changed plans
A15556,L15556,2026-08-26,Accepted,Sales judgment
A15558,L15558,2026-08-12,Rejected,Other
A15559,L15559,2026-08-17,Rejected,Price
A15560,L15560,2026-08-18,Accepted,Recommendation fit
A15563,L15563,2026-08-13,Accepted,Resident preference
A15564,L15564,2026-08-27,Rejected,Price
A15565,L15565,2026-08-07,Rejected,Other
A15567,L15567,2026-08-17,Accepted,Resident preference
A15571,L15571,2026-08-27,Accepted,Recommendation fit
A15572,L15572,2026-08-26,Accepted,Pricing
A15576,L15576,2026-08-10,Rejected,Commute
A15578,L15578,2026-08-21,Rejected,Other
A15579,L15579,2026-08-22,Rejected,Price
A15580,L15580,2026-08-12,Rejected,Room type
A15583,L15583,2026-08-13,Accepted,Resident preference
A15584,L15584,2026-08-27,Modified,Sales judgment
A15585,L15585,2026-08-25,Rejected,Room type
A15591,L15591,2026-08-26,Rejected,Changed plans
A15595,L15595,2026-08-07,Rejected,Room type
A15597,L15597,2026-08-07,Rejected,Room type
A15600,L15600,2026-08-22,Rejected,Other
A15601,L15601,2026-08-24,Rejected,Pricing
A15606,L15606,2026-07-30,Rejected,Room type
A15607,L15607,2026-08-25,Rejected,Price
A15614,L15614,2026-08-25,Rejected,Room type
A15619,L15619,2026-08-23,Rejected,Commute
A15622,L15622,2026-08-16,Modified,Resident preference
A15623,L15623,2026-08-26,Rejected,Price
A15629,L15629,2026-07-30,Rejected,Price
A15630,L15630,2026-08-16,Rejected,Other
A15631,L15631,2026-08-18,Rejected,No availability
A15635,L15635,2026-08-14,Accepted,Other
A15639,L15639,2026-08-21,Modified,Pricing
A15640,L15640,2026-08-19,Modified,Sales judgment
A15641,L15641,2026-08-12,Rejected,No availability
A15651,L15651,2026-08-18,Rejected,Commute
A15655,L15655,2026-08-17,Rejected,Property preference
A15656,L15656,2026-08-24,Rejected,Changed plans
A15657,L15657,2026-08-21,Rejected,Delayed follow-up
A15659,L15659,2026-08-17,Rejected,No availability
A15660,L15660,2026-08-17,Rejected,Other
A15662,L15662,2026-07-29,Rejected,Delayed follow-up
A15667,L15667,2026-08-18,Rejected,Other
A15668,L15668,2026-08-10,Rejected,Price
A15670,L15670,2026-08-10,Rejected,Commute
A15671,L15671,2026-08-19,Rejected,Changed plans
A15675,L15675,2026-08-04,Rejected,Room type
A15677,L15677,2026-08-25,Accepted,Recommendation fit
A15678,L15678,2026-08-07,Rejected,Changed plans
A15682,L15682,2026-08-25,Rejected,Room type
A15683,L15683,2026-08-14,Accepted,Recommendation fit
A15686,L15686,2026-08-02,Rejected,Property preference
A15688,L15688,2026-08-03,Rejected,Room type
A15690,L15690,2026-07-29,Rejected,Price
A15691,L15691,2026-08-23,Rejected,Room type
A15692,L15692,2026-08-18,Modified,Resident preference
A15695,L15695,2026-08-16,Rejected,No availability
A15701,L15701,2026-08-20,Modified,Sales judgment
A15702,L15702,2026-08-27,Rejected,Recommendation fit
A15705,L15705,2026-08-13,Rejected,Property preference
A15706,L15706,2026-08-14,Rejected,Price
A15710,L15710,2026-08-15,Modified,Inventory
A15712,L15712,2026-08-23,Accepted,Recommendation fit
A15714,L15714,2026-08-12,Rejected,Sales judgment
A15718,L15718,2026-08-22,Rejected,Property preference
A15719,L15719,2026-08-19,Rejected,Room type
A15722,L15722,2026-08-05,Rejected,Room type
A15724,L15724,2026-07-28,Rejected,Changed plans
A15727,L15727,2026-07-29,Rejected,Room type
A15731,L15731,2026-08-07,Rejected,Delayed follow-up
A15732,L15732,2026-08-12,Accepted,Sales judgment
A15736,L15736,2026-08-19,Modified,Resident preference
A15737,L15737,2026-07-30,Rejected,Other
A15738,L15738,2026-08-22,Accepted,Resident preference
A15739,L15739,2026-07-28,Rejected,Other
A15741,L15741,2026-08-20,Rejected,Delayed follow-up
A15743,L15743,2026-08-15,Accepted,Sales judgment
A15745,L15745,2026-08-18,Accepted,Inventory
A15749,L15749,2026-08-25,Rejected,Commute
A15750,L15750,2026-08-14,Rejected,No availability
A15757,L15757,2026-08-14,Rejected,Commute
A15759,L15759,2026-08-25,Rejected,Recommendation fit
A15761,L15761,2026-08-25,Accepted,Pricing
A15762,L15762,2026-08-16,Modified,Inventory
A15766,L15766,2026-08-13,Accepted,Resident preference
A15770,L15770,2026-08-03,Rejected,Room type
A15774,L15774,2026-08-07,Rejected,Other
A15775,L15775,2026-08-04,Rejected,Delayed follow-up
A15776,L15776,2026-08-10,Rejected,Room type
A15777,L15777,2026-08-14,Rejected,No availability
A15778,L15778,2026-08-23,Rejected,Recommendation fit
A15780,L15780,2026-08-20,Rejected,Room type
A15781,L15781,2026-08-07,Rejected,No availability
A15782,L15782,2026-08-25,Modified,Recommendation fit
A15783,L15783,2026-08-21,Rejected,Recommendation fit
A15784,L15784,2026-08-15,Rejected,Resident preference
A15785,L15785,2026-08-14,Rejected,Room type
A15786,L15786,2026-08-17,Rejected,Resident preference
A15789,L15789,2026-08-16,Modified,Recommendation fit
A15790,L15790,2026-08-06,Rejected,No availability
A15798,L15798,2026-08-24,Rejected,No availability
A15802,L15802,2026-08-26,Rejected,No availability
A15804,L15804,2026-08-24,Rejected,Property preference
A15805,L15805,2026-08-16,Modified,Recommendation fit
A15807,L15807,2026-08-24,Rejected,Delayed follow-up
A15809,L15809,2026-08-27,Rejected,Inventory
A15810,L15810,2026-07-31,Rejected,Other
A15811,L15811,2026-08-19,Rejected,Pricing
A15812,L15812,2026-08-14,Rejected,Room type
A15814,L15814,2026-08-22,Rejected,Price
A15818,L15818,2026-08-20,Rejected,Sales judgment
A15821,L15821,2026-08-20,Rejected,Commute
A15823,L15823,2026-08-23,Rejected,Recommendation fit
A15826,L15826,2026-08-22,Rejected,No availability
A15828,L15828,2026-08-15,Rejected,Commute
A15836,L15836,2026-08-26,Accepted,Other
A15837,L15837,2026-08-15,Rejected,Room type
A15839,L15839,2026-08-16,Modified,Resident preference
A15841,L15841,2026-08-14,Modified,Resident preference
A15843,L15843,2026-08-18,Modified,Sales judgment
A15844,L15844,2026-07-30,Rejected,Delayed follow-up
A15849,L15849,2026-08-21,Rejected,Other
A15850,L15850,2026-08-19,Rejected,No availability
A15852,L15852,2026-08-13,Rejected,Inventory
A15853,L15853,2026-08-12,Modified,Other
A15854,L15854,2026-08-05,Rejected,Changed plans
A15857,L15857,2026-08-26,Modified,Inventory
A15859,L15859,2026-08-18,Rejected,Room type
A15860,L15860,2026-08-21,Accepted,Sales judgment
A15864,L15864,2026-08-24,Rejected,Recommendation fit
A15865,L15865,2026-08-13,Modified,Pricing
A15867,L15867,2026-08-21,Rejected,Recommendation fit
A15870,L15870,2026-08-24,Accepted,Pricing
A15874,L15874,2026-08-03,Rejected,Room type
A15878,L15878,2026-08-24,Rejected,Other
A15879,L15879,2026-08-20,Rejected,Other
A15880,L15880,2026-08-12,Modified,Sales judgment
A15881,L15881,2026-08-14,Rejected,Property preference
A15884,L15884,2026-08-14,Rejected,Pricing
A15889,L15889,2026-08-11,Rejected,Other
A15890,L15890,2026-08-13,Rejected,Property preference
A15893,L15893,2026-08-27,Accepted,Pricing
A15895,L15895,2026-08-14,Rejected,Price
A15896,L15896,2026-08-01,Rejected,No availability
A15897,L15897,2026-08-02,Rejected,Room type
A15899,L15899,2026-08-14,Modified,Pricing
A15900,L15900,2026-08-25,Accepted,Recommendation fit
A15902,L15902,2026-08-07,Rejected,Changed plans
A15904,L15904,2026-07-29,Rejected,Delayed follow-up
A15906,L15906,2026-08-07,Rejected,Property preference
A15908,L15908,2026-08-18,Rejected,Pricing
A15909,L15909,2026-08-05,Rejected,Changed plans
A15910,L15910,2026-08-09,Rejected,Commute
A15911,L15911,2026-08-01,Rejected,No availability
A15915,L15915,2026-08-23,Rejected,Commute
A15916,L15916,2026-08-17,Rejected,Property preference
A15917,L15917,2026-08-12,Rejected,Commute
A15920,L15920,2026-08-27,Accepted,Inventory
A15922,L15922,2026-07-30,Rejected,Delayed follow-up
A15923,L15923,2026-08-15,Rejected,Resident preference
A15925,L15925,2026-08-22,Rejected,Sales judgment
A15927,L15927,2026-08-07,Rejected,Room type
A15928,L15928,2026-08-15,Accepted,Pricing
A15929,L15929,2026-08-01,Rejected,Price
A15932,L15932,2026-08-09,Rejected,Delayed follow-up
A15937,L15937,2026-08-17,Rejected,Delayed follow-up
A15938,L15938,2026-08-06,Rejected,Commute
A15941,L15941,2026-08-20,Rejected,Room type
A15948,L15948,2026-08-16,Modified,Resident preference
A15949,L15949,2026-08-05,Rejected,Delayed follow-up
A15954,L15954,2026-08-14,Rejected,Changed plans
A15955,L15955,2026-08-20,Rejected,Resident preference
A15956,L15956,2026-08-16,Rejected,Pricing
A15957,L15957,2026-08-09,Rejected,Changed plans
A15958,L15958,2026-08-06,Rejected,Price
A15959,L15959,2026-08-04,Rejected,Delayed follow-up
A15960,L15960,2026-08-24,Rejected,Room type
A15962,L15962,2026-08-25,Rejected,Room type
A15964,L15964,2026-08-17,Rejected,Pricing
A15966,L15966,2026-08-13,Rejected,Room type
A15967,L15967,2026-08-24,Rejected,Room type
A15970,L15970,2026-08-09,Rejected,Commute
A15971,L15971,2026-08-11,Rejected,Property preference
A15972,L15972,2026-07-30,Rejected,Price
A15973,L15973,2026-08-19,Accepted,Resident preference
A15975,L15975,2026-08-26,Rejected,Room type
A15978,L15978,2026-08-26,Rejected,Changed plans
A15979,L15979,2026-08-22,Rejected,Property preference
A15980,L15980,2026-08-20,Rejected,Commute
A15982,L15982,2026-07-29,Rejected,Changed plans
A15984,L15984,2026-07-28,Rejected,Commute
A15986,L15986,2026-08-12,Rejected,No availability
A15989,L15989,2026-08-06,Rejected,Other
A15990,L15990,2026-08-22,Rejected,Sales judgment
A15991,L15991,2026-08-22,Rejected,Other
A15992,L15992,2026-08-13,Accepted,Inventory
A15994,L15994,2026-08-18,Accepted,Other
A15995,L15995,2026-08-23,Rejected,Delayed follow-up
A15996,L15996,2026-08-23,Rejected,Property preference
A16004,L16004,2026-08-11,Rejected,Room type
A16005,L16005,2026-08-10,Rejected,Commute
A16007,L16007,2026-07-31,Rejected,Commute
A16009,L16009,2026-08-12,Rejected,Commute
A16012,L16012,2026-08-24,Rejected,Other
A16013,L16013,2026-08-27,Modified,Recommendation fit
A16014,L16014,2026-08-15,Rejected,Commute
A16015,L16015,2026-08-07,Rejected,Price
A16030,L16030,2026-08-14,Rejected,No availability
A16031,L16031,2026-08-26,Accepted,Inventory
A16033,L16033,2026-08-25,Accepted,Inventory
A16036,L16036,2026-08-12,Rejected,Property preference
A16037,L16037,2026-08-23,Rejected,Commute
A16038,L16038,2026-08-25,Accepted,Sales judgment
A16039,L16039,2026-07-31,Rejected,Changed plans
A16040,L16040,2026-08-01,Rejected,Price
A16041,L16041,2026-08-19,Rejected,Inventory
A16043,L16043,2026-08-11,Rejected,Other
A16045,L16045,2026-08-26,Rejected,No availability
A16046,L16046,2026-08-02,Rejected,Changed plans
A16050,L16050,2026-08-12,Accepted,Resident preference
A16051,L16051,2026-08-19,Modified,Inventory
A16055,L16055,2026-08-01,Rejected,Delayed follow-up
A16056,L16056,2026-08-27,Rejected,Changed plans
A16057,L16057,2026-08-03,Rejected,Room type
A16059,L16059,2026-08-02,Rejected,No availability
A16061,L16061,2026-08-09,Rejected,Room type
A16064,L16064,2026-08-09,Rejected,Room type
A16071,L16071,2026-08-14,Rejected,Recommendation fit
A16073,L16073,2026-08-25,Rejected,Delayed follow-up
A16076,L16076,2026-08-18,Accepted,Other
A16077,L16077,2026-08-25,Rejected,Resident preference
A16080,L16080,2026-08-16,Rejected,No availability
A16082,L16082,2026-08-04,Rejected,Commute
A16083,L16083,2026-08-19,Modified,Sales judgment
A16088,L16088,2026-08-25,Rejected,Other
A16089,L16089,2026-08-27,Accepted,Pricing
A16098,L16098,2026-07-31,Rejected,Commute
A16099,L16099,2026-07-30,Rejected,Commute
A16103,L16103,2026-07-29,Rejected,Property preference
A16104,L16104,2026-08-11,Rejected,Commute
A16105,L16105,2026-08-16,Modified,Recommendation fit
A16108,L16108,2026-08-18,Rejected,No availability
A16109,L16109,2026-08-23,Rejected,Other
A16113,L16113,2026-08-16,Rejected,Delayed follow-up
A16114,L16114,2026-08-13,Rejected,Property preference
A16121,L16121,2026-08-27,Rejected,Commute
A16122,L16122,2026-08-13,Accepted,Resident preference
A16123,L16123,2026-08-10,Rejected,Delayed follow-up
A16126,L16126,2026-07-28,Rejected,Commute
A16127,L16127,2026-08-22,Accepted,Inventory
A16131,L16131,2026-08-24,Rejected,Sales judgment
A16132,L16132,2026-08-16,Modified,Recommendation fit
A16133,L16133,2026-08-16,Modified,Sales judgment
A16135,L16135,2026-08-27,Rejected,Room type
A16136,L16136,2026-08-15,Rejected,Inventory
A16137,L16137,2026-08-19,Rejected,Other
A16138,L16138,2026-08-18,Rejected,Other
A16143,L16143,2026-08-27,Rejected,Delayed follow-up
A16144,L16144,2026-08-27,Modified,Other
A16145,L16145,2026-08-14,Rejected,Changed plans
A16146,L16146,2026-08-16,Rejected,Resident preference
A16147,L16147,2026-07-30,Rejected,Changed plans
A16148,L16148,2026-08-01,Rejected,Price
A16153,L16153,2026-08-03,Rejected,No availability
A16154,L16154,2026-08-03,Rejected,Changed plans
A16157,L16157,2026-08-16,Accepted,Pricing
A16159,L16159,2026-08-03,Rejected,Delayed follow-up
A16166,L16166,2026-08-12,Rejected,Pricing
A16168,L16168,2026-08-19,Modified,Sales judgment
A16169,L16169,2026-08-26,Modified,Resident preference
A16170,L16170,2026-08-27,Rejected,Property preference
A16171,L16171,2026-08-27,Modified,Recommendation fit
A16172,L16172,2026-08-17,Rejected,Sales judgment
A16175,L16175,2026-08-24,Rejected,Room type
A16177,L16177,2026-08-17,Modified,Sales judgment
A16180,L16180,2026-08-15,Rejected,Changed plans
A16184,L16184,2026-08-11,Rejected,Room type
A16185,L16185,2026-07-30,Rejected,No availability
A16187,L16187,2026-08-26,Rejected,Commute
A16189,L16189,2026-07-29,Rejected,Changed plans
A16192,L16192,2026-08-23,Rejected,Changed plans
A16197,L16197,2026-08-24,Rejected,Delayed follow-up
A16198,L16198,2026-07-30,Rejected,Room type
A16199,L16199,2026-08-26,Accepted,Other
A16207,L16207,2026-08-27,Rejected,Recommendation fit
A16208,L16208,2026-08-23,Rejected,Delayed follow-up
A16211,L16211,2026-08-18,Rejected,Commute
A16212,L16212,2026-08-24,Accepted,Recommendation fit
A16213,L16213,2026-08-22,Accepted,Other
A16216,L16216,2026-08-06,Rejected,Room type
A16218,L16218,2026-08-20,Accepted,Resident preference
A16219,L16219,2026-08-13,Rejected,Price
A16221,L16221,2026-08-18,Rejected,Property preference
A16224,L16224,2026-08-27,Accepted,Resident preference
A16226,L16226,2026-08-13,Rejected,Price
A16227,L16227,2026-08-24,Rejected,Property preference
A16230,L16230,2026-08-07,Rejected,Price
A16233,L16233,2026-08-22,Rejected,Pricing
A16234,L16234,2026-08-12,Modified,Resident preference
A16235,L16235,2026-08-26,Accepted,Sales judgment
A16239,L16239,2026-08-06,Rejected,Changed plans
A16240,L16240,2026-08-06,Rejected,Price
A16242,L16242,2026-08-04,Rejected,No availability
A16243,L16243,2026-08-15,Modified,Sales judgment
A16246,L16246,2026-08-27,Accepted,Recommendation fit
A16254,L16254,2026-08-20,Modified,Sales judgment
A16256,L16256,2026-08-16,Rejected,Recommendation fit
A16257,L16257,2026-08-16,Modified,Resident preference
A16258,L16258,2026-08-09,Rejected,No availability
A16260,L16260,2026-08-12,Rejected,Recommendation fit
A16261,L16261,2026-08-24,Accepted,Sales judgment
A16262,L16262,2026-07-28,Rejected,Price
A16264,L16264,2026-08-10,Rejected,Other
A16266,L16266,2026-08-24,Rejected,Other
A16267,L16267,2026-08-23,Rejected,Room type
A16268,L16268,2026-08-13,Rejected,Sales judgment
A16269,L16269,2026-08-26,Rejected,Other
A16272,L16272,2026-08-05,Rejected,Commute
A16275,L16275,2026-08-07,Rejected,Changed plans
A16276,L16276,2026-07-29,Rejected,No availability
A16278,L16278,2026-08-15,Rejected,No availability
A16283,L16283,2026-08-25,Accepted,Inventory
A16285,L16285,2026-08-14,Rejected,Changed plans
A16290,L16290,2026-08-06,Rejected,Property preference
A16293,L16293,2026-08-19,Rejected,Room type
A16294,L16294,2026-08-16,Modified,Resident preference
A16297,L16297,2026-08-24,Modified,Inventory
A16298,L16298,2026-08-14,Rejected,Room type
A16301,L16301,2026-08-26,Rejected,Delayed follow-up
A16303,L16303,2026-08-17,Rejected,Property preference
A16304,L16304,2026-08-24,Accepted,Sales judgment
A16305,L16305,2026-08-10,Rejected,Price
A16306,L16306,2026-08-16,Accepted,Inventory
A16307,L16307,2026-08-10,Rejected,Other
A16309,L16309,2026-08-16,Rejected,Property preference
A16310,L16310,2026-08-13,Rejected,Property preference
A16313,L16313,2026-08-19,Rejected,Other
A16315,L16315,2026-08-27,Rejected,No availability
A16318,L16318,2026-08-13,Rejected,Resident preference
A16321,L16321,2026-07-30,Rejected,Delayed follow-up
A16323,L16323,2026-08-27,Rejected,Recommendation fit
A16325,L16325,2026-08-16,Modified,Resident preference
A16330,L16330,2026-08-05,Rejected,Property preference
A16333,L16333,2026-08-12,Accepted,Other
A16334,L16334,2026-08-11,Rejected,Changed plans
A16336,L16336,2026-08-22,Rejected,Delayed follow-up
A16337,L16337,2026-08-02,Rejected,Property preference
A16339,L16339,2026-08-17,Rejected,Resident preference
A16340,L16340,2026-08-13,Modified,Pricing
A16341,L16341,2026-08-14,Modified,Resident preference
A16345,L16345,2026-08-10,Rejected,Room type
A16347,L16347,2026-07-30,Rejected,Other
A16353,L16353,2026-08-15,Rejected,Room type
A16355,L16355,2026-07-28,Rejected,No availability
A16364,L16364,2026-08-25,Accepted,Pricing
A16366,L16366,2026-08-12,Rejected,Recommendation fit
A16368,L16368,2026-08-13,Rejected,Commute
A16373,L16373,2026-08-21,Modified,Sales judgment
A16374,L16374,2026-08-24,Rejected,Changed plans
A16375,L16375,2026-08-25,Rejected,Delayed follow-up
A16376,L16376,2026-08-15,Rejected,Room type
A16380,L16380,2026-08-14,Rejected,Commute
A16382,L16382,2026-08-02,Rejected,Other
A16384,L16384,2026-08-21,Rejected,No availability
A16386,L16386,2026-07-30,Rejected,Delayed follow-up
A16391,L16391,2026-08-18,Rejected,Pricing
A16392,L16392,2026-08-14,Rejected,Other
A16395,L16395,2026-08-24,Rejected,Resident preference
A16397,L16397,2026-08-27,Modified,Recommendation fit
A16400,L16400,2026-08-26,Rejected,Commute
A16406,L16406,2026-08-27,Accepted,Sales judgment
A16411,L16411,2026-08-16,Rejected,Sales judgment
A16412,L16412,2026-08-27,Modified,Pricing
A16417,L16417,2026-08-26,Rejected,Price
A16421,L16421,2026-08-19,Rejected,Commute
A16423,L16423,2026-08-23,Rejected,Pricing
A16427,L16427,2026-08-19,Accepted,Pricing
A16428,L16428,2026-08-14,Modified,Pricing
A16429,L16429,2026-08-12,Rejected,Price
A16430,L16430,2026-08-14,Rejected,Delayed follow-up
A16434,L16434,2026-07-28,Rejected,Price
A16435,L16435,2026-08-15,Rejected,Property preference
A16437,L16437,2026-08-18,Rejected,Commute
A16438,L16438,2026-08-09,Rejected,Price
A16439,L16439,2026-08-22,Rejected,Property preference
A16443,L16443,2026-08-04,Rejected,Commute
A16447,L16447,2026-08-21,Rejected,Other
A16450,L16450,2026-07-31,Rejected,Room type
A16451,L16451,2026-08-17,Modified,Pricing
A16453,L16453,2026-08-03,Rejected,Other
A16455,L16455,2026-08-01,Rejected,Price
A16457,L16457,2026-08-07,Rejected,Room type
A16459,L16459,2026-07-29,Rejected,Room type
A16466,L16466,2026-08-24,Rejected,Other
A16473,L16473,2026-08-02,Rejected,Changed plans
A16476,L16476,2026-08-27,Modified,Pricing
A16480,L16480,2026-08-14,Modified,Resident preference
A16482,L16482,2026-08-19,Modified,Resident preference
A16483,L16483,2026-08-26,Accepted,Recommendation fit
A16488,L16488,2026-08-12,Rejected,Other
A16489,L16489,2026-08-08,Rejected,Delayed follow-up
A16491,L16491,2026-08-16,Modified,Inventory
A16492,L16492,2026-08-08,Rejected,Price
A16494,L16494,2026-08-23,Accepted,Sales judgment
A16497,L16497,2026-08-25,Rejected,No availability
A16500,L16500,2026-08-22,Rejected,Commute
A16506,L16506,2026-08-12,Accepted,Pricing
A16507,L16507,2026-08-22,Modified,Inventory
A16508,L16508,2026-08-10,Rejected,Room type
A16510,L16510,2026-08-22,Rejected,Price
A16511,L16511,2026-08-13,Rejected,Other
A16512,L16512,2026-08-24,Rejected,Price
A16513,L16513,2026-08-25,Rejected,Room type
A16517,L16517,2026-08-22,Modified,Sales judgment
A16521,L16521,2026-08-27,Rejected,Delayed follow-up
A16523,L16523,2026-08-13,Rejected,Property preference
A16525,L16525,2026-08-16,Rejected,Changed plans
A16526,L16526,2026-08-20,Rejected,Changed plans
A16527,L16527,2026-08-23,Rejected,Other
A16534,L16534,2026-08-27,Accepted,Inventory
A16537,L16537,2026-08-16,Accepted,Resident preference
A16539,L16539,2026-08-13,Rejected,Other
A16540,L16540,2026-08-18,Rejected,Property preference
A16541,L16541,2026-08-24,Modified,Recommendation fit
A16547,L16547,2026-08-09,Rejected,Commute
A16549,L16549,2026-08-12,Modified,Other
A16552,L16552,2026-08-02,Rejected,Changed plans
A16553,L16553,2026-08-13,Rejected,Changed plans
A16554,L16554,2026-08-24,Rejected,Sales judgment
A16555,L16555,2026-08-15,Rejected,No availability
A16556,L16556,2026-08-01,Rejected,Property preference
A16559,L16559,2026-08-21,Rejected,Other
A16560,L16560,2026-08-18,Rejected,Inventory
A16562,L16562,2026-08-03,Rejected,Other
A16564,L16564,2026-08-22,Rejected,Other
A16566,L16566,2026-08-03,Rejected,Property preference
A16569,L16569,2026-07-29,Rejected,Room type
A16571,L16571,2026-08-25,Modified,Inventory
A16574,L16574,2026-07-29,Rejected,Changed plans
A16577,L16577,2026-08-09,Rejected,Property preference
A16578,L16578,2026-08-22,Rejected,Other
A16579,L16579,2026-08-09,Rejected,Changed plans
A16581,L16581,2026-08-13,Rejected,Other
A16582,L16582,2026-08-25,Rejected,No availability
A16584,L16584,2026-08-03,Rejected,Changed plans
A16586,L16586,2026-08-20,Modified,Pricing
A16587,L16587,2026-08-10,Rejected,No availability
A16589,L16589,2026-08-13,Accepted,Inventory
A16590,L16590,2026-07-29,Rejected,Changed plans
A16598,L16598,2026-08-25,Rejected,Room type
A16599,L16599,2026-07-28,Rejected,No availability
A16600,L16600,2026-08-22,Rejected,Other
A16607,L16607,2026-07-31,Rejected,Commute
A16612,L16612,2026-08-15,Modified,Resident preference
A16613,L16613,2026-08-20,Rejected,Property preference
A16614,L16614,2026-08-10,Rejected,Changed plans
A16618,L16618,2026-08-16,Rejected,Commute
A16619,L16619,2026-08-02,Rejected,Property preference
A16625,L16625,2026-08-26,Rejected,Property preference
A16627,L16627,2026-08-17,Accepted,Other
A16628,L16628,2026-08-24,Rejected,No availability
A16629,L16629,2026-08-25,Accepted,Pricing
A16631,L16631,2026-08-13,Accepted,Inventory
A16632,L16632,2026-08-25,Rejected,Other
A16634,L16634,2026-08-21,Rejected,Delayed follow-up
A16638,L16638,2026-08-27,Rejected,Changed plans
A16643,L16643,2026-08-25,Rejected,Resident preference
A16647,L16647,2026-08-14,Rejected,Price
A16649,L16649,2026-08-23,Modified,Pricing
A16653,L16653,2026-08-18,Rejected,Changed plans
A16657,L16657,2026-08-12,Rejected,Commute
A16659,L16659,2026-08-17,Modified,Other
A16662,L16662,2026-07-31,Rejected,Room type
A16664,L16664,2026-08-15,Accepted,Other
A16670,L16670,2026-07-31,Rejected,Delayed follow-up
A16674,L16674,2026-08-20,Rejected,Other
A16675,L16675,2026-08-13,Modified,Other
A16678,L16678,2026-08-26,Accepted,Sales judgment
A16679,L16679,2026-08-23,Rejected,Property preference
A16680,L16680,2026-08-24,Rejected,Other
A16685,L16685,2026-08-11,Rejected,Delayed follow-up
A16686,L16686,2026-07-30,Rejected,Property preference
A16690,L16690,2026-08-08,Rejected,Delayed follow-up
A16694,L16694,2026-08-07,Rejected,Changed plans
A16695,L16695,2026-08-21,Rejected,Sales judgment
A16696,L16696,2026-08-16,Accepted,Resident preference
A16697,L16697,2026-08-17,Modified,Resident preference
A16708,L16708,2026-08-24,Rejected,Inventory
A16709,L16709,2026-08-17,Rejected,No availability
A16710,L16710,2026-08-27,Rejected,Delayed follow-up
A16711,L16711,2026-08-11,Rejected,Property preference
A16713,L16713,2026-08-19,Rejected,Recommendation fit
A16715,L16715,2026-08-23,Rejected,Resident preference
A16716,L16716,2026-08-12,Modified,Resident preference
A16718,L16718,2026-08-14,Rejected,No availability
A16719,L16719,2026-08-10,Rejected,Other
A16721,L16721,2026-08-23,Modified,Recommendation fit
A16723,L16723,2026-08-25,Rejected,Recommendation fit
A16725,L16725,2026-08-23,Rejected,Changed plans
A16727,L16727,2026-08-20,Modified,Other
A16730,L16730,2026-08-26,Modified,Other
A16731,L16731,2026-08-25,Modified,Sales judgment
A16732,L16732,2026-08-12,Rejected,Property preference
A16734,L16734,2026-08-22,Rejected,Pricing
A16737,L16737,2026-07-31,Rejected,Room type
A16740,L16740,2026-08-26,Rejected,Price
A16742,L16742,2026-08-26,Modified,Recommendation fit
A16743,L16743,2026-08-23,Modified,Other
A16745,L16745,2026-08-26,Rejected,Changed plans
A16748,L16748,2026-08-18,Rejected,Inventory
A16749,L16749,2026-08-17,Rejected,Resident preference
A16751,L16751,2026-08-20,Accepted,Sales judgment
A16752,L16752,2026-07-28,Rejected,Commute
A16753,L16753,2026-08-22,Rejected,Inventory
A16754,L16754,2026-07-28,Rejected,Other
A16755,L16755,2026-08-21,Rejected,Room type
A16756,L16756,2026-08-20,Modified,Pricing
A16759,L16759,2026-08-16,Rejected,Recommendation fit
A16760,L16760,2026-08-04,Rejected,No availability
A16766,L16766,2026-08-12,Rejected,Inventory
A16767,L16767,2026-08-12,Accepted,Pricing
A16768,L16768,2026-08-18,Rejected,Delayed follow-up
A16769,L16769,2026-08-13,Rejected,Resident preference
A16773,L16773,2026-08-13,Rejected,No availability
A16776,L16776,2026-08-25,Rejected,No availability
A16777,L16777,2026-08-08,Rejected,Changed plans
A16780,L16780,2026-08-17,Rejected,Other
A16783,L16783,2026-08-27,Rejected,Room type
A16784,L16784,2026-08-27,Accepted,Resident preference
A16786,L16786,2026-08-20,Rejected,Recommendation fit
A16788,L16788,2026-08-19,Rejected,No availability
A16793,L16793,2026-08-27,Modified,Other
A16797,L16797,2026-08-22,Modified,Sales judgment
A16801,L16801,2026-08-26,Rejected,Changed plans
A16802,L16802,2026-08-13,Accepted,Sales judgment
A16804,L16804,2026-08-27,Rejected,Changed plans
A16805,L16805,2026-08-13,Modified,Other
A16806,L16806,2026-08-26,Rejected,Property preference
A16809,L16809,2026-08-17,Rejected,Other
A16811,L16811,2026-08-23,Accepted,Resident preference
A16812,L16812,2026-08-16,Rejected,Commute
A16814,L16814,2026-08-25,Modified,Pricing
A16816,L16816,2026-08-04,Rejected,Changed plans
A16818,L16818,2026-08-24,Rejected,Other
A16819,L16819,2026-07-31,Rejected,Property preference
A16824,L16824,2026-08-12,Accepted,Resident preference
A16825,L16825,2026-08-06,Rejected,Property preference
A16826,L16826,2026-08-27,Accepted,Resident preference
A16827,L16827,2026-08-20,Rejected,Price
A16830,L16830,2026-08-17,Rejected,Other
A16831,L16831,2026-08-01,Rejected,No availability
A16833,L16833,2026-07-30,Rejected,Other
A16834,L16834,2026-08-19,Modified,Sales judgment
A16835,L16835,2026-08-12,Rejected,Commute
A16837,L16837,2026-08-16,Modified,Resident preference
A16838,L16838,2026-08-18,Rejected,Commute
A16841,L16841,2026-07-31,Rejected,Delayed follow-up
A16842,L16842,2026-08-19,Accepted,Recommendation fit
A16843,L16843,2026-08-04,Rejected,No availability
A16846,L16846,2026-08-09,Rejected,Property preference
A16848,L16848,2026-08-09,Rejected,Other
A16850,L16850,2026-08-02,Rejected,No availability
A16852,L16852,2026-08-19,Rejected,Room type
A16854,L16854,2026-08-18,Modified,Sales judgment
A16856,L16856,2026-08-22,Rejected,Recommendation fit
A16857,L16857,2026-08-14,Rejected,Sales judgment
A16858,L16858,2026-08-25,Rejected,Other
A16861,L16861,2026-08-08,Rejected,Other
A16862,L16862,2026-08-06,Rejected,Price
A16865,L16865,2026-08-22,Accepted,Inventory
A16866,L16866,2026-07-31,Rejected,Room type
A16867,L16867,2026-08-09,Rejected,Delayed follow-up
A16870,L16870,2026-07-29,Rejected,Room type
A16874,L16874,2026-08-21,Accepted,Resident preference
A16875,L16875,2026-08-08,Rejected,Changed plans
A16877,L16877,2026-08-18,Rejected,No availability
A16878,L16878,2026-07-30,Rejected,Price
A16879,L16879,2026-08-07,Rejected,Price
A16880,L16880,2026-08-15,Accepted,Resident preference
A16881,L16881,2026-08-16,Modified,Resident preference
A16886,L16886,2026-08-08,Rejected,Price
A16887,L16887,2026-08-02,Rejected,No availability
A16890,L16890,2026-08-06,Rejected,Property preference
A16896,L16896,2026-08-09,Rejected,Changed plans
A16897,L16897,2026-08-05,Rejected,Price
A16898,L16898,2026-08-22,Rejected,Delayed follow-up
A16899,L16899,2026-08-27,Rejected,Pricing
A16905,L16905,2026-08-15,Rejected,Changed plans
A16908,L16908,2026-07-31,Rejected,Price
A16909,L16909,2026-08-20,Modified,Resident preference
A16910,L16910,2026-08-14,Accepted,Recommendation fit
A16914,L16914,2026-08-13,Modified,Other
A16916,L16916,2026-08-17,Modified,Sales judgment
A16917,L16917,2026-08-19,Rejected,Inventory
A16919,L16919,2026-08-15,Accepted,Pricing
A16920,L16920,2026-08-21,Rejected,Other
A16921,L16921,2026-08-27,Rejected,Pricing
A16922,L16922,2026-08-24,Rejected,Changed plans
A16923,L16923,2026-08-23,Rejected,Pricing
A16927,L16927,2026-08-24,Accepted,Pricing
A16929,L16929,2026-07-30,Rejected,Delayed follow-up
A16930,L16930,2026-08-25,Accepted,Resident preference
A16932,L16932,2026-08-13,Accepted,Pricing
A16937,L16937,2026-08-25,Rejected,Other
A16939,L16939,2026-08-12,Rejected,Commute
A16941,L16941,2026-08-16,Modified,Recommendation fit
A16943,L16943,2026-08-15,Modified,Recommendation fit
A16945,L16945,2026-08-10,Rejected,Price
A16947,L16947,2026-08-22,Rejected,Other
A16948,L16948,2026-08-10,Rejected,Commute
A16949,L16949,2026-08-20,Rejected,Commute
A16950,L16950,2026-08-15,Accepted,Inventory
A16951,L16951,2026-08-27,Rejected,No availability
A16952,L16952,2026-08-25,Rejected,Changed plans
A16954,L16954,2026-08-23,Accepted,Other
A16955,L16955,2026-08-19,Rejected,Room type
A16960,L16960,2026-08-06,Rejected,Changed plans
A16961,L16961,2026-08-08,Rejected,Property preference
A16962,L16962,2026-08-14,Modified,Resident preference
A16964,L16964,2026-08-18,Rejected,Sales judgment
A16965,L16965,2026-07-30,Rejected,Price
A16966,L16966,2026-08-14,Modified,Inventory
A16972,L16972,2026-08-27,Rejected,Recommendation fit
A16973,L16973,2026-08-11,Rejected,Price
A16974,L16974,2026-08-26,Rejected,Delayed follow-up
A16976,L16976,2026-08-16,Modified,Other
A16977,L16977,2026-08-02,Rejected,Delayed follow-up
A16980,L16980,2026-08-03,Rejected,Price
A16981,L16981,2026-08-26,Rejected,Recommendation fit
A16983,L16983,2026-08-27,Accepted,Recommendation fit
A16984,L16984,2026-08-12,Modified,Sales judgment
A16986,L16986,2026-08-24,Rejected,No availability
A16987,L16987,2026-08-23,Rejected,Sales judgment
A16994,L16994,2026-08-16,Rejected,Other
A16996,L16996,2026-08-16,Rejected,Commute
A16998,L16998,2026-08-23,Rejected,Resident preference
A16999,L16999,2026-08-23,Modified,Sales judgment
A17000,L17000,2026-08-12,Rejected,Price
A17001,L17001,2026-08-13,Rejected,Delayed follow-up
A17002,L17002,2026-08-10,Rejected,Changed plans
A17007,L17007,2026-08-15,Accepted,Pricing
A17008,L17008,2026-08-05,Rejected,Property preference
A17010,L17010,2026-08-03,Rejected,Changed plans
A17011,L17011,2026-08-17,Modified,Inventory
A17017,L17017,2026-08-23,Rejected,Pricing
A17021,L17021,2026-08-15,Accepted,Other
A17022,L17022,2026-08-27,Rejected,Recommendation fit
A17024,L17024,2026-08-19,Rejected,Recommendation fit
A17025,L17025,2026-08-14,Rejected,Room type
A17028,L17028,2026-08-05,Rejected,Changed plans
A17030,L17030,2026-08-18,Accepted,Sales judgment
A17031,L17031,2026-08-26,Rejected,Delayed follow-up
A17032,L17032,2026-08-15,Modified,Recommendation fit
A17034,L17034,2026-08-02,Rejected,Changed plans
A17036,L17036,2026-08-03,Rejected,Commute
A17038,L17038,2026-08-24,Accepted,Resident preference
A17041,L17041,2026-08-13,Rejected,Delayed follow-up
A17043,L17043,2026-08-17,Modified,Other
A17045,L17045,2026-08-24,Rejected,Price
A17049,L17049,2026-08-17,Accepted,Resident preference
A17050,L17050,2026-08-27,Rejected,Other
A17051,L17051,2026-08-19,Accepted,Inventory
A17055,L17055,2026-08-01,Rejected,Changed plans
A17057,L17057,2026-08-19,Rejected,Sales judgment
A17058,L17058,2026-08-14,Accepted,Resident preference
A17062,L17062,2026-08-14,Modified,Sales judgment
A17065,L17065,2026-08-16,Rejected,Pricing
A17067,L17067,2026-08-27,Rejected,Property preference
A17069,L17069,2026-08-16,Modified,Recommendation fit
A17070,L17070,2026-08-01,Rejected,Delayed follow-up
A17071,L17071,2026-08-06,Rejected,Price
A17072,L17072,2026-08-14,Rejected,Sales judgment
A17074,L17074,2026-08-16,Accepted,Other
A17079,L17079,2026-08-07,Rejected,Other
A17081,L17081,2026-07-29,Rejected,Price
A17083,L17083,2026-07-30,Rejected,No availability
A17084,L17084,2026-08-19,Rejected,Room type
A17085,L17085,2026-08-23,Rejected,No availability
A17086,L17086,2026-08-13,Accepted,Pricing
A17092,L17092,2026-08-17,Modified,Inventory
A17096,L17096,2026-08-26,Rejected,Sales judgment
A17097,L17097,2026-08-13,Accepted,Recommendation fit
A17098,L17098,2026-08-19,Rejected,Room type
A17100,L17100,2026-07-31,Rejected,No availability
A17103,L17103,2026-08-20,Modified,Resident preference
A17105,L17105,2026-08-21,Modified,Pricing
A17106,L17106,2026-08-26,Accepted,Sales judgment
A17110,L17110,2026-08-08,Rejected,Property preference
A17113,L17113,2026-08-19,Accepted,Resident preference
A17115,L17115,2026-08-18,Rejected,Recommendation fit
A17120,L17120,2026-08-17,Modified,Other
A17121,L17121,2026-08-11,Rejected,Delayed follow-up
A17122,L17122,2026-07-30,Rejected,No availability
A17125,L17125,2026-08-20,Rejected,Price
A17132,L17132,2026-08-01,Rejected,Property preference
A17133,L17133,2026-08-10,Rejected,Other
A17134,L17134,2026-08-03,Rejected,Other
A17136,L17136,2026-08-02,Rejected,Price
A17139,L17139,2026-08-22,Modified,Inventory
A17141,L17141,2026-08-13,Rejected,Price
A17144,L17144,2026-08-14,Rejected,Delayed follow-up
A17146,L17146,2026-08-10,Rejected,Other
A17148,L17148,2026-08-05,Rejected,Room type
A17151,L17151,2026-08-27,Accepted,Inventory
A17153,L17153,2026-08-21,Rejected,Other
A17154,L17154,2026-08-12,Rejected,Price
A17156,L17156,2026-08-01,Rejected,Commute
A17157,L17157,2026-07-31,Rejected,Property preference
A17161,L17161,2026-08-09,Rejected,No availability
A17164,L17164,2026-08-22,Rejected,Other
A17169,L17169,2026-08-03,Rejected,Commute
A17170,L17170,2026-08-10,Rejected,Delayed follow-up
A17173,L17173,2026-08-15,Accepted,Sales judgment
A17175,L17175,2026-08-26,Accepted,Pricing
A17177,L17177,2026-07-29,Rejected,Other
A17182,L17182,2026-08-08,Rejected,Changed plans
A17184,L17184,2026-08-16,Rejected,Inventory
A17186,L17186,2026-08-24,Accepted,Resident preference
A17187,L17187,2026-08-04,Rejected,No availability
A17189,L17189,2026-08-03,Rejected,Room type
A17191,L17191,2026-08-19,Accepted,Pricing
A17193,L17193,2026-07-30,Rejected,Property preference
A17194,L17194,2026-08-07,Rejected,Property preference
A17197,L17197,2026-08-14,Rejected,Recommendation fit
A17199,L17199,2026-08-25,Modified,Recommendation fit
A17202,L17202,2026-08-24,Modified,Other
A17206,L17206,2026-08-19,Accepted,Recommendation fit
A17211,L17211,2026-08-04,Rejected,Delayed follow-up
A17213,L17213,2026-08-05,Rejected,Delayed follow-up
A17220,L17220,2026-07-28,Rejected,No availability
A17226,L17226,2026-08-05,Rejected,Other
A17227,L17227,2026-08-18,Rejected,Sales judgment
A17228,L17228,2026-08-22,Rejected,No availability
A17230,L17230,2026-08-20,Accepted,Pricing
A17232,L17232,2026-08-21,Rejected,Recommendation fit
A17235,L17235,2026-08-13,Modified,Inventory
A17239,L17239,2026-08-23,Rejected,Property preference
A17240,L17240,2026-07-31,Rejected,No availability
A17241,L17241,2026-08-15,Rejected,Commute
A17243,L17243,2026-08-19,Rejected,Recommendation fit
A17244,L17244,2026-08-19,Rejected,Price
A17247,L17247,2026-08-08,Rejected,Price
A17248,L17248,2026-08-24,Accepted,Other
A17250,L17250,2026-08-23,Rejected,Commute
A17251,L17251,2026-08-15,Rejected,Property preference
A17252,L17252,2026-08-15,Rejected,Other
A17254,L17254,2026-08-18,Rejected,Room type
A17256,L17256,2026-07-29,Rejected,Room type
A17259,L17259,2026-08-15,Modified,Inventory
A17268,L17268,2026-08-13,Modified,Pricing
A17269,L17269,2026-08-17,Rejected,Delayed follow-up
A17270,L17270,2026-08-04,Rejected,Delayed follow-up
A17273,L17273,2026-08-18,Rejected,Other
A17274,L17274,2026-08-17,Rejected,Room type
A17275,L17275,2026-08-16,Accepted,Other
A17277,L17277,2026-08-15,Accepted,Recommendation fit
A17282,L17282,2026-08-15,Modified,Inventory
A17285,L17285,2026-08-08,Rejected,Other
A17289,L17289,2026-08-22,Rejected,Property preference
A17290,L17290,2026-08-02,Rejected,Delayed follow-up
A17293,L17293,2026-08-21,Accepted,Inventory
A17294,L17294,2026-08-13,Rejected,Commute
A17299,L17299,2026-08-11,Rejected,Price
A17301,L17301,2026-08-19,Accepted,Sales judgment
A17302,L17302,2026-08-09,Rejected,Room type
A17303,L17303,2026-08-20,Rejected,Other
A17304,L17304,2026-08-23,Modified,Resident preference
A17305,L17305,2026-08-08,Rejected,Room type
A17310,L17310,2026-08-23,Rejected,Other
A17311,L17311,2026-08-12,Modified,Sales judgment
A17313,L17313,2026-08-22,Rejected,Other
A17314,L17314,2026-08-07,Rejected,Price
A17320,L17320,2026-08-15,Modified,Recommendation fit
A17321,L17321,2026-08-14,Accepted,Inventory
A17323,L17323,2026-07-30,Rejected,No availability
A17324,L17324,2026-07-29,Rejected,Delayed follow-up
A17325,L17325,2026-08-03,Rejected,No availability
A17327,L17327,2026-08-11,Rejected,Price
A17328,L17328,2026-08-25,Rejected,Delayed follow-up
A17329,L17329,2026-08-17,Rejected,Price
A17330,L17330,2026-08-07,Rejected,Property preference
A17331,L17331,2026-08-13,Rejected,Price
A17334,L17334,2026-08-22,Rejected,No availability
A17335,L17335,2026-08-13,Rejected,Room type
A17338,L17338,2026-08-20,Accepted,Resident preference
A17340,L17340,2026-08-19,Rejected,No availability
A17342,L17342,2026-08-27,Rejected,Resident preference
A17344,L17344,2026-08-05,Rejected,Price
A17346,L17346,2026-08-22,Modified,Pricing
A17348,L17348,2026-08-16,Rejected,No availability
A17349,L17349,2026-08-17,Accepted,Other
A17350,L17350,2026-08-15,Rejected,Recommendation fit
A17351,L17351,2026-08-23,Modified,Other
A17353,L17353,2026-08-14,Rejected,Delayed follow-up
A17356,L17356,2026-08-26,Rejected,Pricing
A17357,L17357,2026-08-24,Rejected,Price
A17359,L17359,2026-08-03,Rejected,Property preference
A17360,L17360,2026-08-08,Rejected,Commute
A17363,L17363,2026-08-24,Rejected,Other
A17364,L17364,2026-08-11,Rejected,No availability
A17366,L17366,2026-08-07,Rejected,Room type
A17369,L17369,2026-08-20,Accepted,Pricing
A17371,L17371,2026-08-03,Rejected,Delayed follow-up
A17373,L17373,2026-07-29,Rejected,Property preference
A17374,L17374,2026-07-31,Rejected,Price
A17376,L17376,2026-08-19,Rejected,Price
A17381,L17381,2026-08-05,Rejected,Price
A17383,L17383,2026-08-15,Modified,Inventory
A17384,L17384,2026-08-26,Modified,Other
A17385,L17385,2026-08-14,Rejected,Recommendation fit
A17386,L17386,2026-08-22,Rejected,Sales judgment
A17387,L17387,2026-07-31,Rejected,Other
A17389,L17389,2026-08-17,Modified,Resident preference
A17396,L17396,2026-08-25,Rejected,Changed plans
A17398,L17398,2026-07-30,Rejected,Room type
A17399,L17399,2026-08-10,Rejected,Price
A17402,L17402,2026-07-28,Rejected,Changed plans
A17403,L17403,2026-08-16,Accepted,Resident preference
A17404,L17404,2026-08-15,Rejected,No availability
A17406,L17406,2026-08-08,Rejected,No availability
A17409,L17409,2026-08-16,Rejected,Delayed follow-up
A17411,L17411,2026-08-21,Rejected,Changed plans
A17414,L17414,2026-08-14,Rejected,Recommendation fit
A17416,L17416,2026-08-18,Rejected,No availability
A17417,L17417,2026-07-28,Rejected,Commute
A17424,L17424,2026-08-19,Rejected,Price
A17427,L17427,2026-08-18,Rejected,No availability
A17429,L17429,2026-08-16,Rejected,Price
A17433,L17433,2026-08-18,Rejected,Room type
A17434,L17434,2026-08-08,Rejected,Delayed follow-up
A17435,L17435,2026-08-20,Rejected,Changed plans
A17438,L17438,2026-08-10,Rejected,Changed plans
A17439,L17439,2026-07-28,Rejected,No availability
A17440,L17440,2026-08-12,Rejected,Price
A17443,L17443,2026-08-18,Rejected,Room type
A17444,L17444,2026-08-23,Rejected,Room type
A17447,L17447,2026-08-24,Rejected,Other
A17448,L17448,2026-07-30,Rejected,Commute
A17451,L17451,2026-08-10,Rejected,Property preference
A17453,L17453,2026-08-15,Accepted,Resident preference
A17454,L17454,2026-08-25,Accepted,Other
A17455,L17455,2026-08-15,Rejected,Resident preference
A17456,L17456,2026-08-06,Rejected,Other
A17457,L17457,2026-08-13,Rejected,Other
A17459,L17459,2026-08-04,Rejected,Delayed follow-up
A17463,L17463,2026-08-13,Rejected,Property preference
A17464,L17464,2026-08-20,Modified,Resident preference
A17466,L17466,2026-08-12,Rejected,Property preference
A17467,L17467,2026-08-26,Rejected,Property preference
A17468,L17468,2026-08-02,Rejected,Delayed follow-up
A17473,L17473,2026-08-27,Rejected,Other
A17474,L17474,2026-08-04,Rejected,Commute
A17476,L17476,2026-08-21,Accepted,Inventory
A17477,L17477,2026-07-28,Rejected,Commute
A17479,L17479,2026-08-21,Accepted,Inventory
A17480,L17480,2026-08-20,Accepted,Resident preference
A17481,L17481,2026-07-28,Rejected,Delayed follow-up
A17483,L17483,2026-08-25,Rejected,Changed plans
A17486,L17486,2026-08-13,Modified,Sales judgment
A17489,L17489,2026-08-17,Rejected,Changed plans
A17491,L17491,2026-08-20,Rejected,Room type
A17492,L17492,2026-08-04,Rejected,Changed plans
A17495,L17495,2026-08-09,Rejected,Property preference
A17498,L17498,2026-08-18,Rejected,Commute
A17499,L17499,2026-08-18,Accepted,Recommendation fit
A17504,L17504,2026-08-16,Rejected,Recommendation fit
A17506,L17506,2026-08-23,Accepted,Resident preference
A17507,L17507,2026-08-06,Rejected,Commute
A17510,L17510,2026-08-26,Accepted,Inventory
A17511,L17511,2026-08-20,Rejected,Changed plans
A17513,L17513,2026-08-06,Rejected,Changed plans
A17515,L17515,2026-08-06,Rejected,Changed plans
A17517,L17517,2026-08-27,Accepted,Inventory
A17518,L17518,2026-08-17,Rejected,No availability
A17519,L17519,2026-08-14,Rejected,Resident preference
A17521,L17521,2026-07-29,Rejected,Delayed follow-up
A17522,L17522,2026-08-17,Rejected,Price
A17527,L17527,2026-07-29,Rejected,Property preference
A17528,L17528,2026-08-26,Modified,Pricing
A17530,L17530,2026-08-12,Rejected,Room type
A17532,L17532,2026-08-19,Rejected,No availability
A17535,L17535,2026-08-13,Rejected,Other
A17539,L17539,2026-08-07,Rejected,Price
A17540,L17540,2026-08-26,Rejected,Commute
A17541,L17541,2026-08-12,Rejected,Pricing
A17543,L17543,2026-08-14,Rejected,Pricing
A17545,L17545,2026-08-22,Rejected,Sales judgment
A17546,L17546,2026-08-26,Accepted,Resident preference
A17547,L17547,2026-08-23,Modified,Inventory
A17551,L17551,2026-08-24,Modified,Other
A17553,L17553,2026-08-19,Rejected,Room type
A17557,L17557,2026-08-26,Rejected,Pricing
A17558,L17558,2026-08-22,Rejected,Inventory
A17559,L17559,2026-08-22,Accepted,Inventory
A17565,L17565,2026-08-17,Rejected,No availability
A17566,L17566,2026-08-07,Rejected,No availability
A17567,L17567,2026-08-22,Rejected,Delayed follow-up
A17568,L17568,2026-08-19,Rejected,Property preference
A17572,L17572,2026-08-13,Rejected,Room type
A17574,L17574,2026-08-27,Rejected,Pricing
A17577,L17577,2026-08-22,Rejected,Property preference
A17578,L17578,2026-08-07,Rejected,Price
A17582,L17582,2026-08-16,Rejected,Recommendation fit
A17583,L17583,2026-08-25,Rejected,Recommendation fit
A17584,L17584,2026-08-23,Accepted,Recommendation fit
A17587,L17587,2026-08-15,Rejected,Price
A17595,L17595,2026-08-15,Rejected,Inventory
A17597,L17597,2026-08-25,Rejected,Pricing
A17598,L17598,2026-08-16,Rejected,Property preference
A17602,L17602,2026-08-26,Accepted,Pricing
A17603,L17603,2026-07-30,Rejected,Changed plans
A17604,L17604,2026-08-04,Rejected,Other
A17608,L17608,2026-08-20,Rejected,No availability
A17610,L17610,2026-08-20,Modified,Sales judgment
A17611,L17611,2026-08-09,Rejected,Commute
A17612,L17612,2026-08-22,Rejected,Other
A17615,L17615,2026-08-05,Rejected,No availability
A17618,L17618,2026-08-01,Rejected,Property preference
A17620,L17620,2026-08-15,Rejected,Sales judgment
A17623,L17623,2026-08-21,Modified,Other
A17624,L17624,2026-08-03,Rejected,Price
A17627,L17627,2026-08-15,Accepted,Sales judgment
A17629,L17629,2026-08-15,Accepted,Other
A17631,L17631,2026-07-31,Rejected,Property preference
A17632,L17632,2026-08-13,Rejected,Changed plans
A17633,L17633,2026-08-24,Rejected,Sales judgment
A17637,L17637,2026-08-13,Rejected,Changed plans
A17641,L17641,2026-08-03,Rejected,Room type
A17642,L17642,2026-08-17,Accepted,Recommendation fit
A17644,L17644,2026-08-19,Modified,Sales judgment
A17646,L17646,2026-08-07,Rejected,Price
A17647,L17647,2026-07-29,Rejected,Property preference
A17648,L17648,2026-08-16,Rejected,Changed plans
A17649,L17649,2026-08-25,Rejected,Property preference
A17651,L17651,2026-08-13,Rejected,Property preference
A17652,L17652,2026-08-22,Rejected,Changed plans
A17653,L17653,2026-08-18,Rejected,Recommendation fit
A17654,L17654,2026-08-20,Rejected,Room type
A17655,L17655,2026-08-27,Rejected,Other
A17658,L17658,2026-08-18,Rejected,Resident preference
A17659,L17659,2026-08-12,Accepted,Recommendation fit
A17660,L17660,2026-08-20,Accepted,Sales judgment
A17661,L17661,2026-07-31,Rejected,Other
A17664,L17664,2026-08-22,Rejected,Sales judgment
A17674,L17674,2026-08-23,Rejected,Sales judgment
A17675,L17675,2026-08-21,Rejected,Commute
A17678,L17678,2026-08-25,Accepted,Other
A17683,L17683,2026-08-21,Modified,Inventory
A17685,L17685,2026-08-04,Rejected,Other
A17687,L17687,2026-08-17,Accepted,Pricing
A17688,L17688,2026-08-18,Rejected,Pricing
A17689,L17689,2026-08-16,Rejected,Recommendation fit
A17690,L17690,2026-07-31,Rejected,Property preference
A17691,L17691,2026-08-26,Rejected,Inventory
A17692,L17692,2026-08-13,Rejected,Price
A17693,L17693,2026-08-26,Rejected,Changed plans
A17694,L17694,2026-08-18,Modified,Pricing
A17705,L17705,2026-08-04,Rejected,Changed plans
A17709,L17709,2026-08-15,Rejected,Delayed follow-up
A17710,L17710,2026-08-04,Rejected,Changed plans
A17711,L17711,2026-08-25,Rejected,Price
A17712,L17712,2026-08-26,Rejected,No availability
A17714,L17714,2026-08-25,Rejected,Other
A17716,L17716,2026-08-20,Rejected,Property preference
A17718,L17718,2026-08-14,Rejected,No availability
A17719,L17719,2026-08-24,Rejected,Commute
A17723,L17723,2026-07-28,Rejected,No availability
A17728,L17728,2026-08-23,Modified,Pricing
A17729,L17729,2026-08-27,Accepted,Sales judgment
A17732,L17732,2026-07-28,Rejected,Changed plans
A17735,L17735,2026-08-19,Rejected,Delayed follow-up
A17736,L17736,2026-08-02,Rejected,Delayed follow-up
A17738,L17738,2026-08-27,Rejected,Pricing
A17740,L17740,2026-08-26,Rejected,Other
A17741,L17741,2026-08-05,Rejected,Other
A17742,L17742,2026-08-17,Rejected,Changed plans
A17744,L17744,2026-08-24,Rejected,Commute
A17748,L17748,2026-08-15,Rejected,Property preference
A17753,L17753,2026-08-16,Rejected,Other
A17754,L17754,2026-08-20,Accepted,Sales judgment
A17755,L17755,2026-08-06,Rejected,Price
A17757,L17757,2026-08-22,Rejected,No availability
A17759,L17759,2026-08-25,Rejected,Pricing
A17761,L17761,2026-08-26,Accepted,Other
A17763,L17763,2026-08-09,Rejected,No availability
A17768,L17768,2026-08-25,Modified,Other
A17769,L17769,2026-08-15,Rejected,Changed plans
A17771,L17771,2026-08-27,Accepted,Resident preference
A17772,L17772,2026-08-06,Rejected,No availability
A17774,L17774,2026-08-24,Rejected,Inventory
A17776,L17776,2026-08-08,Rejected,Room type
A17777,L17777,2026-08-07,Rejected,Changed plans
A17779,L17779,2026-08-25,Rejected,Pricing
A17782,L17782,2026-08-24,Rejected,Changed plans
A17787,L17787,2026-08-21,Rejected,Pricing
A17788,L17788,2026-08-13,Modified,Sales judgment
A17793,L17793,2026-08-27,Rejected,Pricing
A17794,L17794,2026-08-02,Rejected,Delayed follow-up
A17797,L17797,2026-08-04,Rejected,Commute
A17798,L17798,2026-08-07,Rejected,Changed plans
A17800,L17800,2026-08-18,Rejected,No availability
A17804,L17804,2026-08-25,Rejected,No availability
A17805,L17805,2026-07-28,Rejected,Price
A17806,L17806,2026-08-16,Rejected,Changed plans
A17811,L17811,2026-08-27,Modified,Inventory
A17817,L17817,2026-08-04,Rejected,Room type
A17818,L17818,2026-08-23,Rejected,Pricing
A17821,L17821,2026-08-21,Modified,Other
A17823,L17823,2026-08-27,Rejected,No availability
A17830,L17830,2026-08-13,Modified,Inventory
A17833,L17833,2026-08-14,Rejected,No availability
A17835,L17835,2026-08-05,Rejected,Property preference
A17837,L17837,2026-08-11,Rejected,Property preference
A17840,L17840,2026-08-19,Accepted,Other
A17841,L17841,2026-08-22,Rejected,Room type
A17843,L17843,2026-08-27,Rejected,Pricing
A17845,L17845,2026-08-11,Rejected,No availability
A17846,L17846,2026-08-22,Rejected,Changed plans
A17847,L17847,2026-08-16,Rejected,Changed plans
A17849,L17849,2026-08-26,Rejected,No availability
A17850,L17850,2026-07-29,Rejected,Changed plans
A17851,L17851,2026-08-14,Rejected,Recommendation fit
A17852,L17852,2026-08-16,Rejected,Commute
A17853,L17853,2026-08-12,Rejected,Price
A17854,L17854,2026-08-12,Modified,Other
A17856,L17856,2026-08-20,Modified,Sales judgment
A17858,L17858,2026-08-27,Modified,Recommendation fit
A17862,L17862,2026-08-17,Accepted,Pricing
A17863,L17863,2026-08-18,Rejected,Other
A17866,L17866,2026-08-12,Rejected,Delayed follow-up
A17868,L17868,2026-08-18,Accepted,Other
A17877,L17877,2026-08-24,Rejected,No availability
A17879,L17879,2026-08-06,Rejected,No availability
A17880,L17880,2026-08-26,Rejected,Resident preference
A17881,L17881,2026-08-19,Accepted,Pricing
A17886,L17886,2026-08-22,Modified,Other
A17891,L17891,2026-08-02,Rejected,Delayed follow-up
A17892,L17892,2026-08-19,Modified,Other
A17893,L17893,2026-08-04,Rejected,Property preference
A17895,L17895,2026-08-21,Accepted,Sales judgment
A17896,L17896,2026-08-16,Rejected,Price
A17900,L17900,2026-08-13,Rejected,Pricing
A17901,L17901,2026-07-28,Rejected,Price
A17903,L17903,2026-08-20,Modified,Sales judgment
A17904,L17904,2026-08-17,Rejected,Property preference
A17906,L17906,2026-08-12,Rejected,Property preference
A17908,L17908,2026-08-21,Rejected,Resident preference
A17910,L17910,2026-08-13,Modified,Other
A17912,L17912,2026-08-23,Modified,Resident preference
A17913,L17913,2026-08-19,Modified,Sales judgment
A17914,L17914,2026-08-04,Rejected,Room type
A17915,L17915,2026-08-21,Modified,Inventory
A17916,L17916,2026-08-13,Rejected,Sales judgment
A17918,L17918,2026-07-31,Rejected,Other
A17919,L17919,2026-08-09,Rejected,No availability
A17920,L17920,2026-08-12,Rejected,Price
A17922,L17922,2026-08-16,Modified,Sales judgment
A17927,L17927,2026-08-22,Rejected,Pricing
A17930,L17930,2026-08-21,Accepted,Inventory
A17933,L17933,2026-08-05,Rejected,Other
A17937,L17937,2026-08-14,Rejected,Pricing
A17940,L17940,2026-08-03,Rejected,Price
A17942,L17942,2026-08-20,Rejected,Commute
A17947,L17947,2026-08-12,Rejected,Delayed follow-up
A17948,L17948,2026-08-21,Rejected,Other
A17952,L17952,2026-08-26,Accepted,Inventory
A17953,L17953,2026-08-12,Modified,Sales judgment
A17954,L17954,2026-07-29,Rejected,Changed plans
A17955,L17955,2026-08-12,Modified,Pricing
A17956,L17956,2026-08-03,Rejected,Commute
A17957,L17957,2026-08-25,Modified,Other
A17960,L17960,2026-08-04,Rejected,Property preference
A17965,L17965,2026-08-09,Rejected,Other
A17966,L17966,2026-08-27,Rejected,No availability
A17967,L17967,2026-08-26,Rejected,Delayed follow-up
A17968,L17968,2026-08-19,Accepted,Other
A17970,L17970,2026-08-26,Rejected,No availability
A17972,L17972,2026-08-15,Rejected,No availability
A17973,L17973,2026-08-10,Rejected,Room type
A17979,L17979,2026-08-20,Modified,Pricing
A17980,L17980,2026-08-19,Rejected,Sales judgment
A17985,L17985,2026-08-24,Rejected,Other
A17989,L17989,2026-08-15,Rejected,Changed plans
A17993,L17993,2026-08-04,Rejected,Commute
A17998,L17998,2026-08-18,Modified,Resident preference
A17999,L17999,2026-08-14,Rejected,Commute
A18001,L18001,2026-08-25,Rejected,Property preference
A18002,L18002,2026-08-26,Modified,Resident preference
A18003,L18003,2026-08-08,Rejected,Delayed follow-up
A18007,L18007,2026-08-12,Rejected,Changed plans
A18008,L18008,2026-08-19,Rejected,Inventory
A18009,L18009,2026-08-25,Modified,Resident preference
A18010,L18010,2026-08-07,Rejected,Delayed follow-up
A18011,L18011,2026-08-26,Rejected,Commute
A18013,L18013,2026-08-06,Rejected,No availability
A18014,L18014,2026-08-23,Rejected,Changed plans
A18015,L18015,2026-07-29,Rejected,Room type
A18017,L18017,2026-07-29,Rejected,Delayed follow-up
A18018,L18018,2026-08-01,Rejected,Commute
A18019,L18019,2026-08-18,Rejected,Recommendation fit
A18021,L18021,2026-07-29,Rejected,Delayed follow-up
A18024,L18024,2026-08-20,Rejected,Other
A18025,L18025,2026-08-13,Modified,Inventory
A18026,L18026,2026-08-20,Rejected,Property preference
A18028,L18028,2026-08-26,Modified,Recommendation fit
A18030,L18030,2026-08-16,Modified,Other
A18032,L18032,2026-08-17,Modified,Other
A18033,L18033,2026-08-14,Modified,Pricing
A18035,L18035,2026-08-12,Accepted,Sales judgment
A18037,L18037,2026-08-06,Rejected,Price
A18038,L18038,2026-08-11,Rejected,Delayed follow-up
A18043,L18043,2026-07-31,Rejected,Commute
A18045,L18045,2026-08-17,Rejected,Delayed follow-up
A18046,L18046,2026-08-23,Rejected,Other
A18050,L18050,2026-08-17,Rejected,Recommendation fit
A18051,L18051,2026-08-06,Rejected,Price
A18053,L18053,2026-08-17,Rejected,Inventory
A18058,L18058,2026-08-16,Rejected,Commute
A18059,L18059,2026-08-23,Accepted,Pricing
A18060,L18060,2026-08-05,Rejected,Property preference
A18061,L18061,2026-08-25,Accepted,Recommendation fit
A18062,L18062,2026-08-25,Rejected,Property preference
A18064,L18064,2026-08-23,Rejected,Property preference
A18065,L18065,2026-08-17,Modified,Pricing
A18068,L18068,2026-07-28,Rejected,Commute
A18069,L18069,2026-08-21,Rejected,Other
A18070,L18070,2026-08-20,Rejected,Delayed follow-up
A18072,L18072,2026-08-25,Rejected,Pricing
A18073,L18073,2026-08-18,Rejected,Inventory
A18075,L18075,2026-08-25,Rejected,Commute
A18076,L18076,2026-08-18,Modified,Resident preference
A18081,L18081,2026-08-14,Rejected,Changed plans
A18085,L18085,2026-08-24,Modified,Resident preference
A18089,L18089,2026-08-19,Accepted,Inventory
A18090,L18090,2026-08-11,Rejected,Commute
A18091,L18091,2026-08-19,Rejected,Property preference
A18092,L18092,2026-08-02,Rejected,Property preference
A18093,L18093,2026-08-14,Rejected,Recommendation fit
A18095,L18095,2026-08-26,Accepted,Recommendation fit
A18097,L18097,2026-07-29,Rejected,Room type
A18102,L18102,2026-08-21,Rejected,Pricing
A18105,L18105,2026-08-07,Rejected,Price
A18106,L18106,2026-08-24,Rejected,Property preference
A18108,L18108,2026-08-05,Rejected,Price
A18110,L18110,2026-08-19,Rejected,Property preference
A18114,L18114,2026-08-09,Rejected,Other
A18115,L18115,2026-08-25,Modified,Other
A18118,L18118,2026-08-18,Rejected,Delayed follow-up
A18120,L18120,2026-08-15,Rejected,Other
A18126,L18126,2026-08-26,Modified,Recommendation fit
A18127,L18127,2026-08-15,Rejected,Price
A18131,L18131,2026-08-13,Modified,Recommendation fit
A18133,L18133,2026-08-17,Rejected,Property preference
A18135,L18135,2026-08-19,Rejected,Delayed follow-up
A18136,L18136,2026-08-26,Rejected,Changed plans
A18137,L18137,2026-08-12,Rejected,Changed plans
A18147,L18147,2026-08-19,Rejected,Room type
A18149,L18149,2026-08-16,Accepted,Recommendation fit
A18151,L18151,2026-08-08,Rejected,Changed plans
A18152,L18152,2026-08-21,Rejected,Changed plans
A18156,L18156,2026-08-10,Rejected,Delayed follow-up
A18157,L18157,2026-08-06,Rejected,Changed plans
A18158,L18158,2026-08-20,Rejected,Room type
A18159,L18159,2026-08-17,Rejected,Recommendation fit
A18160,L18160,2026-08-16,Rejected,Sales judgment
A18162,L18162,2026-08-12,Modified,Other
A18163,L18163,2026-07-29,Rejected,Other
A18164,L18164,2026-08-24,Accepted,Recommendation fit
A18168,L18168,2026-08-13,Accepted,Sales judgment
A18171,L18171,2026-08-08,Rejected,Other
A18172,L18172,2026-07-30,Rejected,Room type
A18173,L18173,2026-08-25,Rejected,Changed plans
A18174,L18174,2026-08-24,Accepted,Sales judgment
A18177,L18177,2026-08-15,Modified,Other
A18178,L18178,2026-08-27,Rejected,Price
A18183,L18183,2026-08-16,Rejected,Pricing
A18184,L18184,2026-08-23,Rejected,Property preference
A18188,L18188,2026-08-25,Accepted,Inventory
A18189,L18189,2026-08-12,Modified,Recommendation fit
A18191,L18191,2026-08-26,Rejected,Room type
A18194,L18194,2026-08-13,Rejected,Price
A18195,L18195,2026-08-24,Rejected,Inventory
A18197,L18197,2026-08-27,Rejected,Resident preference
A18198,L18198,2026-08-18,Modified,Sales judgment
A18200,L18200,2026-08-22,Modified,Pricing
A18201,L18201,2026-08-26,Rejected,Changed plans
A18204,L18204,2026-08-12,Modified,Pricing
A18205,L18205,2026-08-25,Rejected,Other
A18207,L18207,2026-08-21,Rejected,Changed plans
A18208,L18208,2026-08-14,Rejected,Sales judgment
A18209,L18209,2026-08-18,Modified,Pricing
A18210,L18210,2026-08-26,Rejected,Sales judgment
A18217,L18217,2026-08-25,Rejected,No availability
A18219,L18219,2026-08-27,Rejected,No availability
A18220,L18220,2026-08-02,Rejected,No availability
A18222,L18222,2026-08-15,Rejected,Room type
A18224,L18224,2026-08-18,Rejected,Changed plans
A18225,L18225,2026-08-14,Rejected,Price
A18226,L18226,2026-08-18,Modified,Resident preference
A18227,L18227,2026-08-14,Rejected,Room type
A18229,L18229,2026-08-22,Modified,Inventory
A18231,L18231,2026-08-27,Accepted,Other
A18238,L18238,2026-08-21,Rejected,Commute
A18240,L18240,2026-08-14,Rejected,Room type
A18241,L18241,2026-08-16,Modified,Pricing
A18242,L18242,2026-08-17,Rejected,Price
A18245,L18245,2026-08-04,Rejected,Delayed follow-up
A18246,L18246,2026-08-12,Accepted,Pricing
A18251,L18251,2026-08-21,Rejected,Property preference
A18253,L18253,2026-08-19,Rejected,Sales judgment
A18255,L18255,2026-08-05,Rejected,Delayed follow-up
A18262,L18262,2026-08-22,Rejected,Delayed follow-up
A18264,L18264,2026-08-19,Rejected,Property preference
A18266,L18266,2026-08-09,Rejected,Other
A18267,L18267,2026-08-09,Rejected,Property preference
A18268,L18268,2026-08-26,Modified,Resident preference
A18269,L18269,2026-08-10,Rejected,Delayed follow-up
A18274,L18274,2026-08-23,Rejected,No availability
A18275,L18275,2026-08-26,Rejected,Delayed follow-up
A18276,L18276,2026-08-05,Rejected,No availability
A18277,L18277,2026-08-13,Rejected,Other
A18279,L18279,2026-08-12,Modified,Sales judgment
A18287,L18287,2026-07-29,Rejected,Other
A18290,L18290,2026-07-29,Rejected,Price
A18292,L18292,2026-08-24,Rejected,Property preference
A18297,L18297,2026-08-01,Rejected,Other
A18299,L18299,2026-08-12,Rejected,Delayed follow-up
A18300,L18300,2026-08-22,Rejected,No availability
A18301,L18301,2026-08-16,Rejected,Other
A18304,L18304,2026-08-17,Rejected,Commute
A18306,L18306,2026-08-18,Rejected,No availability
A18308,L18308,2026-08-25,Rejected,Property preference
A18311,L18311,2026-08-15,Accepted,Pricing
A18312,L18312,2026-08-26,Rejected,Price
A18313,L18313,2026-08-07,Rejected,Other
A18316,L18316,2026-08-15,Modified,Pricing
A18318,L18318,2026-08-15,Modified,Inventory
A18319,L18319,2026-08-01,Rejected,Room type
A18321,L18321,2026-08-15,Rejected,Changed plans
A18325,L18325,2026-08-10,Rejected,Delayed follow-up
A18333,L18333,2026-08-16,Rejected,Changed plans
A18335,L18335,2026-08-19,Modified,Resident preference
A18337,L18337,2026-08-16,Rejected,Price
A18344,L18344,2026-08-25,Modified,Sales judgment
A18346,L18346,2026-08-24,Rejected,Price
A18347,L18347,2026-08-27,Modified,Resident preference
A18348,L18348,2026-08-16,Modified,Recommendation fit
A18352,L18352,2026-08-10,Rejected,Property preference
A18353,L18353,2026-08-01,Rejected,Property preference
A18355,L18355,2026-08-02,Rejected,Property preference
A18359,L18359,2026-07-29,Rejected,Commute
A18367,L18367,2026-08-21,Rejected,Other
A18375,L18375,2026-08-03,Rejected,Delayed follow-up
A18379,L18379,2026-08-18,Rejected,Price
A18381,L18381,2026-08-27,Rejected,Price
A18383,L18383,2026-08-01,Rejected,Delayed follow-up
A18384,L18384,2026-08-27,Modified,Recommendation fit
A18387,L18387,2026-08-19,Rejected,Recommendation fit
A18390,L18390,2026-08-09,Rejected,Price
A18391,L18391,2026-08-24,Modified,Other
A18392,L18392,2026-08-21,Modified,Recommendation fit
A18393,L18393,2026-08-22,Modified,Other
A18394,L18394,2026-08-15,Rejected,Commute
A18395,L18395,2026-08-12,Rejected,Sales judgment
A18396,L18396,2026-08-03,Rejected,No availability
A18398,L18398,2026-07-31,Rejected,Price
A18400,L18400,2026-08-17,Rejected,No availability
A18404,L18404,2026-07-31,Rejected,Changed plans
A18406,L18406,2026-08-07,Rejected,No availability
A18408,L18408,2026-08-15,Modified,Pricing
A18411,L18411,2026-08-04,Rejected,Price
A18415,L18415,2026-08-24,Accepted,Recommendation fit
A18421,L18421,2026-07-31,Rejected,Delayed follow-up
A18424,L18424,2026-08-24,Accepted,Other
A18426,L18426,2026-08-08,Rejected,Room type
A18427,L18427,2026-08-05,Rejected,Price
A18429,L18429,2026-08-25,Rejected,Pricing
A18432,L18432,2026-08-18,Rejected,No availability
A18435,L18435,2026-08-19,Accepted,Sales judgment
A18436,L18436,2026-08-23,Rejected,Recommendation fit
A18437,L18437,2026-08-08,Rejected,No availability
A18438,L18438,2026-08-01,Rejected,Room type
A18439,L18439,2026-08-15,Modified,Other
A18443,L18443,2026-08-20,Modified,Resident preference
A18445,L18445,2026-08-12,Accepted,Pricing
A18449,L18449,2026-08-22,Modified,Resident preference
A18450,L18450,2026-08-18,Rejected,Other
A18451,L18451,2026-08-08,Rejected,Property preference
A18454,L18454,2026-08-08,Rejected,Property preference
A18455,L18455,2026-08-22,Rejected,Commute
A18458,L18458,2026-08-20,Rejected,Other
A18460,L18460,2026-08-06,Rejected,Other
A18463,L18463,2026-08-14,Rejected,Commute
A18465,L18465,2026-08-25,Modified,Resident preference
A18469,L18469,2026-08-25,Rejected,Resident preference
A18470,L18470,2026-08-08,Rejected,Delayed follow-up
A18471,L18471,2026-08-08,Rejected,Other
A18473,L18473,2026-08-19,Rejected,Inventory
A18475,L18475,2026-08-11,Rejected,Room type
A18476,L18476,2026-08-09,Rejected,Other
A18480,L18480,2026-08-12,Accepted,Inventory
A18483,L18483,2026-08-22,Modified,Sales judgment
A18486,L18486,2026-08-25,Rejected,Delayed follow-up
A18493,L18493,2026-08-04,Rejected,Changed plans
A18494,L18494,2026-08-24,Rejected,Pricing
A18497,L18497,2026-08-24,Rejected,Room type
A18499,L18499,2026-08-18,Rejected,Commute
A18503,L18503,2026-08-27,Rejected,Delayed follow-up
A18505,L18505,2026-08-26,Modified,Other
A18509,L18509,2026-08-16,Rejected,Commute
A18510,L18510,2026-08-15,Modified,Inventory
A18514,L18514,2026-08-05,Rejected,Price
A18516,L18516,2026-08-18,Rejected,No availability
A18517,L18517,2026-08-25,Modified,Pricing
A18518,L18518,2026-08-02,Rejected,Other
A18519,L18519,2026-08-25,Modified,Sales judgment
A18520,L18520,2026-08-13,Rejected,Other
A18521,L18521,2026-08-26,Rejected,Price
A18524,L18524,2026-08-13,Accepted,Other
A18526,L18526,2026-08-08,Rejected,Changed plans
A18528,L18528,2026-08-15,Rejected,Pricing
A18530,L18530,2026-08-02,Rejected,No availability
A18531,L18531,2026-08-18,Rejected,Inventory
A18532,L18532,2026-08-01,Rejected,Changed plans
A18536,L18536,2026-08-02,Rejected,No availability
A18541,L18541,2026-08-19,Rejected,Other
A18543,L18543,2026-08-07,Rejected,Changed plans
A18545,L18545,2026-08-17,Modified,Resident preference
A18547,L18547,2026-08-24,Rejected,Commute
A18550,L18550,2026-08-24,Accepted,Other
A18552,L18552,2026-08-14,Rejected,Changed plans
A18553,L18553,2026-08-08,Rejected,No availability
A18554,L18554,2026-08-20,Rejected,Pricing
A18555,L18555,2026-08-16,Modified,Resident preference
A18560,L18560,2026-08-25,Rejected,Other
A18561,L18561,2026-08-23,Rejected,Price
A18563,L18563,2026-08-07,Rejected,Changed plans
A18565,L18565,2026-08-19,Accepted,Other
A18568,L18568,2026-08-10,Rejected,No availability
A18571,L18571,2026-07-31,Rejected,Delayed follow-up
A18573,L18573,2026-08-22,Accepted,Sales judgment
A18574,L18574,2026-08-10,Rejected,Changed plans
A18575,L18575,2026-08-15,Rejected,Room type
A18579,L18579,2026-08-15,Modified,Inventory
A18583,L18583,2026-08-17,Modified,Sales judgment
A18587,L18587,2026-08-14,Modified,Recommendation fit
A18590,L18590,2026-08-23,Rejected,Room type
A18593,L18593,2026-08-21,Rejected,Resident preference
A18594,L18594,2026-08-06,Rejected,Room type
A18596,L18596,2026-08-08,Rejected,Room type
A18598,L18598,2026-08-07,Rejected,No availability
A18603,L18603,2026-08-18,Rejected,Changed plans
A18608,L18608,2026-08-15,Accepted,Recommendation fit
A18611,L18611,2026-08-11,Rejected,No availability
A18614,L18614,2026-08-20,Rejected,Resident preference
A18615,L18615,2026-08-12,Rejected,No availability
A18617,L18617,2026-08-12,Rejected,Delayed follow-up
A18618,L18618,2026-08-04,Rejected,Room type
A18620,L18620,2026-08-22,Rejected,Changed plans
A18621,L18621,2026-08-07,Rejected,Price
A18625,L18625,2026-08-22,Modified,Pricing
A18626,L18626,2026-08-13,Rejected,Changed plans
A18627,L18627,2026-08-05,Rejected,Commute
A18629,L18629,2026-08-02,Rejected,Price
A18630,L18630,2026-08-24,Accepted,Inventory
A18631,L18631,2026-08-14,Accepted,Recommendation fit
A18632,L18632,2026-08-12,Rejected,Room type
A18635,L18635,2026-08-17,Modified,Sales judgment
A18637,L18637,2026-08-12,Modified,Inventory
A18638,L18638,2026-07-31,Rejected,Property preference
A18642,L18642,2026-08-11,Rejected,Property preference
A18643,L18643,2026-08-18,Modified,Inventory
A18646,L18646,2026-08-25,Rejected,Room type
A18647,L18647,2026-08-16,Rejected,Resident preference
A18653,L18653,2026-08-17,Rejected,Commute
A18655,L18655,2026-08-13,Accepted,Recommendation fit
A18657,L18657,2026-08-14,Rejected,Delayed follow-up
A18662,L18662,2026-08-23,Rejected,Other
A18664,L18664,2026-08-25,Rejected,Other
A18670,L18670,2026-08-23,Modified,Recommendation fit
A18671,L18671,2026-08-07,Rejected,Changed plans
A18674,L18674,2026-08-17,Rejected,Inventory
A18675,L18675,2026-08-24,Modified,Pricing
A18676,L18676,2026-08-20,Rejected,Delayed follow-up
A18678,L18678,2026-08-01,Rejected,Property preference
A18680,L18680,2026-08-23,Modified,Other
A18682,L18682,2026-08-01,Rejected,Changed plans
A18683,L18683,2026-08-17,Accepted,Pricing
A18684,L18684,2026-08-19,Accepted,Recommendation fit
A18691,L18691,2026-08-07,Rejected,Price
A18692,L18692,2026-08-21,Rejected,Resident preference
A18695,L18695,2026-08-23,Rejected,Other
A18696,L18696,2026-08-27,Rejected,Price
A18698,L18698,2026-08-18,Modified,Pricing
A18699,L18699,2026-08-06,Rejected,Property preference
A18700,L18700,2026-08-22,Rejected,Changed plans
A18701,L18701,2026-08-07,Rejected,Commute
A18703,L18703,2026-08-20,Modified,Resident preference
A18704,L18704,2026-07-28,Rejected,Changed plans
A18707,L18707,2026-07-28,Rejected,Delayed follow-up
A18708,L18708,2026-08-27,Rejected,Other
A18709,L18709,2026-08-19,Modified,Sales judgment
A18712,L18712,2026-08-27,Modified,Resident preference
A18714,L18714,2026-08-27,Rejected,Resident preference
A18718,L18718,2026-08-18,Rejected,Room type
A18722,L18722,2026-08-14,Rejected,Commute
A18727,L18727,2026-08-09,Rejected,Property preference
A18728,L18728,2026-08-20,Modified,Sales judgment
A18731,L18731,2026-08-13,Rejected,Price
A18735,L18735,2026-08-11,Rejected,No availability
A18737,L18737,2026-08-23,Rejected,Changed plans
A18738,L18738,2026-08-24,Rejected,Room type
A18739,L18739,2026-08-19,Modified,Pricing
A18740,L18740,2026-08-18,Rejected,Commute
A18742,L18742,2026-08-03,Rejected,Property preference
A18743,L18743,2026-08-05,Rejected,Commute
A18745,L18745,2026-08-18,Rejected,Changed plans
A18746,L18746,2026-08-20,Accepted,Pricing
A18748,L18748,2026-08-03,Rejected,Delayed follow-up
A18749,L18749,2026-08-13,Modified,Sales judgment
A18751,L18751,2026-08-12,Rejected,Price
A18752,L18752,2026-07-31,Rejected,No availability
A18754,L18754,2026-08-25,Rejected,Resident preference
A18755,L18755,2026-08-27,Rejected,Price
A18757,L18757,2026-08-11,Rejected,Commute
A18759,L18759,2026-08-20,Modified,Sales judgment
A18760,L18760,2026-08-15,Accepted,Inventory
A18765,L18765,2026-07-31,Rejected,Delayed follow-up
A18767,L18767,2026-08-20,Accepted,Inventory
A18769,L18769,2026-08-15,Rejected,Resident preference
A18770,L18770,2026-08-25,Rejected,Room type
A18771,L18771,2026-08-10,Rejected,Delayed follow-up
A18774,L18774,2026-08-03,Rejected,Other
A18775,L18775,2026-08-13,Modified,Inventory
A18776,L18776,2026-08-15,Rejected,Property preference
A18777,L18777,2026-08-24,Rejected,Recommendation fit
A18778,L18778,2026-08-25,Rejected,Pricing
A18788,L18788,2026-08-21,Accepted,Inventory
A18792,L18792,2026-08-03,Rejected,No availability
A18793,L18793,2026-08-23,Modified,Resident preference
A18794,L18794,2026-08-10,Rejected,Price
A18796,L18796,2026-08-09,Rejected,Changed plans
A18799,L18799,2026-08-02,Rejected,Changed plans
A18801,L18801,2026-08-16,Rejected,Delayed follow-up
A18802,L18802,2026-08-15,Accepted,Resident preference
A18803,L18803,2026-08-24,Rejected,Other
A18805,L18805,2026-08-15,Rejected,No availability
A18817,L18817,2026-08-19,Rejected,Recommendation fit
A18818,L18818,2026-07-30,Rejected,Other
A18819,L18819,2026-08-23,Rejected,Price
A18820,L18820,2026-08-26,Accepted,Recommendation fit
A18823,L18823,2026-08-22,Rejected,No availability
A18824,L18824,2026-08-23,Rejected,Changed plans
A18827,L18827,2026-07-30,Rejected,Property preference
A18829,L18829,2026-08-11,Rejected,No availability
A18832,L18832,2026-08-08,Rejected,Property preference
A18833,L18833,2026-08-10,Rejected,Room type
A18836,L18836,2026-08-22,Rejected,Commute
A18839,L18839,2026-08-21,Modified,Other
A18840,L18840,2026-08-21,Rejected,Property preference
A18842,L18842,2026-08-25,Rejected,Other
A18846,L18846,2026-08-22,Rejected,Property preference
A18851,L18851,2026-08-12,Rejected,Sales judgment
A18853,L18853,2026-08-11,Rejected,Changed plans
A18854,L18854,2026-08-16,Rejected,Property preference
A18855,L18855,2026-08-13,Accepted,Sales judgment
A18856,L18856,2026-08-20,Rejected,Room type
A18857,L18857,2026-08-03,Rejected,No availability
A18858,L18858,2026-08-27,Accepted,Recommendation fit
A18859,L18859,2026-08-18,Modified,Pricing
A18860,L18860,2026-08-08,Rejected,No availability
A18861,L18861,2026-08-17,Modified,Resident preference
A18862,L18862,2026-08-27,Rejected,Commute
A18863,L18863,2026-08-21,Rejected,No availability
A18865,L18865,2026-08-22,Rejected,Sales judgment
A18869,L18869,2026-08-26,Modified,Sales judgment
A18872,L18872,2026-08-10,Rejected,No availability
A18873,L18873,2026-08-17,Rejected,Other
A18874,L18874,2026-08-11,Rejected,No availability
A18881,L18881,2026-08-19,Rejected,Property preference
A18884,L18884,2026-08-18,Accepted,Other
A18887,L18887,2026-08-27,Rejected,No availability
A18888,L18888,2026-08-26,Rejected,Delayed follow-up
A18889,L18889,2026-08-13,Accepted,Resident preference
A18892,L18892,2026-08-20,Accepted,Resident preference
A18894,L18894,2026-08-25,Rejected,Price
A18895,L18895,2026-08-03,Rejected,Room type
A18896,L18896,2026-08-19,Rejected,Recommendation fit
A18903,L18903,2026-08-14,Rejected,Other
A18904,L18904,2026-08-20,Accepted,Other
A18905,L18905,2026-08-18,Accepted,Resident preference
A18907,L18907,2026-08-21,Rejected,Property preference
A18910,L18910,2026-08-09,Rejected,Other
A18911,L18911,2026-08-27,Rejected,Sales judgment
A18914,L18914,2026-08-24,Rejected,Property preference
A18915,L18915,2026-08-16,Rejected,Sales judgment
A18919,L18919,2026-08-10,Rejected,Delayed follow-up
A18920,L18920,2026-08-21,Modified,Recommendation fit
A18922,L18922,2026-08-18,Rejected,Other
A18923,L18923,2026-08-18,Accepted,Other
A18928,L18928,2026-08-16,Rejected,Commute
A18931,L18931,2026-08-25,Rejected,Pricing
A18933,L18933,2026-08-22,Rejected,Property preference
A18934,L18934,2026-08-23,Rejected,Commute
A18944,L18944,2026-08-16,Rejected,Changed plans
A18945,L18945,2026-08-10,Rejected,No availability
A18946,L18946,2026-08-12,Rejected,Pricing
A18949,L18949,2026-07-28,Rejected,Changed plans
A18952,L18952,2026-08-18,Accepted,Inventory
A18954,L18954,2026-07-29,Rejected,Price
A18958,L18958,2026-08-25,Accepted,Resident preference
A18960,L18960,2026-08-13,Rejected,Other
A18964,L18964,2026-08-16,Rejected,Delayed follow-up
A18966,L18966,2026-08-16,Modified,Other
A18968,L18968,2026-08-20,Rejected,Inventory
A18969,L18969,2026-08-22,Rejected,Sales judgment
A18970,L18970,2026-08-04,Rejected,Property preference
A18972,L18972,2026-08-20,Rejected,Price
A18975,L18975,2026-08-17,Modified,Pricing
A18976,L18976,2026-08-02,Rejected,Delayed follow-up
A18977,L18977,2026-08-18,Modified,Other
A18979,L18979,2026-08-16,Rejected,Other
A18980,L18980,2026-08-24,Rejected,Recommendation fit
A18981,L18981,2026-08-20,Modified,Other
A18982,L18982,2026-08-24,Accepted,Pricing
A18984,L18984,2026-08-09,Rejected,Other
A18986,L18986,2026-08-02,Rejected,Other
A18987,L18987,2026-08-23,Accepted,Recommendation fit
A18990,L18990,2026-08-13,Accepted,Pricing
A18993,L18993,2026-07-30,Rejected,No availability
A18995,L18995,2026-08-14,Rejected,Pricing
A18996,L18996,2026-08-25,Rejected,No availability
A19002,L19002,2026-08-24,Rejected,Room type
A19003,L19003,2026-08-15,Rejected,Recommendation fit
A19004,L19004,2026-08-16,Rejected,No availability
A19008,L19008,2026-07-28,Rejected,Commute
A19009,L19009,2026-08-23,Rejected,Property preference
A19011,L19011,2026-08-17,Accepted,Other
A19018,L19018,2026-08-27,Rejected,Other
A19023,L19023,2026-08-08,Rejected,No availability
A19024,L19024,2026-07-31,Rejected,No availability
A19025,L19025,2026-08-23,Rejected,Other
A19027,L19027,2026-08-25,Rejected,Room type
A19031,L19031,2026-08-20,Rejected,Commute
A19034,L19034,2026-08-01,Rejected,Property preference
A19035,L19035,2026-08-09,Rejected,No availability
A19038,L19038,2026-08-20,Rejected,Commute
A19039,L19039,2026-08-24,Modified,Recommendation fit
A19041,L19041,2026-08-16,Accepted,Resident preference
A19042,L19042,2026-08-19,Rejected,Inventory
A19047,L19047,2026-08-17,Rejected,No availability
A19051,L19051,2026-08-22,Rejected,Room type
A19053,L19053,2026-08-27,Rejected,Price
A19055,L19055,2026-07-30,Rejected,Price
A19056,L19056,2026-08-25,Rejected,Changed plans
A19057,L19057,2026-08-08,Rejected,Changed plans
A19059,L19059,2026-08-15,Rejected,Resident preference
A19068,L19068,2026-08-02,Rejected,Other
A19071,L19071,2026-08-21,Rejected,Price
A19078,L19078,2026-08-23,Modified,Sales judgment
A19079,L19079,2026-08-19,Rejected,Room type
A19084,L19084,2026-08-12,Rejected,Other
A19085,L19085,2026-08-09,Rejected,Property preference
A19091,L19091,2026-08-05,Rejected,No availability
A19093,L19093,2026-08-22,Accepted,Resident preference
A19097,L19097,2026-08-24,Rejected,Pricing
A19098,L19098,2026-08-07,Rejected,Other
A19102,L19102,2026-08-13,Modified,Sales judgment
A19108,L19108,2026-08-18,Modified,Resident preference
A19109,L19109,2026-08-06,Rejected,Room type
A19110,L19110,2026-08-15,Rejected,Other
A19111,L19111,2026-07-28,Rejected,No availability
A19112,L19112,2026-08-26,Rejected,Recommendation fit
A19113,L19113,2026-08-16,Rejected,Sales judgment
A19114,L19114,2026-08-18,Rejected,Sales judgment
A19116,L19116,2026-08-03,Rejected,Changed plans
A19117,L19117,2026-08-19,Rejected,Price
A19119,L19119,2026-08-21,Rejected,Price
A19120,L19120,2026-08-24,Rejected,No availability
A19122,L19122,2026-08-26,Rejected,Delayed follow-up
A19126,L19126,2026-08-24,Modified,Inventory
A19127,L19127,2026-08-15,Modified,Other
A19128,L19128,2026-08-12,Accepted,Recommendation fit
A19129,L19129,2026-08-03,Rejected,Property preference
A19130,L19130,2026-08-26,Rejected,No availability
A19131,L19131,2026-08-18,Accepted,Pricing
A19134,L19134,2026-08-14,Rejected,Changed plans
A19136,L19136,2026-08-16,Accepted,Other
A19139,L19139,2026-08-21,Rejected,Property preference
A19141,L19141,2026-08-27,Accepted,Resident preference
A19143,L19143,2026-08-12,Accepted,Recommendation fit
A19144,L19144,2026-08-16,Rejected,No availability
A19146,L19146,2026-08-21,Rejected,Pricing
A19150,L19150,2026-08-13,Modified,Inventory
A19154,L19154,2026-08-14,Accepted,Recommendation fit
A19159,L19159,2026-08-23,Rejected,Other
A19160,L19160,2026-08-26,Modified,Resident preference
A19161,L19161,2026-08-25,Rejected,Property preference
A19164,L19164,2026-08-16,Modified,Pricing
A19166,L19166,2026-08-08,Rejected,Commute
A19170,L19170,2026-08-20,Accepted,Recommendation fit
A19171,L19171,2026-08-26,Rejected,Price
A19174,L19174,2026-08-16,Rejected,Inventory
A19177,L19177,2026-08-03,Rejected,Commute
A19182,L19182,2026-08-16,Rejected,Other
A19184,L19184,2026-08-08,Rejected,Property preference
A19185,L19185,2026-08-27,Rejected,Changed plans
A19190,L19190,2026-08-17,Rejected,Delayed follow-up
A19192,L19192,2026-08-24,Rejected,Sales judgment
A19193,L19193,2026-08-20,Rejected,Recommendation fit
A19197,L19197,2026-08-22,Rejected,Commute
A19199,L19199,2026-08-05,Rejected,Commute
A19200,L19200,2026-08-13,Modified,Other
A19202,L19202,2026-08-20,Rejected,Other
A19205,L19205,2026-08-12,Rejected,Other
A19207,L19207,2026-08-26,Accepted,Recommendation fit
A19209,L19209,2026-08-15,Rejected,Room type
A19210,L19210,2026-08-13,Rejected,Price
A19218,L19218,2026-08-24,Rejected,Other
A19223,L19223,2026-08-26,Rejected,Recommendation fit
A19224,L19224,2026-08-18,Modified,Recommendation fit
A19225,L19225,2026-08-03,Rejected,Changed plans
A19229,L19229,2026-08-21,Rejected,No availability
A19231,L19231,2026-08-07,Rejected,No availability
A19232,L19232,2026-08-12,Rejected,Property preference
A19233,L19233,2026-08-04,Rejected,Price
A19234,L19234,2026-08-21,Rejected,Pricing
A19235,L19235,2026-07-31,Rejected,Other
A19236,L19236,2026-08-18,Accepted,Recommendation fit
A19238,L19238,2026-08-09,Rejected,Property preference
A19240,L19240,2026-08-19,Rejected,Delayed follow-up
A19241,L19241,2026-08-17,Rejected,Other
A19242,L19242,2026-08-23,Modified,Sales judgment
A19243,L19243,2026-07-28,Rejected,Property preference
A19249,L19249,2026-08-25,Rejected,Other
A19251,L19251,2026-07-31,Rejected,Other
A19252,L19252,2026-08-18,Accepted,Sales judgment
A19254,L19254,2026-08-14,Rejected,Delayed follow-up
A19255,L19255,2026-08-09,Rejected,Delayed follow-up
A19257,L19257,2026-08-18,Rejected,Other
A19258,L19258,2026-08-23,Rejected,Commute
A19259,L19259,2026-08-27,Rejected,Room type
A19260,L19260,2026-08-04,Rejected,Room type
A19265,L19265,2026-08-26,Rejected,Resident preference
A19268,L19268,2026-07-31,Rejected,Delayed follow-up
A19269,L19269,2026-08-12,Rejected,Delayed follow-up
A19272,L19272,2026-07-29,Rejected,Price
A19273,L19273,2026-08-12,Rejected,Sales judgment
A19276,L19276,2026-08-25,Modified,Resident preference
A19278,L19278,2026-08-22,Rejected,Inventory
A19279,L19279,2026-08-17,Rejected,Recommendation fit
A19280,L19280,2026-08-08,Rejected,Other
A19281,L19281,2026-08-27,Rejected,Other
A19282,L19282,2026-08-26,Rejected,No availability
A19285,L19285,2026-08-26,Rejected,Inventory
A19289,L19289,2026-08-13,Rejected,Changed plans
A19290,L19290,2026-07-30,Rejected,Property preference
A19291,L19291,2026-08-19,Rejected,Changed plans
A19293,L19293,2026-08-24,Rejected,Room type
A19294,L19294,2026-08-27,Modified,Inventory
A19296,L19296,2026-08-20,Accepted,Inventory
A19298,L19298,2026-08-26,Rejected,Inventory
A19300,L19300,2026-08-08,Rejected,Other
A19301,L19301,2026-08-01,Rejected,Other
A19302,L19302,2026-08-23,Accepted,Sales judgment
A19303,L19303,2026-08-22,Rejected,Resident preference
A19305,L19305,2026-08-12,Rejected,Commute
A19308,L19308,2026-08-21,Rejected,Price
A19309,L19309,2026-08-20,Rejected,Property preference
A19312,L19312,2026-07-31,Rejected,No availability
A19313,L19313,2026-08-13,Modified,Pricing
A19314,L19314,2026-08-02,Rejected,No availability
A19316,L19316,2026-08-04,Rejected,Room type
A19318,L19318,2026-08-06,Rejected,No availability
A19320,L19320,2026-07-28,Rejected,Changed plans
A19323,L19323,2026-08-19,Rejected,Changed plans
A19324,L19324,2026-08-18,Accepted,Inventory
A19326,L19326,2026-08-26,Accepted,Recommendation fit
A19328,L19328,2026-08-21,Rejected,Price
A19329,L19329,2026-08-14,Modified,Sales judgment
A19330,L19330,2026-08-06,Rejected,Price
A19331,L19331,2026-08-25,Modified,Recommendation fit
A19333,L19333,2026-08-20,Modified,Sales judgment
A19335,L19335,2026-08-20,Accepted,Pricing
A19338,L19338,2026-08-27,Rejected,Commute
A19340,L19340,2026-08-17,Rejected,Recommendation fit
A19341,L19341,2026-08-25,Accepted,Other
A19346,L19346,2026-08-07,Rejected,Room type
A19348,L19348,2026-08-14,Rejected,Resident preference
A19350,L19350,2026-07-28,Rejected,Price
A19355,L19355,2026-08-23,Rejected,Commute
A19356,L19356,2026-08-19,Rejected,Other
A19357,L19357,2026-08-18,Rejected,Room type
A19362,L19362,2026-08-14,Modified,Inventory
A19368,L19368,2026-08-20,Rejected,No availability
A19369,L19369,2026-08-13,Accepted,Resident preference
A19370,L19370,2026-08-05,Rejected,No availability
A19373,L19373,2026-08-21,Accepted,Other
A19374,L19374,2026-08-12,Rejected,Room type
A19376,L19376,2026-08-24,Modified,Other
A19377,L19377,2026-08-05,Rejected,Price
A19378,L19378,2026-08-27,Rejected,Room type
A19384,L19384,2026-08-23,Accepted,Other
A19385,L19385,2026-08-24,Rejected,Commute
A19387,L19387,2026-08-20,Rejected,Property preference
A19389,L19389,2026-07-31,Rejected,Other
A19390,L19390,2026-07-28,Rejected,Other
A19391,L19391,2026-08-14,Rejected,Commute
A19394,L19394,2026-08-20,Modified,Sales judgment
A19397,L19397,2026-08-18,Rejected,Room type
A19398,L19398,2026-08-20,Modified,Inventory
A19402,L19402,2026-08-20,Rejected,Commute
A19406,L19406,2026-08-16,Rejected,Commute
A19408,L19408,2026-08-26,Modified,Pricing
A19410,L19410,2026-08-19,Modified,Pricing
A19411,L19411,2026-08-19,Modified,Pricing
A19412,L19412,2026-08-15,Accepted,Inventory
A19413,L19413,2026-08-15,Rejected,Changed plans
A19414,L19414,2026-08-23,Rejected,Inventory
A19415,L19415,2026-08-06,Rejected,Commute
A19416,L19416,2026-08-09,Rejected,Delayed follow-up
A19418,L19418,2026-08-12,Rejected,Inventory
A19419,L19419,2026-08-01,Rejected,Price
A19420,L19420,2026-08-15,Rejected,Commute
A19422,L19422,2026-08-02,Rejected,Changed plans
A19424,L19424,2026-08-17,Rejected,Sales judgment
A19426,L19426,2026-07-31,Rejected,Room type
A19428,L19428,2026-07-30,Rejected,Room type
A19432,L19432,2026-08-15,Rejected,Changed plans
A19435,L19435,2026-08-22,Rejected,Commute
A19436,L19436,2026-08-26,Rejected,No availability
A19437,L19437,2026-08-23,Rejected,Changed plans
A19438,L19438,2026-08-22,Rejected,Resident preference
A19439,L19439,2026-08-10,Rejected,Price
A19442,L19442,2026-08-16,Rejected,Delayed follow-up
A19443,L19443,2026-08-11,Rejected,No availability
A19445,L19445,2026-08-18,Rejected,Other
A19446,L19446,2026-08-01,Rejected,Commute
A19447,L19447,2026-08-18,Accepted,Resident preference
A19448,L19448,2026-08-14,Modified,Other
A19451,L19451,2026-08-24,Rejected,Pricing
A19456,L19456,2026-08-20,Rejected,Price
A19457,L19457,2026-08-19,Rejected,Inventory
A19458,L19458,2026-08-15,Rejected,Property preference
A19462,L19462,2026-08-15,Rejected,Delayed follow-up
A19464,L19464,2026-08-15,Rejected,Delayed follow-up
A19465,L19465,2026-08-15,Rejected,Property preference
A19466,L19466,2026-08-17,Accepted,Inventory
A19467,L19467,2026-08-09,Rejected,Changed plans
A19468,L19468,2026-08-13,Rejected,Other
A19473,L19473,2026-08-09,Rejected,Price
A19478,L19478,2026-08-21,Rejected,Property preference
A19482,L19482,2026-08-14,Rejected,Price
A19483,L19483,2026-08-12,Rejected,Other
A19484,L19484,2026-08-05,Rejected,Changed plans
A19485,L19485,2026-08-27,Rejected,Price
A19486,L19486,2026-08-23,Rejected,Commute
A19489,L19489,2026-07-28,Rejected,Property preference
A19490,L19490,2026-08-17,Rejected,Other
A19491,L19491,2026-08-22,Modified,Inventory
A19496,L19496,2026-08-15,Rejected,Changed plans
A19497,L19497,2026-07-29,Rejected,Commute
A19498,L19498,2026-08-03,Rejected,Delayed follow-up
A19499,L19499,2026-08-19,Rejected,Commute
A19501,L19501,2026-08-17,Rejected,Inventory
A19502,L19502,2026-08-24,Accepted,Resident preference
A19503,L19503,2026-08-23,Rejected,Inventory
A19504,L19504,2026-08-25,Rejected,Delayed follow-up
A19505,L19505,2026-08-19,Rejected,Other
A19509,L19509,2026-08-27,Modified,Sales judgment
A19510,L19510,2026-08-22,Modified,Other
A19512,L19512,2026-08-04,Rejected,Commute
A19513,L19513,2026-08-24,Modified,Other
A19515,L19515,2026-08-26,Rejected,Price
A19516,L19516,2026-08-14,Rejected,Other
A19517,L19517,2026-07-30,Rejected,Room type
A19519,L19519,2026-08-26,Rejected,Price
A19522,L19522,2026-08-14,Accepted,Inventory
A19524,L19524,2026-08-27,Rejected,Other
A19526,L19526,2026-08-18,Accepted,Sales judgment
A19527,L19527,2026-08-13,Rejected,No availability
A19534,L19534,2026-08-25,Rejected,Other
A19535,L19535,2026-08-24,Accepted,Other
A19536,L19536,2026-08-01,Rejected,Commute
A19537,L19537,2026-08-25,Modified,Recommendation fit
A19540,L19540,2026-08-16,Modified,Inventory
A19543,L19543,2026-08-16,Modified,Inventory
A19548,L19548,2026-08-26,Rejected,Delayed follow-up
A19549,L19549,2026-08-24,Modified,Recommendation fit
A19550,L19550,2026-08-27,Rejected,Price
A19553,L19553,2026-08-23,Rejected,Commute
A19555,L19555,2026-08-23,Rejected,Resident preference
A19558,L19558,2026-08-22,Rejected,Price
A19563,L19563,2026-08-14,Accepted,Pricing
A19565,L19565,2026-08-15,Accepted,Other
A19566,L19566,2026-08-06,Rejected,Room type
A19567,L19567,2026-08-06,Rejected,Commute
A19568,L19568,2026-08-15,Accepted,Pricing
A19571,L19571,2026-08-23,Rejected,Other
A19573,L19573,2026-08-07,Rejected,Other
A19574,L19574,2026-08-21,Rejected,Room type
A19578,L19578,2026-08-16,Rejected,Other
A19581,L19581,2026-08-23,Modified,Other
A19583,L19583,2026-08-17,Accepted,Recommendation fit
A19585,L19585,2026-08-26,Rejected,Resident preference
A19586,L19586,2026-08-15,Modified,Recommendation fit
A19588,L19588,2026-08-14,Rejected,Delayed follow-up
A19591,L19591,2026-08-01,Rejected,Other
A19593,L19593,2026-08-11,Rejected,Other
A19594,L19594,2026-08-14,Rejected,Inventory
A19595,L19595,2026-07-30,Rejected,Commute
A19597,L19597,2026-08-08,Rejected,Price
A19598,L19598,2026-08-22,Accepted,Recommendation fit
A19599,L19599,2026-08-19,Accepted,Recommendation fit
A19603,L19603,2026-08-14,Accepted,Recommendation fit
A19604,L19604,2026-08-12,Rejected,Room type
A19605,L19605,2026-08-13,Accepted,Inventory
A19610,L19610,2026-08-23,Modified,Other
A19612,L19612,2026-08-23,Rejected,Recommendation fit
A19613,L19613,2026-08-23,Rejected,Delayed follow-up
A19616,L19616,2026-08-17,Rejected,Price
A19617,L19617,2026-08-27,Rejected,Changed plans
A19619,L19619,2026-08-06,Rejected,Price
A19624,L19624,2026-08-18,Rejected,No availability
A19625,L19625,2026-08-01,Rejected,Delayed follow-up
A19627,L19627,2026-08-26,Rejected,Price
A19630,L19630,2026-08-27,Rejected,Commute
A19631,L19631,2026-07-29,Rejected,Commute
A19637,L19637,2026-08-25,Accepted,Inventory
A19638,L19638,2026-08-23,Modified,Pricing
A19642,L19642,2026-08-15,Rejected,Other
A19644,L19644,2026-08-24,Modified,Pricing
A19645,L19645,2026-08-19,Rejected,Commute
A19647,L19647,2026-08-02,Rejected,Room type
A19650,L19650,2026-08-11,Rejected,Other
A19651,L19651,2026-08-20,Rejected,Property preference
A19655,L19655,2026-08-07,Rejected,Price
A19658,L19658,2026-08-27,Rejected,Property preference
A19659,L19659,2026-08-18,Accepted,Pricing
A19660,L19660,2026-07-31,Rejected,Delayed follow-up
A19663,L19663,2026-08-08,Rejected,Price
A19664,L19664,2026-08-19,Rejected,Pricing
A19665,L19665,2026-08-21,Rejected,Delayed follow-up
A19669,L19669,2026-08-24,Rejected,Changed plans
A19670,L19670,2026-07-31,Rejected,Delayed follow-up
A19682,L19682,2026-08-11,Rejected,Price
A19683,L19683,2026-08-26,Rejected,Recommendation fit
A19684,L19684,2026-08-14,Rejected,Commute
A19688,L19688,2026-08-26,Rejected,Room type
A19689,L19689,2026-08-11,Rejected,Room type
A19693,L19693,2026-08-19,Rejected,Delayed follow-up
A19694,L19694,2026-08-13,Rejected,Property preference
A19695,L19695,2026-08-16,Rejected,Delayed follow-up
A19697,L19697,2026-08-24,Rejected,Property preference
A19698,L19698,2026-08-27,Modified,Inventory
A19699,L19699,2026-08-27,Rejected,Inventory
A19702,L19702,2026-08-14,Modified,Inventory
A19703,L19703,2026-08-15,Rejected,Other
A19704,L19704,2026-08-26,Rejected,Property preference
A19707,L19707,2026-08-16,Rejected,Inventory
A19709,L19709,2026-08-26,Modified,Pricing
A19710,L19710,2026-08-15,Rejected,Sales judgment
A19712,L19712,2026-08-25,Rejected,Other
A19714,L19714,2026-07-29,Rejected,Commute
A19719,L19719,2026-07-31,Rejected,Delayed follow-up
A19720,L19720,2026-08-17,Rejected,Price
A19721,L19721,2026-08-08,Rejected,Price
A19728,L19728,2026-08-23,Accepted,Pricing
A19729,L19729,2026-08-15,Accepted,Recommendation fit
A19734,L19734,2026-08-02,Rejected,Commute
A19736,L19736,2026-08-16,Rejected,Recommendation fit
A19737,L19737,2026-08-15,Accepted,Pricing
A19738,L19738,2026-08-20,Rejected,Commute
A19740,L19740,2026-08-21,Rejected,Recommendation fit
A19742,L19742,2026-08-27,Rejected,Changed plans
A19743,L19743,2026-08-17,Rejected,Commute
A19745,L19745,2026-08-11,Rejected,Room type
A19746,L19746,2026-08-14,Rejected,Sales judgment
A19749,L19749,2026-08-17,Rejected,Delayed follow-up
A19750,L19750,2026-08-03,Rejected,Delayed follow-up
A19751,L19751,2026-08-07,Rejected,Price
A19752,L19752,2026-08-14,Rejected,Other
A19758,L19758,2026-08-22,Rejected,Delayed follow-up
A19761,L19761,2026-08-17,Rejected,Sales judgment
A19762,L19762,2026-08-08,Rejected,Delayed follow-up
A19768,L19768,2026-08-05,Rejected,Changed plans
A19770,L19770,2026-07-28,Rejected,Changed plans
A19771,L19771,2026-08-14,Rejected,Price
A19773,L19773,2026-08-20,Rejected,Room type
A19776,L19776,2026-08-23,Rejected,Changed plans
A19777,L19777,2026-08-18,Rejected,Changed plans
A19781,L19781,2026-08-03,Rejected,Room type
A19782,L19782,2026-08-07,Rejected,Other
A19784,L19784,2026-08-18,Rejected,Inventory
A19787,L19787,2026-08-24,Rejected,Room type
A19792,L19792,2026-08-14,Rejected,Commute
A19793,L19793,2026-08-04,Rejected,Property preference
A19794,L19794,2026-08-04,Rejected,Price
A19801,L19801,2026-07-30,Rejected,Property preference
A19802,L19802,2026-08-27,Rejected,Recommendation fit
A19804,L19804,2026-07-31,Rejected,Property preference
A19806,L19806,2026-08-09,Rejected,Other
A19808,L19808,2026-08-14,Rejected,Delayed follow-up
A19810,L19810,2026-08-17,Rejected,Price
A19811,L19811,2026-08-19,Rejected,Room type
A19812,L19812,2026-08-06,Rejected,Commute
A19813,L19813,2026-08-19,Rejected,Property preference
A19815,L19815,2026-08-01,Rejected,Changed plans
A19818,L19818,2026-08-12,Rejected,Other
A19820,L19820,2026-08-01,Rejected,Room type
A19821,L19821,2026-08-24,Modified,Sales judgment
A19823,L19823,2026-08-02,Rejected,Price
A19824,L19824,2026-08-04,Rejected,Changed plans
A19826,L19826,2026-08-20,Modified,Recommendation fit
A19828,L19828,2026-08-06,Rejected,Room type
A19829,L19829,2026-08-16,Rejected,Property preference
A19832,L19832,2026-08-12,Rejected,Pricing
A19837,L19837,2026-08-08,Rejected,Delayed follow-up
A19838,L19838,2026-07-31,Rejected,Other
A19839,L19839,2026-08-17,Rejected,Room type
A19846,L19846,2026-08-20,Rejected,Delayed follow-up
A19849,L19849,2026-08-08,Rejected,Other
A19850,L19850,2026-08-13,Rejected,Changed plans
A19852,L19852,2026-07-30,Rejected,Property preference
A19853,L19853,2026-08-17,Rejected,Delayed follow-up
A19855,L19855,2026-08-19,Rejected,Sales judgment
A19857,L19857,2026-07-31,Rejected,Price
A19860,L19860,2026-08-15,Rejected,Resident preference
A19862,L19862,2026-08-07,Rejected,No availability
A19865,L19865,2026-08-20,Rejected,Room type
A19866,L19866,2026-08-12,Modified,Other
A19867,L19867,2026-08-10,Rejected,Changed plans
A19873,L19873,2026-08-17,Modified,Pricing
A19877,L19877,2026-08-27,Modified,Recommendation fit
A19880,L19880,2026-08-02,Rejected,Delayed follow-up
A19881,L19881,2026-08-16,Modified,Pricing
A19883,L19883,2026-08-09,Rejected,Commute
A19884,L19884,2026-08-18,Rejected,Price
A19886,L19886,2026-08-12,Rejected,Delayed follow-up
A19889,L19889,2026-08-15,Modified,Pricing
A19892,L19892,2026-08-27,Rejected,Other
A19895,L19895,2026-08-25,Rejected,Changed plans
A19896,L19896,2026-08-18,Rejected,Resident preference
A19899,L19899,2026-08-22,Rejected,Other
A19900,L19900,2026-08-22,Rejected,Other
A19901,L19901,2026-08-24,Modified,Recommendation fit
A19904,L19904,2026-07-30,Rejected,Changed plans
A19909,L19909,2026-08-27,Rejected,Room type
A19912,L19912,2026-08-20,Rejected,Inventory
A19915,L19915,2026-08-20,Rejected,Inventory
A19919,L19919,2026-08-20,Rejected,Recommendation fit
A19920,L19920,2026-08-17,Accepted,Sales judgment
A19921,L19921,2026-08-02,Rejected,Property preference
A19925,L19925,2026-08-27,Rejected,No availability
A19928,L19928,2026-08-18,Rejected,Other
A19930,L19930,2026-07-31,Rejected,Price
A19932,L19932,2026-08-18,Rejected,Delayed follow-up
A19936,L19936,2026-08-22,Rejected,Price
A19941,L19941,2026-08-18,Rejected,Price
A19942,L19942,2026-08-08,Rejected,Commute
A19943,L19943,2026-08-13,Rejected,Changed plans
A19949,L19949,2026-08-25,Rejected,Commute
A19952,L19952,2026-08-12,Rejected,No availability
A19953,L19953,2026-08-26,Rejected,Price
A19954,L19954,2026-08-13,Rejected,Property preference
A19955,L19955,2026-08-23,Modified,Other
A19958,L19958,2026-08-21,Accepted,Resident preference
A19961,L19961,2026-08-12,Rejected,Commute
A19963,L19963,2026-08-16,Accepted,Other
A19964,L19964,2026-08-25,Rejected,Property preference
A19969,L19969,2026-08-09,Rejected,Other
A19970,L19970,2026-08-26,Rejected,Delayed follow-up
A19975,L19975,2026-08-13,Rejected,No availability
A19978,L19978,2026-08-19,Rejected,Sales judgment
A19980,L19980,2026-08-14,Accepted,Sales judgment
A19982,L19982,2026-08-02,Rejected,Property preference
A19984,L19984,2026-08-18,Accepted,Sales judgment
A19992,L19992,2026-08-26,Accepted,Pricing
A19993,L19993,2026-08-13,Modified,Other
A19994,L19994,2026-08-17,Modified,Recommendation fit
A19995,L19995,2026-08-01,Rejected,Delayed follow-up
A19996,L19996,2026-08-10,Rejected,Room type
A19998,L19998,2026-08-05,Rejected,Changed plans
A20003,L20003,2026-08-21,Modified,Recommendation fit
A20008,L20008,2026-08-14,Accepted,Resident preference
A20010,L20010,2026-08-17,Rejected,Property preference
A20011,L20011,2026-08-13,Rejected,Changed plans
A20012,L20012,2026-08-24,Rejected,Inventory
A20013,L20013,2026-08-19,Rejected,Other
A20014,L20014,2026-08-06,Rejected,Delayed follow-up
A20017,L20017,2026-08-27,Accepted,Sales judgment
A20021,L20021,2026-08-13,Accepted,Pricing
A20028,L20028,2026-08-13,Accepted,Other
A20029,L20029,2026-08-14,Accepted,Pricing
A20031,L20031,2026-08-18,Modified,Inventory
A20034,L20034,2026-07-29,Rejected,Delayed follow-up
A20037,L20037,2026-08-17,Accepted,Sales judgment
A20042,L20042,2026-08-20,Rejected,Price
A20044,L20044,2026-08-10,Rejected,No availability
A20046,L20046,2026-08-05,Rejected,No availability
A20047,L20047,2026-08-26,Rejected,Changed plans
A20049,L20049,2026-07-29,Rejected,Other
A20050,L20050,2026-08-27,Rejected,Commute
A20052,L20052,2026-08-23,Modified,Inventory
A20057,L20057,2026-08-18,Rejected,Room type
A20060,L20060,2026-08-12,Rejected,Delayed follow-up
A20061,L20061,2026-08-08,Rejected,Room type
A20069,L20069,2026-08-13,Rejected,Delayed follow-up
A20070,L20070,2026-08-15,Rejected,Delayed follow-up
A20071,L20071,2026-08-02,Rejected,Other
A20072,L20072,2026-08-15,Accepted,Recommendation fit
A20074,L20074,2026-08-25,Rejected,Sales judgment
A20075,L20075,2026-08-14,Rejected,Other
A20077,L20077,2026-08-15,Rejected,Price
A20079,L20079,2026-08-11,Rejected,Commute
A20088,L20088,2026-08-25,Rejected,Changed plans
A20089,L20089,2026-08-20,Rejected,Property preference
A20091,L20091,2026-08-18,Accepted,Recommendation fit
A20095,L20095,2026-08-18,Rejected,Commute
A20096,L20096,2026-08-06,Rejected,No availability
A20100,L20100,2026-08-17,Rejected,Inventory
A20101,L20101,2026-08-02,Rejected,No availability
A20104,L20104,2026-08-01,Rejected,Room type
A20107,L20107,2026-08-07,Rejected,Price
A20110,L20110,2026-08-03,Rejected,Property preference
A20111,L20111,2026-08-23,Rejected,Room type
A20113,L20113,2026-08-25,Rejected,Room type
A20118,L20118,2026-07-28,Rejected,Changed plans
A20119,L20119,2026-08-20,Accepted,Sales judgment
A20120,L20120,2026-07-29,Rejected,Changed plans
A20122,L20122,2026-08-25,Modified,Other
A20123,L20123,2026-08-05,Rejected,Changed plans
A20127,L20127,2026-08-15,Rejected,Pricing
A20128,L20128,2026-08-16,Rejected,No availability
A20129,L20129,2026-08-02,Rejected,Room type
A20135,L20135,2026-08-04,Rejected,Changed plans
A20137,L20137,2026-08-21,Rejected,Other
A20148,L20148,2026-08-03,Rejected,Room type
A20149,L20149,2026-08-12,Accepted,Pricing
A20150,L20150,2026-08-10,Rejected,Other
A20151,L20151,2026-08-26,Rejected,Price
A20152,L20152,2026-08-25,Rejected,Room type
A20156,L20156,2026-08-18,Accepted,Sales judgment
A20157,L20157,2026-08-25,Rejected,Sales judgment
A20158,L20158,2026-08-03,Rejected,Other
A20159,L20159,2026-08-15,Rejected,Sales judgment
A20162,L20162,2026-08-02,Rejected,Delayed follow-up
A20166,L20166,2026-08-20,Rejected,Recommendation fit
A20168,L20168,2026-08-25,Rejected,Room type
A20171,L20171,2026-08-03,Rejected,Changed plans
A20172,L20172,2026-08-26,Modified,Pricing
A20173,L20173,2026-08-17,Rejected,Room type
A20175,L20175,2026-07-28,Rejected,Price
A20188,L20188,2026-08-20,Rejected,Changed plans
A20192,L20192,2026-08-07,Rejected,Delayed follow-up
A20194,L20194,2026-08-14,Accepted,Other
A20197,L20197,2026-08-01,Rejected,Commute
A20201,L20201,2026-08-03,Rejected,Commute
A20203,L20203,2026-08-24,Rejected,Commute
A20206,L20206,2026-08-24,Modified,Other
A20207,L20207,2026-08-04,Rejected,Other
A20213,L20213,2026-08-07,Rejected,Room type
A20215,L20215,2026-08-24,Rejected,No availability
A20218,L20218,2026-08-21,Rejected,Commute
A20219,L20219,2026-08-23,Rejected,Price
A20221,L20221,2026-07-30,Rejected,Room type
A20222,L20222,2026-08-19,Rejected,Resident preference
A20227,L20227,2026-08-17,Modified,Other
A20229,L20229,2026-08-18,Accepted,Other
A20235,L20235,2026-08-07,Rejected,Other
A20236,L20236,2026-08-20,Rejected,Room type
A20238,L20238,2026-08-20,Rejected,Commute
A20241,L20241,2026-08-03,Rejected,Delayed follow-up
A20243,L20243,2026-08-25,Rejected,Changed plans
A20244,L20244,2026-08-13,Rejected,Pricing
A20245,L20245,2026-08-17,Modified,Pricing
A20247,L20247,2026-08-12,Rejected,Price
A20248,L20248,2026-08-22,Rejected,Sales judgment
A20252,L20252,2026-08-18,Rejected,No availability
A20254,L20254,2026-08-21,Rejected,Changed plans
A20256,L20256,2026-08-05,Rejected,Commute
A20263,L20263,2026-08-14,Rejected,Delayed follow-up
A20264,L20264,2026-07-30,Rejected,Delayed follow-up
A20269,L20269,2026-08-14,Rejected,Other
A20271,L20271,2026-08-13,Rejected,Price
A20273,L20273,2026-08-24,Rejected,Pricing
A20274,L20274,2026-08-15,Rejected,No availability
A20276,L20276,2026-08-21,Rejected,No availability
A20279,L20279,2026-08-20,Accepted,Pricing
A20280,L20280,2026-08-24,Rejected,Commute
A20281,L20281,2026-08-23,Rejected,No availability
A20283,L20283,2026-08-11,Rejected,Delayed follow-up
A20284,L20284,2026-08-21,Modified,Recommendation fit
A20287,L20287,2026-08-20,Accepted,Pricing
A20290,L20290,2026-08-10,Rejected,Property preference
A20293,L20293,2026-08-04,Rejected,Commute
A20294,L20294,2026-07-29,Rejected,Changed plans
A20295,L20295,2026-08-06,Rejected,Room type
A20297,L20297,2026-08-06,Rejected,Changed plans
A20298,L20298,2026-08-27,Modified,Inventory
A20299,L20299,2026-08-08,Rejected,Commute
A20300,L20300,2026-08-12,Rejected,Room type
A20301,L20301,2026-08-18,Modified,Resident preference
A20302,L20302,2026-08-18,Rejected,Price
A20303,L20303,2026-08-18,Rejected,Delayed follow-up
A20305,L20305,2026-08-13,Modified,Resident preference
A20306,L20306,2026-08-25,Rejected,Price
A20308,L20308,2026-08-17,Rejected,No availability
A20313,L20313,2026-08-07,Rejected,Price
A20314,L20314,2026-08-14,Modified,Other
A20316,L20316,2026-08-23,Modified,Pricing
A20319,L20319,2026-07-31,Rejected,Price
A20320,L20320,2026-08-12,Accepted,Sales judgment
A20321,L20321,2026-08-13,Modified,Inventory
A20326,L20326,2026-08-20,Modified,Sales judgment
A20331,L20331,2026-08-19,Rejected,Commute
A20332,L20332,2026-08-10,Rejected,Delayed follow-up
A20334,L20334,2026-08-14,Rejected,No availability
A20335,L20335,2026-08-26,Modified,Other
A20339,L20339,2026-08-08,Rejected,Other
A20342,L20342,2026-08-19,Rejected,Commute
A20344,L20344,2026-08-27,Accepted,Resident preference
A20345,L20345,2026-07-31,Rejected,Price
A20347,L20347,2026-08-17,Rejected,Sales judgment
A20350,L20350,2026-08-07,Rejected,No availability
A20352,L20352,2026-08-15,Accepted,Other
A20353,L20353,2026-08-15,Rejected,Room type
A20355,L20355,2026-08-06,Rejected,Commute
A20356,L20356,2026-08-06,Rejected,Commute
A20366,L20366,2026-08-20,Rejected,Price
A20368,L20368,2026-08-15,Rejected,Commute
A20369,L20369,2026-08-24,Rejected,Delayed follow-up
A20371,L20371,2026-08-16,Rejected,Other
A20375,L20375,2026-08-16,Rejected,No availability
A20376,L20376,2026-08-01,Rejected,Commute
A20380,L20380,2026-08-18,Rejected,Pricing
A20381,L20381,2026-08-04,Rejected,Property preference
A20385,L20385,2026-08-08,Rejected,Commute
A20386,L20386,2026-08-12,Rejected,Changed plans
A20389,L20389,2026-08-13,Rejected,Changed plans
A20390,L20390,2026-08-02,Rejected,Property preference
A20399,L20399,2026-08-27,Rejected,Pricing
A20400,L20400,2026-08-12,Modified,Inventory
A20405,L20405,2026-08-19,Modified,Recommendation fit
A20406,L20406,2026-08-25,Rejected,Resident preference
A20407,L20407,2026-08-26,Rejected,Property preference
A20409,L20409,2026-08-01,Rejected,Changed plans
A20410,L20410,2026-08-14,Accepted,Inventory
A20412,L20412,2026-08-23,Accepted,Sales judgment
A20414,L20414,2026-08-19,Modified,Other
A20419,L20419,2026-08-25,Accepted,Recommendation fit
A20422,L20422,2026-08-17,Rejected,Delayed follow-up
A20423,L20423,2026-08-12,Accepted,Other
A20426,L20426,2026-08-25,Rejected,Property preference
A20427,L20427,2026-08-23,Accepted,Recommendation fit
A20428,L20428,2026-08-09,Rejected,Changed plans
A20430,L20430,2026-08-17,Rejected,Property preference
A20431,L20431,2026-08-13,Accepted,Pricing
A20432,L20432,2026-08-22,Rejected,Price
A20433,L20433,2026-08-23,Modified,Sales judgment
A20434,L20434,2026-08-27,Rejected,Other
A20435,L20435,2026-08-07,Rejected,Room type
A20436,L20436,2026-08-13,Rejected,Other
A20439,L20439,2026-08-13,Modified,Other
A20442,L20442,2026-08-22,Accepted,Sales judgment
A20443,L20443,2026-08-12,Accepted,Inventory
A20444,L20444,2026-08-26,Modified,Inventory
A20446,L20446,2026-08-22,Modified,Inventory
A20448,L20448,2026-08-13,Modified,Inventory
A20451,L20451,2026-08-27,Accepted,Sales judgment
A20452,L20452,2026-08-17,Rejected,Other
A20453,L20453,2026-08-19,Rejected,Price
A20454,L20454,2026-08-14,Rejected,Room type
A20455,L20455,2026-08-17,Rejected,Price
A20458,L20458,2026-08-18,Rejected,Pricing
A20459,L20459,2026-08-24,Rejected,Delayed follow-up
A20460,L20460,2026-08-03,Rejected,Room type
A20461,L20461,2026-07-31,Rejected,Commute
A20464,L20464,2026-08-12,Rejected,Changed plans
A20467,L20467,2026-08-15,Rejected,Price
A20468,L20468,2026-08-17,Rejected,Changed plans
A20471,L20471,2026-08-10,Rejected,Delayed follow-up
A20474,L20474,2026-08-16,Rejected,Other
A20475,L20475,2026-08-27,Accepted,Recommendation fit
A20477,L20477,2026-08-14,Accepted,Recommendation fit
A20478,L20478,2026-07-28,Rejected,Commute
A20483,L20483,2026-08-26,Accepted,Recommendation fit
A20484,L20484,2026-08-12,Accepted,Sales judgment
A20486,L20486,2026-08-24,Rejected,Recommendation fit
A20489,L20489,2026-08-03,Rejected,Property preference
A20490,L20490,2026-08-26,Rejected,Commute
A20492,L20492,2026-08-27,Rejected,Delayed follow-up
A20493,L20493,2026-08-04,Rejected,Property preference
A20498,L20498,2026-08-20,Modified,Inventory
A20499,L20499,2026-08-08,Rejected,Other
A20505,L20505,2026-08-13,Rejected,No availability
A20510,L20510,2026-08-07,Rejected,Changed plans
A20512,L20512,2026-08-14,Rejected,Commute
A20513,L20513,2026-08-09,Rejected,Other
A20519,L20519,2026-08-25,Rejected,No availability
A20520,L20520,2026-08-14,Rejected,Delayed follow-up
A20522,L20522,2026-08-24,Rejected,Price
A20523,L20523,2026-08-02,Rejected,Commute
A20524,L20524,2026-08-22,Rejected,Commute
A20535,L20535,2026-08-13,Rejected,Changed plans
A20536,L20536,2026-08-02,Rejected,Changed plans
A20537,L20537,2026-08-19,Rejected,Other
A20538,L20538,2026-08-23,Rejected,Changed plans
A20539,L20539,2026-08-14,Rejected,Delayed follow-up
A20541,L20541,2026-08-15,Modified,Pricing
A20542,L20542,2026-08-25,Rejected,Delayed follow-up
A20543,L20543,2026-08-12,Rejected,Commute
A20549,L20549,2026-08-12,Rejected,Property preference
A20554,L20554,2026-08-22,Modified,Resident preference
A20555,L20555,2026-08-11,Rejected,Other
A20556,L20556,2026-08-20,Rejected,No availability
A20559,L20559,2026-08-16,Rejected,Inventory
A20564,L20564,2026-07-29,Rejected,Delayed follow-up
A20565,L20565,2026-08-23,Accepted,Sales judgment
A20566,L20566,2026-08-21,Rejected,Sales judgment
A20570,L20570,2026-08-27,Accepted,Recommendation fit
A20573,L20573,2026-08-18,Rejected,Room type
A20578,L20578,2026-08-09,Rejected,Property preference
A20579,L20579,2026-08-24,Rejected,Inventory
A20580,L20580,2026-08-11,Rejected,Property preference
A20584,L20584,2026-08-26,Modified,Recommendation fit
A20585,L20585,2026-08-01,Rejected,Changed plans
A20589,L20589,2026-08-13,Rejected,No availability
A20594,L20594,2026-08-17,Rejected,Delayed follow-up
A20595,L20595,2026-07-31,Rejected,Room type
A20596,L20596,2026-08-23,Rejected,Other
A20597,L20597,2026-08-01,Rejected,Price
A20598,L20598,2026-08-26,Accepted,Other
A20604,L20604,2026-08-13,Rejected,Other
A20608,L20608,2026-07-28,Rejected,Price
A20611,L20611,2026-08-21,Modified,Inventory
A20614,L20614,2026-08-14,Accepted,Inventory
A20617,L20617,2026-08-19,Accepted,Resident preference
A20621,L20621,2026-08-24,Rejected,Changed plans
A20630,L20630,2026-08-22,Modified,Recommendation fit
A20631,L20631,2026-08-12,Rejected,Pricing
A20632,L20632,2026-08-15,Rejected,Recommendation fit
A20634,L20634,2026-08-16,Rejected,Other
A20635,L20635,2026-08-09,Rejected,Price
A20638,L20638,2026-08-25,Rejected,No availability
A20639,L20639,2026-08-23,Modified,Inventory
A20640,L20640,2026-08-23,Rejected,Other
A20641,L20641,2026-08-10,Rejected,No availability
A20642,L20642,2026-08-24,Accepted,Recommendation fit
A20643,L20643,2026-07-31,Rejected,Price
A20644,L20644,2026-08-15,Rejected,Pricing
A20645,L20645,2026-08-23,Rejected,Delayed follow-up
A20648,L20648,2026-08-19,Accepted,Resident preference
A20649,L20649,2026-08-15,Rejected,Other
A20651,L20651,2026-08-11,Rejected,Changed plans
A20652,L20652,2026-08-25,Rejected,No availability
A20657,L20657,2026-08-22,Rejected,Commute
A20660,L20660,2026-08-21,Modified,Resident preference
A20665,L20665,2026-08-27,Modified,Sales judgment
A20668,L20668,2026-08-14,Modified,Recommendation fit
A20671,L20671,2026-08-01,Rejected,Price
A20672,L20672,2026-08-27,Accepted,Recommendation fit
A20675,L20675,2026-08-09,Rejected,Commute
A20676,L20676,2026-07-29,Rejected,Room type
A20677,L20677,2026-08-02,Rejected,Other
A20679,L20679,2026-08-02,Rejected,No availability
A20687,L20687,2026-08-18,Rejected,Changed plans
A20692,L20692,2026-08-27,Rejected,Commute
A20695,L20695,2026-08-25,Rejected,Pricing
A20696,L20696,2026-08-23,Accepted,Resident preference
A20697,L20697,2026-08-23,Rejected,Delayed follow-up
A20698,L20698,2026-08-22,Accepted,Recommendation fit
A20700,L20700,2026-08-08,Rejected,Price
A20701,L20701,2026-08-02,Rejected,Commute
A20703,L20703,2026-08-19,Accepted,Inventory
A20705,L20705,2026-08-13,Rejected,Commute
A20706,L20706,2026-08-21,Rejected,Delayed follow-up
A20710,L20710,2026-08-16,Rejected,Delayed follow-up
A20711,L20711,2026-08-24,Modified,Pricing
A20713,L20713,2026-08-18,Accepted,Other
A20716,L20716,2026-08-13,Modified,Inventory
A20717,L20717,2026-08-12,Rejected,Resident preference
A20718,L20718,2026-08-17,Modified,Pricing
A20721,L20721,2026-08-14,Modified,Other
A20723,L20723,2026-08-20,Rejected,Sales judgment
A20725,L20725,2026-08-13,Accepted,Other
A20726,L20726,2026-08-27,Rejected,Commute
A20729,L20729,2026-08-10,Rejected,Changed plans
A20730,L20730,2026-08-16,Rejected,Sales judgment
A20731,L20731,2026-07-31,Rejected,No availability
A20732,L20732,2026-08-18,Modified,Resident preference
A20733,L20733,2026-08-06,Rejected,Price
A20737,L20737,2026-08-23,Rejected,Resident preference
A20738,L20738,2026-08-05,Rejected,Price
A20741,L20741,2026-07-30,Rejected,Room type
A20746,L20746,2026-08-17,Rejected,Room type
A20747,L20747,2026-08-03,Rejected,Delayed follow-up
A20749,L20749,2026-08-01,Rejected,Other
A20750,L20750,2026-08-13,Rejected,No availability
A20752,L20752,2026-08-26,Rejected,Commute
A20755,L20755,2026-08-20,Rejected,No availability
A20758,L20758,2026-08-20,Rejected,Room type
A20759,L20759,2026-08-09,Rejected,Changed plans
A20760,L20760,2026-08-16,Rejected,Changed plans
A20761,L20761,2026-08-20,Rejected,Commute
A20770,L20770,2026-08-08,Rejected,Room type
A20773,L20773,2026-08-21,Rejected,Inventory
A20774,L20774,2026-08-21,Rejected,No availability
A20777,L20777,2026-08-02,Rejected,Other
A20779,L20779,2026-08-17,Rejected,Inventory
A20781,L20781,2026-08-21,Accepted,Inventory
A20784,L20784,2026-08-23,Rejected,Commute
A20790,L20790,2026-08-12,Modified,Recommendation fit
A20792,L20792,2026-08-12,Modified,Pricing
A20793,L20793,2026-08-11,Rejected,Delayed follow-up
A20795,L20795,2026-08-22,Rejected,Price
A20796,L20796,2026-08-14,Rejected,Pricing
A20797,L20797,2026-07-31,Rejected,Changed plans
A20798,L20798,2026-08-16,Rejected,Changed plans
A20804,L20804,2026-08-17,Rejected,No availability
A20808,L20808,2026-07-30,Rejected,Property preference
A20811,L20811,2026-08-19,Rejected,Recommendation fit
A20814,L20814,2026-08-27,Rejected,Room type
A20816,L20816,2026-08-17,Rejected,Recommendation fit
A20819,L20819,2026-08-16,Rejected,Delayed follow-up
A20823,L20823,2026-08-21,Rejected,Pricing
A20825,L20825,2026-07-28,Rejected,Changed plans
A20826,L20826,2026-08-18,Rejected,Other
A20827,L20827,2026-08-13,Modified,Pricing
A20828,L20828,2026-07-29,Rejected,Other
A20829,L20829,2026-08-19,Modified,Resident preference
A20830,L20830,2026-08-20,Rejected,Other
A20832,L20832,2026-08-25,Modified,Inventory
A20833,L20833,2026-08-16,Modified,Recommendation fit
A20838,L20838,2026-08-22,Rejected,Other
A20840,L20840,2026-08-17,Rejected,Price
A20841,L20841,2026-07-29,Rejected,Room type
A20842,L20842,2026-08-27,Rejected,Recommendation fit
A20844,L20844,2026-08-21,Rejected,No availability
A20845,L20845,2026-08-17,Rejected,Other
A20846,L20846,2026-08-18,Accepted,Recommendation fit
A20849,L20849,2026-07-29,Rejected,Delayed follow-up
A20851,L20851,2026-08-03,Rejected,Property preference
A20852,L20852,2026-08-23,Rejected,Resident preference
A20854,L20854,2026-08-14,Rejected,Commute
A20857,L20857,2026-08-02,Rejected,Commute
A20859,L20859,2026-08-22,Rejected,Property preference
A20860,L20860,2026-08-25,Rejected,Recommendation fit
A20865,L20865,2026-08-15,Accepted,Other
A20875,L20875,2026-08-18,Accepted,Inventory
A20876,L20876,2026-08-11,Rejected,Delayed follow-up
A20877,L20877,2026-08-12,Accepted,Recommendation fit
A20878,L20878,2026-08-23,Modified,Other
A20879,L20879,2026-08-15,Rejected,No availability
A20880,L20880,2026-08-02,Rejected,Property preference
A20881,L20881,2026-08-26,Modified,Sales judgment
A20882,L20882,2026-08-07,Rejected,No availability
A20884,L20884,2026-08-16,Modified,Sales judgment
A20886,L20886,2026-08-06,Rejected,Property preference
A20888,L20888,2026-08-18,Modified,Pricing
A20889,L20889,2026-07-29,Rejected,Price
A20890,L20890,2026-08-07,Rejected,Commute
A20891,L20891,2026-08-18,Modified,Pricing
A20899,L20899,2026-08-19,Rejected,Property preference
A20900,L20900,2026-07-30,Rejected,Room type
A20902,L20902,2026-08-03,Rejected,Room type
A20903,L20903,2026-08-21,Rejected,Changed plans
A20904,L20904,2026-08-25,Rejected,Commute
A20905,L20905,2026-08-20,Rejected,No availability
A20906,L20906,2026-08-16,Rejected,No availability
A20910,L20910,2026-08-25,Accepted,Inventory
A20911,L20911,2026-08-15,Rejected,Recommendation fit
A20914,L20914,2026-08-15,Accepted,Other
A20915,L20915,2026-08-20,Rejected,Other
A20919,L20919,2026-08-16,Modified,Sales judgment
A20921,L20921,2026-08-11,Rejected,Price
A20922,L20922,2026-07-30,Rejected,Property preference
A20923,L20923,2026-08-01,Rejected,No availability
A20928,L20928,2026-08-17,Rejected,Resident preference
A20929,L20929,2026-08-13,Accepted,Resident preference
A20931,L20931,2026-08-20,Rejected,Pricing
A20933,L20933,2026-08-15,Rejected,Recommendation fit
A20939,L20939,2026-08-20,Modified,Recommendation fit
A20943,L20943,2026-08-13,Rejected,Room type
A20944,L20944,2026-08-18,Rejected,Room type
A20946,L20946,2026-08-17,Rejected,No availability
A20948,L20948,2026-08-21,Rejected,Property preference
A20949,L20949,2026-08-10,Rejected,Delayed follow-up
A20952,L20952,2026-08-12,Modified,Pricing
A20953,L20953,2026-08-05,Rejected,Other
A20954,L20954,2026-07-30,Rejected,Other
A20955,L20955,2026-08-01,Rejected,Other
A20959,L20959,2026-08-24,Modified,Pricing
A20960,L20960,2026-08-17,Rejected,Changed plans
A20962,L20962,2026-08-23,Rejected,Other
A20964,L20964,2026-07-28,Rejected,Delayed follow-up
A20965,L20965,2026-08-13,Rejected,Recommendation fit
A20969,L20969,2026-08-27,Rejected,Delayed follow-up
A20973,L20973,2026-08-19,Rejected,Commute
A20974,L20974,2026-08-14,Rejected,Delayed follow-up
A20976,L20976,2026-08-04,Rejected,Changed plans
A20977,L20977,2026-08-13,Rejected,Other
A20978,L20978,2026-08-22,Accepted,Resident preference
A20979,L20979,2026-08-22,Modified,Sales judgment
A20981,L20981,2026-08-18,Rejected,Resident preference
A20984,L20984,2026-08-24,Rejected,Sales judgment
A20985,L20985,2026-08-09,Rejected,Property preference
A20986,L20986,2026-08-10,Rejected,Changed plans
A20987,L20987,2026-07-29,Rejected,Other
A20989,L20989,2026-08-18,Modified,Pricing
A20990,L20990,2026-08-15,Rejected,Price
A20991,L20991,2026-08-23,Rejected,Resident preference
A20993,L20993,2026-08-23,Rejected,No availability
A20995,L20995,2026-08-24,Rejected,Recommendation fit
A20996,L20996,2026-08-20,Modified,Sales judgment
A20999,L20999,2026-08-12,Accepted,Inventory
A21000,L21000,2026-08-20,Accepted,Other
A21002,L21002,2026-08-16,Accepted,Other
A21003,L21003,2026-08-20,Rejected,Pricing
A21006,L21006,2026-08-26,Rejected,Commute
A21007,L21007,2026-08-14,Accepted,Sales judgment
A21011,L21011,2026-08-21,Rejected,Commute
A21012,L21012,2026-08-21,Modified,Sales judgment
A21015,L21015,2026-08-23,Modified,Resident preference
A21016,L21016,2026-08-17,Rejected,Other
A21023,L21023,2026-08-21,Rejected,Room type
A21024,L21024,2026-08-23,Rejected,No availability
A21025,L21025,2026-08-23,Rejected,Price
A21026,L21026,2026-08-26,Rejected,No availability
A21028,L21028,2026-08-26,Rejected,Changed plans
A21029,L21029,2026-08-16,Rejected,Price
A21030,L21030,2026-08-26,Rejected,Inventory
A21031,L21031,2026-08-23,Rejected,Sales judgment
A21033,L21033,2026-08-12,Rejected,Sales judgment
A21038,L21038,2026-08-21,Rejected,Resident preference
A21039,L21039,2026-08-10,Rejected,Commute
A21040,L21040,2026-08-02,Rejected,Room type
A21042,L21042,2026-07-30,Rejected,Changed plans
A21046,L21046,2026-08-24,Modified,Other
A21047,L21047,2026-08-16,Accepted,Other
A21048,L21048,2026-08-20,Accepted,Resident preference
A21049,L21049,2026-08-14,Rejected,Resident preference
A21050,L21050,2026-08-22,Rejected,Delayed follow-up
A21059,L21059,2026-08-23,Modified,Pricing
A21063,L21063,2026-08-21,Rejected,Property preference
A21064,L21064,2026-08-14,Accepted,Other
A21066,L21066,2026-08-03,Rejected,Commute
A21069,L21069,2026-08-20,Rejected,Delayed follow-up
A21071,L21071,2026-08-02,Rejected,No availability
A21072,L21072,2026-08-10,Rejected,Room type
A21073,L21073,2026-08-13,Accepted,Recommendation fit
A21075,L21075,2026-08-23,Accepted,Recommendation fit
A21076,L21076,2026-08-24,Rejected,Other
A21077,L21077,2026-08-09,Rejected,Room type
A21079,L21079,2026-08-25,Rejected,Changed plans
A21081,L21081,2026-08-26,Rejected,Other
A21082,L21082,2026-08-17,Rejected,Price
A21083,L21083,2026-08-20,Rejected,Delayed follow-up
A21085,L21085,2026-08-23,Rejected,Property preference
A21087,L21087,2026-08-15,Modified,Recommendation fit
A21088,L21088,2026-08-11,Rejected,Room type
A21090,L21090,2026-08-23,Accepted,Sales judgment
A21093,L21093,2026-08-09,Rejected,Property preference
A21097,L21097,2026-08-17,Accepted,Recommendation fit
A21101,L21101,2026-08-09,Rejected,No availability
A21105,L21105,2026-08-13,Modified,Sales judgment
A21106,L21106,2026-08-21,Rejected,No availability
A21108,L21108,2026-08-23,Accepted,Resident preference
A21112,L21112,2026-08-17,Modified,Recommendation fit
A21117,L21117,2026-08-24,Rejected,Resident preference
A21122,L21122,2026-08-16,Rejected,Commute
A21123,L21123,2026-07-31,Rejected,Other
A21124,L21124,2026-08-14,Modified,Sales judgment
A21126,L21126,2026-08-16,Accepted,Recommendation fit
A21127,L21127,2026-08-11,Rejected,Commute
A21129,L21129,2026-08-24,Modified,Sales judgment
A21133,L21133,2026-08-03,Rejected,Room type
A21135,L21135,2026-08-14,Rejected,Other
A21139,L21139,2026-08-18,Rejected,Other
A21141,L21141,2026-08-21,Rejected,Property preference
A21143,L21143,2026-08-14,Rejected,Commute
A21145,L21145,2026-08-17,Modified,Recommendation fit
A21146,L21146,2026-08-22,Rejected,Pricing
A21147,L21147,2026-08-14,Accepted,Inventory
A21154,L21154,2026-08-24,Modified,Pricing
A21157,L21157,2026-08-23,Accepted,Inventory
A21158,L21158,2026-08-16,Accepted,Other
A21159,L21159,2026-08-17,Rejected,Sales judgment
A21164,L21164,2026-08-17,Rejected,Changed plans
A21168,L21168,2026-08-04,Rejected,Changed plans
A21170,L21170,2026-08-20,Modified,Other
A21171,L21171,2026-08-05,Rejected,Commute
A21174,L21174,2026-08-14,Rejected,No availability
A21175,L21175,2026-08-22,Rejected,Price
A21178,L21178,2026-08-21,Accepted,Other
A21179,L21179,2026-08-08,Rejected,No availability
A21182,L21182,2026-08-25,Rejected,Other
A21185,L21185,2026-08-25,Rejected,No availability
A21186,L21186,2026-08-18,Modified,Inventory
A21189,L21189,2026-08-03,Rejected,Other
A21190,L21190,2026-08-20,Rejected,Property preference
A21192,L21192,2026-08-15,Rejected,Room type
A21193,L21193,2026-08-09,Rejected,Commute
A21198,L21198,2026-08-03,Rejected,Changed plans
A21199,L21199,2026-07-28,Rejected,No availability
A21200,L21200,2026-08-05,Rejected,Price
A21201,L21201,2026-08-10,Rejected,Delayed follow-up
A21202,L21202,2026-07-31,Rejected,Changed plans
A21207,L21207,2026-08-18,Rejected,Commute
A21210,L21210,2026-08-27,Rejected,Room type
A21211,L21211,2026-08-18,Rejected,Other
A21212,L21212,2026-08-22,Rejected,Recommendation fit
A21213,L21213,2026-08-21,Rejected,Changed plans
A21215,L21215,2026-08-25,Rejected,No availability
A21216,L21216,2026-08-23,Modified,Other
A21218,L21218,2026-08-19,Rejected,Resident preference
A21219,L21219,2026-08-23,Rejected,Room type
A21220,L21220,2026-08-19,Accepted,Pricing
A21225,L21225,2026-08-16,Rejected,Other
A21226,L21226,2026-08-15,Rejected,No availability
A21230,L21230,2026-08-16,Rejected,Resident preference
A21232,L21232,2026-08-09,Rejected,Price
A21236,L21236,2026-08-12,Rejected,Price
A21237,L21237,2026-08-15,Rejected,Other
A21238,L21238,2026-08-13,Rejected,Sales judgment
A21240,L21240,2026-08-17,Accepted,Recommendation fit
A21241,L21241,2026-08-04,Rejected,Commute
A21243,L21243,2026-08-15,Rejected,Recommendation fit
A21246,L21246,2026-08-16,Rejected,Price
A21247,L21247,2026-08-14,Rejected,Delayed follow-up
A21250,L21250,2026-08-06,Rejected,Price
A21253,L21253,2026-08-06,Rejected,Property preference
A21255,L21255,2026-08-17,Modified,Other
A21256,L21256,2026-08-07,Rejected,Delayed follow-up
A21258,L21258,2026-08-16,Rejected,Property preference
A21260,L21260,2026-08-01,Rejected,Price
A21261,L21261,2026-08-21,Rejected,Delayed follow-up
A21262,L21262,2026-08-14,Rejected,Delayed follow-up
A21263,L21263,2026-07-29,Rejected,Other
A21267,L21267,2026-08-11,Rejected,Changed plans
A21268,L21268,2026-08-04,Rejected,Changed plans
A21270,L21270,2026-08-23,Rejected,No availability
A21271,L21271,2026-08-24,Rejected,Sales judgment
A21273,L21273,2026-08-10,Rejected,Changed plans
A21276,L21276,2026-08-12,Rejected,Price
A21277,L21277,2026-08-07,Rejected,Commute
A21278,L21278,2026-08-26,Rejected,Price
A21279,L21279,2026-08-19,Rejected,Other
A21281,L21281,2026-08-20,Rejected,Price
A21282,L21282,2026-08-03,Rejected,No availability
A21285,L21285,2026-08-20,Modified,Pricing
A21287,L21287,2026-08-26,Accepted,Other
A21290,L21290,2026-08-14,Rejected,No availability
A21294,L21294,2026-08-07,Rejected,Property preference
A21295,L21295,2026-08-17,Accepted,Sales judgment
A21298,L21298,2026-08-23,Rejected,Commute
A21299,L21299,2026-08-10,Rejected,Price
A21300,L21300,2026-07-28,Rejected,Commute
A21302,L21302,2026-08-15,Rejected,Changed plans
A21303,L21303,2026-08-19,Modified,Pricing
A21304,L21304,2026-08-06,Rejected,Other
A21308,L21308,2026-07-28,Rejected,Changed plans
A21309,L21309,2026-08-27,Modified,Resident preference
A21310,L21310,2026-08-11,Rejected,Price
A21312,L21312,2026-08-02,Rejected,Other
A21313,L21313,2026-08-13,Rejected,Price
A21315,L21315,2026-08-21,Accepted,Other
A21316,L21316,2026-08-12,Modified,Sales judgment
A21318,L21318,2026-08-10,Rejected,Delayed follow-up
A21319,L21319,2026-08-22,Accepted,Inventory
A21320,L21320,2026-08-13,Modified,Sales judgment
A21321,L21321,2026-07-30,Rejected,Commute
A21326,L21326,2026-08-15,Rejected,Commute
A21336,L21336,2026-08-23,Modified,Resident preference
A21337,L21337,2026-08-13,Modified,Recommendation fit
A21341,L21341,2026-08-21,Rejected,Property preference
A21345,L21345,2026-08-13,Rejected,Sales judgment
A21348,L21348,2026-08-22,Rejected,Resident preference
A21349,L21349,2026-08-21,Rejected,Recommendation fit
A21350,L21350,2026-08-23,Accepted,Resident preference
A21352,L21352,2026-08-03,Rejected,Delayed follow-up
A21353,L21353,2026-08-04,Rejected,Delayed follow-up
A21358,L21358,2026-08-27,Rejected,Room type
A21362,L21362,2026-08-12,Rejected,Other
A21364,L21364,2026-08-11,Rejected,Delayed follow-up
A21365,L21365,2026-08-19,Rejected,Other
A21366,L21366,2026-08-21,Rejected,Changed plans
A21369,L21369,2026-08-23,Rejected,No availability
A21370,L21370,2026-08-18,Modified,Resident preference
A21371,L21371,2026-07-28,Rejected,No availability
A21372,L21372,2026-08-20,Rejected,Other
A21374,L21374,2026-08-12,Rejected,Other
A21379,L21379,2026-08-20,Rejected,Price
A21380,L21380,2026-08-18,Rejected,Property preference
A21382,L21382,2026-08-06,Rejected,No availability
A21385,L21385,2026-08-10,Rejected,No availability
A21388,L21388,2026-08-04,Rejected,Delayed follow-up
A21390,L21390,2026-08-15,Rejected,Room type
A21394,L21394,2026-08-18,Accepted,Pricing
A21395,L21395,2026-08-23,Rejected,Property preference
A21397,L21397,2026-08-03,Rejected,Room type
A21398,L21398,2026-08-06,Rejected,No availability
A21400,L21400,2026-08-13,Rejected,No availability
A21401,L21401,2026-08-16,Accepted,Recommendation fit
A21404,L21404,2026-08-26,Modified,Other
A21406,L21406,2026-08-10,Rejected,Delayed follow-up
A21413,L21413,2026-08-26,Rejected,Changed plans
A21417,L21417,2026-08-19,Rejected,Other
A21418,L21418,2026-08-23,Rejected,Pricing
A21419,L21419,2026-07-29,Rejected,Property preference
A21420,L21420,2026-08-06,Rejected,Price
A21421,L21421,2026-08-03,Rejected,Delayed follow-up
A21423,L21423,2026-08-23,Rejected,Changed plans
A21424,L21424,2026-08-15,Rejected,Sales judgment
A21425,L21425,2026-08-20,Accepted,Sales judgment
A21430,L21430,2026-08-16,Rejected,Room type
A21432,L21432,2026-08-18,Rejected,Other
A21433,L21433,2026-08-12,Accepted,Inventory
A21435,L21435,2026-08-24,Rejected,Price
A21437,L21437,2026-08-20,Rejected,Property preference
A21440,L21440,2026-08-19,Rejected,Resident preference
A21441,L21441,2026-08-20,Rejected,Sales judgment
A21451,L21451,2026-08-27,Accepted,Sales judgment
A21453,L21453,2026-08-22,Rejected,Resident preference
A21455,L21455,2026-08-01,Rejected,Property preference
A21456,L21456,2026-08-04,Rejected,Delayed follow-up
A21459,L21459,2026-08-03,Rejected,Price
A21462,L21462,2026-08-02,Rejected,Changed plans
A21463,L21463,2026-08-05,Rejected,Delayed follow-up
A21465,L21465,2026-08-24,Rejected,Commute
A21467,L21467,2026-08-13,Modified,Resident preference
A21469,L21469,2026-08-18,Accepted,Sales judgment
A21472,L21472,2026-08-09,Rejected,Commute
A21476,L21476,2026-08-16,Accepted,Inventory
A21477,L21477,2026-08-11,Rejected,Room type
A21478,L21478,2026-08-22,Accepted,Sales judgment
A21481,L21481,2026-08-04,Rejected,Delayed follow-up
A21484,L21484,2026-08-17,Rejected,Room type
A21487,L21487,2026-08-20,Accepted,Resident preference
A21489,L21489,2026-08-05,Rejected,No availability
A21491,L21491,2026-08-22,Rejected,Recommendation fit
A21492,L21492,2026-08-15,Modified,Inventory
A21493,L21493,2026-08-17,Accepted,Pricing
A21496,L21496,2026-08-03,Rejected,Delayed follow-up
A21497,L21497,2026-08-06,Rejected,Delayed follow-up
A21498,L21498,2026-08-11,Rejected,Changed plans
A21499,L21499,2026-08-16,Rejected,Price
A21500,L21500,2026-08-21,Rejected,No availability
A21501,L21501,2026-08-15,Rejected,Resident preference
A21502,L21502,2026-08-16,Rejected,Room type
A21504,L21504,2026-08-20,Rejected,Inventory
A21506,L21506,2026-08-26,Rejected,Commute
A21507,L21507,2026-08-18,Rejected,Pricing
A21510,L21510,2026-08-24,Rejected,Commute
A21512,L21512,2026-08-26,Rejected,Recommendation fit
A21518,L21518,2026-08-19,Accepted,Inventory
A21519,L21519,2026-08-11,Rejected,Delayed follow-up
A21520,L21520,2026-08-22,Rejected,Property preference
A21521,L21521,2026-08-25,Rejected,Other
A21524,L21524,2026-08-16,Rejected,Inventory
A21528,L21528,2026-08-06,Rejected,Room type
A21530,L21530,2026-08-24,Rejected,No availability
A21533,L21533,2026-08-12,Rejected,Commute
A21538,L21538,2026-08-27,Rejected,No availability
A21539,L21539,2026-08-13,Rejected,Resident preference
A21540,L21540,2026-08-10,Rejected,Commute
A21542,L21542,2026-08-05,Rejected,Property preference
A21543,L21543,2026-08-25,Rejected,Inventory
A21545,L21545,2026-08-04,Rejected,Commute
A21546,L21546,2026-08-25,Rejected,Commute
A21549,L21549,2026-08-23,Modified,Pricing
A21550,L21550,2026-07-31,Rejected,Delayed follow-up
A21555,L21555,2026-08-22,Rejected,Room type
A21556,L21556,2026-08-21,Rejected,Resident preference
A21557,L21557,2026-08-05,Rejected,Room type
A21559,L21559,2026-08-20,Modified,Inventory
A21561,L21561,2026-08-17,Modified,Inventory
A21564,L21564,2026-08-18,Modified,Other
A21571,L21571,2026-08-16,Rejected,No availability
A21573,L21573,2026-08-14,Rejected,Delayed follow-up
A21574,L21574,2026-08-16,Rejected,Inventory
A21577,L21577,2026-08-26,Rejected,Other
A21579,L21579,2026-08-17,Rejected,Pricing
A21580,L21580,2026-08-22,Modified,Sales judgment
A21582,L21582,2026-08-13,Rejected,Price
A21590,L21590,2026-08-18,Accepted,Pricing
A21592,L21592,2026-08-19,Rejected,Changed plans
A21593,L21593,2026-08-25,Accepted,Other
A21595,L21595,2026-08-01,Rejected,Commute
A21596,L21596,2026-08-18,Accepted,Sales judgment
A21597,L21597,2026-08-18,Rejected,Resident preference
A21599,L21599,2026-08-06,Rejected,Changed plans
A21600,L21600,2026-08-19,Rejected,Resident preference
A21601,L21601,2026-08-04,Rejected,Commute
A21605,L21605,2026-07-30,Rejected,Property preference
A21606,L21606,2026-08-17,Rejected,Sales judgment
A21607,L21607,2026-08-18,Modified,Recommendation fit
A21608,L21608,2026-08-09,Rejected,Commute
A21611,L21611,2026-08-04,Rejected,Commute
A21612,L21612,2026-08-13,Rejected,Sales judgment
A21617,L21617,2026-08-08,Rejected,Delayed follow-up
A21618,L21618,2026-08-25,Modified,Pricing
A21619,L21619,2026-08-15,Accepted,Resident preference
A21620,L21620,2026-08-24,Rejected,Commute
A21621,L21621,2026-08-06,Rejected,Room type
A21622,L21622,2026-08-19,Rejected,Property preference
A21623,L21623,2026-08-16,Rejected,Other
A21626,L21626,2026-08-12,Rejected,Other
A21629,L21629,2026-08-16,Accepted,Resident preference
A21630,L21630,2026-08-26,Accepted,Inventory
A21633,L21633,2026-07-28,Rejected,No availability
A21634,L21634,2026-07-30,Rejected,Price
A21638,L21638,2026-08-06,Rejected,Room type
A21641,L21641,2026-08-16,Modified,Other
A21643,L21643,2026-08-21,Rejected,Delayed follow-up
A21645,L21645,2026-08-02,Rejected,No availability
A21647,L21647,2026-08-18,Rejected,Recommendation fit
A21648,L21648,2026-08-13,Rejected,Inventory
A21650,L21650,2026-08-25,Rejected,Delayed follow-up
A21651,L21651,2026-08-14,Modified,Inventory
A21654,L21654,2026-08-12,Modified,Recommendation fit
A21657,L21657,2026-07-30,Rejected,Other
A21659,L21659,2026-08-21,Rejected,Room type
A21660,L21660,2026-08-13,Accepted,Other
A21662,L21662,2026-08-12,Rejected,Inventory
A21665,L21665,2026-08-01,Rejected,Changed plans
A21672,L21672,2026-08-23,Rejected,Room type
A21674,L21674,2026-08-21,Rejected,Other
A21675,L21675,2026-08-11,Rejected,Commute
A21676,L21676,2026-08-09,Rejected,No availability
A21678,L21678,2026-08-22,Accepted,Other
A21681,L21681,2026-08-12,Rejected,Pricing
A21682,L21682,2026-08-03,Rejected,No availability
A21683,L21683,2026-08-22,Accepted,Other
A21685,L21685,2026-08-07,Rejected,Other
A21686,L21686,2026-08-27,Accepted,Resident preference
A21687,L21687,2026-08-01,Rejected,Commute
A21688,L21688,2026-08-10,Rejected,Price
A21691,L21691,2026-08-10,Rejected,Property preference
A21692,L21692,2026-08-08,Rejected,Room type
A21695,L21695,2026-08-13,Rejected,Room type
A21702,L21702,2026-08-12,Rejected,Price
A21703,L21703,2026-08-18,Rejected,Changed plans
A21705,L21705,2026-08-14,Rejected,Changed plans
A21708,L21708,2026-08-19,Modified,Recommendation fit
A21710,L21710,2026-08-20,Rejected,Resident preference
A21711,L21711,2026-08-08,Rejected,Price
A21712,L21712,2026-08-18,Accepted,Pricing
A21713,L21713,2026-08-20,Rejected,Pricing
A21714,L21714,2026-07-29,Rejected,Other
A21719,L21719,2026-08-17,Rejected,Changed plans
A21720,L21720,2026-08-02,Rejected,Other
A21725,L21725,2026-07-30,Rejected,Room type
A21726,L21726,2026-07-28,Rejected,Other
A21727,L21727,2026-08-16,Rejected,Changed plans
A21728,L21728,2026-08-15,Rejected,Price
A21730,L21730,2026-08-11,Rejected,Price
A21732,L21732,2026-08-15,Rejected,Inventory
A21734,L21734,2026-08-19,Rejected,No availability
A21738,L21738,2026-08-23,Rejected,Delayed follow-up
A21739,L21739,2026-08-26,Rejected,Delayed follow-up
A21740,L21740,2026-08-20,Modified,Pricing
A21741,L21741,2026-08-13,Modified,Other
A21743,L21743,2026-08-16,Rejected,Price
A21744,L21744,2026-08-06,Rejected,Changed plans
A21748,L21748,2026-08-15,Rejected,No availability
A21750,L21750,2026-08-13,Rejected,Price
A21752,L21752,2026-08-11,Rejected,Commute
A21753,L21753,2026-07-28,Rejected,Price
A21762,L21762,2026-08-18,Rejected,No availability
A21763,L21763,2026-08-25,Accepted,Sales judgment
A21773,L21773,2026-08-23,Rejected,Other
A21774,L21774,2026-08-06,Rejected,Property preference
A21776,L21776,2026-07-29,Rejected,Room type
A21779,L21779,2026-08-10,Rejected,Price
A21780,L21780,2026-07-29,Rejected,Room type
A21781,L21781,2026-07-29,Rejected,Property preference
A21782,L21782,2026-08-25,Rejected,Recommendation fit
A21792,L21792,2026-08-23,Rejected,Delayed follow-up
A21795,L21795,2026-08-26,Accepted,Resident preference
A21802,L21802,2026-08-20,Rejected,Changed plans
A21804,L21804,2026-08-09,Rejected,Commute
A21805,L21805,2026-08-20,Rejected,Changed plans
A21808,L21808,2026-07-30,Rejected,Price
A21810,L21810,2026-08-08,Rejected,Changed plans
A21813,L21813,2026-08-10,Rejected,Price
A21814,L21814,2026-08-05,Rejected,Delayed follow-up
A21815,L21815,2026-08-11,Rejected,Price
A21819,L21819,2026-08-27,Rejected,Pricing
A21820,L21820,2026-08-24,Rejected,Inventory
A21823,L21823,2026-08-14,Modified,Pricing
A21824,L21824,2026-08-10,Rejected,Delayed follow-up
A21825,L21825,2026-08-11,Rejected,Other
A21830,L21830,2026-08-09,Rejected,Price
A21831,L21831,2026-08-18,Rejected,Delayed follow-up
A21833,L21833,2026-08-15,Modified,Other
A21838,L21838,2026-08-23,Rejected,Price
A21841,L21841,2026-08-10,Rejected,Commute
A21845,L21845,2026-08-19,Modified,Recommendation fit
A21846,L21846,2026-08-16,Rejected,Other
A21847,L21847,2026-08-22,Rejected,Changed plans
A21849,L21849,2026-08-19,Rejected,Other
A21850,L21850,2026-08-02,Rejected,Property preference
A21852,L21852,2026-08-21,Accepted,Pricing
A21853,L21853,2026-08-26,Rejected,Property preference
A21854,L21854,2026-08-12,Accepted,Pricing
A21856,L21856,2026-08-16,Rejected,Price
A21857,L21857,2026-08-24,Accepted,Pricing
A21861,L21861,2026-08-06,Rejected,Other
A21864,L21864,2026-08-14,Rejected,Recommendation fit
A21869,L21869,2026-08-19,Modified,Other
A21870,L21870,2026-08-25,Rejected,Commute
A21871,L21871,2026-08-21,Rejected,Delayed follow-up
A21872,L21872,2026-08-14,Rejected,Room type
A21879,L21879,2026-08-12,Modified,Sales judgment
A21883,L21883,2026-08-16,Rejected,Other
A21884,L21884,2026-07-30,Rejected,Commute
A21885,L21885,2026-08-27,Rejected,Inventory
A21886,L21886,2026-08-18,Rejected,No availability
A21887,L21887,2026-08-19,Accepted,Resident preference
A21888,L21888,2026-08-20,Rejected,Sales judgment
A21889,L21889,2026-08-25,Accepted,Pricing
A21891,L21891,2026-07-29,Rejected,Delayed follow-up
A21893,L21893,2026-08-16,Accepted,Other
A21894,L21894,2026-08-03,Rejected,Changed plans
A21897,L21897,2026-08-12,Modified,Resident preference
A21899,L21899,2026-08-13,Modified,Resident preference
A21900,L21900,2026-08-02,Rejected,Delayed follow-up
A21901,L21901,2026-07-31,Rejected,Room type
A21903,L21903,2026-08-13,Accepted,Other
A21905,L21905,2026-08-10,Rejected,No availability
A21906,L21906,2026-07-30,Rejected,No availability
A21907,L21907,2026-08-24,Accepted,Inventory
A21908,L21908,2026-08-16,Rejected,No availability
A21909,L21909,2026-08-14,Accepted,Inventory
A21910,L21910,2026-08-23,Rejected,Pricing
A21915,L21915,2026-08-20,Rejected,Delayed follow-up
A21916,L21916,2026-08-25,Rejected,Delayed follow-up
A21918,L21918,2026-08-25,Rejected,Property preference
A21919,L21919,2026-08-26,Modified,Recommendation fit
A21920,L21920,2026-08-05,Rejected,Other
A21923,L21923,2026-08-23,Accepted,Inventory
A21924,L21924,2026-08-02,Rejected,Delayed follow-up
A21928,L21928,2026-08-03,Rejected,Other
A21933,L21933,2026-08-17,Accepted,Other
A21937,L21937,2026-08-02,Rejected,Changed plans
A21939,L21939,2026-08-24,Rejected,Recommendation fit
A21940,L21940,2026-08-13,Accepted,Resident preference
A21942,L21942,2026-08-05,Rejected,Property preference
A21949,L21949,2026-07-28,Rejected,Other
A21953,L21953,2026-08-21,Rejected,Delayed follow-up
A21954,L21954,2026-08-17,Rejected,Other
A21955,L21955,2026-08-26,Rejected,Recommendation fit
A21958,L21958,2026-08-26,Rejected,Price
A21962,L21962,2026-08-17,Rejected,No availability
A21965,L21965,2026-08-11,Rejected,Commute
A21966,L21966,2026-08-13,Rejected,Room type
A21969,L21969,2026-08-07,Rejected,Other
A21974,L21974,2026-08-03,Rejected,Price
A21975,L21975,2026-08-01,Rejected,Room type
A21977,L21977,2026-08-25,Rejected,Commute
A21978,L21978,2026-08-21,Rejected,Changed plans
A21980,L21980,2026-08-16,Accepted,Resident preference
A21984,L21984,2026-08-17,Rejected,Property preference
A21985,L21985,2026-08-22,Rejected,Other
A21987,L21987,2026-08-16,Rejected,Inventory
A21992,L21992,2026-08-19,Rejected,No availability
A21993,L21993,2026-08-22,Rejected,Price
A21994,L21994,2026-08-15,Accepted,Sales judgment
A21997,L21997,2026-08-01,Rejected,Delayed follow-up
A22001,L22001,2026-08-18,Modified,Other
A22004,L22004,2026-08-23,Accepted,Inventory
A22006,L22006,2026-08-16,Rejected,Delayed follow-up
A22008,L22008,2026-08-18,Rejected,Property preference
A22009,L22009,2026-08-13,Rejected,Price
A22011,L22011,2026-08-18,Accepted,Pricing
A22012,L22012,2026-08-15,Rejected,Pricing
A22014,L22014,2026-08-17,Modified,Sales judgment
A22018,L22018,2026-07-30,Rejected,Commute
A22019,L22019,2026-08-07,Rejected,Commute
A22020,L22020,2026-08-17,Modified,Pricing
A22023,L22023,2026-08-21,Modified,Resident preference
A22031,L22031,2026-08-27,Rejected,Commute
A22032,L22032,2026-08-16,Rejected,Commute
A22039,L22039,2026-08-02,Rejected,No availability
A22043,L22043,2026-07-31,Rejected,Other
A22044,L22044,2026-08-15,Accepted,Other
A22046,L22046,2026-08-25,Accepted,Sales judgment
A22050,L22050,2026-07-30,Rejected,Room type
A22051,L22051,2026-08-02,Rejected,Property preference
A22057,L22057,2026-08-14,Rejected,Commute
A22060,L22060,2026-08-09,Rejected,Room type
A22062,L22062,2026-08-23,Rejected,Changed plans
A22063,L22063,2026-07-29,Rejected,Commute
A22064,L22064,2026-08-04,Rejected,Other
A22065,L22065,2026-08-21,Rejected,Other
A22066,L22066,2026-08-05,Rejected,Room type
A22071,L22071,2026-08-17,Accepted,Other
A22072,L22072,2026-08-19,Rejected,Other
A22074,L22074,2026-08-24,Accepted,Recommendation fit
A22077,L22077,2026-08-15,Accepted,Other
A22080,L22080,2026-08-11,Rejected,Delayed follow-up
A22081,L22081,2026-08-27,Modified,Other
A22082,L22082,2026-08-21,Modified,Sales judgment
A22084,L22084,2026-08-12,Modified,Recommendation fit
A22095,L22095,2026-08-27,Rejected,Resident preference
A22100,L22100,2026-08-23,Accepted,Pricing
A22102,L22102,2026-08-17,Rejected,No availability
A22104,L22104,2026-08-16,Modified,Inventory
A22105,L22105,2026-08-18,Rejected,Other
A22107,L22107,2026-08-15,Rejected,Other
A22108,L22108,2026-08-15,Rejected,No availability
A22110,L22110,2026-08-27,Accepted,Resident preference
A22112,L22112,2026-08-03,Rejected,Price
A22114,L22114,2026-08-16,Rejected,Changed plans
A22115,L22115,2026-08-19,Rejected,Room type
A22116,L22116,2026-08-05,Rejected,Room type
A22117,L22117,2026-08-13,Rejected,Price
A22118,L22118,2026-08-15,Modified,Resident preference
A22121,L22121,2026-07-31,Rejected,Changed plans
A22128,L22128,2026-08-14,Rejected,Commute
A22135,L22135,2026-07-31,Rejected,Property preference
A22139,L22139,2026-08-26,Rejected,Sales judgment
A22148,L22148,2026-08-25,Accepted,Resident preference
A22152,L22152,2026-08-25,Modified,Pricing
A22153,L22153,2026-08-22,Modified,Inventory
A22154,L22154,2026-08-15,Rejected,Room type
A22155,L22155,2026-08-26,Rejected,Inventory
A22158,L22158,2026-08-17,Rejected,Inventory
A22163,L22163,2026-08-18,Modified,Pricing
A22166,L22166,2026-08-13,Modified,Recommendation fit
A22169,L22169,2026-07-31,Rejected,Delayed follow-up
A22180,L22180,2026-08-26,Rejected,Commute
A22184,L22184,2026-07-30,Rejected,Other
A22185,L22185,2026-08-22,Rejected,Other
A22186,L22186,2026-08-19,Rejected,Inventory
A22187,L22187,2026-08-27,Modified,Pricing
A22190,L22190,2026-08-15,Rejected,Delayed follow-up
A22191,L22191,2026-08-24,Modified,Resident preference
A22192,L22192,2026-08-12,Rejected,Property preference
A22194,L22194,2026-08-19,Rejected,Commute
A22199,L22199,2026-08-22,Rejected,Sales judgment
A22200,L22200,2026-08-17,Accepted,Other
A22201,L22201,2026-08-19,Modified,Sales judgment
A22206,L22206,2026-08-01,Rejected,No availability
A22207,L22207,2026-08-03,Rejected,Commute
A22209,L22209,2026-08-15,Accepted,Inventory
A22210,L22210,2026-08-21,Rejected,Other
A22214,L22214,2026-08-24,Accepted,Resident preference
A22222,L22222,2026-08-17,Modified,Other
A22229,L22229,2026-08-27,Modified,Inventory
A22230,L22230,2026-08-27,Rejected,No availability
A22232,L22232,2026-07-29,Rejected,Room type
A22233,L22233,2026-08-11,Rejected,No availability
A22234,L22234,2026-08-07,Rejected,Room type
A22239,L22239,2026-07-29,Rejected,Other
A22240,L22240,2026-07-28,Rejected,Changed plans
A22246,L22246,2026-08-17,Modified,Recommendation fit
A22249,L22249,2026-08-27,Modified,Other
A22250,L22250,2026-08-27,Accepted,Pricing
A22252,L22252,2026-08-12,Rejected,No availability
A22254,L22254,2026-08-18,Rejected,Property preference
A22255,L22255,2026-08-24,Rejected,Delayed follow-up
A22259,L22259,2026-08-22,Rejected,Changed plans
A22261,L22261,2026-08-15,Accepted,Sales judgment
A22262,L22262,2026-08-10,Rejected,Property preference
A22264,L22264,2026-08-13,Rejected,Changed plans
A22267,L22267,2026-08-14,Accepted,Recommendation fit
A22268,L22268,2026-08-01,Rejected,Commute
A22270,L22270,2026-08-16,Accepted,Pricing
A22273,L22273,2026-08-13,Rejected,Sales judgment
A22274,L22274,2026-08-24,Rejected,Resident preference
A22276,L22276,2026-07-30,Rejected,Room type
A22277,L22277,2026-08-02,Rejected,Delayed follow-up
A22280,L22280,2026-08-07,Rejected,Delayed follow-up
A22283,L22283,2026-08-26,Modified,Other
A22284,L22284,2026-08-26,Rejected,Inventory
A22289,L22289,2026-08-25,Rejected,Changed plans
A22290,L22290,2026-08-25,Rejected,Commute
A22292,L22292,2026-07-31,Rejected,Changed plans
A22295,L22295,2026-08-15,Rejected,Other
A22296,L22296,2026-08-05,Rejected,Commute
A22298,L22298,2026-07-30,Rejected,Commute
A22301,L22301,2026-08-14,Modified,Recommendation fit
A22304,L22304,2026-08-23,Rejected,Other
A22305,L22305,2026-08-23,Rejected,Room type
A22308,L22308,2026-08-13,Accepted,Other
A22315,L22315,2026-07-28,Rejected,Other
A22316,L22316,2026-08-12,Rejected,Room type
A22317,L22317,2026-07-29,Rejected,Changed plans
A22320,L22320,2026-08-15,Rejected,Property preference
A22324,L22324,2026-08-26,Rejected,Price
A22325,L22325,2026-08-05,Rejected,Changed plans
A22326,L22326,2026-08-19,Modified,Inventory
A22327,L22327,2026-07-30,Rejected,Commute
A22332,L22332,2026-08-27,Rejected,Room type
A22334,L22334,2026-08-17,Modified,Other
A22336,L22336,2026-08-23,Rejected,No availability
A22338,L22338,2026-08-16,Rejected,Commute
A22339,L22339,2026-08-11,Rejected,Property preference
A22342,L22342,2026-07-29,Rejected,Price
A22343,L22343,2026-08-23,Accepted,Other
A22344,L22344,2026-08-14,Rejected,Delayed follow-up
A22346,L22346,2026-08-13,Modified,Pricing
A22349,L22349,2026-08-20,Accepted,Other
A22350,L22350,2026-08-01,Rejected,No availability
A22352,L22352,2026-08-24,Modified,Recommendation fit
A22353,L22353,2026-08-16,Rejected,Recommendation fit
A22354,L22354,2026-08-18,Rejected,Other
A22359,L22359,2026-08-25,Modified,Inventory
A22362,L22362,2026-08-20,Accepted,Sales judgment
A22363,L22363,2026-08-06,Rejected,Changed plans
A22365,L22365,2026-08-25,Rejected,Price
A22366,L22366,2026-08-24,Rejected,No availability
A22369,L22369,2026-08-26,Rejected,Changed plans
A22376,L22376,2026-08-11,Rejected,Other
A22379,L22379,2026-08-22,Rejected,No availability
A22380,L22380,2026-08-27,Modified,Recommendation fit
A22381,L22381,2026-08-24,Rejected,Commute
A22383,L22383,2026-08-20,Rejected,Price
A22386,L22386,2026-07-28,Rejected,Price
A22388,L22388,2026-08-07,Rejected,Commute
A22389,L22389,2026-08-19,Accepted,Other
A22394,L22394,2026-08-17,Rejected,Delayed follow-up
A22399,L22399,2026-08-04,Rejected,Property preference
A22401,L22401,2026-08-22,Rejected,Room type
A22402,L22402,2026-08-08,Rejected,Changed plans
A22403,L22403,2026-08-17,Accepted,Recommendation fit
A22406,L22406,2026-08-11,Rejected,Other
A22414,L22414,2026-08-18,Rejected,Price
A22415,L22415,2026-08-23,Rejected,Price
A22424,L22424,2026-08-13,Rejected,Other
A22425,L22425,2026-08-14,Rejected,No availability
A22427,L22427,2026-08-20,Accepted,Pricing
A22428,L22428,2026-07-29,Rejected,Room type
A22430,L22430,2026-08-24,Accepted,Inventory
A22432,L22432,2026-08-12,Accepted,Resident preference
A22435,L22435,2026-08-20,Accepted,Other
A22436,L22436,2026-08-22,Modified,Other
A22438,L22438,2026-08-20,Modified,Other
A22440,L22440,2026-08-17,Modified,Inventory
A22441,L22441,2026-08-18,Rejected,Commute
A22448,L22448,2026-08-15,Modified,Inventory
A22451,L22451,2026-08-14,Rejected,Recommendation fit
A22452,L22452,2026-08-02,Rejected,Price
A22455,L22455,2026-08-18,Rejected,Inventory
A22457,L22457,2026-08-20,Rejected,Changed plans
A22458,L22458,2026-08-04,Rejected,Other
A22461,L22461,2026-08-18,Modified,Inventory
A22462,L22462,2026-08-12,Rejected,Property preference
A22463,L22463,2026-08-17,Rejected,Price
A22465,L22465,2026-08-15,Accepted,Recommendation fit
A22466,L22466,2026-08-19,Rejected,Price
A22473,L22473,2026-08-12,Rejected,Room type
A22479,L22479,2026-08-22,Modified,Resident preference
A22482,L22482,2026-08-10,Rejected,Delayed follow-up
A22487,L22487,2026-08-19,Modified,Sales judgment
A22488,L22488,2026-07-30,Rejected,Delayed follow-up
A22494,L22494,2026-08-18,Rejected,Resident preference
A22495,L22495,2026-08-15,Rejected,Room type
A22496,L22496,2026-08-24,Rejected,Inventory
A22500,L22500,2026-08-04,Rejected,Room type
A22501,L22501,2026-08-18,Rejected,Commute
A22504,L22504,2026-08-08,Rejected,Property preference
A22505,L22505,2026-08-18,Rejected,Other
A22506,L22506,2026-08-12,Rejected,Changed plans
A22507,L22507,2026-08-18,Accepted,Other
A22510,L22510,2026-08-15,Rejected,Delayed follow-up
A22511,L22511,2026-08-22,Rejected,Commute
A22512,L22512,2026-08-23,Accepted,Pricing
A22513,L22513,2026-07-29,Rejected,Changed plans
A22514,L22514,2026-08-13,Modified,Resident preference
A22518,L22518,2026-08-22,Modified,Sales judgment
A22520,L22520,2026-08-27,Rejected,Inventory
A22523,L22523,2026-08-22,Modified,Sales judgment
A22524,L22524,2026-08-11,Rejected,Delayed follow-up
A22527,L22527,2026-08-13,Rejected,Sales judgment
A22529,L22529,2026-08-27,Rejected,Recommendation fit
A22532,L22532,2026-08-02,Rejected,No availability
A22533,L22533,2026-08-21,Modified,Sales judgment
A22535,L22535,2026-08-19,Rejected,No availability
A22538,L22538,2026-08-17,Rejected,Property preference
A22541,L22541,2026-08-19,Rejected,Room type
A22544,L22544,2026-08-14,Modified,Sales judgment
A22545,L22545,2026-08-16,Rejected,Room type
A22546,L22546,2026-08-13,Modified,Sales judgment
A22547,L22547,2026-08-13,Accepted,Sales judgment
A22548,L22548,2026-08-25,Rejected,Delayed follow-up
A22550,L22550,2026-08-26,Modified,Sales judgment
A22551,L22551,2026-08-07,Rejected,Commute
A22561,L22561,2026-08-26,Rejected,No availability
A22563,L22563,2026-08-08,Rejected,No availability
A22567,L22567,2026-08-15,Rejected,Other
A22568,L22568,2026-08-24,Modified,Sales judgment
A22569,L22569,2026-08-04,Rejected,Changed plans
A22571,L22571,2026-08-25,Rejected,Property preference
A22573,L22573,2026-07-30,Rejected,Other
A22578,L22578,2026-08-12,Accepted,Inventory
A22580,L22580,2026-08-13,Accepted,Pricing
A22582,L22582,2026-08-01,Rejected,Changed plans
A22585,L22585,2026-08-18,Accepted,Sales judgment
A22588,L22588,2026-08-23,Rejected,Commute
A22591,L22591,2026-08-17,Modified,Other
A22593,L22593,2026-08-25,Rejected,Property preference
A22594,L22594,2026-08-24,Rejected,Price
A22595,L22595,2026-08-12,Accepted,Recommendation fit
A22601,L22601,2026-08-16,Accepted,Sales judgment
A22602,L22602,2026-08-18,Modified,Sales judgment
A22605,L22605,2026-08-16,Modified,Other
A22606,L22606,2026-08-06,Rejected,Commute
A22608,L22608,2026-07-29,Rejected,Changed plans
A22612,L22612,2026-08-02,Rejected,No availability
A22613,L22613,2026-08-23,Rejected,Other
A22615,L22615,2026-08-20,Rejected,Pricing
A22620,L22620,2026-08-17,Rejected,Price
A22621,L22621,2026-08-19,Rejected,Pricing
A22622,L22622,2026-08-12,Modified,Sales judgment
A22623,L22623,2026-07-31,Rejected,Other
A22624,L22624,2026-07-30,Rejected,Other
A22625,L22625,2026-08-22,Rejected,No availability
A22628,L22628,2026-07-30,Rejected,Delayed follow-up
A22634,L22634,2026-08-18,Rejected,Other
A22635,L22635,2026-08-09,Rejected,Price
A22636,L22636,2026-08-25,Rejected,Room type
A22639,L22639,2026-08-18,Rejected,Inventory
A22642,L22642,2026-08-12,Rejected,Sales judgment
A22646,L22646,2026-08-12,Modified,Resident preference
A22647,L22647,2026-08-19,Rejected,Commute
A22654,L22654,2026-08-23,Rejected,Changed plans
A22657,L22657,2026-08-25,Rejected,Changed plans
A22659,L22659,2026-08-03,Rejected,Delayed follow-up
A22660,L22660,2026-08-01,Rejected,No availability
A22661,L22661,2026-08-14,Rejected,Commute
A22665,L22665,2026-08-20,Modified,Recommendation fit
A22666,L22666,2026-08-11,Rejected,Other
A22667,L22667,2026-08-18,Rejected,Property preference
A22668,L22668,2026-07-29,Rejected,Other
A22671,L22671,2026-08-17,Modified,Pricing
A22674,L22674,2026-08-27,Rejected,Recommendation fit
A22675,L22675,2026-08-20,Rejected,Sales judgment
A22676,L22676,2026-08-06,Rejected,Other
A22677,L22677,2026-08-10,Rejected,Changed plans
A22682,L22682,2026-08-15,Rejected,Commute
A22686,L22686,2026-07-28,Rejected,Room type
A22688,L22688,2026-08-09,Rejected,Changed plans
A22689,L22689,2026-08-14,Modified,Pricing
A22691,L22691,2026-08-19,Rejected,Other
A22692,L22692,2026-08-11,Rejected,Delayed follow-up
A22693,L22693,2026-08-26,Accepted,Sales judgment
A22697,L22697,2026-08-12,Modified,Pricing
A22698,L22698,2026-08-12,Rejected,Property preference
A22701,L22701,2026-08-25,Modified,Inventory
A22703,L22703,2026-08-23,Rejected,Recommendation fit
A22705,L22705,2026-08-26,Rejected,Other
A22708,L22708,2026-08-03,Rejected,Property preference
A22710,L22710,2026-07-29,Rejected,No availability
A22712,L22712,2026-08-16,Rejected,Sales judgment
A22717,L22717,2026-08-26,Rejected,Resident preference
A22723,L22723,2026-08-15,Modified,Sales judgment
A22724,L22724,2026-08-22,Modified,Recommendation fit
A22725,L22725,2026-08-27,Rejected,Recommendation fit
A22726,L22726,2026-08-26,Rejected,Delayed follow-up
A22727,L22727,2026-08-13,Rejected,Commute
A22729,L22729,2026-08-26,Rejected,Changed plans
A22731,L22731,2026-08-06,Rejected,No availability
A22732,L22732,2026-08-24,Rejected,Inventory
A22736,L22736,2026-08-17,Rejected,Price
A22737,L22737,2026-07-28,Rejected,No availability
A22742,L22742,2026-08-16,Rejected,Price
A22744,L22744,2026-08-20,Rejected,No availability
A22748,L22748,2026-08-27,Rejected,Changed plans
A22749,L22749,2026-07-31,Rejected,No availability
A22752,L22752,2026-08-16,Accepted,Recommendation fit
A22761,L22761,2026-07-30,Rejected,Other
A22766,L22766,2026-08-06,Rejected,Delayed follow-up
A22770,L22770,2026-08-09,Rejected,Other
A22771,L22771,2026-08-06,Rejected,Commute
A22773,L22773,2026-08-22,Rejected,Price
A22775,L22775,2026-08-18,Modified,Pricing
A22776,L22776,2026-08-01,Rejected,Other
A22777,L22777,2026-08-01,Rejected,Room type
A22779,L22779,2026-08-26,Rejected,Commute
A22780,L22780,2026-08-02,Rejected,Price
A22783,L22783,2026-08-12,Rejected,Other
A22784,L22784,2026-08-20,Modified,Pricing
A22785,L22785,2026-08-27,Rejected,Commute
A22787,L22787,2026-08-15,Rejected,Price
A22791,L22791,2026-08-12,Rejected,Changed plans
A22793,L22793,2026-08-27,Accepted,Other
A22796,L22796,2026-08-06,Rejected,Changed plans
A22798,L22798,2026-08-20,Accepted,Resident preference
A22805,L22805,2026-08-09,Rejected,Delayed follow-up
A22806,L22806,2026-08-20,Modified,Other
A22808,L22808,2026-08-12,Rejected,Room type
A22809,L22809,2026-08-26,Accepted,Recommendation fit
A22810,L22810,2026-08-19,Rejected,Delayed follow-up
A22812,L22812,2026-08-09,Rejected,Price
A22813,L22813,2026-08-14,Rejected,Price
A22814,L22814,2026-08-19,Rejected,Sales judgment
A22815,L22815,2026-08-21,Modified,Recommendation fit
A22816,L22816,2026-08-18,Rejected,Delayed follow-up
A22819,L22819,2026-08-21,Rejected,Pricing
A22820,L22820,2026-08-18,Rejected,Property preference
A22821,L22821,2026-08-22,Accepted,Recommendation fit
A22822,L22822,2026-08-18,Rejected,Delayed follow-up
A22828,L22828,2026-08-24,Rejected,Property preference
A22829,L22829,2026-08-03,Rejected,Commute
A22830,L22830,2026-08-11,Rejected,Property preference
A22832,L22832,2026-08-18,Accepted,Pricing
A22834,L22834,2026-08-21,Rejected,Other
A22837,L22837,2026-08-20,Modified,Sales judgment
A22839,L22839,2026-08-02,Rejected,Commute
A22840,L22840,2026-07-30,Rejected,Commute
A22843,L22843,2026-08-27,Rejected,Other
A22844,L22844,2026-07-30,Rejected,Price
A22846,L22846,2026-08-26,Rejected,Changed plans
A22847,L22847,2026-08-22,Rejected,Changed plans
A22849,L22849,2026-08-08,Rejected,Price
A22858,L22858,2026-08-17,Rejected,Inventory
A22859,L22859,2026-08-12,Accepted,Recommendation fit
A22861,L22861,2026-08-20,Rejected,No availability
A22865,L22865,2026-08-14,Rejected,Inventory
A22867,L22867,2026-08-25,Rejected,No availability
A22868,L22868,2026-08-19,Rejected,Price
A22869,L22869,2026-08-10,Rejected,Commute
A22874,L22874,2026-08-23,Accepted,Pricing
A22875,L22875,2026-08-09,Rejected,Commute
A22877,L22877,2026-08-23,Rejected,Delayed follow-up
A22878,L22878,2026-08-19,Rejected,Room type
A22880,L22880,2026-08-12,Rejected,Price
A22881,L22881,2026-08-17,Modified,Inventory
A22882,L22882,2026-08-26,Modified,Sales judgment
A22885,L22885,2026-08-26,Rejected,Property preference
A22889,L22889,2026-08-24,Modified,Resident preference
A22890,L22890,2026-08-16,Accepted,Resident preference
A22891,L22891,2026-08-14,Rejected,Commute
A22893,L22893,2026-08-17,Rejected,Delayed follow-up
A22897,L22897,2026-08-21,Accepted,Pricing
A22899,L22899,2026-08-14,Rejected,Pricing
A22901,L22901,2026-08-23,Rejected,Price
A22902,L22902,2026-07-28,Rejected,Delayed follow-up
A22905,L22905,2026-08-01,Rejected,Commute
A22907,L22907,2026-07-30,Rejected,Delayed follow-up
A22913,L22913,2026-08-24,Modified,Pricing
A22914,L22914,2026-08-17,Rejected,Room type
A22916,L22916,2026-08-07,Rejected,Property preference
A22919,L22919,2026-08-26,Rejected,Other
A22921,L22921,2026-08-27,Rejected,Changed plans
A22922,L22922,2026-08-22,Rejected,Changed plans
A22925,L22925,2026-08-22,Accepted,Inventory
A22927,L22927,2026-07-30,Rejected,Price
A22933,L22933,2026-08-21,Rejected,Delayed follow-up
A22934,L22934,2026-08-10,Rejected,Other
A22936,L22936,2026-07-30,Rejected,Room type
A22938,L22938,2026-07-31,Rejected,No availability
A22940,L22940,2026-08-19,Rejected,No availability
A22943,L22943,2026-08-20,Accepted,Resident preference
A22944,L22944,2026-07-29,Rejected,Other
A22947,L22947,2026-08-24,Rejected,No availability
A22950,L22950,2026-08-06,Rejected,Room type
A22951,L22951,2026-08-02,Rejected,Delayed follow-up
A22956,L22956,2026-08-15,Modified,Other
A22959,L22959,2026-08-14,Accepted,Other
A22960,L22960,2026-08-19,Modified,Resident preference
A22964,L22964,2026-07-29,Rejected,Other
A22971,L22971,2026-08-10,Rejected,No availability
A22973,L22973,2026-08-16,Rejected,Other
A22976,L22976,2026-08-27,Rejected,Delayed follow-up
A22979,L22979,2026-08-18,Rejected,Other
A22984,L22984,2026-08-23,Rejected,Delayed follow-up
A22985,L22985,2026-08-20,Accepted,Inventory
A22986,L22986,2026-08-13,Modified,Inventory
A22987,L22987,2026-07-29,Rejected,Delayed follow-up
A22992,L22992,2026-08-27,Modified,Other
A22996,L22996,2026-08-14,Accepted,Pricing
A22998,L22998,2026-08-23,Rejected,Recommendation fit
A22999,L22999,2026-07-28,Rejected,Property preference
A23000,L23000,2026-08-22,Rejected,Resident preference
A23001,L23001,2026-08-14,Rejected,Delayed follow-up
A23002,L23002,2026-08-16,Accepted,Pricing
A23004,L23004,2026-08-27,Rejected,Inventory
A23006,L23006,2026-08-10,Rejected,No availability
A23007,L23007,2026-08-05,Rejected,Other
A23013,L23013,2026-08-24,Rejected,Room type
A23014,L23014,2026-08-25,Rejected,Resident preference
A23016,L23016,2026-08-17,Rejected,Price
A23017,L23017,2026-08-11,Rejected,Commute
A23020,L23020,2026-08-26,Rejected,Price
A23024,L23024,2026-08-04,Rejected,Price
A23026,L23026,2026-08-17,Rejected,Pricing
A23027,L23027,2026-08-16,Rejected,Other
A23030,L23030,2026-08-17,Modified,Inventory
A23032,L23032,2026-08-18,Rejected,Changed plans
A23035,L23035,2026-08-16,Rejected,Sales judgment
A23039,L23039,2026-08-16,Rejected,Resident preference
A23040,L23040,2026-08-26,Rejected,Recommendation fit
A23048,L23048,2026-08-21,Accepted,Inventory
A23051,L23051,2026-08-06,Rejected,Other
A23053,L23053,2026-08-17,Rejected,Recommendation fit
A23055,L23055,2026-08-17,Rejected,Inventory
A23061,L23061,2026-08-21,Modified,Other
A23062,L23062,2026-08-27,Accepted,Pricing
A23063,L23063,2026-08-23,Rejected,Changed plans
A23066,L23066,2026-08-18,Rejected,Sales judgment
A23074,L23074,2026-08-18,Accepted,Recommendation fit
A23076,L23076,2026-08-19,Rejected,No availability
A23077,L23077,2026-08-21,Accepted,Sales judgment
A23078,L23078,2026-08-12,Accepted,Resident preference
A23080,L23080,2026-08-11,Rejected,Room type
A23082,L23082,2026-08-07,Rejected,No availability
A23083,L23083,2026-07-28,Rejected,Property preference
A23086,L23086,2026-08-11,Rejected,Delayed follow-up
A23090,L23090,2026-08-04,Rejected,Changed plans
A23091,L23091,2026-08-10,Rejected,Other
A23093,L23093,2026-08-02,Rejected,Delayed follow-up
A23095,L23095,2026-08-18,Accepted,Inventory
A23096,L23096,2026-08-07,Rejected,Room type
A23100,L23100,2026-08-03,Rejected,Other
A23104,L23104,2026-08-15,Rejected,Changed plans
A23105,L23105,2026-08-22,Rejected,Commute
A23110,L23110,2026-08-18,Rejected,Room type
A23112,L23112,2026-08-21,Accepted,Recommendation fit
A23118,L23118,2026-08-08,Rejected,Room type
A23120,L23120,2026-08-13,Rejected,Property preference
A23123,L23123,2026-08-20,Accepted,Sales judgment
A23125,L23125,2026-08-18,Modified,Other
A23126,L23126,2026-08-18,Accepted,Other
A23128,L23128,2026-08-20,Accepted,Recommendation fit
A23129,L23129,2026-08-27,Rejected,Recommendation fit
A23131,L23131,2026-08-09,Rejected,Changed plans
A23135,L23135,2026-08-23,Rejected,Changed plans
A23136,L23136,2026-08-18,Modified,Inventory
A23137,L23137,2026-08-17,Modified,Other
A23138,L23138,2026-08-20,Rejected,Commute
A23139,L23139,2026-07-29,Rejected,Commute
A23140,L23140,2026-07-29,Rejected,Commute
A23141,L23141,2026-08-01,Rejected,Property preference
A23142,L23142,2026-08-22,Modified,Inventory
A23146,L23146,2026-08-04,Rejected,Commute
A23147,L23147,2026-08-18,Accepted,Pricing
A23148,L23148,2026-07-30,Rejected,Price
A23149,L23149,2026-08-20,Rejected,Room type
A23152,L23152,2026-08-24,Rejected,Price
A23154,L23154,2026-08-26,Rejected,No availability
A23156,L23156,2026-08-27,Rejected,Changed plans
A23160,L23160,2026-08-04,Rejected,Changed plans
A23161,L23161,2026-08-22,Modified,Inventory
A23162,L23162,2026-08-12,Rejected,Other
A23163,L23163,2026-08-23,Modified,Other
A23167,L23167,2026-08-13,Rejected,Other
A23168,L23168,2026-08-26,Rejected,Price
A23169,L23169,2026-08-10,Rejected,Changed plans
A23174,L23174,2026-07-31,Rejected,Changed plans
A23175,L23175,2026-08-19,Rejected,Property preference
A23177,L23177,2026-07-31,Rejected,Property preference
A23178,L23178,2026-08-17,Accepted,Resident preference
A23181,L23181,2026-08-13,Modified,Pricing
A23185,L23185,2026-07-28,Rejected,Commute
A23186,L23186,2026-08-06,Rejected,Room type
A23187,L23187,2026-08-18,Modified,Resident preference
A23190,L23190,2026-08-16,Rejected,Price
A23192,L23192,2026-08-15,Rejected,No availability
A23194,L23194,2026-08-23,Rejected,Changed plans
A23198,L23198,2026-08-26,Rejected,No availability
A23205,L23205,2026-08-19,Rejected,Inventory
A23208,L23208,2026-08-20,Rejected,Commute
A23209,L23209,2026-08-16,Rejected,Other
A23210,L23210,2026-08-12,Modified,Sales judgment
A23211,L23211,2026-08-13,Accepted,Pricing
A23212,L23212,2026-08-10,Rejected,Price
A23214,L23214,2026-08-08,Rejected,Delayed follow-up
A23219,L23219,2026-08-25,Rejected,Delayed follow-up
A23223,L23223,2026-08-26,Rejected,Other
A23224,L23224,2026-08-21,Rejected,Room type
A23229,L23229,2026-08-24,Accepted,Sales judgment
A23231,L23231,2026-07-29,Rejected,Delayed follow-up
A23233,L23233,2026-08-25,Rejected,Other
A23236,L23236,2026-08-25,Accepted,Inventory
A23237,L23237,2026-08-19,Rejected,Sales judgment
A23238,L23238,2026-08-21,Rejected,Other
A23239,L23239,2026-08-13,Rejected,Delayed follow-up
A23242,L23242,2026-08-15,Rejected,Room type
A23243,L23243,2026-08-21,Rejected,Property preference
A23244,L23244,2026-07-29,Rejected,No availability
A23245,L23245,2026-08-25,Rejected,No availability
A23248,L23248,2026-08-21,Rejected,Other
A23249,L23249,2026-08-20,Accepted,Pricing
A23253,L23253,2026-08-12,Rejected,Other
A23255,L23255,2026-08-15,Rejected,Changed plans
A23256,L23256,2026-08-22,Accepted,Other
A23259,L23259,2026-07-28,Rejected,No availability
A23260,L23260,2026-08-13,Modified,Resident preference
A23261,L23261,2026-08-04,Rejected,Other
A23267,L23267,2026-08-20,Accepted,Inventory
A23269,L23269,2026-08-03,Rejected,Changed plans
A23270,L23270,2026-08-24,Rejected,Price
A23271,L23271,2026-08-02,Rejected,Price
A23276,L23276,2026-08-24,Rejected,Delayed follow-up
A23278,L23278,2026-08-07,Rejected,Delayed follow-up
A23280,L23280,2026-08-26,Accepted,Resident preference
A23281,L23281,2026-07-29,Rejected,Changed plans
A23285,L23285,2026-08-01,Rejected,Delayed follow-up
A23286,L23286,2026-08-12,Accepted,Pricing
A23287,L23287,2026-08-13,Accepted,Pricing
A23288,L23288,2026-08-10,Rejected,Property preference
A23289,L23289,2026-08-13,Rejected,Resident preference
A23290,L23290,2026-08-23,Rejected,Room type
A23291,L23291,2026-08-23,Rejected,Changed plans
A23294,L23294,2026-08-10,Rejected,Other
A23295,L23295,2026-08-15,Rejected,Inventory
A23296,L23296,2026-08-24,Rejected,Resident preference
A23297,L23297,2026-08-26,Rejected,Property preference
A23298,L23298,2026-08-19,Rejected,Commute
A23299,L23299,2026-08-14,Rejected,Changed plans
A23302,L23302,2026-08-13,Accepted,Recommendation fit
A23306,L23306,2026-08-06,Rejected,Delayed follow-up
A23307,L23307,2026-08-25,Rejected,Room type
A23309,L23309,2026-08-09,Rejected,Changed plans
A23310,L23310,2026-08-01,Rejected,Delayed follow-up
A23311,L23311,2026-08-27,Accepted,Pricing
A23314,L23314,2026-08-22,Modified,Resident preference
A23315,L23315,2026-07-31,Rejected,Delayed follow-up
A23317,L23317,2026-08-22,Rejected,Changed plans
A23318,L23318,2026-07-30,Rejected,Property preference
A23319,L23319,2026-08-08,Rejected,Changed plans
A23322,L23322,2026-07-28,Rejected,Property preference
A23324,L23324,2026-08-12,Rejected,Recommendation fit
A23328,L23328,2026-08-19,Modified,Inventory
A23329,L23329,2026-08-20,Rejected,Price
A23331,L23331,2026-08-02,Rejected,Changed plans
A23335,L23335,2026-08-19,Rejected,Property preference
A23339,L23339,2026-08-13,Accepted,Inventory
A23343,L23343,2026-08-25,Rejected,Room type
A23344,L23344,2026-08-24,Rejected,Room type
A23345,L23345,2026-08-23,Accepted,Inventory
A23346,L23346,2026-08-26,Rejected,Price
A23347,L23347,2026-08-04,Rejected,Room type
A23348,L23348,2026-08-27,Rejected,Changed plans
A23350,L23350,2026-07-29,Rejected,Property preference
A23351,L23351,2026-08-19,Rejected,Pricing
A23352,L23352,2026-08-16,Rejected,Property preference
A23355,L23355,2026-08-17,Modified,Sales judgment
A23357,L23357,2026-07-31,Rejected,Property preference
A23358,L23358,2026-07-31,Rejected,Property preference
A23362,L23362,2026-08-08,Rejected,Room type
A23363,L23363,2026-08-21,Rejected,Other
A23364,L23364,2026-08-13,Accepted,Inventory
A23366,L23366,2026-07-28,Rejected,Delayed follow-up
A23370,L23370,2026-08-12,Rejected,Sales judgment
A23372,L23372,2026-07-31,Rejected,Property preference
A23376,L23376,2026-08-23,Rejected,Other
A23386,L23386,2026-08-18,Rejected,Price
A23387,L23387,2026-07-29,Rejected,Delayed follow-up
A23390,L23390,2026-08-10,Rejected,No availability
A23393,L23393,2026-08-14,Accepted,Recommendation fit
A23394,L23394,2026-08-17,Modified,Sales judgment
A23402,L23402,2026-08-22,Modified,Sales judgment
A23405,L23405,2026-08-11,Rejected,Changed plans
A23406,L23406,2026-08-19,Accepted,Recommendation fit
A23410,L23410,2026-08-20,Rejected,Price
A23411,L23411,2026-08-18,Rejected,No availability
A23412,L23412,2026-08-16,Accepted,Inventory
A23417,L23417,2026-08-03,Rejected,Other
A23422,L23422,2026-08-16,Rejected,Recommendation fit
A23428,L23428,2026-08-24,Rejected,Resident preference
A23430,L23430,2026-08-08,Rejected,Room type
A23434,L23434,2026-08-26,Rejected,Other
A23437,L23437,2026-08-17,Rejected,Delayed follow-up
A23438,L23438,2026-08-21,Modified,Pricing
A23440,L23440,2026-08-18,Rejected,Other
A23442,L23442,2026-08-27,Rejected,Other
A23443,L23443,2026-08-18,Accepted,Other
A23449,L23449,2026-08-12,Rejected,Changed plans
A23450,L23450,2026-08-20,Modified,Sales judgment
A23452,L23452,2026-08-27,Rejected,Delayed follow-up
A23453,L23453,2026-08-19,Rejected,Commute
A23457,L23457,2026-08-11,Rejected,Other
A23458,L23458,2026-08-14,Modified,Pricing
A23459,L23459,2026-08-17,Rejected,Delayed follow-up
A23467,L23467,2026-08-16,Rejected,Other
A23470,L23470,2026-08-11,Rejected,Commute
A23472,L23472,2026-08-02,Rejected,Property preference
A23474,L23474,2026-08-19,Rejected,Commute
A23475,L23475,2026-08-24,Rejected,Other
A23478,L23478,2026-08-26,Rejected,Delayed follow-up
A23479,L23479,2026-08-12,Rejected,Property preference
A23481,L23481,2026-07-28,Rejected,No availability
A23484,L23484,2026-08-09,Rejected,Room type
A23485,L23485,2026-08-17,Accepted,Other
A23487,L23487,2026-08-06,Rejected,Commute
A23488,L23488,2026-08-13,Accepted,Sales judgment
A23491,L23491,2026-08-19,Rejected,Resident preference
A23493,L23493,2026-08-24,Rejected,Pricing
A23494,L23494,2026-08-27,Accepted,Inventory
A23503,L23503,2026-08-10,Rejected,Property preference
A23506,L23506,2026-07-28,Rejected,Commute
A23507,L23507,2026-08-21,Rejected,Price
A23513,L23513,2026-08-22,Rejected,Sales judgment
A23514,L23514,2026-08-14,Rejected,Price
A23516,L23516,2026-08-19,Rejected,Changed plans
A23517,L23517,2026-08-05,Rejected,Delayed follow-up
A23520,L23520,2026-08-01,Rejected,Delayed follow-up
A23524,L23524,2026-08-12,Modified,Pricing
A23527,L23527,2026-07-31,Rejected,Delayed follow-up
A23528,L23528,2026-08-13,Modified,Recommendation fit
A23531,L23531,2026-07-28,Rejected,Room type
A23533,L23533,2026-08-23,Rejected,Recommendation fit
A23535,L23535,2026-08-14,Accepted,Recommendation fit
A23541,L23541,2026-08-17,Modified,Sales judgment
A23542,L23542,2026-08-06,Rejected,Property preference
A23544,L23544,2026-08-25,Modified,Sales judgment
A23545,L23545,2026-08-14,Rejected,Property preference
A23547,L23547,2026-08-22,Rejected,Changed plans
A23550,L23550,2026-08-12,Rejected,Room type
A23551,L23551,2026-08-15,Rejected,Price
A23555,L23555,2026-08-11,Rejected,Room type
A23557,L23557,2026-08-17,Rejected,Room type
A23558,L23558,2026-08-23,Modified,Inventory
A23560,L23560,2026-08-21,Rejected,Price
A23561,L23561,2026-08-18,Rejected,Commute
A23563,L23563,2026-08-13,Accepted,Other
A23564,L23564,2026-08-18,Accepted,Resident preference
A23565,L23565,2026-08-14,Rejected,Resident preference
A23566,L23566,2026-08-25,Modified,Recommendation fit
A23568,L23568,2026-08-26,Rejected,Room type
A23571,L23571,2026-08-06,Rejected,Room type
A23573,L23573,2026-08-21,Modified,Sales judgment
A23574,L23574,2026-08-02,Rejected,Other
A23575,L23575,2026-08-06,Rejected,Changed plans
A23577,L23577,2026-08-16,Rejected,Property preference
A23579,L23579,2026-08-05,Rejected,No availability
A23582,L23582,2026-08-21,Rejected,Changed plans
A23585,L23585,2026-08-27,Rejected,Room type
A23586,L23586,2026-08-18,Rejected,Other
A23587,L23587,2026-07-28,Rejected,Commute
A23589,L23589,2026-07-28,Rejected,Delayed follow-up
A23591,L23591,2026-08-24,Rejected,Delayed follow-up
A23592,L23592,2026-08-17,Rejected,Other
A23593,L23593,2026-08-25,Accepted,Pricing
A23594,L23594,2026-08-16,Rejected,Commute
A23595,L23595,2026-08-25,Accepted,Other
A23598,L23598,2026-08-18,Rejected,Sales judgment
A23600,L23600,2026-08-09,Rejected,Property preference
A23602,L23602,2026-08-27,Rejected,Delayed follow-up
A23605,L23605,2026-08-25,Rejected,Commute
A23606,L23606,2026-08-26,Rejected,Price
A23608,L23608,2026-08-11,Rejected,Price
A23609,L23609,2026-08-26,Rejected,Resident preference
A23610,L23610,2026-08-20,Rejected,Price
A23613,L23613,2026-08-20,Rejected,Delayed follow-up
A23616,L23616,2026-08-08,Rejected,Other
A23617,L23617,2026-08-04,Rejected,Room type
A23619,L23619,2026-08-15,Accepted,Pricing
A23624,L23624,2026-07-29,Rejected,Property preference
A23625,L23625,2026-08-03,Rejected,Delayed follow-up
A23629,L23629,2026-08-19,Rejected,Room type
A23630,L23630,2026-08-11,Rejected,Changed plans
A23631,L23631,2026-08-21,Rejected,Changed plans
A23633,L23633,2026-08-05,Rejected,No availability
A23637,L23637,2026-08-17,Accepted,Inventory
A23638,L23638,2026-08-24,Rejected,Changed plans
A23639,L23639,2026-07-28,Rejected,Other
A23641,L23641,2026-08-26,Accepted,Recommendation fit
A23642,L23642,2026-08-26,Rejected,Price
A23644,L23644,2026-08-15,Accepted,Other
A23647,L23647,2026-08-20,Rejected,Property preference
A23649,L23649,2026-08-25,Rejected,Other
A23654,L23654,2026-08-24,Modified,Inventory
A23656,L23656,2026-08-08,Rejected,Room type
A23657,L23657,2026-08-16,Rejected,Recommendation fit
A23658,L23658,2026-08-21,Rejected,Commute
A23659,L23659,2026-08-12,Rejected,Other
A23662,L23662,2026-08-05,Rejected,No availability
A23663,L23663,2026-08-21,Modified,Sales judgment
A23664,L23664,2026-08-20,Modified,Other
A23665,L23665,2026-08-07,Rejected,Room type
A23668,L23668,2026-08-08,Rejected,No availability
A23669,L23669,2026-07-30,Rejected,Price
A23671,L23671,2026-08-24,Modified,Inventory
A23674,L23674,2026-08-13,Accepted,Other
A23676,L23676,2026-08-22,Accepted,Sales judgment
A23679,L23679,2026-08-17,Rejected,Other
A23682,L23682,2026-08-14,Modified,Inventory
A23685,L23685,2026-08-24,Modified,Sales judgment
A23686,L23686,2026-08-13,Modified,Pricing
A23687,L23687,2026-08-10,Rejected,Delayed follow-up
A23692,L23692,2026-08-12,Rejected,Sales judgment
A23694,L23694,2026-08-14,Rejected,Other
A23695,L23695,2026-08-18,Accepted,Pricing
A23698,L23698,2026-08-25,Modified,Inventory
A23699,L23699,2026-08-26,Accepted,Recommendation fit
A23700,L23700,2026-08-14,Accepted,Other
A23702,L23702,2026-08-20,Rejected,Sales judgment
A23703,L23703,2026-08-08,Rejected,Commute
A23707,L23707,2026-08-22,Rejected,Property preference
A23708,L23708,2026-08-13,Rejected,Inventory
A23709,L23709,2026-08-01,Rejected,Changed plans
A23712,L23712,2026-08-03,Rejected,Room type
A23718,L23718,2026-08-20,Rejected,Price
A23720,L23720,2026-08-16,Accepted,Sales judgment
A23721,L23721,2026-08-18,Accepted,Sales judgment
A23724,L23724,2026-08-10,Rejected,Other
A23725,L23725,2026-08-19,Rejected,Other
A23726,L23726,2026-08-16,Rejected,Changed plans
A23727,L23727,2026-08-13,Rejected,No availability
A23728,L23728,2026-08-20,Rejected,Pricing
A23729,L23729,2026-08-27,Rejected,Pricing
A23730,L23730,2026-08-18,Rejected,Other
A23735,L23735,2026-08-13,Modified,Inventory
A23737,L23737,2026-08-22,Modified,Other
A23738,L23738,2026-08-15,Modified,Recommendation fit
A23739,L23739,2026-08-15,Rejected,Price
A23740,L23740,2026-08-14,Modified,Pricing
A23745,L23745,2026-08-26,Rejected,Price
A23748,L23748,2026-08-04,Rejected,Property preference
A23749,L23749,2026-08-05,Rejected,Price
A23752,L23752,2026-08-13,Rejected,Delayed follow-up
A23753,L23753,2026-08-15,Rejected,Room type
A23755,L23755,2026-08-20,Rejected,Commute
A23756,L23756,2026-08-14,Accepted,Recommendation fit
A23757,L23757,2026-08-15,Accepted,Pricing
A23759,L23759,2026-08-15,Rejected,No availability
A23761,L23761,2026-08-19,Rejected,Pricing
A23762,L23762,2026-08-18,Rejected,Other
A23765,L23765,2026-08-26,Rejected,Price
A23771,L23771,2026-08-12,Rejected,Other
A23773,L23773,2026-08-17,Accepted,Other
A23777,L23777,2026-07-28,Rejected,Changed plans
A23784,L23784,2026-08-22,Modified,Other
A23787,L23787,2026-08-11,Rejected,Property preference
A23788,L23788,2026-08-27,Rejected,Property preference
A23789,L23789,2026-08-14,Rejected,Resident preference
A23790,L23790,2026-08-18,Rejected,Commute
A23791,L23791,2026-08-12,Modified,Pricing
A23792,L23792,2026-07-29,Rejected,Changed plans
A23794,L23794,2026-08-01,Rejected,Room type
A23798,L23798,2026-08-21,Modified,Pricing
A23801,L23801,2026-08-18,Rejected,Recommendation fit
A23809,L23809,2026-07-28,Rejected,No availability
A23814,L23814,2026-08-20,Rejected,Changed plans
A23815,L23815,2026-08-18,Rejected,Delayed follow-up
A23816,L23816,2026-08-12,Rejected,Property preference
A23817,L23817,2026-08-12,Rejected,Commute
A23819,L23819,2026-08-20,Rejected,Sales judgment
A23820,L23820,2026-08-21,Modified,Inventory
A23823,L23823,2026-08-24,Rejected,Other
A23824,L23824,2026-08-22,Rejected,Room type
A23826,L23826,2026-08-25,Modified,Pricing
A23828,L23828,2026-08-19,Rejected,Price
A23838,L23838,2026-08-25,Rejected,Price
A23841,L23841,2026-08-24,Modified,Resident preference
A23842,L23842,2026-08-24,Rejected,Room type
A23843,L23843,2026-08-19,Accepted,Inventory
A23844,L23844,2026-08-14,Rejected,Property preference
A23847,L23847,2026-08-10,Rejected,Room type
A23848,L23848,2026-08-25,Accepted,Inventory
A23849,L23849,2026-08-14,Rejected,Changed plans
A23850,L23850,2026-08-23,Rejected,Other
A23853,L23853,2026-08-17,Rejected,Pricing
A23854,L23854,2026-08-25,Rejected,Other
A23855,L23855,2026-08-23,Rejected,Room type
A23857,L23857,2026-08-10,Rejected,Room type
A23858,L23858,2026-08-14,Rejected,Inventory
A23859,L23859,2026-07-31,Rejected,Property preference
A23863,L23863,2026-07-30,Rejected,Changed plans
A23867,L23867,2026-08-24,Rejected,Inventory
A23868,L23868,2026-08-14,Rejected,Delayed follow-up
A23869,L23869,2026-08-27,Accepted,Sales judgment
A23870,L23870,2026-08-17,Modified,Pricing
A23872,L23872,2026-08-21,Rejected,Other
A23874,L23874,2026-08-26,Modified,Recommendation fit
A23875,L23875,2026-08-21,Accepted,Recommendation fit
A23878,L23878,2026-08-15,Modified,Recommendation fit
A23881,L23881,2026-07-29,Rejected,Property preference
A23886,L23886,2026-08-08,Rejected,Changed plans
A23887,L23887,2026-08-12,Accepted,Sales judgment
A23888,L23888,2026-08-23,Accepted,Sales judgment
A23890,L23890,2026-08-11,Rejected,Delayed follow-up
A23895,L23895,2026-08-02,Rejected,Room type
A23896,L23896,2026-08-18,Rejected,Property preference
A23897,L23897,2026-08-01,Rejected,No availability
A23899,L23899,2026-08-10,Rejected,No availability
A23900,L23900,2026-08-13,Rejected,Commute
A23908,L23908,2026-08-14,Rejected,Price
A23915,L23915,2026-08-01,Rejected,No availability
A23917,L23917,2026-08-17,Rejected,Room type
A23918,L23918,2026-08-20,Rejected,Inventory
A23919,L23919,2026-07-29,Rejected,Property preference
A23920,L23920,2026-08-27,Rejected,Other
A23921,L23921,2026-08-14,Modified,Pricing
A23924,L23924,2026-08-16,Rejected,Property preference
A23926,L23926,2026-08-21,Rejected,Other
A23930,L23930,2026-08-19,Rejected,Other
A23936,L23936,2026-08-14,Rejected,Property preference
A23938,L23938,2026-08-19,Accepted,Recommendation fit
A23940,L23940,2026-08-20,Rejected,Commute
A23944,L23944,2026-08-14,Rejected,Property preference
A23945,L23945,2026-08-05,Rejected,Other
A23951,L23951,2026-08-02,Rejected,Commute
A23953,L23953,2026-08-24,Rejected,Changed plans
A23956,L23956,2026-08-25,Accepted,Sales judgment
A23957,L23957,2026-08-14,Rejected,Recommendation fit
A23961,L23961,2026-08-15,Accepted,Sales judgment
A23965,L23965,2026-08-19,Modified,Inventory
A23968,L23968,2026-08-23,Accepted,Sales judgment
A23972,L23972,2026-08-21,Rejected,Room type
A23973,L23973,2026-08-22,Rejected,No availability
A23975,L23975,2026-07-28,Rejected,Property preference
A23978,L23978,2026-07-31,Rejected,Property preference
A23979,L23979,2026-08-04,Rejected,Property preference
A23983,L23983,2026-08-15,Rejected,Property preference
A23985,L23985,2026-08-24,Accepted,Pricing
A23986,L23986,2026-08-17,Modified,Recommendation fit
A23987,L23987,2026-07-28,Rejected,No availability
A23990,L23990,2026-08-24,Rejected,Commute
A23991,L23991,2026-08-20,Modified,Recommendation fit
A23992,L23992,2026-07-28,Rejected,Room type
A23995,L23995,2026-08-14,Rejected,No availability
A23997,L23997,2026-08-27,Rejected,Delayed follow-up
A24006,L24006,2026-08-15,Rejected,Other
A24007,L24007,2026-08-13,Rejected,Recommendation fit
A24008,L24008,2026-08-05,Rejected,Other
A24009,L24009,2026-08-16,Rejected,Delayed follow-up
A24012,L24012,2026-08-15,Accepted,Inventory
A24017,L24017,2026-08-14,Rejected,Property preference
A24018,L24018,2026-08-23,Modified,Recommendation fit
A24022,L24022,2026-08-19,Rejected,Inventory
A24024,L24024,2026-08-26,Modified,Pricing
A24030,L24030,2026-08-24,Accepted,Resident preference
A24032,L24032,2026-08-20,Modified,Pricing
A24039,L24039,2026-08-26,Rejected,No availability
A24040,L24040,2026-08-22,Rejected,Commute
A24041,L24041,2026-08-26,Rejected,Sales judgment
A24043,L24043,2026-08-06,Rejected,Delayed follow-up
A24044,L24044,2026-08-20,Accepted,Inventory
A24046,L24046,2026-08-27,Modified,Resident preference
A24048,L24048,2026-08-18,Modified,Inventory
A24050,L24050,2026-08-19,Accepted,Inventory
A24056,L24056,2026-08-14,Rejected,Changed plans
A24059,L24059,2026-08-15,Modified,Pricing
A24062,L24062,2026-08-11,Rejected,Room type
A24064,L24064,2026-08-13,Rejected,Delayed follow-up
A24065,L24065,2026-08-10,Rejected,No availability
A24068,L24068,2026-08-19,Rejected,Sales judgment
A24072,L24072,2026-08-20,Rejected,Sales judgment
A24073,L24073,2026-08-14,Rejected,Commute
A24074,L24074,2026-08-22,Rejected,Price
A24078,L24078,2026-08-13,Modified,Sales judgment
A24081,L24081,2026-07-30,Rejected,Price
A24082,L24082,2026-08-02,Rejected,Delayed follow-up
A24084,L24084,2026-08-27,Rejected,Delayed follow-up
A24086,L24086,2026-08-02,Rejected,No availability
A24088,L24088,2026-08-26,Rejected,Property preference
A24091,L24091,2026-08-18,Rejected,Room type
A24093,L24093,2026-08-23,Rejected,Price
A24098,L24098,2026-08-02,Rejected,Property preference
A24100,L24100,2026-08-12,Accepted,Pricing
A24102,L24102,2026-08-23,Modified,Pricing
A24104,L24104,2026-08-19,Accepted,Sales judgment
A24105,L24105,2026-08-27,Rejected,Commute
A24108,L24108,2026-08-14,Rejected,Commute
A24111,L24111,2026-08-15,Rejected,Recommendation fit
A24112,L24112,2026-08-08,Rejected,Changed plans
A24113,L24113,2026-08-18,Rejected,No availability
A24115,L24115,2026-08-14,Accepted,Pricing
A24118,L24118,2026-08-03,Rejected,Property preference
A24119,L24119,2026-08-20,Accepted,Inventory
A24121,L24121,2026-08-23,Rejected,No availability
A24123,L24123,2026-08-14,Modified,Inventory
A24125,L24125,2026-08-19,Accepted,Recommendation fit
A24129,L24129,2026-08-01,Rejected,Price
A24130,L24130,2026-08-13,Accepted,Resident preference
A24131,L24131,2026-08-13,Rejected,Commute
A24132,L24132,2026-08-25,Rejected,Other
A24134,L24134,2026-08-12,Rejected,Inventory
A24135,L24135,2026-08-23,Modified,Other
A24136,L24136,2026-08-14,Rejected,Property preference
A24137,L24137,2026-08-12,Rejected,Room type
A24138,L24138,2026-08-26,Modified,Pricing
A24140,L24140,2026-08-11,Rejected,No availability
A24142,L24142,2026-08-04,Rejected,Changed plans
A24143,L24143,2026-08-24,Rejected,Other
A24144,L24144,2026-08-27,Rejected,Room type
A24149,L24149,2026-08-25,Rejected,Pricing
A24150,L24150,2026-08-25,Rejected,Changed plans
A24153,L24153,2026-08-17,Rejected,Delayed follow-up
A24154,L24154,2026-08-16,Rejected,Recommendation fit
A24155,L24155,2026-08-13,Accepted,Resident preference
A24158,L24158,2026-08-20,Rejected,Room type
A24160,L24160,2026-08-18,Rejected,Other
A24161,L24161,2026-08-04,Rejected,Other
A24163,L24163,2026-08-22,Rejected,Resident preference
A24165,L24165,2026-08-27,Accepted,Sales judgment
A24166,L24166,2026-08-24,Accepted,Other
A24169,L24169,2026-08-22,Rejected,Other
A24174,L24174,2026-08-01,Rejected,Other
A24177,L24177,2026-08-04,Rejected,Price
A24178,L24178,2026-08-15,Rejected,Commute
A24180,L24180,2026-08-06,Rejected,Property preference
A24183,L24183,2026-08-27,Rejected,Other
A24186,L24186,2026-08-12,Modified,Recommendation fit
A24190,L24190,2026-08-20,Rejected,Other
A24195,L24195,2026-08-17,Rejected,Room type
A24196,L24196,2026-08-19,Rejected,Commute
A24198,L24198,2026-08-05,Rejected,Other
A24199,L24199,2026-08-24,Rejected,Changed plans
A24200,L24200,2026-08-26,Modified,Recommendation fit
A24201,L24201,2026-08-13,Accepted,Pricing
A24208,L24208,2026-08-18,Rejected,Inventory
A24209,L24209,2026-08-16,Rejected,Property preference
A24210,L24210,2026-08-18,Rejected,No availability
A24213,L24213,2026-08-20,Accepted,Pricing
A24215,L24215,2026-08-07,Rejected,Other
A24217,L24217,2026-08-03,Rejected,Other
A24218,L24218,2026-08-26,Rejected,Room type
A24221,L24221,2026-08-13,Rejected,Commute
A24223,L24223,2026-08-15,Modified,Other
A24224,L24224,2026-08-05,Rejected,Delayed follow-up
A24225,L24225,2026-08-16,Accepted,Inventory
A24226,L24226,2026-08-22,Accepted,Inventory
A24228,L24228,2026-08-21,Accepted,Recommendation fit
A24229,L24229,2026-08-22,Modified,Resident preference
A24230,L24230,2026-08-16,Rejected,No availability
A24232,L24232,2026-08-05,Rejected,Changed plans
A24233,L24233,2026-08-06,Rejected,Price
A24235,L24235,2026-08-15,Rejected,Changed plans
A24236,L24236,2026-08-14,Rejected,Resident preference
A24238,L24238,2026-08-25,Rejected,Delayed follow-up
A24242,L24242,2026-08-12,Rejected,No availability
A24243,L24243,2026-08-17,Rejected,Room type
A24246,L24246,2026-08-23,Rejected,Property preference
A24247,L24247,2026-08-18,Rejected,Price
A24248,L24248,2026-08-23,Rejected,Other
A24249,L24249,2026-08-01,Rejected,Delayed follow-up
A24250,L24250,2026-07-31,Rejected,Other
A24253,L24253,2026-08-17,Rejected,Other
A24255,L24255,2026-08-14,Rejected,Commute
A24256,L24256,2026-08-07,Rejected,Room type
A24257,L24257,2026-08-15,Modified,Sales judgment
A24259,L24259,2026-08-25,Rejected,Sales judgment
A24262,L24262,2026-08-12,Rejected,Delayed follow-up
A24264,L24264,2026-07-31,Rejected,Commute
A24265,L24265,2026-08-04,Rejected,Price
A24266,L24266,2026-08-24,Rejected,Sales judgment
A24268,L24268,2026-07-30,Rejected,Property preference
A24270,L24270,2026-08-02,Rejected,Changed plans
A24274,L24274,2026-08-12,Modified,Sales judgment
A24275,L24275,2026-08-07,Rejected,Delayed follow-up
A24277,L24277,2026-08-20,Accepted,Inventory
A24283,L24283,2026-08-24,Rejected,Room type
A24286,L24286,2026-08-25,Rejected,Property preference
A24287,L24287,2026-07-30,Rejected,Property preference
A24288,L24288,2026-08-05,Rejected,Delayed follow-up
A24289,L24289,2026-08-14,Rejected,Price
A24297,L24297,2026-08-16,Modified,Recommendation fit
A24301,L24301,2026-08-19,Rejected,Inventory
A24302,L24302,2026-08-02,Rejected,Other
A24305,L24305,2026-08-27,Rejected,Property preference
A24307,L24307,2026-08-19,Rejected,Commute
A24308,L24308,2026-08-22,Rejected,Room type
A24312,L24312,2026-08-10,Rejected,Price
A24313,L24313,2026-08-20,Accepted,Other
A24315,L24315,2026-08-23,Modified,Other
A24317,L24317,2026-08-18,Accepted,Pricing
A24318,L24318,2026-08-26,Rejected,Other
A24322,L24322,2026-07-28,Rejected,Property preference
A24324,L24324,2026-07-30,Rejected,Property preference
A24325,L24325,2026-08-19,Rejected,Changed plans
A24326,L24326,2026-08-15,Accepted,Resident preference
A24327,L24327,2026-08-18,Rejected,Other
A24328,L24328,2026-08-07,Rejected,No availability
A24329,L24329,2026-08-27,Modified,Resident preference
A24333,L24333,2026-08-23,Rejected,Other
A24334,L24334,2026-08-06,Rejected,Delayed follow-up
A24335,L24335,2026-07-30,Rejected,Commute
A24336,L24336,2026-08-16,Modified,Pricing
A24337,L24337,2026-08-12,Rejected,Delayed follow-up
A24339,L24339,2026-08-13,Modified,Resident preference
A24340,L24340,2026-08-01,Rejected,Room type
A24341,L24341,2026-08-24,Accepted,Resident preference
A24342,L24342,2026-08-16,Modified,Inventory
A24343,L24343,2026-08-06,Rejected,Changed plans
A24344,L24344,2026-08-27,Rejected,Other
A24345,L24345,2026-08-15,Rejected,Pricing
A24347,L24347,2026-08-27,Modified,Inventory
A24352,L24352,2026-07-31,Rejected,Room type
A24353,L24353,2026-08-08,Rejected,Price
A24354,L24354,2026-08-19,Accepted,Resident preference
A24356,L24356,2026-08-18,Accepted,Inventory
A24357,L24357,2026-08-25,Rejected,Delayed follow-up
A24358,L24358,2026-08-12,Rejected,No availability
A24359,L24359,2026-08-02,Rejected,Room type
A24361,L24361,2026-08-15,Modified,Pricing
A24362,L24362,2026-08-17,Rejected,Price
A24364,L24364,2026-08-01,Rejected,No availability
A24365,L24365,2026-08-23,Accepted,Sales judgment
A24367,L24367,2026-08-11,Rejected,Room type
A24369,L24369,2026-08-01,Rejected,Other
A24373,L24373,2026-08-15,Accepted,Other
A24375,L24375,2026-08-19,Modified,Resident preference
A24379,L24379,2026-08-17,Accepted,Inventory
A24382,L24382,2026-08-12,Rejected,Price
A24385,L24385,2026-08-19,Rejected,Changed plans
A24389,L24389,2026-08-23,Rejected,Resident preference
A24390,L24390,2026-07-28,Rejected,No availability
A24391,L24391,2026-08-06,Rejected,Other
A24392,L24392,2026-07-29,Rejected,Commute
A24393,L24393,2026-08-03,Rejected,Property preference
A24395,L24395,2026-08-17,Accepted,Sales judgment
A24400,L24400,2026-08-24,Modified,Sales judgment
A24401,L24401,2026-08-23,Rejected,Other
A24403,L24403,2026-08-27,Rejected,Property preference
A24404,L24404,2026-08-13,Rejected,Pricing
A24405,L24405,2026-08-13,Rejected,Inventory
A24408,L24408,2026-07-28,Rejected,Price
A24409,L24409,2026-08-14,Accepted,Resident preference
A24411,L24411,2026-08-02,Rejected,Room type
A24415,L24415,2026-08-22,Modified,Inventory
A24416,L24416,2026-08-07,Rejected,Price
A24419,L24419,2026-08-23,Modified,Other
A24420,L24420,2026-08-08,Rejected,Commute
A24421,L24421,2026-08-22,Rejected,Inventory
A24426,L24426,2026-08-12,Accepted,Sales judgment
A24428,L24428,2026-08-18,Rejected,Recommendation fit
A24431,L24431,2026-08-15,Accepted,Other
A24433,L24433,2026-08-13,Rejected,Property preference
A24434,L24434,2026-08-15,Accepted,Other
A24439,L24439,2026-08-20,Accepted,Other
A24441,L24441,2026-08-25,Rejected,No availability
A24454,L24454,2026-08-23,Rejected,Price
A24455,L24455,2026-08-27,Rejected,Changed plans
A24461,L24461,2026-07-29,Rejected,Property preference
A24463,L24463,2026-07-30,Rejected,Price
A24465,L24465,2026-07-30,Rejected,Room type
A24466,L24466,2026-08-17,Accepted,Sales judgment
A24470,L24470,2026-08-05,Rejected,Other
A24471,L24471,2026-08-13,Accepted,Resident preference
A24473,L24473,2026-08-23,Accepted,Resident preference
A24477,L24477,2026-08-01,Rejected,Delayed follow-up
A24479,L24479,2026-08-02,Rejected,No availability
A24481,L24481,2026-08-26,Rejected,Commute
A24482,L24482,2026-08-16,Modified,Other
A24483,L24483,2026-08-22,Rejected,Commute
A24487,L24487,2026-08-08,Rejected,No availability
A24488,L24488,2026-08-23,Rejected,Price
A24490,L24490,2026-08-06,Rejected,No availability
A24493,L24493,2026-08-25,Rejected,Other
A24494,L24494,2026-08-11,Rejected,Commute
A24496,L24496,2026-08-09,Rejected,Delayed follow-up
A24498,L24498,2026-08-20,Rejected,Property preference
A24500,L24500,2026-08-15,Rejected,Price
A24502,L24502,2026-08-24,Modified,Recommendation fit
A24505,L24505,2026-08-02,Rejected,Property preference
A24508,L24508,2026-07-28,Rejected,No availability
A24509,L24509,2026-08-17,Rejected,Changed plans
A24515,L24515,2026-08-26,Accepted,Resident preference
A24519,L24519,2026-08-24,Accepted,Pricing
A24524,L24524,2026-08-14,Rejected,Recommendation fit
A24526,L24526,2026-08-15,Rejected,Other
A24528,L24528,2026-08-27,Modified,Pricing
A24536,L24536,2026-08-17,Accepted,Resident preference
A24537,L24537,2026-08-24,Accepted,Inventory
A24539,L24539,2026-08-17,Accepted,Pricing
A24541,L24541,2026-08-10,Rejected,Changed plans
A24542,L24542,2026-08-23,Rejected,Room type
A24543,L24543,2026-08-14,Rejected,No availability
A24545,L24545,2026-08-02,Rejected,Other
A24546,L24546,2026-08-25,Accepted,Inventory
A24547,L24547,2026-08-11,Rejected,Delayed follow-up
A24549,L24549,2026-08-13,Accepted,Pricing
A24554,L24554,2026-08-15,Accepted,Sales judgment
A24558,L24558,2026-07-29,Rejected,Delayed follow-up
A24562,L24562,2026-08-12,Accepted,Inventory
A24563,L24563,2026-08-02,Rejected,No availability
A24564,L24564,2026-08-15,Rejected,Price
A24568,L24568,2026-08-16,Accepted,Other
A24570,L24570,2026-08-26,Modified,Other
A24571,L24571,2026-08-03,Rejected,Changed plans
A24574,L24574,2026-08-25,Modified,Inventory
A24577,L24577,2026-08-23,Rejected,Room type
A24579,L24579,2026-08-20,Rejected,No availability
A24581,L24581,2026-08-13,Rejected,No availability
A24583,L24583,2026-08-27,Rejected,No availability
A24586,L24586,2026-07-31,Rejected,Other
A24589,L24589,2026-08-22,Rejected,Changed plans
A24591,L24591,2026-08-24,Rejected,Inventory
A24592,L24592,2026-08-23,Modified,Other
A24595,L24595,2026-07-30,Rejected,Delayed follow-up
A24596,L24596,2026-08-17,Rejected,Commute
A24602,L24602,2026-08-20,Rejected,Changed plans
A24607,L24607,2026-08-08,Rejected,Delayed follow-up
A24613,L24613,2026-08-15,Rejected,Property preference
A24616,L24616,2026-08-17,Accepted,Resident preference
A24617,L24617,2026-08-12,Rejected,Price
A24621,L24621,2026-08-13,Rejected,Other
A24622,L24622,2026-08-07,Rejected,Changed plans
A24623,L24623,2026-08-23,Rejected,Sales judgment
A24624,L24624,2026-08-15,Rejected,Price
A24625,L24625,2026-08-13,Rejected,Changed plans
A24627,L24627,2026-08-12,Rejected,Room type
A24631,L24631,2026-08-06,Rejected,Delayed follow-up
A24635,L24635,2026-08-25,Modified,Resident preference
A24637,L24637,2026-08-16,Rejected,No availability
A24638,L24638,2026-08-12,Rejected,Inventory
A24639,L24639,2026-08-03,Rejected,Commute
A24641,L24641,2026-08-15,Accepted,Inventory
A24643,L24643,2026-08-07,Rejected,Commute
A24645,L24645,2026-08-24,Modified,Resident preference
A24646,L24646,2026-08-13,Rejected,Resident preference
A24647,L24647,2026-08-03,Rejected,Room type
A24648,L24648,2026-08-18,Accepted,Inventory
A24649,L24649,2026-08-17,Modified,Inventory
A24650,L24650,2026-08-25,Accepted,Pricing
A24651,L24651,2026-08-27,Rejected,Price
A24655,L24655,2026-07-28,Rejected,No availability
A24656,L24656,2026-08-24,Rejected,Delayed follow-up
A24659,L24659,2026-08-13,Rejected,Commute
A24663,L24663,2026-08-15,Rejected,Price
A24667,L24667,2026-08-07,Rejected,Room type
A24669,L24669,2026-08-20,Modified,Recommendation fit
A24672,L24672,2026-08-17,Rejected,No availability
A24678,L24678,2026-07-29,Rejected,Changed plans
A24681,L24681,2026-08-26,Rejected,Price
A24683,L24683,2026-08-19,Accepted,Inventory
A24685,L24685,2026-08-12,Rejected,Pricing
A24686,L24686,2026-08-19,Rejected,Room type
A24689,L24689,2026-08-17,Rejected,Other
A24690,L24690,2026-08-13,Rejected,No availability
A24696,L24696,2026-07-29,Rejected,Property preference
A24701,L24701,2026-08-09,Rejected,Price
A24704,L24704,2026-08-22,Accepted,Other
A24705,L24705,2026-08-25,Rejected,No availability
A24706,L24706,2026-08-22,Rejected,Pricing
A24711,L24711,2026-08-02,Rejected,No availability
A24716,L24716,2026-08-16,Modified,Inventory
A24723,L24723,2026-08-07,Rejected,Commute
A24726,L24726,2026-08-18,Accepted,Other
A24731,L24731,2026-08-19,Accepted,Other
A24737,L24737,2026-07-28,Rejected,Other
A24738,L24738,2026-08-25,Rejected,Other
A24739,L24739,2026-08-10,Rejected,Price
A24741,L24741,2026-08-15,Rejected,Price
A24743,L24743,2026-08-25,Rejected,Pricing
A24744,L24744,2026-08-16,Accepted,Sales judgment
A24745,L24745,2026-08-17,Rejected,Pricing
A24749,L24749,2026-08-08,Rejected,Delayed follow-up
A24751,L24751,2026-08-03,Rejected,Room type
A24752,L24752,2026-08-17,Accepted,Recommendation fit
A24755,L24755,2026-08-19,Accepted,Inventory
A24759,L24759,2026-08-18,Rejected,Property preference
A24764,L24764,2026-08-14,Rejected,Other
A24765,L24765,2026-08-16,Modified,Recommendation fit
A24766,L24766,2026-07-30,Rejected,No availability
A24770,L24770,2026-08-07,Rejected,Delayed follow-up
A24771,L24771,2026-08-26,Modified,Other
A24773,L24773,2026-08-09,Rejected,Changed plans
A24775,L24775,2026-08-25,Rejected,Other
A24776,L24776,2026-08-01,Rejected,Price
A24777,L24777,2026-08-07,Rejected,Other
A24780,L24780,2026-08-09,Rejected,Changed plans
A24781,L24781,2026-08-15,Rejected,No availability
A24784,L24784,2026-08-18,Rejected,Property preference
A24785,L24785,2026-08-18,Modified,Resident preference
A24789,L24789,2026-08-14,Rejected,Price
A24790,L24790,2026-08-13,Accepted,Resident preference
A24791,L24791,2026-08-11,Rejected,Commute
A24795,L24795,2026-08-27,Accepted,Resident preference
A24799,L24799,2026-08-15,Accepted,Recommendation fit
A24802,L24802,2026-08-18,Rejected,Inventory
A24803,L24803,2026-08-17,Rejected,Changed plans
A24804,L24804,2026-08-15,Rejected,Price
A24806,L24806,2026-07-30,Rejected,Property preference
A24810,L24810,2026-08-20,Accepted,Resident preference
A24815,L24815,2026-08-09,Rejected,Delayed follow-up
A24817,L24817,2026-08-19,Rejected,Sales judgment
A24818,L24818,2026-08-21,Rejected,Pricing
A24823,L24823,2026-08-02,Rejected,No availability
A24826,L24826,2026-08-20,Rejected,Changed plans
A24827,L24827,2026-08-02,Rejected,Property preference
A24828,L24828,2026-08-26,Rejected,Commute
A24833,L24833,2026-08-24,Rejected,No availability
A24837,L24837,2026-08-23,Rejected,Other
A24838,L24838,2026-08-20,Rejected,Property preference
A24839,L24839,2026-08-25,Accepted,Pricing
A24841,L24841,2026-08-12,Modified,Sales judgment
A24843,L24843,2026-08-10,Rejected,Commute
A24846,L24846,2026-08-20,Accepted,Other
A24848,L24848,2026-08-13,Accepted,Pricing
A24849,L24849,2026-08-21,Rejected,Delayed follow-up
A24850,L24850,2026-08-19,Rejected,No availability
A24852,L24852,2026-08-22,Accepted,Recommendation fit
A24856,L24856,2026-08-22,Accepted,Other
A24857,L24857,2026-08-06,Rejected,No availability
A24862,L24862,2026-08-22,Rejected,Pricing
A24863,L24863,2026-08-25,Accepted,Inventory
A24865,L24865,2026-08-26,Accepted,Recommendation fit
A24867,L24867,2026-08-17,Rejected,Delayed follow-up
A24868,L24868,2026-08-17,Rejected,Inventory
A24871,L24871,2026-08-16,Modified,Other
A24872,L24872,2026-08-18,Rejected,Room type
A24874,L24874,2026-08-21,Rejected,Pricing
A24875,L24875,2026-08-02,Rejected,Commute
A24877,L24877,2026-08-21,Rejected,Sales judgment
A24878,L24878,2026-08-24,Rejected,Price
A24879,L24879,2026-07-30,Rejected,Room type
A24884,L24884,2026-08-25,Rejected,Property preference
A24887,L24887,2026-08-06,Rejected,Other
A24889,L24889,2026-08-24,Rejected,Resident preference
A24895,L24895,2026-08-13,Modified,Recommendation fit
A24896,L24896,2026-08-14,Accepted,Pricing
A24897,L24897,2026-08-24,Rejected,No availability
A24898,L24898,2026-08-26,Accepted,Other
A24900,L24900,2026-07-30,Rejected,No availability
A24901,L24901,2026-08-11,Rejected,Changed plans
A24903,L24903,2026-08-22,Rejected,Room type
A24905,L24905,2026-08-22,Modified,Inventory
A24918,L24918,2026-08-06,Rejected,Property preference
A24919,L24919,2026-08-23,Accepted,Sales judgment
A24921,L24921,2026-08-04,Rejected,Delayed follow-up
A24923,L24923,2026-07-28,Rejected,No availability
A24924,L24924,2026-08-25,Rejected,Resident preference
A24926,L24926,2026-08-15,Rejected,Commute
A24929,L24929,2026-08-01,Rejected,Commute
A24930,L24930,2026-08-11,Rejected,Property preference
A24932,L24932,2026-08-19,Modified,Pricing
A24934,L24934,2026-08-05,Rejected,Other
A24937,L24937,2026-08-18,Rejected,Pricing
A24939,L24939,2026-08-24,Rejected,Inventory
A24943,L24943,2026-08-21,Accepted,Inventory
A24946,L24946,2026-07-31,Rejected,Other
A24947,L24947,2026-08-19,Rejected,Price
A24950,L24950,2026-08-11,Rejected,Delayed follow-up
A24951,L24951,2026-08-13,Accepted,Other
A24952,L24952,2026-08-12,Rejected,Other
A24956,L24956,2026-08-14,Modified,Recommendation fit
A24960,L24960,2026-08-26,Modified,Recommendation fit
A24964,L24964,2026-08-16,Rejected,Recommendation fit
A24965,L24965,2026-08-20,Accepted,Pricing
A24970,L24970,2026-08-11,Rejected,Room type
A24971,L24971,2026-08-25,Modified,Resident preference
A24974,L24974,2026-08-19,Rejected,Other
A24975,L24975,2026-08-16,Rejected,Inventory
A24977,L24977,2026-08-21,Rejected,Commute
A24980,L24980,2026-08-23,Modified,Other
A24983,L24983,2026-08-01,Rejected,Delayed follow-up
A24987,L24987,2026-08-03,Rejected,Other
A24988,L24988,2026-08-16,Rejected,Delayed follow-up
A24990,L24990,2026-08-04,Rejected,Commute
A24991,L24991,2026-08-15,Accepted,Resident preference
A24994,L24994,2026-08-19,Rejected,Recommendation fit
A24998,L24998,2026-08-18,Modified,Other
